ISO-10303-21;
HEADER;
FILE_DESCRIPTION(('FreeCAD Model'),'2;1');
FILE_NAME('Open CASCADE Shape Model','2026-07-27T17:13:11',('FreeCAD'),(
    'FreeCAD'),'Open CASCADE STEP processor 7.9','FreeCAD','Unknown');
FILE_SCHEMA(('AUTOMOTIVE_DESIGN { 1 0 10303 214 1 1 1 1 }'));
ENDSEC;
DATA;
#1 = APPLICATION_PROTOCOL_DEFINITION('international standard',
  'automotive_design',2000,#2);
#2 = APPLICATION_CONTEXT(
  'core data for automotive mechanical design processes');
#3 = SHAPE_DEFINITION_REPRESENTATION(#4,#10);
#4 = PRODUCT_DEFINITION_SHAPE('','',#5);
#5 = PRODUCT_DEFINITION('design','',#6,#9);
#6 = PRODUCT_DEFINITION_FORMATION('','',#7);
#7 = PRODUCT('Open CASCADE STEP translator 7.9 1',
  'Open CASCADE STEP translator 7.9 1','',(#8));
#8 = PRODUCT_CONTEXT('',#2,'mechanical');
#9 = PRODUCT_DEFINITION_CONTEXT('part definition',#2,'design');
#10 = SHAPE_REPRESENTATION('',(#11,#15,#430,#839,#1436,#1598,#1760),
  #5280);
#11 = AXIS2_PLACEMENT_3D('',#12,#13,#14);
#12 = CARTESIAN_POINT('',(0.,0.,0.));
#13 = DIRECTION('',(0.,0.,1.));
#14 = DIRECTION('',(1.,0.,-0.));
#15 = MANIFOLD_SOLID_BREP('',#16);
#16 = CLOSED_SHELL('',(#17,#197,#206,#215,#376,#412,#421));
#17 = ADVANCED_FACE('',(#18,#45),#192,.T.);
#18 = FACE_BOUND('',#19,.T.);
#19 = EDGE_LOOP('',(#20,#30,#37,#38));
#20 = ORIENTED_EDGE('',*,*,#21,.T.);
#21 = EDGE_CURVE('',#22,#24,#26,.T.);
#22 = VERTEX_POINT('',#23);
#23 = CARTESIAN_POINT('',(21.,75.,447.));
#24 = VERTEX_POINT('',#25);
#25 = CARTESIAN_POINT('',(21.,75.,827.));
#26 = LINE('',#27,#28);
#27 = CARTESIAN_POINT('',(21.,75.,447.));
#28 = VECTOR('',#29,1.);
#29 = DIRECTION('',(0.,0.,1.));
#30 = ORIENTED_EDGE('',*,*,#31,.F.);
#31 = EDGE_CURVE('',#24,#24,#32,.T.);
#32 = CIRCLE('',#33,21.);
#33 = AXIS2_PLACEMENT_3D('',#34,#35,#36);
#34 = CARTESIAN_POINT('',(0.,75.,827.));
#35 = DIRECTION('',(0.,0.,1.));
#36 = DIRECTION('',(1.,0.,0.));
#37 = ORIENTED_EDGE('',*,*,#21,.F.);
#38 = ORIENTED_EDGE('',*,*,#39,.T.);
#39 = EDGE_CURVE('',#22,#22,#40,.T.);
#40 = CIRCLE('',#41,21.);
#41 = AXIS2_PLACEMENT_3D('',#42,#43,#44);
#42 = CARTESIAN_POINT('',(0.,75.,447.));
#43 = DIRECTION('',(0.,0.,1.));
#44 = DIRECTION('',(1.,0.,0.));
#45 = FACE_BOUND('',#46,.T.);
#46 = EDGE_LOOP('',(#47));
#47 = ORIENTED_EDGE('',*,*,#48,.T.);
#48 = EDGE_CURVE('',#49,#49,#51,.T.);
#49 = VERTEX_POINT('',#50);
#50 = CARTESIAN_POINT('',(-2.939152317954E-15,54.,712.));
#51 = B_SPLINE_CURVE_WITH_KNOTS('',7,(#52,#53,#54,#55,#56,#57,#58,#59,
    #60,#61,#62,#63,#64,#65,#66,#67,#68,#69,#70,#71,#72,#73,#74,#75,#76,
    #77,#78,#79,#80,#81,#82,#83,#84,#85,#86,#87,#88,#89,#90,#91,#92,#93,
    #94,#95,#96,#97,#98,#99,#100,#101,#102,#103,#104,#105,#106,#107,#108
    ,#109,#110,#111,#112,#113,#114,#115,#116,#117,#118,#119,#120,#121,
    #122,#123,#124,#125,#126,#127,#128,#129,#130,#131,#132,#133,#134,
    #135,#136,#137,#138,#139,#140,#141,#142,#143,#144,#145,#146,#147,
    #148,#149,#150,#151,#152,#153,#154,#155,#156,#157,#158,#159,#160,
    #161,#162,#163,#164,#165,#166,#167,#168,#169,#170,#171,#172,#173,
    #174,#175,#176,#177,#178,#179,#180,#181,#182,#183,#184,#185,#186,
    #187,#188,#189,#190,#191),.UNSPECIFIED.,.T.,.F.,(8,6,6,6,6,6,6,6,6,6
    ,6,6,6,6,6,6,6,6,6,6,6,6,6,8),(0.,3.372414575323E-02,
    8.106903213292E-02,9.990705871465E-02,0.114879059697,0.154528866004,
    0.200551468512,0.249811787331,0.298072613512,0.344654254178,
    0.418996697,0.465989342659,0.499749008677,0.533508674695,
    0.580903427454,0.613782347442,0.653588184462,0.700506767105,
    0.749815507106,0.798897244098,0.845599542915,0.919166230501,
    0.966206279341,1.),.UNSPECIFIED.);
#52 = CARTESIAN_POINT('',(-3.552713678801E-15,54.,712.));
#53 = CARTESIAN_POINT('',(0.457261264456,54.,712.));
#54 = CARTESIAN_POINT('',(0.913830765359,54.011616021483,711.9796719628)
  );
#55 = CARTESIAN_POINT('',(1.36738218002,54.034784646414,711.93912686682)
  );
#56 = CARTESIAN_POINT('',(1.815602110214,54.069128990759,711.87887816175
    ));
#57 = CARTESIAN_POINT('',(2.256213963771,54.113962304977,711.79983988302
    ));
#58 = CARTESIAN_POINT('',(2.687001000328,54.168308640597,711.70333441682
    ));
#59 = CARTESIAN_POINT('',(3.693815038554,54.318868746032,711.43355940835
    ));
#60 = CARTESIAN_POINT('',(4.258092904537,54.423106526692,711.24506532175
    ));
#61 = CARTESIAN_POINT('',(4.797790526378,54.540994256791,711.02914433495
    ));
#62 = CARTESIAN_POINT('',(5.31233286636,54.669917154424,710.78905747786)
  );
#63 = CARTESIAN_POINT('',(5.8013984528,54.807358270872,710.52785573888)
  );
#64 = CARTESIAN_POINT('',(6.264879312538,54.950938718077,710.24841867755
    ));
#65 = CARTESIAN_POINT('',(6.877105272848,55.15713642706,709.83613548426)
  );
#66 = CARTESIAN_POINT('',(7.047484647832,55.216502232829,709.71622560586
    ));
#67 = CARTESIAN_POINT('',(7.214033157319,55.276425609733,709.59388071529
    ));
#68 = CARTESIAN_POINT('',(7.376802849575,55.336795249834,709.46921487379
    ));
#69 = CARTESIAN_POINT('',(7.535846633727,55.397505521404,709.34233189548
    ));
#70 = CARTESIAN_POINT('',(7.691218279761,55.458456468918,709.21332534729
    ));
#71 = CARTESIAN_POINT('',(7.963582881873,55.568112482012,708.97812577147
    ));
#72 = CARTESIAN_POINT('',(8.081907337872,55.616763140378,708.87268505943
    ));
#73 = CARTESIAN_POINT('',(8.197972562054,55.665458238366,708.76599857695
    ));
#74 = CARTESIAN_POINT('',(8.311804373669,55.714151668271,708.65810568745
    ));
#75 = CARTESIAN_POINT('',(8.423427635677,55.762798764468,708.54904295372
    ));
#76 = CARTESIAN_POINT('',(8.532866254747,55.811356303416,708.4388441379)
  );
#77 = CARTESIAN_POINT('',(8.924240768635,55.988027850547,708.03277803006
    ));
#78 = CARTESIAN_POINT('',(9.193234225729,56.115377053195,707.73020725235
    ));
#79 = CARTESIAN_POINT('',(9.447483507285,56.241026157057,707.42045743576
    ));
#80 = CARTESIAN_POINT('',(9.687318117212,56.364231703892,707.10404193631
    ));
#81 = CARTESIAN_POINT('',(9.913027631245,56.484298472907,706.78137328909
    ));
#82 = CARTESIAN_POINT('',(10.124852219599,56.600567221908,
    706.45277859861));
#83 = CARTESIAN_POINT('',(10.552937514491,56.842212577247,
    705.73052604802));
#84 = CARTESIAN_POINT('',(10.764493982545,56.966080388098,
    705.33480702676));
#85 = CARTESIAN_POINT('',(10.957717914622,57.082899815335,
    704.93207710897));
#86 = CARTESIAN_POINT('',(11.132667410889,57.191633889121,
    704.52297499933));
#87 = CARTESIAN_POINT('',(11.289369682007,57.291322923689,
    704.10806788093));
#88 = CARTESIAN_POINT('',(11.427807400311,57.381092725595,
    703.68786043245));
#89 = CARTESIAN_POINT('',(11.676451639805,57.544795503263,
    702.80784428524));
#90 = CARTESIAN_POINT('',(11.783994416679,57.617175217061,702.3473019573
    ));
#91 = CARTESIAN_POINT('',(11.870259025953,57.676226514629,
    701.88235562185));
#92 = CARTESIAN_POINT('',(11.935078501752,57.721106522414,
    701.41411208312));
#93 = CARTESIAN_POINT('',(11.978347998838,57.751235546295,
    700.94362572304));
#94 = CARTESIAN_POINT('',(12.,57.766312060386,700.47191844106));
#95 = CARTESIAN_POINT('',(12.,57.766312060386,699.53765679147));
#96 = CARTESIAN_POINT('',(11.979217716818,57.751841139484,
    699.07550519741));
#97 = CARTESIAN_POINT('',(11.937683838239,57.722920647362,
    698.61450044119));
#98 = CARTESIAN_POINT('',(11.875460925429,57.679828619477,
    698.15560860071));
#99 = CARTESIAN_POINT('',(11.792647209122,57.623100410242,
    697.69982517046));
#100 = CARTESIAN_POINT('',(11.689398710154,57.553515370187,
    697.2481932804));
#101 = CARTESIAN_POINT('',(11.446835243795,57.393457586458,
    696.37098090431));
#102 = CARTESIAN_POINT('',(11.308899566343,57.303795264488,
    695.9450378528));
#103 = CARTESIAN_POINT('',(11.152245142059,57.203882640371,
    695.52446308711));
#104 = CARTESIAN_POINT('',(10.976894197846,57.094620274272,
    695.10978283158));
#105 = CARTESIAN_POINT('',(10.782823422754,56.977000136501,
    694.70158820748));
#106 = CARTESIAN_POINT('',(10.569978693303,56.852096496684,
    694.30054457579));
#107 = CARTESIAN_POINT('',(9.968523552984,56.511922697906,
    693.27995920341));
#108 = CARTESIAN_POINT('',(9.551035037568,56.287315803438,
    692.67310698431));
#109 = CARTESIAN_POINT('',(9.084504805095,56.051288345446,
    692.08786637803));
#110 = CARTESIAN_POINT('',(8.56672137941,55.808116024271,691.52635310747
    ));
#111 = CARTESIAN_POINT('',(7.99486894169,55.562648797183,690.99210025113
    ));
#112 = CARTESIAN_POINT('',(7.365867405247,55.32077010464,690.4904485775)
  );
#113 = CARTESIAN_POINT('',(6.241359679638,54.943668437138,
    689.73743902389));
#114 = CARTESIAN_POINT('',(5.780729839818,54.801561183352,
    689.46113058366));
#115 = CARTESIAN_POINT('',(5.29493515651,54.665564829009,689.20283865496
    ));
#116 = CARTESIAN_POINT('',(4.784094594587,54.538005739321,688.9653822805
    ));
#117 = CARTESIAN_POINT('',(4.248534439357,54.421341659363,
    688.75174333941));
#118 = CARTESIAN_POINT('',(3.688826436826,54.31812274491,688.56510389984
    ));
#119 = CARTESIAN_POINT('',(2.687000999839,54.168308640523,
    688.29666558304));
#120 = CARTESIAN_POINT('',(2.256213963722,54.113962304993,688.200160117)
  );
#121 = CARTESIAN_POINT('',(1.815602110616,54.069128990809,
    688.12112183833));
#122 = CARTESIAN_POINT('',(1.367382180417,54.034784646425,
    688.06087313319));
#123 = CARTESIAN_POINT('',(0.913830765297,54.011616021457,
    688.02032803715));
#124 = CARTESIAN_POINT('',(0.457261263951,54.,688.));
#125 = CARTESIAN_POINT('',(-0.457261263951,54.,688.));
#126 = CARTESIAN_POINT('',(-0.913830765298,54.011616021457,
    688.02032803715));
#127 = CARTESIAN_POINT('',(-1.367382180417,54.034784646424,
    688.06087313319));
#128 = CARTESIAN_POINT('',(-1.815602110616,54.069128990809,
    688.12112183833));
#129 = CARTESIAN_POINT('',(-2.256213963723,54.113962304993,688.200160117
    ));
#130 = CARTESIAN_POINT('',(-2.687000999839,54.168308640523,
    688.29666558304));
#131 = CARTESIAN_POINT('',(-3.693815038555,54.318868746032,
    688.56644059165));
#132 = CARTESIAN_POINT('',(-4.258092904536,54.423106526692,
    688.75493467825));
#133 = CARTESIAN_POINT('',(-4.797790526379,54.540994256791,
    688.97085566504));
#134 = CARTESIAN_POINT('',(-5.31233286636,54.669917154424,
    689.21094252213));
#135 = CARTESIAN_POINT('',(-5.801398452798,54.807358270872,
    689.47214426111));
#136 = CARTESIAN_POINT('',(-6.264879312538,54.950938718077,
    689.75158132244));
#137 = CARTESIAN_POINT('',(-7.006670745209,55.200774079326,
    690.25111607014));
#138 = CARTESIAN_POINT('',(-7.298699287781,55.305154685312,
    690.46349959389));
#139 = CARTESIAN_POINT('',(-7.579199540834,55.410965299225,
    690.68300571947));
#140 = CARTESIAN_POINT('',(-7.848453198565,55.517641075227,
    690.90907246771));
#141 = CARTESIAN_POINT('',(-8.106744417612,55.624666875022,691.141227504
    ));
#142 = CARTESIAN_POINT('',(-8.35435065346,55.731570125942,
    691.37908095249));
#143 = CARTESIAN_POINT('',(-8.878685921894,55.966661647129,
    691.91680059084));
#144 = CARTESIAN_POINT('',(-9.150594131348,56.094604119005,
    692.21920887734));
#145 = CARTESIAN_POINT('',(-9.407627341658,56.220924800596,
    692.52889760806));
#146 = CARTESIAN_POINT('',(-9.650124575214,56.34487006781,
    692.84534122066));
#147 = CARTESIAN_POINT('',(-9.878384775276,56.465736182707,
    693.16811825552));
#148 = CARTESIAN_POINT('',(-10.09265692091,56.582856509683,
    693.4968955594));
#149 = CARTESIAN_POINT('',(-10.5294251201,56.828464622952,
    694.22570290924));
#150 = CARTESIAN_POINT('',(-10.74661023565,56.955278325333,
    694.62806897245));
#151 = CARTESIAN_POINT('',(-10.94477119574,57.074858018062,
    695.03774797134));
#152 = CARTESIAN_POINT('',(-11.12397452351,57.186105563696,
    695.45406485218));
#153 = CARTESIAN_POINT('',(-11.28425274222,57.288005251371,
    695.87642217206));
#154 = CARTESIAN_POINT('',(-11.4255895594,57.379632540082,
    696.30429005608));
#155 = CARTESIAN_POINT('',(-11.67645161893,57.544795489524,
    697.1921556409));
#156 = CARTESIAN_POINT('',(-11.78399440652,57.617175209869,
    697.65269798085));
#157 = CARTESIAN_POINT('',(-11.87025903151,57.676226518277,
    698.11764437542));
#158 = CARTESIAN_POINT('',(-11.93507851469,57.721106531432,
    698.58588798361));
#159 = CARTESIAN_POINT('',(-11.97834800794,57.751235552633,
    699.05637438853));
#160 = CARTESIAN_POINT('',(-12.,57.766312060386,699.52808165806));
#161 = CARTESIAN_POINT('',(-12.,57.766312060386,700.46974576798));
#162 = CARTESIAN_POINT('',(-11.9785469062,57.751374047446,
    700.93928492575));
#163 = CARTESIAN_POINT('',(-11.93567432794,57.72152140288,
    701.40762024147));
#164 = CARTESIAN_POINT('',(-11.87144863524,57.677050198162,
    701.87374264718));
#165 = CARTESIAN_POINT('',(-11.78597315198,57.618529839244,
    702.33661130882));
#166 = CARTESIAN_POINT('',(-11.67941232086,57.546788469955,
    702.79513408704));
#167 = CARTESIAN_POINT('',(-11.43083445537,57.383045453748,
    703.67920096688));
#168 = CARTESIAN_POINT('',(-11.29078284994,57.292191832932,
    704.10528084859));
#169 = CARTESIAN_POINT('',(-11.13196076183,57.191133429439,
    704.52591985093));
#170 = CARTESIAN_POINT('',(-10.95438604986,57.080780335829,
    704.94059344334));
#171 = CARTESIAN_POINT('',(-10.75802927686,56.962132845548,
    705.34871105374));
#172 = CARTESIAN_POINT('',(-10.54282829302,56.836272718643,
    705.74960637486));
#173 = CARTESIAN_POINT('',(-9.939902224438,56.496553322286,
    706.76146761446));
#174 = CARTESIAN_POINT('',(-9.524397731136,56.273863605942,
    707.36019453073));
#175 = CARTESIAN_POINT('',(-9.060868525334,56.040205747244,
    707.93770010899));
#176 = CARTESIAN_POINT('',(-8.547148600042,55.799724465399,
    708.49190290089));
#177 = CARTESIAN_POINT('',(-7.980509652591,55.557129962216,
    709.01934416076));
#178 = CARTESIAN_POINT('',(-7.357990808424,55.318128701893,
    709.51482586616));
#179 = CARTESIAN_POINT('',(-6.241359679064,54.943668436946,
    710.26256097648));
#180 = CARTESIAN_POINT('',(-5.780729839822,54.801561183385,
    710.53886941625));
#181 = CARTESIAN_POINT('',(-5.294935157085,54.665564829184,
    710.7971613447));
#182 = CARTESIAN_POINT('',(-4.78409459512,54.538005739418,
    711.03461771933));
#183 = CARTESIAN_POINT('',(-4.248534439229,54.421341659294,
    711.24825666071));
#184 = CARTESIAN_POINT('',(-3.688826436068,54.318122744796,
    711.43489610035));
#185 = CARTESIAN_POINT('',(-2.687000999838,54.168308640523,
    711.70333441695));
#186 = CARTESIAN_POINT('',(-2.256213963724,54.113962304993,
    711.79983988299));
#187 = CARTESIAN_POINT('',(-1.815602110614,54.069128990809,
    711.87887816166));
#188 = CARTESIAN_POINT('',(-1.367382180416,54.034784646424,
    711.93912686681));
#189 = CARTESIAN_POINT('',(-0.913830765299,54.011616021458,
    711.97967196284));
#190 = CARTESIAN_POINT('',(-0.457261263951,54.,712.));
#191 = CARTESIAN_POINT('',(-3.552713678801E-15,54.,712.));
#192 = CYLINDRICAL_SURFACE('',#193,21.);
#193 = AXIS2_PLACEMENT_3D('',#194,#195,#196);
#194 = CARTESIAN_POINT('',(0.,75.,447.));
#195 = DIRECTION('',(0.,0.,1.));
#196 = DIRECTION('',(1.,0.,0.));
#197 = ADVANCED_FACE('',(#198),#201,.F.);
#198 = FACE_BOUND('',#199,.T.);
#199 = EDGE_LOOP('',(#200));
#200 = ORIENTED_EDGE('',*,*,#39,.F.);
#201 = PLANE('',#202);
#202 = AXIS2_PLACEMENT_3D('',#203,#204,#205);
#203 = CARTESIAN_POINT('',(0.,75.,447.));
#204 = DIRECTION('',(0.,0.,1.));
#205 = DIRECTION('',(1.,0.,0.));
#206 = ADVANCED_FACE('',(#207),#210,.T.);
#207 = FACE_BOUND('',#208,.T.);
#208 = EDGE_LOOP('',(#209));
#209 = ORIENTED_EDGE('',*,*,#31,.T.);
#210 = PLANE('',#211);
#211 = AXIS2_PLACEMENT_3D('',#212,#213,#214);
#212 = CARTESIAN_POINT('',(0.,75.,827.));
#213 = DIRECTION('',(0.,0.,1.));
#214 = DIRECTION('',(1.,0.,0.));
#215 = ADVANCED_FACE('',(#216),#371,.T.);
#216 = FACE_BOUND('',#217,.T.);
#217 = EDGE_LOOP('',(#218,#219,#227,#370));
#218 = ORIENTED_EDGE('',*,*,#48,.F.);
#219 = ORIENTED_EDGE('',*,*,#220,.F.);
#220 = EDGE_CURVE('',#221,#49,#223,.T.);
#221 = VERTEX_POINT('',#222);
#222 = CARTESIAN_POINT('',(-2.939152317954E-15,-54.,712.));
#223 = LINE('',#224,#225);
#224 = CARTESIAN_POINT('',(-2.939152317954E-15,-75.,712.));
#225 = VECTOR('',#226,1.);
#226 = DIRECTION('',(0.,1.,0.));
#227 = ORIENTED_EDGE('',*,*,#228,.T.);
#228 = EDGE_CURVE('',#221,#221,#229,.T.);
#229 = B_SPLINE_CURVE_WITH_KNOTS('',7,(#230,#231,#232,#233,#234,#235,
    #236,#237,#238,#239,#240,#241,#242,#243,#244,#245,#246,#247,#248,
    #249,#250,#251,#252,#253,#254,#255,#256,#257,#258,#259,#260,#261,
    #262,#263,#264,#265,#266,#267,#268,#269,#270,#271,#272,#273,#274,
    #275,#276,#277,#278,#279,#280,#281,#282,#283,#284,#285,#286,#287,
    #288,#289,#290,#291,#292,#293,#294,#295,#296,#297,#298,#299,#300,
    #301,#302,#303,#304,#305,#306,#307,#308,#309,#310,#311,#312,#313,
    #314,#315,#316,#317,#318,#319,#320,#321,#322,#323,#324,#325,#326,
    #327,#328,#329,#330,#331,#332,#333,#334,#335,#336,#337,#338,#339,
    #340,#341,#342,#343,#344,#345,#346,#347,#348,#349,#350,#351,#352,
    #353,#354,#355,#356,#357,#358,#359,#360,#361,#362,#363,#364,#365,
    #366,#367,#368,#369),.UNSPECIFIED.,.T.,.F.,(8,6,6,6,6,6,6,6,6,6,6,6,
    6,6,6,6,6,6,6,6,6,6,6,8),(0.,3.372414566067E-02,8.106903192501E-02,
    9.99070584857E-02,0.114879059452,0.154528866746,0.20055146926,
    0.249811788083,0.298072614269,0.344654254937,0.418996697759,
    0.46598934348,0.499749009586,0.533508675693,0.580903428576,
    0.613782349183,0.653588185112,0.700506767664,0.749815507575,
    0.798897244477,0.845599543207,0.919166230658,0.966206279411,1.),
  .UNSPECIFIED.);
#230 = CARTESIAN_POINT('',(0.,-54.,712.));
#231 = CARTESIAN_POINT('',(0.457261264042,-54.,712.));
#232 = CARTESIAN_POINT('',(0.913830765308,-54.01161602146,
    711.97967196284));
#233 = CARTESIAN_POINT('',(1.367382180347,-54.03478464642,
    711.93912686681));
#234 = CARTESIAN_POINT('',(1.815602110545,-54.0691289908,711.87887816168
    ));
#235 = CARTESIAN_POINT('',(2.256213963731,-54.11396230499,711.799839883)
  );
#236 = CARTESIAN_POINT('',(2.687000999926,-54.16830864053,
    711.70333441692));
#237 = CARTESIAN_POINT('',(3.693815039301,-54.31886874614,
    711.43355940815));
#238 = CARTESIAN_POINT('',(4.258092904667,-54.42310652676,
    711.24506532162));
#239 = CARTESIAN_POINT('',(4.797790525867,-54.54099425669,
    711.02914433511));
#240 = CARTESIAN_POINT('',(5.312332865814,-54.66991715425,
    710.78905747818));
#241 = CARTESIAN_POINT('',(5.801398452815,-54.80735827084,
    710.52785573895));
#242 = CARTESIAN_POINT('',(6.264879313115,-54.95093871827,
    710.24841867716));
#243 = CARTESIAN_POINT('',(6.877105272848,-55.15713642706,
    709.83613548426));
#244 = CARTESIAN_POINT('',(7.047484647832,-55.21650223282,
    709.71622560586));
#245 = CARTESIAN_POINT('',(7.214033157319,-55.27642560973,
    709.59388071529));
#246 = CARTESIAN_POINT('',(7.376802849575,-55.33679524983,
    709.46921487379));
#247 = CARTESIAN_POINT('',(7.535846633727,-55.3975055214,709.34233189548
    ));
#248 = CARTESIAN_POINT('',(7.691218279761,-55.45845646891,
    709.21332534729));
#249 = CARTESIAN_POINT('',(7.963582881874,-55.56811248201,
    708.97812577147));
#250 = CARTESIAN_POINT('',(8.081907337872,-55.61676314037,
    708.87268505943));
#251 = CARTESIAN_POINT('',(8.197972562054,-55.66545823836,
    708.76599857695));
#252 = CARTESIAN_POINT('',(8.311804373669,-55.71415166827,
    708.65810568745));
#253 = CARTESIAN_POINT('',(8.423427635677,-55.76279876446,
    708.54904295372));
#254 = CARTESIAN_POINT('',(8.532866254747,-55.81135630341,708.4388441379
    ));
#255 = CARTESIAN_POINT('',(8.924240776029,-55.98802785388,
    708.03277802239));
#256 = CARTESIAN_POINT('',(9.1932342198,-56.11537705017,707.7302072604)
  );
#257 = CARTESIAN_POINT('',(9.447483501469,-56.24102615439,
    707.42045744195));
#258 = CARTESIAN_POINT('',(9.687318121189,-56.36423170612,
    707.10404192972));
#259 = CARTESIAN_POINT('',(9.913027637542,-56.484298476,706.78137328115)
  );
#260 = CARTESIAN_POINT('',(10.124852214704,-56.60056721914,
    706.45277860687));
#261 = CARTESIAN_POINT('',(10.552937514478,-56.84221257723,
    705.73052604804));
#262 = CARTESIAN_POINT('',(10.764493982546,-56.96608038809,
    705.33480702676));
#263 = CARTESIAN_POINT('',(10.957717914632,-57.08289981534,
    704.93207710895));
#264 = CARTESIAN_POINT('',(11.132667410895,-57.19163388912,
    704.52297499931));
#265 = CARTESIAN_POINT('',(11.289369682004,-57.29132292368,
    704.10806788093));
#266 = CARTESIAN_POINT('',(11.427807400304,-57.38109272559,
    703.68786043248));
#267 = CARTESIAN_POINT('',(11.676451639805,-57.54479550326,
    702.80784428524));
#268 = CARTESIAN_POINT('',(11.783994416679,-57.61717521706,
    702.3473019573));
#269 = CARTESIAN_POINT('',(11.870259025953,-57.67622651462,
    701.88235562185));
#270 = CARTESIAN_POINT('',(11.935078501752,-57.72110652241,
    701.41411208312));
#271 = CARTESIAN_POINT('',(11.978347998838,-57.75123554629,
    700.94362572304));
#272 = CARTESIAN_POINT('',(12.,-57.76631206038,700.47191844106));
#273 = CARTESIAN_POINT('',(12.,-57.76631206038,699.53765679147));
#274 = CARTESIAN_POINT('',(11.979217716818,-57.75184113948,
    699.07550519741));
#275 = CARTESIAN_POINT('',(11.937683838239,-57.72292064736,
    698.61450044119));
#276 = CARTESIAN_POINT('',(11.875460925429,-57.67982861947,
    698.15560860071));
#277 = CARTESIAN_POINT('',(11.792647209122,-57.62310041024,
    697.69982517046));
#278 = CARTESIAN_POINT('',(11.689398710154,-57.55351537018,
    697.2481932804));
#279 = CARTESIAN_POINT('',(11.446835243799,-57.39345758646,
    696.37098090433));
#280 = CARTESIAN_POINT('',(11.308899566345,-57.30379526448,
    695.9450378528));
#281 = CARTESIAN_POINT('',(11.152245142055,-57.20388264036,
    695.5244630871));
#282 = CARTESIAN_POINT('',(10.976894197839,-57.09462027426,
    695.10978283157));
#283 = CARTESIAN_POINT('',(10.782823422754,-56.9770001365,
    694.70158820748));
#284 = CARTESIAN_POINT('',(10.569978693312,-56.85209649668,
    694.30054457581));
#285 = CARTESIAN_POINT('',(9.968523552983,-56.5119226979,693.27995920341
    ));
#286 = CARTESIAN_POINT('',(9.551035037572,-56.28731580343,
    692.67310698431));
#287 = CARTESIAN_POINT('',(9.084504805085,-56.05128834544,
    692.08786637803));
#288 = CARTESIAN_POINT('',(8.566721379422,-55.80811602427,
    691.52635310748));
#289 = CARTESIAN_POINT('',(7.994868941684,-55.56264879718,
    690.99210025113));
#290 = CARTESIAN_POINT('',(7.365867405248,-55.32077010464,690.4904485775
    ));
#291 = CARTESIAN_POINT('',(6.241359679065,-54.94366843694,
    689.73743902351));
#292 = CARTESIAN_POINT('',(5.780729839821,-54.80156118338,
    689.46113058374));
#293 = CARTESIAN_POINT('',(5.294935157084,-54.66556482918,
    689.20283865529));
#294 = CARTESIAN_POINT('',(4.78409459512,-54.53800573941,688.96538228066
    ));
#295 = CARTESIAN_POINT('',(4.248534439229,-54.42134165929,
    688.75174333928));
#296 = CARTESIAN_POINT('',(3.688826436069,-54.31812274479,
    688.56510389964));
#297 = CARTESIAN_POINT('',(2.687000999839,-54.16830864052,
    688.29666558304));
#298 = CARTESIAN_POINT('',(2.256213963722,-54.11396230499,688.200160117)
  );
#299 = CARTESIAN_POINT('',(1.815602110615,-54.0691289908,688.12112183833
    ));
#300 = CARTESIAN_POINT('',(1.367382180417,-54.03478464642,
    688.06087313319));
#301 = CARTESIAN_POINT('',(0.913830765297,-54.01161602145,
    688.02032803715));
#302 = CARTESIAN_POINT('',(0.457261263952,-54.,688.));
#303 = CARTESIAN_POINT('',(-0.457261263951,-54.,688.));
#304 = CARTESIAN_POINT('',(-0.913830765298,-54.01161602145,
    688.02032803715));
#305 = CARTESIAN_POINT('',(-1.367382180417,-54.03478464642,
    688.06087313319));
#306 = CARTESIAN_POINT('',(-1.815602110616,-54.0691289908,
    688.12112183833));
#307 = CARTESIAN_POINT('',(-2.256213963723,-54.11396230499,688.200160117
    ));
#308 = CARTESIAN_POINT('',(-2.687000999839,-54.16830864052,
    688.29666558304));
#309 = CARTESIAN_POINT('',(-3.693815038555,-54.31886874603,
    688.56644059165));
#310 = CARTESIAN_POINT('',(-4.258092904536,-54.42310652669,
    688.75493467825));
#311 = CARTESIAN_POINT('',(-4.797790526379,-54.54099425679,
    688.97085566504));
#312 = CARTESIAN_POINT('',(-5.31233286636,-54.66991715442,
    689.21094252213));
#313 = CARTESIAN_POINT('',(-5.801398452798,-54.80735827087,
    689.47214426111));
#314 = CARTESIAN_POINT('',(-6.264879312538,-54.95093871807,
    689.75158132244));
#315 = CARTESIAN_POINT('',(-7.006670750142,-55.20077408098,
    690.25111607346));
#316 = CARTESIAN_POINT('',(-7.298699283081,-55.30515468346,
    690.46349958989));
#317 = CARTESIAN_POINT('',(-7.579199537074,-55.41096529796,
    690.68300571695));
#318 = CARTESIAN_POINT('',(-7.848453202529,-55.51764107694,
    690.90907247157));
#319 = CARTESIAN_POINT('',(-8.106744422604,-55.62466687689,
    691.14122750796));
#320 = CARTESIAN_POINT('',(-8.354350648848,-55.73157012387,
    691.37908094776));
#321 = CARTESIAN_POINT('',(-8.878685914184,-55.96666164367,
    691.91680058294));
#322 = CARTESIAN_POINT('',(-9.150594137528,-56.09460412213,
    692.21920888564));
#323 = CARTESIAN_POINT('',(-9.407627347721,-56.22092480335,
    692.52889761445));
#324 = CARTESIAN_POINT('',(-9.650124571069,-56.34487006549,
    692.84534121386));
#325 = CARTESIAN_POINT('',(-9.878384768714,-56.46573617949,
    693.16811824733));
#326 = CARTESIAN_POINT('',(-10.09265692601,-56.58285651255,
    693.49689556792));
#327 = CARTESIAN_POINT('',(-10.52942512012,-56.82846462296,
    694.22570290927));
#328 = CARTESIAN_POINT('',(-10.74661023565,-56.95527832533,
    694.62806897246));
#329 = CARTESIAN_POINT('',(-10.94477119572,-57.07485801805,
    695.03774797132));
#330 = CARTESIAN_POINT('',(-11.1239745235,-57.18610556369,
    695.45406485216));
#331 = CARTESIAN_POINT('',(-11.28425274223,-57.28800525137,
    695.87642217206));
#332 = CARTESIAN_POINT('',(-11.42558955941,-57.37963254008,
    696.30429005611));
#333 = CARTESIAN_POINT('',(-11.67645161893,-57.54479548952,
    697.1921556409));
#334 = CARTESIAN_POINT('',(-11.78399440652,-57.61717520986,
    697.65269798086));
#335 = CARTESIAN_POINT('',(-11.87025903151,-57.67622651827,
    698.11764437542));
#336 = CARTESIAN_POINT('',(-11.93507851469,-57.72110653143,
    698.58588798361));
#337 = CARTESIAN_POINT('',(-11.97834800794,-57.75123555263,
    699.05637438853));
#338 = CARTESIAN_POINT('',(-12.,-57.76631206038,699.52808165806));
#339 = CARTESIAN_POINT('',(-12.,-57.76631206038,700.46974576798));
#340 = CARTESIAN_POINT('',(-11.9785469062,-57.75137404744,
    700.93928492575));
#341 = CARTESIAN_POINT('',(-11.93567432794,-57.72152140287,
    701.40762024148));
#342 = CARTESIAN_POINT('',(-11.87144863524,-57.67705019816,
    701.87374264718));
#343 = CARTESIAN_POINT('',(-11.78597315198,-57.61852983924,
    702.33661130882));
#344 = CARTESIAN_POINT('',(-11.67941232086,-57.54678846995,
    702.79513408704));
#345 = CARTESIAN_POINT('',(-11.43083445537,-57.38304545374,
    703.67920096688));
#346 = CARTESIAN_POINT('',(-11.29078284994,-57.29219183293,
    704.10528084859));
#347 = CARTESIAN_POINT('',(-11.13196076183,-57.19113342943,
    704.52591985094));
#348 = CARTESIAN_POINT('',(-10.95438604986,-57.08078033582,
    704.94059344334));
#349 = CARTESIAN_POINT('',(-10.75802927686,-56.96213284554,
    705.34871105374));
#350 = CARTESIAN_POINT('',(-10.54282829302,-56.83627271864,
    705.74960637486));
#351 = CARTESIAN_POINT('',(-9.93990222444,-56.49655332228,
    706.76146761446));
#352 = CARTESIAN_POINT('',(-9.524397731131,-56.27386360594,
    707.36019453074));
#353 = CARTESIAN_POINT('',(-9.060868525343,-56.04020574724,
    707.93770010898));
#354 = CARTESIAN_POINT('',(-8.547148600032,-55.79972446539,
    708.4919029009));
#355 = CARTESIAN_POINT('',(-7.980509652599,-55.55712996221,
    709.01934416076));
#356 = CARTESIAN_POINT('',(-7.35799080842,-55.31812870189,
    709.51482586617));
#357 = CARTESIAN_POINT('',(-6.241359679064,-54.94366843694,
    710.26256097648));
#358 = CARTESIAN_POINT('',(-5.780729839822,-54.80156118338,
    710.53886941625));
#359 = CARTESIAN_POINT('',(-5.294935157084,-54.66556482918,
    710.7971613447));
#360 = CARTESIAN_POINT('',(-4.78409459512,-54.53800573941,
    711.03461771933));
#361 = CARTESIAN_POINT('',(-4.24853443923,-54.42134165929,
    711.24825666071));
#362 = CARTESIAN_POINT('',(-3.688826436068,-54.31812274479,
    711.43489610035));
#363 = CARTESIAN_POINT('',(-2.687000999926,-54.16830864053,
    711.70333441692));
#364 = CARTESIAN_POINT('',(-2.256213963732,-54.11396230499,711.799839883
    ));
#365 = CARTESIAN_POINT('',(-1.815602110543,-54.0691289908,
    711.87887816168));
#366 = CARTESIAN_POINT('',(-1.367382180346,-54.03478464642,
    711.93912686681));
#367 = CARTESIAN_POINT('',(-0.913830765309,-54.01161602146,
    711.97967196284));
#368 = CARTESIAN_POINT('',(-0.457261264041,-54.,712.));
#369 = CARTESIAN_POINT('',(0.,-54.,712.));
#370 = ORIENTED_EDGE('',*,*,#220,.T.);
#371 = CYLINDRICAL_SURFACE('',#372,12.);
#372 = AXIS2_PLACEMENT_3D('',#373,#374,#375);
#373 = CARTESIAN_POINT('',(0.,-75.,700.));
#374 = DIRECTION('',(0.,1.,0.));
#375 = DIRECTION('',(0.,0.,1.));
#376 = ADVANCED_FACE('',(#377,#404),#407,.T.);
#377 = FACE_BOUND('',#378,.T.);
#378 = EDGE_LOOP('',(#379,#389,#396,#397));
#379 = ORIENTED_EDGE('',*,*,#380,.T.);
#380 = EDGE_CURVE('',#381,#383,#385,.T.);
#381 = VERTEX_POINT('',#382);
#382 = CARTESIAN_POINT('',(21.,-75.,447.));
#383 = VERTEX_POINT('',#384);
#384 = CARTESIAN_POINT('',(21.,-75.,827.));
#385 = LINE('',#386,#387);
#386 = CARTESIAN_POINT('',(21.,-75.,447.));
#387 = VECTOR('',#388,1.);
#388 = DIRECTION('',(0.,0.,1.));
#389 = ORIENTED_EDGE('',*,*,#390,.F.);
#390 = EDGE_CURVE('',#383,#383,#391,.T.);
#391 = CIRCLE('',#392,21.);
#392 = AXIS2_PLACEMENT_3D('',#393,#394,#395);
#393 = CARTESIAN_POINT('',(0.,-75.,827.));
#394 = DIRECTION('',(0.,0.,1.));
#395 = DIRECTION('',(1.,0.,0.));
#396 = ORIENTED_EDGE('',*,*,#380,.F.);
#397 = ORIENTED_EDGE('',*,*,#398,.T.);
#398 = EDGE_CURVE('',#381,#381,#399,.T.);
#399 = CIRCLE('',#400,21.);
#400 = AXIS2_PLACEMENT_3D('',#401,#402,#403);
#401 = CARTESIAN_POINT('',(0.,-75.,447.));
#402 = DIRECTION('',(0.,0.,1.));
#403 = DIRECTION('',(1.,0.,0.));
#404 = FACE_BOUND('',#405,.T.);
#405 = EDGE_LOOP('',(#406));
#406 = ORIENTED_EDGE('',*,*,#228,.F.);
#407 = CYLINDRICAL_SURFACE('',#408,21.);
#408 = AXIS2_PLACEMENT_3D('',#409,#410,#411);
#409 = CARTESIAN_POINT('',(0.,-75.,447.));
#410 = DIRECTION('',(0.,0.,1.));
#411 = DIRECTION('',(1.,0.,0.));
#412 = ADVANCED_FACE('',(#413),#416,.F.);
#413 = FACE_BOUND('',#414,.T.);
#414 = EDGE_LOOP('',(#415));
#415 = ORIENTED_EDGE('',*,*,#398,.F.);
#416 = PLANE('',#417);
#417 = AXIS2_PLACEMENT_3D('',#418,#419,#420);
#418 = CARTESIAN_POINT('',(0.,-75.,447.));
#419 = DIRECTION('',(0.,0.,1.));
#420 = DIRECTION('',(1.,0.,0.));
#421 = ADVANCED_FACE('',(#422),#425,.T.);
#422 = FACE_BOUND('',#423,.T.);
#423 = EDGE_LOOP('',(#424));
#424 = ORIENTED_EDGE('',*,*,#390,.T.);
#425 = PLANE('',#426);
#426 = AXIS2_PLACEMENT_3D('',#427,#428,#429);
#427 = CARTESIAN_POINT('',(0.,-75.,827.));
#428 = DIRECTION('',(0.,0.,1.));
#429 = DIRECTION('',(1.,0.,0.));
#430 = MANIFOLD_SOLID_BREP('',#431);
#431 = CLOSED_SHELL('',(#432,#561,#570,#602,#749,#760,#776,#803,#830));
#432 = ADVANCED_FACE('',(#433),#556,.T.);
#433 = FACE_BOUND('',#434,.T.);
#434 = EDGE_LOOP('',(#435,#445,#454,#541,#548,#549));
#435 = ORIENTED_EDGE('',*,*,#436,.T.);
#436 = EDGE_CURVE('',#437,#439,#441,.T.);
#437 = VERTEX_POINT('',#438);
#438 = CARTESIAN_POINT('',(21.,200.,437.));
#439 = VERTEX_POINT('',#440);
#440 = CARTESIAN_POINT('',(21.,200.,960.));
#441 = LINE('',#442,#443);
#442 = CARTESIAN_POINT('',(21.,200.,437.));
#443 = VECTOR('',#444,1.);
#444 = DIRECTION('',(0.,0.,1.));
#445 = ORIENTED_EDGE('',*,*,#446,.F.);
#446 = EDGE_CURVE('',#447,#439,#449,.T.);
#447 = VERTEX_POINT('',#448);
#448 = CARTESIAN_POINT('',(12.,182.76631206038,960.));
#449 = CIRCLE('',#450,21.);
#450 = AXIS2_PLACEMENT_3D('',#451,#452,#453);
#451 = CARTESIAN_POINT('',(0.,200.,960.));
#452 = DIRECTION('',(0.,0.,1.));
#453 = DIRECTION('',(1.,0.,0.));
#454 = ORIENTED_EDGE('',*,*,#455,.T.);
#455 = EDGE_CURVE('',#447,#456,#458,.T.);
#456 = VERTEX_POINT('',#457);
#457 = CARTESIAN_POINT('',(-12.,182.76631206038,960.));
#458 = B_SPLINE_CURVE_WITH_KNOTS('',6,(#459,#460,#461,#462,#463,#464,
    #465,#466,#467,#468,#469,#470,#471,#472,#473,#474,#475,#476,#477,
    #478,#479,#480,#481,#482,#483,#484,#485,#486,#487,#488,#489,#490,
    #491,#492,#493,#494,#495,#496,#497,#498,#499,#500,#501,#502,#503,
    #504,#505,#506,#507,#508,#509,#510,#511,#512,#513,#514,#515,#516,
    #517,#518,#519,#520,#521,#522,#523,#524,#525,#526,#527,#528,#529,
    #530,#531,#532,#533,#534,#535,#536,#537,#538,#539,#540),
  .UNSPECIFIED.,.F.,.F.,(7,5,5,5,5,5,5,5,5,5,5,5,5,5,5,5,7),(0.,
    9.81297452935E-02,0.191572638431,0.270509264178,0.300208436644,
    0.339070888677,0.389967029643,0.456087131258,0.546875045486,
    0.609886383717,0.66154571921,0.700674445725,0.73050071129,
    0.809616401202,0.901580804238,0.97290549334,1.),.UNSPECIFIED.);
#459 = CARTESIAN_POINT('',(12.,182.76631206038,960.0000006));
#460 = CARTESIAN_POINT('',(12.00000002741,182.76631207947,
    959.45180722227));
#461 = CARTESIAN_POINT('',(11.969948551419,182.74538692334,
    958.90390347692));
#462 = CARTESIAN_POINT('',(11.909904481968,182.70357757408,
    958.35803587572));
#463 = CARTESIAN_POINT('',(11.820003209096,182.6415619847,
    957.81597859129));
#464 = CARTESIAN_POINT('',(11.700471305411,182.56065733518,
    957.27960330108));
#465 = CARTESIAN_POINT('',(11.410192892908,182.36945140993,
    956.24753888421));
#466 = CARTESIAN_POINT('',(11.242159780915,182.26073488116,
    955.75110987108));
#467 = CARTESIAN_POINT('',(11.047821801464,182.13799004184,
    955.26248057487));
#468 = CARTESIAN_POINT('',(10.82717367745,182.00287269089,
    954.78260436109));
#469 = CARTESIAN_POINT('',(10.580116229761,181.85723957709,
    954.31260078965));
#470 = CARTESIAN_POINT('',(10.075374615953,181.57292210553,
    953.46620551461));
#471 = CARTESIAN_POINT('',(9.825233449714,181.4366345956,953.08650663631
    ));
#472 = CARTESIAN_POINT('',(9.555766044608,181.2953523711,952.71513873904
    ));
#473 = CARTESIAN_POINT('',(9.266519490999,181.1502273461,952.35270942231
    ));
#474 = CARTESIAN_POINT('',(8.956938822204,181.00250855037,
    952.00004112768));
#475 = CARTESIAN_POINT('',(8.502037518317,180.79755318943,951.5296184627
    ));
#476 = CARTESIAN_POINT('',(8.374697495081,180.74134643629,
    951.40253775491));
#477 = CARTESIAN_POINT('',(8.244340403663,180.68503563485,
    951.27703496816));
#478 = CARTESIAN_POINT('',(8.110924814522,180.62869546557,
    951.15316955413));
#479 = CARTESIAN_POINT('',(7.974407163366,180.57240388094,
    951.03100731234));
#480 = CARTESIAN_POINT('',(7.651984457512,180.44275237075,
    950.75308970481));
#481 = CARTESIAN_POINT('',(7.46383992768,180.36948617406,950.59860102548
    ));
#482 = CARTESIAN_POINT('',(7.270202711341,180.29662444545,
    950.44731432814));
#483 = CARTESIAN_POINT('',(7.070970186535,180.22436330576,
    950.29941698913));
#484 = CARTESIAN_POINT('',(6.866042559652,180.15291406668,
    950.15512378502));
#485 = CARTESIAN_POINT('',(6.379354193872,179.99028980488,
    949.83074087079));
#486 = CARTESIAN_POINT('',(6.09339102136,179.89983751097,949.65336155107
    ));
#487 = CARTESIAN_POINT('',(5.797289062769,179.81168471036,
    949.48314320137));
#488 = CARTESIAN_POINT('',(5.490935443593,179.72641480125,
    949.32075849931));
#489 = CARTESIAN_POINT('',(5.174249235274,179.64465333723,
    949.16694989098));
#490 = CARTESIAN_POINT('',(4.422282989405,179.46626891666,
    948.83491367865));
#491 = CARTESIAN_POINT('',(3.979144877045,179.37234525996,
    948.66282681253));
#492 = CARTESIAN_POINT('',(3.519023382552,179.28714717213,
    948.50880488659));
#493 = CARTESIAN_POINT('',(3.043340207504,179.21242154484,
    948.37511915584));
#494 = CARTESIAN_POINT('',(2.553681846416,179.14974763331,
    948.26380889021));
#495 = CARTESIAN_POINT('',(1.36267438107,179.03282118251,948.0571229532)
  );
#496 = CARTESIAN_POINT('',(0.651375661589,178.99051973731,
    947.98333547372));
#497 = CARTESIAN_POINT('',(-7.084460590607E-02,178.97759755369,
    947.96103555082));
#498 = CARTESIAN_POINT('',(-0.792313293802,178.99545242528,
    947.99190912503));
#499 = CARTESIAN_POINT('',(-1.501375059705,179.04240311523,
    948.07390022991));
#500 = CARTESIAN_POINT('',(-2.662563640359,179.1639840166,
    948.28911381243));
#501 = CARTESIAN_POINT('',(-3.126832023355,179.22574076894,
    948.39896992002));
#502 = CARTESIAN_POINT('',(-3.578166412208,179.29824242105,
    948.52888456937));
#503 = CARTESIAN_POINT('',(-4.015237485494,179.38011028341,
    948.67707551469));
#504 = CARTESIAN_POINT('',(-4.436852253817,179.4698352605,
    948.84157877381));
#505 = CARTESIAN_POINT('',(-5.174074607147,179.64452287856,
    949.16668534305));
#506 = CARTESIAN_POINT('',(-5.495497343837,179.72752647856,
    949.3228285396));
#507 = CARTESIAN_POINT('',(-5.80627443211,179.81414120773,
    949.48780278453));
#508 = CARTESIAN_POINT('',(-6.106491743912,179.90371345899,
    949.6608326952));
#509 = CARTESIAN_POINT('',(-6.396268887953,179.99563447176,
    949.84121713882));
#510 = CARTESIAN_POINT('',(-6.887454680896,180.16032204876,
    950.17005243579));
#511 = CARTESIAN_POINT('',(-7.093284783335,180.23233843563,
    950.31566033689));
#512 = CARTESIAN_POINT('',(-7.293348512204,180.30516229187,
    950.46490594254));
#513 = CARTESIAN_POINT('',(-7.487748040543,180.37857883862,
    950.61757165896));
#514 = CARTESIAN_POINT('',(-7.676588135529,180.4523887738,
    950.77346784408));
#515 = CARTESIAN_POINT('',(-7.999765524528,180.58283037943,
    951.05360545085));
#516 = CARTESIAN_POINT('',(-8.136385498674,180.63937349251,
    951.17655987226));
#517 = CARTESIAN_POINT('',(-8.269882249352,180.69595570404,
    951.30122368354));
#518 = CARTESIAN_POINT('',(-8.400299723031,180.75249838718,
    951.42753087579));
#519 = CARTESIAN_POINT('',(-8.527679644202,180.80892619547,
    951.55542181952));
#520 = CARTESIAN_POINT('',(-8.981990769499,181.01434883052,
    952.02814024543));
#521 = CARTESIAN_POINT('',(-9.290903887972,181.16224992985,
    952.3822865307));
#522 = CARTESIAN_POINT('',(-9.579423482445,181.30747696051,
    952.74619369338));
#523 = CARTESIAN_POINT('',(-9.848101409303,181.44877536613,
    953.11904026983));
#524 = CARTESIAN_POINT('',(-10.09738632542,181.58498738579,
    953.50021886509));
#525 = CARTESIAN_POINT('',(-10.59518238707,181.86614883292,
    954.34153330738));
#526 = CARTESIAN_POINT('',(-10.83706967924,182.00896791771,
    954.80456797192));
#527 = CARTESIAN_POINT('',(-11.05338231562,182.14153938902,
    955.27713335931));
#528 = CARTESIAN_POINT('',(-11.24420995218,182.26209604031,
    955.75816217192));
#529 = CARTESIAN_POINT('',(-11.40955511972,182.3690600718,
    956.24674245841));
#530 = CARTESIAN_POINT('',(-11.65765621876,182.5324332513,
    957.12625946865));
#531 = CARTESIAN_POINT('',(-11.75059756881,182.59478693433,
    957.51442407762));
#532 = CARTESIAN_POINT('',(-11.82795925066,182.6474380898,
    957.90585415554));
#533 = CARTESIAN_POINT('',(-11.88963869551,182.68983515172,
    958.29985713624));
#534 = CARTESIAN_POINT('',(-11.93556321835,182.72158360792,
    958.69577341765));
#535 = CARTESIAN_POINT('',(-11.97710963603,182.75039019351,
    959.24386335683));
#536 = CARTESIAN_POINT('',(-11.98626374205,182.75675075864,
    959.39492027944));
#537 = CARTESIAN_POINT('',(-11.99313134951,182.761529343,959.54610487563
    ));
#538 = CARTESIAN_POINT('',(-11.99771044587,182.76471780982,
    959.69737495571));
#539 = CARTESIAN_POINT('',(-12.00000000756,182.76631206565,
    959.84868788823));
#540 = CARTESIAN_POINT('',(-12.,182.76631206038,960.0000006));
#541 = ORIENTED_EDGE('',*,*,#542,.F.);
#542 = EDGE_CURVE('',#439,#456,#543,.T.);
#543 = CIRCLE('',#544,21.);
#544 = AXIS2_PLACEMENT_3D('',#545,#546,#547);
#545 = CARTESIAN_POINT('',(0.,200.,960.));
#546 = DIRECTION('',(0.,0.,1.));
#547 = DIRECTION('',(1.,0.,0.));
#548 = ORIENTED_EDGE('',*,*,#436,.F.);
#549 = ORIENTED_EDGE('',*,*,#550,.T.);
#550 = EDGE_CURVE('',#437,#437,#551,.T.);
#551 = CIRCLE('',#552,21.);
#552 = AXIS2_PLACEMENT_3D('',#553,#554,#555);
#553 = CARTESIAN_POINT('',(0.,200.,437.));
#554 = DIRECTION('',(0.,0.,1.));
#555 = DIRECTION('',(1.,0.,0.));
#556 = CYLINDRICAL_SURFACE('',#557,21.);
#557 = AXIS2_PLACEMENT_3D('',#558,#559,#560);
#558 = CARTESIAN_POINT('',(0.,200.,437.));
#559 = DIRECTION('',(0.,0.,1.));
#560 = DIRECTION('',(1.,0.,0.));
#561 = ADVANCED_FACE('',(#562),#565,.F.);
#562 = FACE_BOUND('',#563,.T.);
#563 = EDGE_LOOP('',(#564));
#564 = ORIENTED_EDGE('',*,*,#550,.F.);
#565 = PLANE('',#566);
#566 = AXIS2_PLACEMENT_3D('',#567,#568,#569);
#567 = CARTESIAN_POINT('',(0.,200.,437.));
#568 = DIRECTION('',(0.,0.,1.));
#569 = DIRECTION('',(1.,0.,0.));
#570 = ADVANCED_FACE('',(#571),#597,.T.);
#571 = FACE_BOUND('',#572,.T.);
#572 = EDGE_LOOP('',(#573,#574,#575,#583,#591));
#573 = ORIENTED_EDGE('',*,*,#446,.T.);
#574 = ORIENTED_EDGE('',*,*,#542,.T.);
#575 = ORIENTED_EDGE('',*,*,#576,.T.);
#576 = EDGE_CURVE('',#456,#577,#579,.T.);
#577 = VERTEX_POINT('',#578);
#578 = CARTESIAN_POINT('',(-12.,210.,960.));
#579 = LINE('',#580,#581);
#580 = CARTESIAN_POINT('',(-12.,-210.,960.));
#581 = VECTOR('',#582,1.);
#582 = DIRECTION('',(0.,1.,0.));
#583 = ORIENTED_EDGE('',*,*,#584,.F.);
#584 = EDGE_CURVE('',#585,#577,#587,.T.);
#585 = VERTEX_POINT('',#586);
#586 = CARTESIAN_POINT('',(12.,210.,960.));
#587 = LINE('',#588,#589);
#588 = CARTESIAN_POINT('',(0.,210.,960.));
#589 = VECTOR('',#590,1.);
#590 = DIRECTION('',(-1.,0.,0.));
#591 = ORIENTED_EDGE('',*,*,#592,.F.);
#592 = EDGE_CURVE('',#447,#585,#593,.T.);
#593 = LINE('',#594,#595);
#594 = CARTESIAN_POINT('',(12.,-210.,960.));
#595 = VECTOR('',#596,1.);
#596 = DIRECTION('',(0.,1.,0.));
#597 = PLANE('',#598);
#598 = AXIS2_PLACEMENT_3D('',#599,#600,#601);
#599 = CARTESIAN_POINT('',(0.,200.,960.));
#600 = DIRECTION('',(0.,0.,1.));
#601 = DIRECTION('',(1.,0.,0.));
#602 = ADVANCED_FACE('',(#603),#744,.T.);
#603 = FACE_BOUND('',#604,.T.);
#604 = EDGE_LOOP('',(#605,#615,#622,#623,#624,#625,#632,#633,#642,#650,
    #729,#737));
#605 = ORIENTED_EDGE('',*,*,#606,.T.);
#606 = EDGE_CURVE('',#607,#609,#611,.T.);
#607 = VERTEX_POINT('',#608);
#608 = CARTESIAN_POINT('',(-2.939152317954E-15,-210.,972.));
#609 = VERTEX_POINT('',#610);
#610 = CARTESIAN_POINT('',(-2.939152317954E-15,210.,972.));
#611 = LINE('',#612,#613);
#612 = CARTESIAN_POINT('',(-2.939152317954E-15,-210.,972.));
#613 = VECTOR('',#614,1.);
#614 = DIRECTION('',(0.,1.,0.));
#615 = ORIENTED_EDGE('',*,*,#616,.F.);
#616 = EDGE_CURVE('',#577,#609,#617,.T.);
#617 = CIRCLE('',#618,12.);
#618 = AXIS2_PLACEMENT_3D('',#619,#620,#621);
#619 = CARTESIAN_POINT('',(0.,210.,960.));
#620 = DIRECTION('',(0.,1.,0.));
#621 = DIRECTION('',(0.,0.,1.));
#622 = ORIENTED_EDGE('',*,*,#576,.F.);
#623 = ORIENTED_EDGE('',*,*,#455,.F.);
#624 = ORIENTED_EDGE('',*,*,#592,.T.);
#625 = ORIENTED_EDGE('',*,*,#626,.F.);
#626 = EDGE_CURVE('',#609,#585,#627,.T.);
#627 = CIRCLE('',#628,12.);
#628 = AXIS2_PLACEMENT_3D('',#629,#630,#631);
#629 = CARTESIAN_POINT('',(0.,210.,960.));
#630 = DIRECTION('',(0.,1.,0.));
#631 = DIRECTION('',(0.,0.,1.));
#632 = ORIENTED_EDGE('',*,*,#606,.F.);
#633 = ORIENTED_EDGE('',*,*,#634,.T.);
#634 = EDGE_CURVE('',#607,#635,#637,.T.);
#635 = VERTEX_POINT('',#636);
#636 = CARTESIAN_POINT('',(12.,-210.,960.));
#637 = CIRCLE('',#638,12.);
#638 = AXIS2_PLACEMENT_3D('',#639,#640,#641);
#639 = CARTESIAN_POINT('',(0.,-210.,960.));
#640 = DIRECTION('',(0.,1.,0.));
#641 = DIRECTION('',(0.,0.,1.));
#642 = ORIENTED_EDGE('',*,*,#643,.T.);
#643 = EDGE_CURVE('',#635,#644,#646,.T.);
#644 = VERTEX_POINT('',#645);
#645 = CARTESIAN_POINT('',(12.,-182.7663120603,960.));
#646 = LINE('',#647,#648);
#647 = CARTESIAN_POINT('',(12.,-210.,960.));
#648 = VECTOR('',#649,1.);
#649 = DIRECTION('',(0.,1.,0.));
#650 = ORIENTED_EDGE('',*,*,#651,.T.);
#651 = EDGE_CURVE('',#644,#652,#654,.T.);
#652 = VERTEX_POINT('',#653);
#653 = CARTESIAN_POINT('',(-12.,-182.7663120603,960.));
#654 = B_SPLINE_CURVE_WITH_KNOTS('',7,(#655,#656,#657,#658,#659,#660,
    #661,#662,#663,#664,#665,#666,#667,#668,#669,#670,#671,#672,#673,
    #674,#675,#676,#677,#678,#679,#680,#681,#682,#683,#684,#685,#686,
    #687,#688,#689,#690,#691,#692,#693,#694,#695,#696,#697,#698,#699,
    #700,#701,#702,#703,#704,#705,#706,#707,#708,#709,#710,#711,#712,
    #713,#714,#715,#716,#717,#718,#719,#720,#721,#722,#723,#724,#725,
    #726,#727,#728),.UNSPECIFIED.,.F.,.F.,(8,6,6,6,6,6,6,6,6,6,6,6,8),(
    0.,9.81734817903E-02,0.191658022491,0.270629830348,0.300342239756,
    0.339222012811,0.390140838203,0.456290409547,0.547118787959,
    0.610158210351,0.81001268273,0.97299302379,1.),.UNSPECIFIED.);
#655 = CARTESIAN_POINT('',(12.,-182.7663120603,960.0000006));
#656 = CARTESIAN_POINT('',(12.000000023494,-182.7663120767,
    959.53012056195));
#657 = CARTESIAN_POINT('',(11.978534687416,-182.7513655393,
    959.06044740416));
#658 = CARTESIAN_POINT('',(11.93563765459,-182.7214958666,
    958.59197913337));
#659 = CARTESIAN_POINT('',(11.871375365023,-182.6769994643,
    958.12572561096));
#660 = CARTESIAN_POINT('',(11.785851236614,-182.6184463705,
    957.66272850837));
#661 = CARTESIAN_POINT('',(11.679229868581,-182.5466656347,
    957.20408087099));
#662 = CARTESIAN_POINT('',(11.430419800721,-182.3827748417,
    956.31945422796));
#663 = CARTESIAN_POINT('',(11.290169241484,-182.2917967465,
    955.89294673197));
#664 = CARTESIAN_POINT('',(11.131109506943,-182.1905949729,
    955.47189313039));
#665 = CARTESIAN_POINT('',(10.953258319744,-182.0800826057,
    955.05681934039));
#666 = CARTESIAN_POINT('',(10.756585835253,-181.9612632298,
    954.64831762639));
#667 = CARTESIAN_POINT('',(10.541029288685,-181.8352221726,
    954.24705635793));
#668 = CARTESIAN_POINT('',(10.108393619707,-181.5915214827,
    953.52157469361));
#669 = CARTESIAN_POINT('',(9.896702354354,-181.4755738841,
    953.19499203011));
#670 = CARTESIAN_POINT('',(9.671252075367,-181.3559018958,952.8742964093
    ));
#671 = CARTESIAN_POINT('',(9.431803235918,-181.2331559318,
    952.55981188901));
#672 = CARTESIAN_POINT('',(9.178067871344,-181.1080219758,
    952.25194705242));
#673 = CARTESIAN_POINT('',(8.909718957341,-180.981233684,951.95121010768
    ));
#674 = CARTESIAN_POINT('',(8.519803554009,-180.8055576603,
    951.54799068055));
#675 = CARTESIAN_POINT('',(8.411080358863,-180.7574055086,
    951.43884652856));
#676 = CARTESIAN_POINT('',(8.300207728556,-180.7091688354,
    951.33082187676));
#677 = CARTESIAN_POINT('',(8.187162294031,-180.660889848,951.22394979072
    ));
#678 = CARTESIAN_POINT('',(8.071919771334,-180.6126121556,
    951.11826605648));
#679 = CARTESIAN_POINT('',(7.95445496162,-180.5643807701,951.01380918059
    ));
#680 = CARTESIAN_POINT('',(7.678092642317,-180.4532509042,
    950.77559408842));
#681 = CARTESIAN_POINT('',(7.517595507632,-180.3904193731,
    950.64274064815));
#682 = CARTESIAN_POINT('',(7.353190089772,-180.3278509005,
    950.51215148415));
#683 = CARTESIAN_POINT('',(7.184817343567,-180.2656553855,
    950.38392975428));
#684 = CARTESIAN_POINT('',(7.012419435997,-180.2039492374,
    950.25819035938));
#685 = CARTESIAN_POINT('',(6.835939746192,-180.1428553758,
    950.13505994326));
#686 = CARTESIAN_POINT('',(6.418778289902,-180.0034631514,
    949.85701744541));
#687 = CARTESIAN_POINT('',(6.175094784948,-179.9256810235,949.7040413567
    ));
#688 = CARTESIAN_POINT('',(5.924189902084,-179.849464482,949.55609392262
    ));
#689 = CARTESIAN_POINT('',(5.665994654464,-179.7751404635,
    949.41354975759));
#690 = CARTESIAN_POINT('',(5.400453669799,-179.7030543829,
    949.27681318266));
#691 = CARTESIAN_POINT('',(5.127525343286,-179.6335693099,949.1463186137
    ));
#692 = CARTESIAN_POINT('',(4.482982846669,-179.4806683779,
    948.86171614592));
#693 = CARTESIAN_POINT('',(4.105755766285,-179.3991805904,
    948.71199448857));
#694 = CARTESIAN_POINT('',(3.716218308797,-179.3236606383,
    948.57481428344));
#695 = CARTESIAN_POINT('',(3.315159164709,-179.2551219033,
    948.45151100199));
#696 = CARTESIAN_POINT('',(2.903437818615,-179.1945147129,948.3433162228
    ));
#697 = CARTESIAN_POINT('',(2.481984212191,-179.1427087606,
    948.25136657297));
#698 = CARTESIAN_POINT('',(1.461120670516,-179.0424860885,
    948.07420719841));
#699 = CARTESIAN_POINT('',(0.854603867156,-179.0026058645,
    948.00441761072));
#700 = CARTESIAN_POINT('',(0.238678365877,-178.9831356323,
    947.97059266064));
#701 = CARTESIAN_POINT('',(-0.380045472148,-178.9852496415,
    947.97426708262));
#702 = CARTESIAN_POINT('',(-0.994902369773,-179.0088669081,
    948.01533515499));
#703 = CARTESIAN_POINT('',(-1.599296666306,-179.0526558832,
    948.09204892696));
#704 = CARTESIAN_POINT('',(-2.594601164008,-179.1568680844,
    948.27651771198));
#705 = CARTESIAN_POINT('',(-2.994183913927,-179.2080959825,
    948.36758246071));
#706 = CARTESIAN_POINT('',(-3.384737388413,-179.2671702844,
    948.47320686251));
#707 = CARTESIAN_POINT('',(-3.765482586473,-179.3333286477,
    948.59239497451));
#708 = CARTESIAN_POINT('',(-4.135698847872,-179.4057459911,
    948.72407644587));
#709 = CARTESIAN_POINT('',(-4.49472402764,-179.4835481956,
    948.86709955971));
#710 = CARTESIAN_POINT('',(-5.942783236336,-179.8266712884,
    949.50567699741));
#711 = CARTESIAN_POINT('',(-6.927890459716,-180.13316957,950.09390167291
    ));
#712 = CARTESIAN_POINT('',(-7.801327302399,-180.4625370928,
    950.75704458695));
#713 = CARTESIAN_POINT('',(-8.57084111704,-180.7971680444,
    951.47681895167));
#714 = CARTESIAN_POINT('',(-9.244424596631,-181.1241587558,
    952.24178972987));
#715 = CARTESIAN_POINT('',(-9.828846382823,-181.4333126645,
    953.04636527033));
#716 = CARTESIAN_POINT('',(-10.7343152296,-181.944732804,954.57667873908
    ));
#717 = CARTESIAN_POINT('',(-11.0842792485,-182.1563181759,
    955.28994055406));
#718 = CARTESIAN_POINT('',(-11.37673628664,-182.3430881,956.02416342623)
  );
#719 = CARTESIAN_POINT('',(-11.61141077081,-182.4991383375,
    956.77502831649));
#720 = CARTESIAN_POINT('',(-11.78813093202,-182.6197110816,
    957.53885715331));
#721 = CARTESIAN_POINT('',(-11.90650940059,-182.7014388798,
    958.3124887423));
#722 = CARTESIAN_POINT('',(-11.97547569274,-182.7492572841,
    959.22230799953));
#723 = CARTESIAN_POINT('',(-11.98364828318,-182.7549334543,
    959.35176115869));
#724 = CARTESIAN_POINT('',(-11.99018808917,-182.7594813782,
    959.48131147726));
#725 = CARTESIAN_POINT('',(-11.99509381938,-182.7628958287,
    959.61093490995));
#726 = CARTESIAN_POINT('',(-11.99836460636,-182.7651733114,
    959.74060722215));
#727 = CARTESIAN_POINT('',(-12.00000000648,-182.7663120649,
    959.87030398991));
#728 = CARTESIAN_POINT('',(-12.,-182.7663120603,960.0000006));
#729 = ORIENTED_EDGE('',*,*,#730,.F.);
#730 = EDGE_CURVE('',#731,#652,#733,.T.);
#731 = VERTEX_POINT('',#732);
#732 = CARTESIAN_POINT('',(-12.,-210.,960.));
#733 = LINE('',#734,#735);
#734 = CARTESIAN_POINT('',(-12.,-210.,960.));
#735 = VECTOR('',#736,1.);
#736 = DIRECTION('',(0.,1.,0.));
#737 = ORIENTED_EDGE('',*,*,#738,.T.);
#738 = EDGE_CURVE('',#731,#607,#739,.T.);
#739 = CIRCLE('',#740,12.);
#740 = AXIS2_PLACEMENT_3D('',#741,#742,#743);
#741 = CARTESIAN_POINT('',(0.,-210.,960.));
#742 = DIRECTION('',(0.,1.,0.));
#743 = DIRECTION('',(0.,0.,1.));
#744 = CYLINDRICAL_SURFACE('',#745,12.);
#745 = AXIS2_PLACEMENT_3D('',#746,#747,#748);
#746 = CARTESIAN_POINT('',(0.,-210.,960.));
#747 = DIRECTION('',(0.,1.,0.));
#748 = DIRECTION('',(0.,0.,1.));
#749 = ADVANCED_FACE('',(#750),#755,.T.);
#750 = FACE_BOUND('',#751,.T.);
#751 = EDGE_LOOP('',(#752,#753,#754));
#752 = ORIENTED_EDGE('',*,*,#616,.T.);
#753 = ORIENTED_EDGE('',*,*,#626,.T.);
#754 = ORIENTED_EDGE('',*,*,#584,.T.);
#755 = PLANE('',#756);
#756 = AXIS2_PLACEMENT_3D('',#757,#758,#759);
#757 = CARTESIAN_POINT('',(0.,210.,960.));
#758 = DIRECTION('',(0.,1.,0.));
#759 = DIRECTION('',(0.,0.,1.));
#760 = ADVANCED_FACE('',(#761),#771,.F.);
#761 = FACE_BOUND('',#762,.F.);
#762 = EDGE_LOOP('',(#763,#764,#765));
#763 = ORIENTED_EDGE('',*,*,#738,.T.);
#764 = ORIENTED_EDGE('',*,*,#634,.T.);
#765 = ORIENTED_EDGE('',*,*,#766,.T.);
#766 = EDGE_CURVE('',#635,#731,#767,.T.);
#767 = LINE('',#768,#769);
#768 = CARTESIAN_POINT('',(0.,-210.,960.));
#769 = VECTOR('',#770,1.);
#770 = DIRECTION('',(-1.,0.,0.));
#771 = PLANE('',#772);
#772 = AXIS2_PLACEMENT_3D('',#773,#774,#775);
#773 = CARTESIAN_POINT('',(0.,-210.,960.));
#774 = DIRECTION('',(0.,1.,0.));
#775 = DIRECTION('',(0.,0.,1.));
#776 = ADVANCED_FACE('',(#777),#798,.T.);
#777 = FACE_BOUND('',#778,.T.);
#778 = EDGE_LOOP('',(#779,#788,#795,#796,#797));
#779 = ORIENTED_EDGE('',*,*,#780,.T.);
#780 = EDGE_CURVE('',#652,#781,#783,.T.);
#781 = VERTEX_POINT('',#782);
#782 = CARTESIAN_POINT('',(21.,-200.,960.));
#783 = CIRCLE('',#784,21.);
#784 = AXIS2_PLACEMENT_3D('',#785,#786,#787);
#785 = CARTESIAN_POINT('',(0.,-200.,960.));
#786 = DIRECTION('',(0.,0.,1.));
#787 = DIRECTION('',(1.,0.,0.));
#788 = ORIENTED_EDGE('',*,*,#789,.T.);
#789 = EDGE_CURVE('',#781,#644,#790,.T.);
#790 = CIRCLE('',#791,21.);
#791 = AXIS2_PLACEMENT_3D('',#792,#793,#794);
#792 = CARTESIAN_POINT('',(0.,-200.,960.));
#793 = DIRECTION('',(0.,0.,1.));
#794 = DIRECTION('',(1.,0.,0.));
#795 = ORIENTED_EDGE('',*,*,#643,.F.);
#796 = ORIENTED_EDGE('',*,*,#766,.T.);
#797 = ORIENTED_EDGE('',*,*,#730,.T.);
#798 = PLANE('',#799);
#799 = AXIS2_PLACEMENT_3D('',#800,#801,#802);
#800 = CARTESIAN_POINT('',(0.,-200.,960.));
#801 = DIRECTION('',(0.,0.,1.));
#802 = DIRECTION('',(1.,0.,0.));
#803 = ADVANCED_FACE('',(#804),#825,.T.);
#804 = FACE_BOUND('',#805,.T.);
#805 = EDGE_LOOP('',(#806,#814,#815,#816,#817,#818));
#806 = ORIENTED_EDGE('',*,*,#807,.T.);
#807 = EDGE_CURVE('',#808,#781,#810,.T.);
#808 = VERTEX_POINT('',#809);
#809 = CARTESIAN_POINT('',(21.,-200.,437.));
#810 = LINE('',#811,#812);
#811 = CARTESIAN_POINT('',(21.,-200.,437.));
#812 = VECTOR('',#813,1.);
#813 = DIRECTION('',(0.,0.,1.));
#814 = ORIENTED_EDGE('',*,*,#780,.F.);
#815 = ORIENTED_EDGE('',*,*,#651,.F.);
#816 = ORIENTED_EDGE('',*,*,#789,.F.);
#817 = ORIENTED_EDGE('',*,*,#807,.F.);
#818 = ORIENTED_EDGE('',*,*,#819,.T.);
#819 = EDGE_CURVE('',#808,#808,#820,.T.);
#820 = CIRCLE('',#821,21.);
#821 = AXIS2_PLACEMENT_3D('',#822,#823,#824);
#822 = CARTESIAN_POINT('',(0.,-200.,437.));
#823 = DIRECTION('',(0.,0.,1.));
#824 = DIRECTION('',(1.,0.,0.));
#825 = CYLINDRICAL_SURFACE('',#826,21.);
#826 = AXIS2_PLACEMENT_3D('',#827,#828,#829);
#827 = CARTESIAN_POINT('',(0.,-200.,437.));
#828 = DIRECTION('',(0.,0.,1.));
#829 = DIRECTION('',(1.,0.,0.));
#830 = ADVANCED_FACE('',(#831),#834,.F.);
#831 = FACE_BOUND('',#832,.T.);
#832 = EDGE_LOOP('',(#833));
#833 = ORIENTED_EDGE('',*,*,#819,.F.);
#834 = PLANE('',#835);
#835 = AXIS2_PLACEMENT_3D('',#836,#837,#838);
#836 = CARTESIAN_POINT('',(0.,-200.,437.));
#837 = DIRECTION('',(0.,0.,1.));
#838 = DIRECTION('',(1.,0.,0.));
#839 = MANIFOLD_SOLID_BREP('',#840);
#840 = CLOSED_SHELL('',(#841,#1067,#1103,#1112,#1255,#1264,#1273,#1373,
    #1409,#1418,#1427));
#841 = ADVANCED_FACE('',(#842,#933),#1062,.T.);
#842 = FACE_BOUND('',#843,.T.);
#843 = EDGE_LOOP('',(#844,#917,#925,#932));
#844 = ORIENTED_EDGE('',*,*,#845,.T.);
#845 = EDGE_CURVE('',#846,#846,#848,.T.);
#846 = VERTEX_POINT('',#847);
#847 = CARTESIAN_POINT('',(18.,-75.,239.96609682446));
#848 = B_SPLINE_CURVE_WITH_KNOTS('',7,(#849,#850,#851,#852,#853,#854,
    #855,#856,#857,#858,#859,#860,#861,#862,#863,#864,#865,#866,#867,
    #868,#869,#870,#871,#872,#873,#874,#875,#876,#877,#878,#879,#880,
    #881,#882,#883,#884,#885,#886,#887,#888,#889,#890,#891,#892,#893,
    #894,#895,#896,#897,#898,#899,#900,#901,#902,#903,#904,#905,#906,
    #907,#908,#909,#910,#911,#912,#913,#914,#915,#916),.UNSPECIFIED.,.T.
  ,.F.,(8,6,6,6,6,6,6,6,6,6,6,8),(0.,0.103611773584,0.191332529821,
    0.275220848922,0.372162684656,0.45255388675,0.562478219698,
    0.656453877594,0.740152509925,0.824221604558,0.907261143821,1.),
  .UNSPECIFIED.);
#849 = CARTESIAN_POINT('',(18.,-75.,239.96609682446));
#850 = CARTESIAN_POINT('',(18.,-73.49368816132,239.96609682446));
#851 = CARTESIAN_POINT('',(17.852937956967,-71.9876467878,
    239.93867059321));
#852 = CARTESIAN_POINT('',(17.558900406057,-70.49059388914,
    239.88383429971));
#853 = CARTESIAN_POINT('',(17.115549967513,-69.01179910917,
    239.79995676932));
#854 = CARTESIAN_POINT('',(16.518540769986,-67.56230897169,239.68384111)
  );
#855 = CARTESIAN_POINT('',(15.762130297476,-66.15633819242,
    239.53048624097));
#856 = CARTESIAN_POINT('',(14.059201669326,-63.67560253814,
    239.1653215578));
#857 = CARTESIAN_POINT('',(13.155120170889,-62.57653878793,
    238.96511685267));
#858 = CARTESIAN_POINT('',(12.12633164826,-61.5355175284,238.72818661145
    ));
#859 = CARTESIAN_POINT('',(10.974613412394,-60.57245883773,
    238.45029360925));
#860 = CARTESIAN_POINT('',(9.704574633025,-59.70725964638,
    238.12697569383));
#861 = CARTESIAN_POINT('',(8.323586420632,-58.95992942771,
    237.75396970984));
#862 = CARTESIAN_POINT('',(5.42506323798,-57.76876866975,236.92061301307
    ));
#863 = CARTESIAN_POINT('',(3.925418677864,-57.3169230478,236.46746050933
    ));
#864 = CARTESIAN_POINT('',(2.369718723263,-57.01689914451,
    235.97125939405));
#865 = CARTESIAN_POINT('',(0.788985405591,-56.87975313494,
    235.43783462307));
#866 = CARTESIAN_POINT('',(-0.78399495075,-56.90630560817,234.876919907)
  );
#867 = CARTESIAN_POINT('',(-2.317226917821,-57.08704491242,
    234.30194154243));
#868 = CARTESIAN_POINT('',(-5.4739031541,-57.76537174938,233.06497046228
    ));
#869 = CARTESIAN_POINT('',(-7.075779385228,-58.30821204314,
    232.40276573647));
#870 = CARTESIAN_POINT('',(-8.572452237465,-59.00611387957,
    231.75306422255));
#871 = CARTESIAN_POINT('',(-9.953745549843,-59.83686844653,
    231.12721647806));
#872 = CARTESIAN_POINT('',(-11.2128145743,-60.77978088973,
    230.53560273661));
#873 = CARTESIAN_POINT('',(-12.34544647236,-61.81548158263,
    229.98708856316));
#874 = CARTESIAN_POINT('',(-14.18256920347,-63.84669350598,
    229.07527103717));
#875 = CARTESIAN_POINT('',(-14.92967213993,-64.82167546092,
    228.69507902424));
#876 = CARTESIAN_POINT('',(-15.59027026182,-65.84247966859,
    228.3517653173));
#877 = CARTESIAN_POINT('',(-16.16392649312,-66.90166259602,
    228.04851663467));
#878 = CARTESIAN_POINT('',(-16.65036621236,-67.99248507436,
    227.78797557407));
#879 = CARTESIAN_POINT('',(-17.04932844272,-69.10872312467,
    227.57224817055));
#880 = CARTESIAN_POINT('',(-17.78585608815,-71.797483813,227.17142866378
    ));
#881 = CARTESIAN_POINT('',(-18.04678766992,-73.386123044,227.02683300121
    ));
#882 = CARTESIAN_POINT('',(-18.14213252438,-74.9934476958,226.973342964)
  );
#883 = CARTESIAN_POINT('',(-18.07148890606,-76.60313049447,
    227.01279592787));
#884 = CARTESIAN_POINT('',(-17.83499515546,-78.19896335353,
    227.14448310355));
#885 = CARTESIAN_POINT('',(-17.4333870732,-79.76435238867,
    227.36516449895));
#886 = CARTESIAN_POINT('',(-16.38515972299,-82.5791109707,
    227.92929135504));
#887 = CARTESIAN_POINT('',(-15.78265851388,-83.84106861268,
    228.25021743587));
#888 = CARTESIAN_POINT('',(-15.0613198379,-85.05830753593,
    228.62885343406));
#889 = CARTESIAN_POINT('',(-14.22143046154,-86.22047398879,
    229.06112379127));
#890 = CARTESIAN_POINT('',(-13.263358397,-87.31586755352,229.5420119716)
  );
#891 = CARTESIAN_POINT('',(-12.18798878187,-88.33096331141,
    230.06546009156));
#892 = CARTESIAN_POINT('',(-9.937079008556,-90.06812862755,
    231.12222652158));
#893 = CARTESIAN_POINT('',(-8.780399805407,-90.81392671953,
    231.65053128425));
#894 = CARTESIAN_POINT('',(-7.532058692691,-91.47097489889,232.202596459
    ));
#895 = CARTESIAN_POINT('',(-6.19924917985,-92.02363774759,
    232.77044997744));
#896 = CARTESIAN_POINT('',(-4.791531073259,-92.45697000704,
    233.34552099414));
#897 = CARTESIAN_POINT('',(-3.32085371762,-92.7567746561,233.91930175419
    ));
#898 = CARTESIAN_POINT('',(-0.275867285245,-93.06310311721,
    235.05089246944));
#899 = CARTESIAN_POINT('',(1.291262162332,-93.06755680678,
    235.60579195599));
#900 = CARTESIAN_POINT('',(2.86838293274,-92.91041319209,236.13483151581
    ));
#901 = CARTESIAN_POINT('',(4.422805785807,-92.58996717043,
    236.62709981281));
#902 = CARTESIAN_POINT('',(5.922629170673,-92.11479884302,
    237.07580982014));
#903 = CARTESIAN_POINT('',(7.339394716673,-91.50358856251,
    237.47783204555));
#904 = CARTESIAN_POINT('',(9.945492317138,-90.07540786629,
    238.18315923765));
#905 = CARTESIAN_POINT('',(11.138534359337,-89.26042635198,
    238.48792119629));
#906 = CARTESIAN_POINT('',(12.225312783028,-88.3577547714,
    238.75116459016));
#907 = CARTESIAN_POINT('',(13.203524991757,-87.38335423467,
    238.97720160639));
#908 = CARTESIAN_POINT('',(14.072502276479,-86.35202788321,
    239.17002150129));
#909 = CARTESIAN_POINT('',(14.833010592693,-85.27763582096,
    239.33315508514));
#910 = CARTESIAN_POINT('',(16.217861257191,-82.93954950433,
    239.62213629357));
#911 = CARTESIAN_POINT('',(16.818645140062,-81.66380694069,
    239.74197080053));
#912 = CARTESIAN_POINT('',(17.293997007767,-80.35801311925,
    239.83366997723));
#913 = CARTESIAN_POINT('',(17.647705866061,-79.03157737394,
    239.90039504333));
#914 = CARTESIAN_POINT('',(17.882550362283,-77.69209093163,
    239.94419351549));
#915 = CARTESIAN_POINT('',(18.,-76.34613740848,239.96609682446));
#916 = CARTESIAN_POINT('',(18.,-75.,239.96609682446));
#917 = ORIENTED_EDGE('',*,*,#918,.T.);
#918 = EDGE_CURVE('',#846,#919,#921,.T.);
#919 = VERTEX_POINT('',#920);
#920 = CARTESIAN_POINT('',(18.,-75.,460.));
#921 = LINE('',#922,#923);
#922 = CARTESIAN_POINT('',(18.,-75.,100.));
#923 = VECTOR('',#924,1.);
#924 = DIRECTION('',(0.,0.,1.));
#925 = ORIENTED_EDGE('',*,*,#926,.F.);
#926 = EDGE_CURVE('',#919,#919,#927,.T.);
#927 = CIRCLE('',#928,18.);
#928 = AXIS2_PLACEMENT_3D('',#929,#930,#931);
#929 = CARTESIAN_POINT('',(0.,-75.,460.));
#930 = DIRECTION('',(0.,0.,1.));
#931 = DIRECTION('',(1.,0.,0.));
#932 = ORIENTED_EDGE('',*,*,#918,.F.);
#933 = FACE_BOUND('',#934,.T.);
#934 = EDGE_LOOP('',(#935));
#935 = ORIENTED_EDGE('',*,*,#936,.F.);
#936 = EDGE_CURVE('',#937,#937,#939,.T.);
#937 = VERTEX_POINT('',#938);
#938 = CARTESIAN_POINT('',(-2.939152317954E-15,-57.,312.));
#939 = B_SPLINE_CURVE_WITH_KNOTS('',6,(#940,#941,#942,#943,#944,#945,
    #946,#947,#948,#949,#950,#951,#952,#953,#954,#955,#956,#957,#958,
    #959,#960,#961,#962,#963,#964,#965,#966,#967,#968,#969,#970,#971,
    #972,#973,#974,#975,#976,#977,#978,#979,#980,#981,#982,#983,#984,
    #985,#986,#987,#988,#989,#990,#991,#992,#993,#994,#995,#996,#997,
    #998,#999,#1000,#1001,#1002,#1003,#1004,#1005,#1006,#1007,#1008,
    #1009,#1010,#1011,#1012,#1013,#1014,#1015,#1016,#1017,#1018,#1019,
    #1020,#1021,#1022,#1023,#1024,#1025,#1026,#1027,#1028,#1029,#1030,
    #1031,#1032,#1033,#1034,#1035,#1036,#1037,#1038,#1039,#1040,#1041,
    #1042,#1043,#1044,#1045,#1046,#1047,#1048,#1049,#1050,#1051,#1052,
    #1053,#1054,#1055,#1056,#1057,#1058,#1059,#1060,#1061),
  .UNSPECIFIED.,.T.,.F.,(7,5,5,5,5,5,5,5,5,5,5,5,5,5,5,5,5,5,5,5,5,5,5,5
    ,7),(0.,3.159908910215E-02,7.778156754545E-02,9.655032086425E-02,
    0.14537801779,0.198713433886,0.216238928784,0.249716727953,
    0.300512089962,0.354508285921,0.422437072314,0.468130051757,
    0.499793754974,0.531457458196,0.577734371024,0.596541502873,
    0.645469092657,0.699687351002,0.749982858645,0.783298368071,
    0.800795161632,0.854770751319,0.922670527214,0.968347434352,1.),
  .UNSPECIFIED.);
#940 = CARTESIAN_POINT('',(-1.7763568394E-15,-57.,312.));
#941 = CARTESIAN_POINT('',(0.507097397927,-57.,312.));
#942 = CARTESIAN_POINT('',(1.013255635976,-57.01714324181,311.9742851516
    ));
#943 = CARTESIAN_POINT('',(1.514704177615,-57.05131028397,
    311.92303451984));
#944 = CARTESIAN_POINT('',(2.007697650658,-57.10165632283,
    311.84728602971));
#945 = CARTESIAN_POINT('',(2.488579525706,-57.16662035731,311.7489319013
    ));
#946 = CARTESIAN_POINT('',(3.633823025331,-57.35714014112,
    311.45807710506));
#947 = CARTESIAN_POINT('',(4.280117206358,-57.49676964363,
    311.24315710398));
#948 = CARTESIAN_POINT('',(4.891462321825,-57.65765266516,310.9923697853
    ));
#949 = CARTESIAN_POINT('',(5.467320971816,-57.83477763144,310.7113673458
    ));
#950 = CARTESIAN_POINT('',(6.007698492288,-58.02350641785,
    310.40526252487));
#951 = CARTESIAN_POINT('',(6.718334408716,-58.29932624045,
    309.94604245988));
#952 = CARTESIAN_POINT('',(6.918133259367,-58.38034398227,
    309.80981317458));
#953 = CARTESIAN_POINT('',(7.112499003032,-58.46244572337,
    309.67027720689));
#954 = CARTESIAN_POINT('',(7.301550528869,-58.5454167788,309.5276300106)
  );
#955 = CARTESIAN_POINT('',(7.485407345393,-58.62905873391,
    309.38203926931));
#956 = CARTESIAN_POINT('',(8.129299044149,-58.93205900715,
    308.84759072772));
#957 = CARTESIAN_POINT('',(8.560266017844,-59.15433081685,
    308.44239333761));
#958 = CARTESIAN_POINT('',(8.958871361388,-59.37665820021,
    308.02071080792));
#959 = CARTESIAN_POINT('',(9.326768446168,-59.59623241591,
    307.58424015187));
#960 = CARTESIAN_POINT('',(9.665316717704,-59.81051552401,
    307.13392515196));
#961 = CARTESIAN_POINT('',(10.314141754271,-60.24249093726,
    306.16358934347));
#962 = CARTESIAN_POINT('',(10.619102818305,-60.45879076174,
    305.64070317643));
#963 = CARTESIAN_POINT('',(10.89064206307,-60.66204203361,
    305.10313210995));
#964 = CARTESIAN_POINT('',(11.128874419408,-60.84847609664,
    304.55211838301));
#965 = CARTESIAN_POINT('',(11.333658962042,-61.01438380692,
    303.98855345507));
#966 = CARTESIAN_POINT('',(11.560505574678,-61.20289768404,
    303.22391409307));
#967 = CARTESIAN_POINT('',(11.612911385994,-61.2469091984,
    303.03358712861));
#968 = CARTESIAN_POINT('',(11.661584564459,-61.28817302916,
    302.84213172581));
#969 = CARTESIAN_POINT('',(11.706495121606,-61.32656364077,
    302.64962895023));
#970 = CARTESIAN_POINT('',(11.74761575556,-61.36196642568,
    302.45615491823));
#971 = CARTESIAN_POINT('',(11.856180844748,-61.4560026696,
    301.89048077453));
#972 = CARTESIAN_POINT('',(11.913539610733,-61.50646922778,
    301.51577655106));
#973 = CARTESIAN_POINT('',(11.956719432092,-61.5448808092,
    301.13856935656));
#974 = CARTESIAN_POINT('',(11.985567278677,-61.57068311927,
    300.75968463519));
#975 = CARTESIAN_POINT('',(12.,-61.583592135,300.37990439839));
#976 = CARTESIAN_POINT('',(12.,-61.583592135,299.42357676061));
#977 = CARTESIAN_POINT('',(11.966773951154,-61.55387391544,
    298.84803619259));
#978 = CARTESIAN_POINT('',(11.900510468518,-61.49460577202,
    298.27561241621));
#979 = CARTESIAN_POINT('',(11.801575533801,-61.40722714984,
    297.70864094187));
#980 = CARTESIAN_POINT('',(11.670570327873,-61.29445306888,
    297.14975488824));
#981 = CARTESIAN_POINT('',(11.336977183283,-61.01704872076,
    296.01986793067));
#982 = CARTESIAN_POINT('',(11.130270384342,-60.84949194373,
    295.44988684615));
#983 = CARTESIAN_POINT('',(10.889368158707,-60.66092289397,
    294.89272803971));
#984 = CARTESIAN_POINT('',(10.614414042427,-60.45517606324,
    294.34931047654));
#985 = CARTESIAN_POINT('',(10.305284608059,-60.2361468166,
    293.82092021158));
#986 = CARTESIAN_POINT('',(9.529273001393,-59.72052348066,
    292.66554512872));
#987 = CARTESIAN_POINT('',(9.042378377745,-59.41857100224,
    292.04846575279));
#988 = CARTESIAN_POINT('',(8.498285862024,-59.10852993214,291.4583996612
    ));
#989 = CARTESIAN_POINT('',(7.892489067552,-58.79692536995,
    290.89817817315));
#990 = CARTESIAN_POINT('',(7.219627510064,-58.49199304396,
    290.37400892453));
#991 = CARTESIAN_POINT('',(5.973688916023,-58.01166848574,
    289.57554789168));
#992 = CARTESIAN_POINT('',(5.438352142996,-57.82589315227,
    289.27454165724));
#993 = CARTESIAN_POINT('',(4.868392006186,-57.65159391838,
    288.99818666001));
#994 = CARTESIAN_POINT('',(4.263838874829,-57.49325629457,
    288.75143526625));
#995 = CARTESIAN_POINT('',(3.62524282765,-57.35571276135,288.53974380232
    ));
#996 = CARTESIAN_POINT('',(2.488579525706,-57.16662035731,
    288.25106809869));
#997 = CARTESIAN_POINT('',(2.007697650657,-57.10165632283,
    288.15271397028));
#998 = CARTESIAN_POINT('',(1.514704177616,-57.05131028397,
    288.07696548015));
#999 = CARTESIAN_POINT('',(1.013255635975,-57.01714324181,288.0257148484
    ));
#1000 = CARTESIAN_POINT('',(0.507097397926,-57.,288.));
#1001 = CARTESIAN_POINT('',(-0.507097398022,-57.,288.));
#1002 = CARTESIAN_POINT('',(-1.013255635951,-57.01714324182,
    288.02571484841));
#1003 = CARTESIAN_POINT('',(-1.51470417752,-57.05131028397,
    288.07696548014));
#1004 = CARTESIAN_POINT('',(-2.007697650631,-57.10165632282,
    288.15271397026));
#1005 = CARTESIAN_POINT('',(-2.4885795258,-57.16662035733,
    288.25106809872));
#1006 = CARTESIAN_POINT('',(-3.633823025332,-57.35714014112,
    288.54192289493));
#1007 = CARTESIAN_POINT('',(-4.280117206356,-57.49676964363,
    288.75684289601));
#1008 = CARTESIAN_POINT('',(-4.891462321828,-57.65765266516,
    289.0076302147));
#1009 = CARTESIAN_POINT('',(-5.467320971814,-57.83477763143,
    289.28863265419));
#1010 = CARTESIAN_POINT('',(-6.007698492289,-58.02350641785,
    289.59473747512));
#1011 = CARTESIAN_POINT('',(-6.718334408716,-58.29932624045,
    290.05395754011));
#1012 = CARTESIAN_POINT('',(-6.918133259367,-58.38034398227,
    290.19018682541));
#1013 = CARTESIAN_POINT('',(-7.112499003032,-58.46244572337,
    290.3297227931));
#1014 = CARTESIAN_POINT('',(-7.301550528869,-58.5454167788,
    290.47236998939));
#1015 = CARTESIAN_POINT('',(-7.485407345393,-58.62905873391,
    290.61796073068));
#1016 = CARTESIAN_POINT('',(-8.129299514753,-58.93205922861,
    291.15240966289));
#1017 = CARTESIAN_POINT('',(-8.56026666281,-59.15433115951,
    291.55760729375));
#1018 = CARTESIAN_POINT('',(-8.958871987384,-59.37665856508,
    291.97928990059));
#1019 = CARTESIAN_POINT('',(-9.32676893008,-59.59623271887,
    292.41576047618));
#1020 = CARTESIAN_POINT('',(-9.665316982643,-59.8105157004,
    292.86607524425));
#1021 = CARTESIAN_POINT('',(-10.31904527335,-60.24575560734,
    293.8437440051));
#1022 = CARTESIAN_POINT('',(-10.62794149153,-60.4650621473,
    294.37446359138));
#1023 = CARTESIAN_POINT('',(-10.90244537063,-60.67088431665,
    294.92028282903));
#1024 = CARTESIAN_POINT('',(-11.14266504038,-60.85928020662,
    295.47989448188));
#1025 = CARTESIAN_POINT('',(-11.34844389588,-61.02637589476,
    296.05236221482));
#1026 = CARTESIAN_POINT('',(-11.67749610332,-61.30041783126,
    297.17947486306));
#1027 = CARTESIAN_POINT('',(-11.80575906294,-61.41092234541,
    297.73274747847));
#1028 = CARTESIAN_POINT('',(-11.9026141725,-61.49648739931,
    298.29387133081));
#1029 = CARTESIAN_POINT('',(-11.96747884551,-61.55450438737,
    298.86028834547));
#1030 = CARTESIAN_POINT('',(-12.,-61.583592135,299.42972413792));
#1031 = CARTESIAN_POINT('',(-12.,-61.583592135,300.37774806834));
#1032 = CARTESIAN_POINT('',(-11.98573065296,-61.57082924555,
    300.75537534128));
#1033 = CARTESIAN_POINT('',(-11.95720898167,-61.54531867605,
    301.13212227814));
#1034 = CARTESIAN_POINT('',(-11.91451639392,-61.50733817018,
    301.50721899866));
#1035 = CARTESIAN_POINT('',(-11.85780285948,-61.45742992623,
    301.8798533444));
#1036 = CARTESIAN_POINT('',(-11.75033320296,-61.36430906504,
    302.44308270511));
#1037 = CARTESIAN_POINT('',(-11.70952835158,-61.32916377703,
    302.63613451314));
#1038 = CARTESIAN_POINT('',(-11.6649508409,-61.29104017399,
    302.82822376159));
#1039 = CARTESIAN_POINT('',(-11.61662778907,-61.25005170681,
    303.01927454226));
#1040 = CARTESIAN_POINT('',(-11.56458901282,-61.2063227278,
    303.20920604234));
#1041 = CARTESIAN_POINT('',(-11.33697722099,-61.01704875212,
    303.9801319416));
#1042 = CARTESIAN_POINT('',(-11.1302704491,-60.84949199577,
    304.5501129916));
#1043 = CARTESIAN_POINT('',(-10.88936822173,-60.66092294074,
    305.10727184341));
#1044 = CARTESIAN_POINT('',(-10.61441407386,-60.45517608424,
    305.65068947561));
#1045 = CARTESIAN_POINT('',(-10.30528461071,-60.23614681836,
    306.17907978445));
#1046 = CARTESIAN_POINT('',(-9.529292654595,-59.72053653929,
    307.33442561034));
#1047 = CARTESIAN_POINT('',(-9.042395269325,-59.41858030265,
    307.95151902682));
#1048 = CARTESIAN_POINT('',(-8.498276124569,-59.1085214669,
    308.54161884764));
#1049 = CARTESIAN_POINT('',(-7.892444493618,-58.79690139125,
    309.10186448342));
#1050 = CARTESIAN_POINT('',(-7.219571380686,-58.4919714054,
    309.62602704603));
#1051 = CARTESIAN_POINT('',(-5.973688916023,-58.01166848574,
    310.42445210831));
#1052 = CARTESIAN_POINT('',(-5.438352142995,-57.82589315227,
    310.72545834275));
#1053 = CARTESIAN_POINT('',(-4.868392006188,-57.65159391838,
    311.00181333998));
#1054 = CARTESIAN_POINT('',(-4.263838874827,-57.49325629457,
    311.24856473375));
#1055 = CARTESIAN_POINT('',(-3.625242827649,-57.35571276135,
    311.46025619767));
#1056 = CARTESIAN_POINT('',(-2.488579525705,-57.16662035731,
    311.7489319013));
#1057 = CARTESIAN_POINT('',(-2.007697650658,-57.10165632283,
    311.84728602971));
#1058 = CARTESIAN_POINT('',(-1.514704177615,-57.05131028397,
    311.92303451984));
#1059 = CARTESIAN_POINT('',(-1.013255635976,-57.01714324181,
    311.9742851516));
#1060 = CARTESIAN_POINT('',(-0.507097397926,-57.,312.));
#1061 = CARTESIAN_POINT('',(-1.7763568394E-15,-57.,312.));
#1062 = CYLINDRICAL_SURFACE('',#1063,18.);
#1063 = AXIS2_PLACEMENT_3D('',#1064,#1065,#1066);
#1064 = CARTESIAN_POINT('',(0.,-75.,100.));
#1065 = DIRECTION('',(0.,0.,1.));
#1066 = DIRECTION('',(1.,0.,0.));
#1067 = ADVANCED_FACE('',(#1068,#1095),#1098,.T.);
#1068 = FACE_BOUND('',#1069,.T.);
#1069 = EDGE_LOOP('',(#1070,#1080,#1087,#1088));
#1070 = ORIENTED_EDGE('',*,*,#1071,.T.);
#1071 = EDGE_CURVE('',#1072,#1074,#1076,.T.);
#1072 = VERTEX_POINT('',#1073);
#1073 = CARTESIAN_POINT('',(40.,-115.,242.));
#1074 = VERTEX_POINT('',#1075);
#1075 = CARTESIAN_POINT('',(40.,-35.,242.));
#1076 = LINE('',#1077,#1078);
#1077 = CARTESIAN_POINT('',(40.,-115.,242.));
#1078 = VECTOR('',#1079,1.);
#1079 = DIRECTION('',(0.,1.,0.));
#1080 = ORIENTED_EDGE('',*,*,#1081,.F.);
#1081 = EDGE_CURVE('',#1074,#1074,#1082,.T.);
#1082 = CIRCLE('',#1083,120.);
#1083 = AXIS2_PLACEMENT_3D('',#1084,#1085,#1086);
#1084 = CARTESIAN_POINT('',(40.,-35.,122.));
#1085 = DIRECTION('',(0.,1.,0.));
#1086 = DIRECTION('',(0.,0.,1.));
#1087 = ORIENTED_EDGE('',*,*,#1071,.F.);
#1088 = ORIENTED_EDGE('',*,*,#1089,.T.);
#1089 = EDGE_CURVE('',#1072,#1072,#1090,.T.);
#1090 = CIRCLE('',#1091,120.);
#1091 = AXIS2_PLACEMENT_3D('',#1092,#1093,#1094);
#1092 = CARTESIAN_POINT('',(40.,-115.,122.));
#1093 = DIRECTION('',(0.,1.,0.));
#1094 = DIRECTION('',(0.,0.,1.));
#1095 = FACE_BOUND('',#1096,.T.);
#1096 = EDGE_LOOP('',(#1097));
#1097 = ORIENTED_EDGE('',*,*,#845,.F.);
#1098 = CYLINDRICAL_SURFACE('',#1099,120.);
#1099 = AXIS2_PLACEMENT_3D('',#1100,#1101,#1102);
#1100 = CARTESIAN_POINT('',(40.,-115.,122.));
#1101 = DIRECTION('',(0.,1.,0.));
#1102 = DIRECTION('',(0.,0.,1.));
#1103 = ADVANCED_FACE('',(#1104),#1107,.T.);
#1104 = FACE_BOUND('',#1105,.T.);
#1105 = EDGE_LOOP('',(#1106));
#1106 = ORIENTED_EDGE('',*,*,#926,.T.);
#1107 = PLANE('',#1108);
#1108 = AXIS2_PLACEMENT_3D('',#1109,#1110,#1111);
#1109 = CARTESIAN_POINT('',(0.,-75.,460.));
#1110 = DIRECTION('',(0.,0.,1.));
#1111 = DIRECTION('',(1.,0.,0.));
#1112 = ADVANCED_FACE('',(#1113),#1250,.T.);
#1113 = FACE_BOUND('',#1114,.T.);
#1114 = EDGE_LOOP('',(#1115,#1242,#1248,#1249));
#1115 = ORIENTED_EDGE('',*,*,#1116,.F.);
#1116 = EDGE_CURVE('',#1117,#1117,#1119,.T.);
#1117 = VERTEX_POINT('',#1118);
#1118 = CARTESIAN_POINT('',(-2.939152317954E-15,57.,312.));
#1119 = B_SPLINE_CURVE_WITH_KNOTS('',6,(#1120,#1121,#1122,#1123,#1124,
    #1125,#1126,#1127,#1128,#1129,#1130,#1131,#1132,#1133,#1134,#1135,
    #1136,#1137,#1138,#1139,#1140,#1141,#1142,#1143,#1144,#1145,#1146,
    #1147,#1148,#1149,#1150,#1151,#1152,#1153,#1154,#1155,#1156,#1157,
    #1158,#1159,#1160,#1161,#1162,#1163,#1164,#1165,#1166,#1167,#1168,
    #1169,#1170,#1171,#1172,#1173,#1174,#1175,#1176,#1177,#1178,#1179,
    #1180,#1181,#1182,#1183,#1184,#1185,#1186,#1187,#1188,#1189,#1190,
    #1191,#1192,#1193,#1194,#1195,#1196,#1197,#1198,#1199,#1200,#1201,
    #1202,#1203,#1204,#1205,#1206,#1207,#1208,#1209,#1210,#1211,#1212,
    #1213,#1214,#1215,#1216,#1217,#1218,#1219,#1220,#1221,#1222,#1223,
    #1224,#1225,#1226,#1227,#1228,#1229,#1230,#1231,#1232,#1233,#1234,
    #1235,#1236,#1237,#1238,#1239,#1240,#1241),.UNSPECIFIED.,.T.,.F.,(7,
    5,5,5,5,5,5,5,5,5,5,5,5,5,5,5,5,5,5,5,5,5,5,5,7),(0.,
    3.159908913603E-02,7.778156760212E-02,9.655032091875E-02,
    0.145378017839,0.198713433928,0.216238928824,0.24971672799,
    0.300512089993,0.354508285958,0.422437072377,0.468130051836,
    0.499793755059,0.531457458286,0.577734371129,0.596541502985,
    0.645469092786,0.699687351134,0.749982858768,0.783298368189,
    0.800795161747,0.854770751412,0.922670527264,0.968347434372,1.),
  .UNSPECIFIED.);
#1120 = CARTESIAN_POINT('',(-3.552713678801E-15,57.,312.));
#1121 = CARTESIAN_POINT('',(0.507097397927,57.,312.));
#1122 = CARTESIAN_POINT('',(1.013255635976,57.017143241814,
    311.9742851516));
#1123 = CARTESIAN_POINT('',(1.514704177615,57.051310283979,
    311.92303451984));
#1124 = CARTESIAN_POINT('',(2.007697650658,57.101656322839,
    311.84728602971));
#1125 = CARTESIAN_POINT('',(2.488579525706,57.166620357315,
    311.7489319013));
#1126 = CARTESIAN_POINT('',(3.633823024938,57.357140141061,
    311.45807710516));
#1127 = CARTESIAN_POINT('',(4.28011720643,57.49676964361,311.24315710402
    ));
#1128 = CARTESIAN_POINT('',(4.891462322181,57.657652665265,
    310.99236978514));
#1129 = CARTESIAN_POINT('',(5.467320971934,57.834777631511,
    310.71136734567));
#1130 = CARTESIAN_POINT('',(6.00769849198,58.02350641773,310.40526252507
    ));
#1131 = CARTESIAN_POINT('',(6.718334408716,58.299326240451,
    309.94604245988));
#1132 = CARTESIAN_POINT('',(6.918133259367,58.380343982276,
    309.80981317458));
#1133 = CARTESIAN_POINT('',(7.112499003032,58.462445723373,
    309.67027720689));
#1134 = CARTESIAN_POINT('',(7.301550528869,58.5454167788,309.5276300106)
  );
#1135 = CARTESIAN_POINT('',(7.485407345393,58.629058733916,
    309.38203926931));
#1136 = CARTESIAN_POINT('',(8.12929904415,58.932059007156,
    308.84759072771));
#1137 = CARTESIAN_POINT('',(8.560266017844,59.154330816852,
    308.44239333761));
#1138 = CARTESIAN_POINT('',(8.958871361388,59.376658200219,
    308.02071080792));
#1139 = CARTESIAN_POINT('',(9.326768446168,59.596232415915,
    307.58424015187));
#1140 = CARTESIAN_POINT('',(9.665316717704,59.810515524014,
    307.13392515196));
#1141 = CARTESIAN_POINT('',(10.31414175427,60.242490937264,
    306.16358934347));
#1142 = CARTESIAN_POINT('',(10.619102818306,60.45879076175,
    305.64070317643));
#1143 = CARTESIAN_POINT('',(10.890642063069,60.662042033609,
    305.10313210995));
#1144 = CARTESIAN_POINT('',(11.128874419408,60.848476096649,
    304.55211838301));
#1145 = CARTESIAN_POINT('',(11.333658962042,61.014383806922,
    303.98855345507));
#1146 = CARTESIAN_POINT('',(11.560505574678,61.202897684042,
    303.22391409307));
#1147 = CARTESIAN_POINT('',(11.612911385994,61.2469091984,
    303.03358712861));
#1148 = CARTESIAN_POINT('',(11.661584564459,61.288173029164,
    302.84213172581));
#1149 = CARTESIAN_POINT('',(11.706495121606,61.326563640775,
    302.64962895023));
#1150 = CARTESIAN_POINT('',(11.74761575556,61.361966425681,
    302.45615491823));
#1151 = CARTESIAN_POINT('',(11.856180844748,61.456002669607,
    301.89048077453));
#1152 = CARTESIAN_POINT('',(11.913539610733,61.506469227786,
    301.51577655106));
#1153 = CARTESIAN_POINT('',(11.956719432092,61.544880809206,
    301.13856935656));
#1154 = CARTESIAN_POINT('',(11.985567278677,61.570683119271,
    300.75968463519));
#1155 = CARTESIAN_POINT('',(12.,61.583592135001,300.37990439838));
#1156 = CARTESIAN_POINT('',(12.,61.583592135001,299.42357676061));
#1157 = CARTESIAN_POINT('',(11.966773951154,61.553873915441,
    298.84803619259));
#1158 = CARTESIAN_POINT('',(11.900510468519,61.494605772026,
    298.27561241621));
#1159 = CARTESIAN_POINT('',(11.801575533801,61.407227149843,
    297.70864094187));
#1160 = CARTESIAN_POINT('',(11.670570327873,61.294453068885,
    297.14975488824));
#1161 = CARTESIAN_POINT('',(11.336977183242,61.017048720735,
    296.01986793053));
#1162 = CARTESIAN_POINT('',(11.130270384335,60.849491943731,
    295.44988684619));
#1163 = CARTESIAN_POINT('',(10.889368158765,60.660922894029,
    294.89272803985));
#1164 = CARTESIAN_POINT('',(10.614414042473,60.455176063273,
    294.34931047658));
#1165 = CARTESIAN_POINT('',(10.305284607972,60.236146816545,
    293.82092021145));
#1166 = CARTESIAN_POINT('',(9.529273001392,59.720523480661,
    292.66554512872));
#1167 = CARTESIAN_POINT('',(9.042378377745,59.418571002244,
    292.04846575279));
#1168 = CARTESIAN_POINT('',(8.498285862024,59.108529932143,
    291.4583996612));
#1169 = CARTESIAN_POINT('',(7.892489067552,58.796925369959,
    290.89817817315));
#1170 = CARTESIAN_POINT('',(7.219627510064,58.491993043965,
    290.37400892453));
#1171 = CARTESIAN_POINT('',(5.973688916023,58.011668485743,
    289.57554789168));
#1172 = CARTESIAN_POINT('',(5.438352142995,57.825893152278,
    289.27454165724));
#1173 = CARTESIAN_POINT('',(4.868392006188,57.651593918388,
    288.99818666001));
#1174 = CARTESIAN_POINT('',(4.263838874828,57.493256294577,
    288.75143526625));
#1175 = CARTESIAN_POINT('',(3.62524282765,57.355712761353,
    288.53974380232));
#1176 = CARTESIAN_POINT('',(2.4885795258,57.166620357331,288.25106809872
    ));
#1177 = CARTESIAN_POINT('',(2.007697650629,57.101656322829,
    288.15271397026));
#1178 = CARTESIAN_POINT('',(1.514704177522,57.051310283971,
    288.07696548014));
#1179 = CARTESIAN_POINT('',(1.01325563595,57.017143241821,288.0257148484
    ));
#1180 = CARTESIAN_POINT('',(0.507097398023,57.,288.));
#1181 = CARTESIAN_POINT('',(-0.507097398107,57.,288.));
#1182 = CARTESIAN_POINT('',(-1.01325563593,57.017143241827,
    288.02571484841));
#1183 = CARTESIAN_POINT('',(-1.514704177437,57.051310283964,
    288.07696548013));
#1184 = CARTESIAN_POINT('',(-2.007697650608,57.101656322819,
    288.15271397025));
#1185 = CARTESIAN_POINT('',(-2.488579525882,57.166620357344,
    288.25106809874));
#1186 = CARTESIAN_POINT('',(-3.633823025339,57.357140141128,
    288.54192289493));
#1187 = CARTESIAN_POINT('',(-4.280117206354,57.496769643635,
    288.75684289601));
#1188 = CARTESIAN_POINT('',(-4.891462321824,57.657652665162,
    289.00763021469));
#1189 = CARTESIAN_POINT('',(-5.467320971812,57.834777631438,
    289.28863265419));
#1190 = CARTESIAN_POINT('',(-6.007698492293,58.023506417852,
    289.59473747512));
#1191 = CARTESIAN_POINT('',(-6.718334408716,58.299326240451,
    290.05395754011));
#1192 = CARTESIAN_POINT('',(-6.918133259367,58.380343982276,
    290.19018682541));
#1193 = CARTESIAN_POINT('',(-7.112499003032,58.462445723373,
    290.3297227931));
#1194 = CARTESIAN_POINT('',(-7.301550528869,58.5454167788,
    290.47236998939));
#1195 = CARTESIAN_POINT('',(-7.485407345393,58.629058733916,
    290.61796073068));
#1196 = CARTESIAN_POINT('',(-8.129299514753,58.932059228611,
    291.15240966289));
#1197 = CARTESIAN_POINT('',(-8.56026666281,59.154331159514,
    291.55760729375));
#1198 = CARTESIAN_POINT('',(-8.958871987383,59.376658565084,
    291.97928990059));
#1199 = CARTESIAN_POINT('',(-9.32676893008,59.596232718879,
    292.41576047618));
#1200 = CARTESIAN_POINT('',(-9.665316982643,59.810515700406,
    292.86607524425));
#1201 = CARTESIAN_POINT('',(-10.31904527326,60.245755607283,
    293.84374400496));
#1202 = CARTESIAN_POINT('',(-10.62794149158,60.465062147325,
    294.37446359141));
#1203 = CARTESIAN_POINT('',(-10.90244537069,60.670884316711,
    294.92028282917));
#1204 = CARTESIAN_POINT('',(-11.14266504037,60.859280206615,
    295.47989448192));
#1205 = CARTESIAN_POINT('',(-11.34844389583,61.026375894725,
    296.05236221467));
#1206 = CARTESIAN_POINT('',(-11.67749610332,61.300417831262,
    297.17947486306));
#1207 = CARTESIAN_POINT('',(-11.80575906294,61.410922345416,
    297.73274747847));
#1208 = CARTESIAN_POINT('',(-11.9026141725,61.496487399319,
    298.29387133081));
#1209 = CARTESIAN_POINT('',(-11.96747884551,61.554504387377,
    298.86028834547));
#1210 = CARTESIAN_POINT('',(-12.,61.583592135001,299.42972413792));
#1211 = CARTESIAN_POINT('',(-12.,61.583592135001,300.37774806834));
#1212 = CARTESIAN_POINT('',(-11.98573065296,61.570829245558,
    300.75537534128));
#1213 = CARTESIAN_POINT('',(-11.95720898167,61.545318676055,
    301.13212227813));
#1214 = CARTESIAN_POINT('',(-11.91451639392,61.507338170182,
    301.50721899866));
#1215 = CARTESIAN_POINT('',(-11.85780285948,61.457429926231,
    301.8798533444));
#1216 = CARTESIAN_POINT('',(-11.75033320296,61.364309065044,
    302.44308270512));
#1217 = CARTESIAN_POINT('',(-11.70952835158,61.329163777037,
    302.63613451314));
#1218 = CARTESIAN_POINT('',(-11.6649508409,61.291040173992,
    302.82822376159));
#1219 = CARTESIAN_POINT('',(-11.61662778907,61.250051706817,
    303.01927454226));
#1220 = CARTESIAN_POINT('',(-11.56458901282,61.206322727809,
    303.20920604234));
#1221 = CARTESIAN_POINT('',(-11.33697722103,61.017048752158,
    303.98013194147));
#1222 = CARTESIAN_POINT('',(-11.1302704491,60.849491995782,
    304.55011299164));
#1223 = CARTESIAN_POINT('',(-10.88936822167,60.6609229407,
    305.10727184354));
#1224 = CARTESIAN_POINT('',(-10.61441407382,60.455176084225,
    305.65068947564));
#1225 = CARTESIAN_POINT('',(-10.3052846108,60.236146818424,
    306.17907978433));
#1226 = CARTESIAN_POINT('',(-9.529292654595,59.720536539292,
    307.33442561034));
#1227 = CARTESIAN_POINT('',(-9.042395269327,59.418580302661,
    307.95151902682));
#1228 = CARTESIAN_POINT('',(-8.498276124566,59.108521466899,
    308.54161884764));
#1229 = CARTESIAN_POINT('',(-7.892444493621,58.796901391255,
    309.10186448342));
#1230 = CARTESIAN_POINT('',(-7.219571380685,58.491971405403,
    309.62602704603));
#1231 = CARTESIAN_POINT('',(-5.973688916023,58.011668485743,
    310.42445210831));
#1232 = CARTESIAN_POINT('',(-5.438352142994,57.825893152278,
    310.72545834275));
#1233 = CARTESIAN_POINT('',(-4.868392006189,57.651593918388,
    311.00181333998));
#1234 = CARTESIAN_POINT('',(-4.263838874827,57.493256294577,
    311.24856473375));
#1235 = CARTESIAN_POINT('',(-3.62524282765,57.355712761353,
    311.46025619767));
#1236 = CARTESIAN_POINT('',(-2.488579525706,57.166620357315,
    311.7489319013));
#1237 = CARTESIAN_POINT('',(-2.007697650657,57.101656322839,
    311.84728602971));
#1238 = CARTESIAN_POINT('',(-1.514704177616,57.051310283979,
    311.92303451984));
#1239 = CARTESIAN_POINT('',(-1.013255635975,57.017143241814,
    311.9742851516));
#1240 = CARTESIAN_POINT('',(-0.507097397926,57.,312.));
#1241 = CARTESIAN_POINT('',(-3.552713678801E-15,57.,312.));
#1242 = ORIENTED_EDGE('',*,*,#1243,.F.);
#1243 = EDGE_CURVE('',#937,#1117,#1244,.T.);
#1244 = LINE('',#1245,#1246);
#1245 = CARTESIAN_POINT('',(-2.939152317954E-15,-75.,312.));
#1246 = VECTOR('',#1247,1.);
#1247 = DIRECTION('',(0.,1.,0.));
#1248 = ORIENTED_EDGE('',*,*,#936,.T.);
#1249 = ORIENTED_EDGE('',*,*,#1243,.T.);
#1250 = CYLINDRICAL_SURFACE('',#1251,12.);
#1251 = AXIS2_PLACEMENT_3D('',#1252,#1253,#1254);
#1252 = CARTESIAN_POINT('',(0.,-75.,300.));
#1253 = DIRECTION('',(0.,1.,0.));
#1254 = DIRECTION('',(0.,0.,1.));
#1255 = ADVANCED_FACE('',(#1256),#1259,.F.);
#1256 = FACE_BOUND('',#1257,.T.);
#1257 = EDGE_LOOP('',(#1258));
#1258 = ORIENTED_EDGE('',*,*,#1089,.F.);
#1259 = PLANE('',#1260);
#1260 = AXIS2_PLACEMENT_3D('',#1261,#1262,#1263);
#1261 = CARTESIAN_POINT('',(40.,-115.,122.));
#1262 = DIRECTION('',(0.,1.,0.));
#1263 = DIRECTION('',(0.,0.,1.));
#1264 = ADVANCED_FACE('',(#1265),#1268,.T.);
#1265 = FACE_BOUND('',#1266,.T.);
#1266 = EDGE_LOOP('',(#1267));
#1267 = ORIENTED_EDGE('',*,*,#1081,.T.);
#1268 = PLANE('',#1269);
#1269 = AXIS2_PLACEMENT_3D('',#1270,#1271,#1272);
#1270 = CARTESIAN_POINT('',(40.,-35.,122.));
#1271 = DIRECTION('',(0.,1.,0.));
#1272 = DIRECTION('',(0.,0.,1.));
#1273 = ADVANCED_FACE('',(#1274,#1365),#1368,.T.);
#1274 = FACE_BOUND('',#1275,.T.);
#1275 = EDGE_LOOP('',(#1276,#1349,#1357,#1364));
#1276 = ORIENTED_EDGE('',*,*,#1277,.T.);
#1277 = EDGE_CURVE('',#1278,#1278,#1280,.T.);
#1278 = VERTEX_POINT('',#1279);
#1279 = CARTESIAN_POINT('',(18.,75.,239.96609682446));
#1280 = B_SPLINE_CURVE_WITH_KNOTS('',7,(#1281,#1282,#1283,#1284,#1285,
    #1286,#1287,#1288,#1289,#1290,#1291,#1292,#1293,#1294,#1295,#1296,
    #1297,#1298,#1299,#1300,#1301,#1302,#1303,#1304,#1305,#1306,#1307,
    #1308,#1309,#1310,#1311,#1312,#1313,#1314,#1315,#1316,#1317,#1318,
    #1319,#1320,#1321,#1322,#1323,#1324,#1325,#1326,#1327,#1328,#1329,
    #1330,#1331,#1332,#1333,#1334,#1335,#1336,#1337,#1338,#1339,#1340,
    #1341,#1342,#1343,#1344,#1345,#1346,#1347,#1348),.UNSPECIFIED.,.T.,
  .F.,(8,6,6,6,6,6,6,6,6,6,6,8),(0.,0.103611773637,0.191332529898,
    0.275220849001,0.372162684739,0.452553886836,0.562478219788,
    0.656453877687,0.740152510005,0.824221604612,0.90726114385,1.),
  .UNSPECIFIED.);
#1281 = CARTESIAN_POINT('',(18.,75.,239.96609682446));
#1282 = CARTESIAN_POINT('',(18.,76.506311838673,239.96609682446));
#1283 = CARTESIAN_POINT('',(17.852937956967,78.012353212191,
    239.93867059321));
#1284 = CARTESIAN_POINT('',(17.558900406057,79.509406110856,
    239.88383429971));
#1285 = CARTESIAN_POINT('',(17.115549967513,80.988200890824,
    239.79995676932));
#1286 = CARTESIAN_POINT('',(16.518540769986,82.437691028303,239.68384111
    ));
#1287 = CARTESIAN_POINT('',(15.762130297476,83.843661807574,
    239.53048624097));
#1288 = CARTESIAN_POINT('',(14.059201669528,86.324397461561,
    239.16532155784));
#1289 = CARTESIAN_POINT('',(13.155120170947,87.423461212093,
    238.96511685269));
#1290 = CARTESIAN_POINT('',(12.126331648062,88.464482471829,
    238.72818661141));
#1291 = CARTESIAN_POINT('',(10.97461341215,89.427541162397,
    238.45029360919));
#1292 = CARTESIAN_POINT('',(9.704574633047,90.292740353528,
    238.12697569383));
#1293 = CARTESIAN_POINT('',(8.323586420958,91.040070572153,
    237.75396970993));
#1294 = CARTESIAN_POINT('',(5.425063237979,92.231231330243,
    236.92061301307));
#1295 = CARTESIAN_POINT('',(3.925418677866,92.683076952193,
    236.46746050933));
#1296 = CARTESIAN_POINT('',(2.369718723256,92.983100855485,
    235.97125939405));
#1297 = CARTESIAN_POINT('',(0.788985405602,93.120246865056,
    235.43783462307));
#1298 = CARTESIAN_POINT('',(-0.783994950758,93.093694391826,
    234.87691990699));
#1299 = CARTESIAN_POINT('',(-2.317226917818,92.912955087578,
    234.30194154243));
#1300 = CARTESIAN_POINT('',(-5.4739031541,92.234628250614,
    233.06497046228));
#1301 = CARTESIAN_POINT('',(-7.075779385227,91.691787956856,
    232.40276573647));
#1302 = CARTESIAN_POINT('',(-8.572452237467,90.993886120417,
    231.75306422255));
#1303 = CARTESIAN_POINT('',(-9.953745549839,90.16313155348,
    231.12721647806));
#1304 = CARTESIAN_POINT('',(-11.2128145743,89.220219110261,
    230.53560273661));
#1305 = CARTESIAN_POINT('',(-12.34544647236,88.184518417369,
    229.98708856316));
#1306 = CARTESIAN_POINT('',(-14.18256920347,86.153306494015,
    229.07527103717));
#1307 = CARTESIAN_POINT('',(-14.92967213993,85.178324539073,
    228.69507902423));
#1308 = CARTESIAN_POINT('',(-15.59027026182,84.15752033141,
    228.3517653173));
#1309 = CARTESIAN_POINT('',(-16.16392649312,83.098337403972,
    228.04851663467));
#1310 = CARTESIAN_POINT('',(-16.65036621236,82.007514925629,
    227.78797557407));
#1311 = CARTESIAN_POINT('',(-17.04932844272,80.891276875325,
    227.57224817055));
#1312 = CARTESIAN_POINT('',(-17.78585608815,78.202516186997,
    227.17142866378));
#1313 = CARTESIAN_POINT('',(-18.04678766992,76.613876955995,
    227.02683300121));
#1314 = CARTESIAN_POINT('',(-18.14213252438,75.0065523042,226.973342964)
  );
#1315 = CARTESIAN_POINT('',(-18.07148890606,73.396869505527,
    227.01279592787));
#1316 = CARTESIAN_POINT('',(-17.83499515546,71.80103664647,
    227.14448310355));
#1317 = CARTESIAN_POINT('',(-17.4333870732,70.235647611321,
    227.36516449895));
#1318 = CARTESIAN_POINT('',(-16.38515972299,67.420889029294,
    227.92929135504));
#1319 = CARTESIAN_POINT('',(-15.78265851388,66.158931387313,
    228.25021743587));
#1320 = CARTESIAN_POINT('',(-15.0613198379,64.941692464074,
    228.62885343406));
#1321 = CARTESIAN_POINT('',(-14.22143046154,63.7795260112,
    229.06112379127));
#1322 = CARTESIAN_POINT('',(-13.263358397,62.684132446478,229.5420119716
    ));
#1323 = CARTESIAN_POINT('',(-12.18798878187,61.669036688587,
    230.06546009156));
#1324 = CARTESIAN_POINT('',(-9.93707900876,59.931871372604,
    231.12222652149));
#1325 = CARTESIAN_POINT('',(-8.780399805429,59.186073280429,
    231.65053128424));
#1326 = CARTESIAN_POINT('',(-7.53205869251,58.529025100997,
    232.20259645908));
#1327 = CARTESIAN_POINT('',(-6.199249179668,57.976362252374,
    232.77044997751));
#1328 = CARTESIAN_POINT('',(-4.791531073304,57.543029993007,
    233.34552099411));
#1329 = CARTESIAN_POINT('',(-3.320853717846,57.243225343916,
    233.91930175411));
#1330 = CARTESIAN_POINT('',(-0.275867285247,56.936896882783,
    235.05089246944));
#1331 = CARTESIAN_POINT('',(1.291262162335,56.93244319322,
    235.60579195599));
#1332 = CARTESIAN_POINT('',(2.868382932737,57.089586807909,
    236.13483151581));
#1333 = CARTESIAN_POINT('',(4.42280578581,57.410032829565,
    236.62709981281));
#1334 = CARTESIAN_POINT('',(5.92262917067,57.885201156975,
    237.07580982014));
#1335 = CARTESIAN_POINT('',(7.339394716674,58.496411437482,
    237.47783204555));
#1336 = CARTESIAN_POINT('',(9.94549231714,59.924592133705,
    238.18315923765));
#1337 = CARTESIAN_POINT('',(11.138534359337,60.739573648017,
    238.48792119629));
#1338 = CARTESIAN_POINT('',(12.225312783026,61.6422452286,
    238.75116459016));
#1339 = CARTESIAN_POINT('',(13.203524991758,62.616645765327,
    238.97720160639));
#1340 = CARTESIAN_POINT('',(14.072502276479,63.647972116787,
    239.17002150129));
#1341 = CARTESIAN_POINT('',(14.833010592693,64.722364179031,
    239.33315508514));
#1342 = CARTESIAN_POINT('',(16.217861257191,67.060450495666,
    239.62213629357));
#1343 = CARTESIAN_POINT('',(16.818645140062,68.336193059303,
    239.74197080053));
#1344 = CARTESIAN_POINT('',(17.293997007767,69.641986880745,
    239.83366997723));
#1345 = CARTESIAN_POINT('',(17.647705866061,70.96842262606,
    239.90039504333));
#1346 = CARTESIAN_POINT('',(17.882550362283,72.307909068367,
    239.94419351549));
#1347 = CARTESIAN_POINT('',(18.,73.653862591518,239.96609682446));
#1348 = CARTESIAN_POINT('',(18.,75.,239.96609682446));
#1349 = ORIENTED_EDGE('',*,*,#1350,.T.);
#1350 = EDGE_CURVE('',#1278,#1351,#1353,.T.);
#1351 = VERTEX_POINT('',#1352);
#1352 = CARTESIAN_POINT('',(18.,75.,460.));
#1353 = LINE('',#1354,#1355);
#1354 = CARTESIAN_POINT('',(18.,75.,100.));
#1355 = VECTOR('',#1356,1.);
#1356 = DIRECTION('',(0.,0.,1.));
#1357 = ORIENTED_EDGE('',*,*,#1358,.F.);
#1358 = EDGE_CURVE('',#1351,#1351,#1359,.T.);
#1359 = CIRCLE('',#1360,18.);
#1360 = AXIS2_PLACEMENT_3D('',#1361,#1362,#1363);
#1361 = CARTESIAN_POINT('',(0.,75.,460.));
#1362 = DIRECTION('',(0.,0.,1.));
#1363 = DIRECTION('',(1.,0.,0.));
#1364 = ORIENTED_EDGE('',*,*,#1350,.F.);
#1365 = FACE_BOUND('',#1366,.T.);
#1366 = EDGE_LOOP('',(#1367));
#1367 = ORIENTED_EDGE('',*,*,#1116,.T.);
#1368 = CYLINDRICAL_SURFACE('',#1369,18.);
#1369 = AXIS2_PLACEMENT_3D('',#1370,#1371,#1372);
#1370 = CARTESIAN_POINT('',(0.,75.,100.));
#1371 = DIRECTION('',(0.,0.,1.));
#1372 = DIRECTION('',(1.,0.,0.));
#1373 = ADVANCED_FACE('',(#1374,#1401),#1404,.T.);
#1374 = FACE_BOUND('',#1375,.T.);
#1375 = EDGE_LOOP('',(#1376,#1386,#1393,#1394));
#1376 = ORIENTED_EDGE('',*,*,#1377,.T.);
#1377 = EDGE_CURVE('',#1378,#1380,#1382,.T.);
#1378 = VERTEX_POINT('',#1379);
#1379 = CARTESIAN_POINT('',(40.,35.,242.));
#1380 = VERTEX_POINT('',#1381);
#1381 = CARTESIAN_POINT('',(40.,115.,242.));
#1382 = LINE('',#1383,#1384);
#1383 = CARTESIAN_POINT('',(40.,35.,242.));
#1384 = VECTOR('',#1385,1.);
#1385 = DIRECTION('',(0.,1.,0.));
#1386 = ORIENTED_EDGE('',*,*,#1387,.F.);
#1387 = EDGE_CURVE('',#1380,#1380,#1388,.T.);
#1388 = CIRCLE('',#1389,120.);
#1389 = AXIS2_PLACEMENT_3D('',#1390,#1391,#1392);
#1390 = CARTESIAN_POINT('',(40.,115.,122.));
#1391 = DIRECTION('',(0.,1.,0.));
#1392 = DIRECTION('',(0.,0.,1.));
#1393 = ORIENTED_EDGE('',*,*,#1377,.F.);
#1394 = ORIENTED_EDGE('',*,*,#1395,.T.);
#1395 = EDGE_CURVE('',#1378,#1378,#1396,.T.);
#1396 = CIRCLE('',#1397,120.);
#1397 = AXIS2_PLACEMENT_3D('',#1398,#1399,#1400);
#1398 = CARTESIAN_POINT('',(40.,35.,122.));
#1399 = DIRECTION('',(0.,1.,0.));
#1400 = DIRECTION('',(0.,0.,1.));
#1401 = FACE_BOUND('',#1402,.T.);
#1402 = EDGE_LOOP('',(#1403));
#1403 = ORIENTED_EDGE('',*,*,#1277,.F.);
#1404 = CYLINDRICAL_SURFACE('',#1405,120.);
#1405 = AXIS2_PLACEMENT_3D('',#1406,#1407,#1408);
#1406 = CARTESIAN_POINT('',(40.,35.,122.));
#1407 = DIRECTION('',(0.,1.,0.));
#1408 = DIRECTION('',(0.,0.,1.));
#1409 = ADVANCED_FACE('',(#1410),#1413,.T.);
#1410 = FACE_BOUND('',#1411,.T.);
#1411 = EDGE_LOOP('',(#1412));
#1412 = ORIENTED_EDGE('',*,*,#1358,.T.);
#1413 = PLANE('',#1414);
#1414 = AXIS2_PLACEMENT_3D('',#1415,#1416,#1417);
#1415 = CARTESIAN_POINT('',(0.,75.,460.));
#1416 = DIRECTION('',(0.,0.,1.));
#1417 = DIRECTION('',(1.,0.,0.));
#1418 = ADVANCED_FACE('',(#1419),#1422,.F.);
#1419 = FACE_BOUND('',#1420,.T.);
#1420 = EDGE_LOOP('',(#1421));
#1421 = ORIENTED_EDGE('',*,*,#1395,.F.);
#1422 = PLANE('',#1423);
#1423 = AXIS2_PLACEMENT_3D('',#1424,#1425,#1426);
#1424 = CARTESIAN_POINT('',(40.,35.,122.));
#1425 = DIRECTION('',(0.,1.,0.));
#1426 = DIRECTION('',(0.,0.,1.));
#1427 = ADVANCED_FACE('',(#1428),#1431,.T.);
#1428 = FACE_BOUND('',#1429,.T.);
#1429 = EDGE_LOOP('',(#1430));
#1430 = ORIENTED_EDGE('',*,*,#1387,.T.);
#1431 = PLANE('',#1432);
#1432 = AXIS2_PLACEMENT_3D('',#1433,#1434,#1435);
#1433 = CARTESIAN_POINT('',(40.,115.,122.));
#1434 = DIRECTION('',(0.,1.,0.));
#1435 = DIRECTION('',(0.,0.,1.));
#1436 = MANIFOLD_SOLID_BREP('',#1437);
#1437 = CLOSED_SHELL('',(#1438,#1535,#1571,#1580,#1589));
#1438 = ADVANCED_FACE('',(#1439),#1530,.T.);
#1439 = FACE_BOUND('',#1440,.T.);
#1440 = EDGE_LOOP('',(#1441,#1451,#1458,#1459));
#1441 = ORIENTED_EDGE('',*,*,#1442,.T.);
#1442 = EDGE_CURVE('',#1443,#1445,#1447,.T.);
#1443 = VERTEX_POINT('',#1444);
#1444 = CARTESIAN_POINT('',(18.,-200.,239.96609682446));
#1445 = VERTEX_POINT('',#1446);
#1446 = CARTESIAN_POINT('',(18.,-200.,460.));
#1447 = LINE('',#1448,#1449);
#1448 = CARTESIAN_POINT('',(18.,-200.,100.));
#1449 = VECTOR('',#1450,1.);
#1450 = DIRECTION('',(0.,0.,1.));
#1451 = ORIENTED_EDGE('',*,*,#1452,.F.);
#1452 = EDGE_CURVE('',#1445,#1445,#1453,.T.);
#1453 = CIRCLE('',#1454,18.);
#1454 = AXIS2_PLACEMENT_3D('',#1455,#1456,#1457);
#1455 = CARTESIAN_POINT('',(0.,-200.,460.));
#1456 = DIRECTION('',(0.,0.,1.));
#1457 = DIRECTION('',(1.,0.,0.));
#1458 = ORIENTED_EDGE('',*,*,#1442,.F.);
#1459 = ORIENTED_EDGE('',*,*,#1460,.T.);
#1460 = EDGE_CURVE('',#1443,#1443,#1461,.T.);
#1461 = B_SPLINE_CURVE_WITH_KNOTS('',7,(#1462,#1463,#1464,#1465,#1466,
    #1467,#1468,#1469,#1470,#1471,#1472,#1473,#1474,#1475,#1476,#1477,
    #1478,#1479,#1480,#1481,#1482,#1483,#1484,#1485,#1486,#1487,#1488,
    #1489,#1490,#1491,#1492,#1493,#1494,#1495,#1496,#1497,#1498,#1499,
    #1500,#1501,#1502,#1503,#1504,#1505,#1506,#1507,#1508,#1509,#1510,
    #1511,#1512,#1513,#1514,#1515,#1516,#1517,#1518,#1519,#1520,#1521,
    #1522,#1523,#1524,#1525,#1526,#1527,#1528,#1529),.UNSPECIFIED.,.T.,
  .F.,(8,6,6,6,6,6,6,6,6,6,6,8),(0.,0.103611773553,0.191332529764,
    0.27522084884,0.372162684545,0.452553886608,0.562478219523,
    0.65645387739,0.740152509678,0.824221604256,0.907261143466,1.),
  .UNSPECIFIED.);
#1462 = CARTESIAN_POINT('',(18.,-200.,239.96609682446));
#1463 = CARTESIAN_POINT('',(18.,-198.4936881613,239.96609682446));
#1464 = CARTESIAN_POINT('',(17.852937956969,-196.9876467878,
    239.93867059321));
#1465 = CARTESIAN_POINT('',(17.558900406053,-195.4905938891,
    239.88383429971));
#1466 = CARTESIAN_POINT('',(17.115549967518,-194.0117991091,
    239.79995676932));
#1467 = CARTESIAN_POINT('',(16.518540769982,-192.5623089716,239.68384111
    ));
#1468 = CARTESIAN_POINT('',(15.762130297478,-191.1563381924,
    239.53048624097));
#1469 = CARTESIAN_POINT('',(14.059201669326,-188.6756025381,
    239.1653215578));
#1470 = CARTESIAN_POINT('',(13.155120170889,-187.5765387879,
    238.96511685267));
#1471 = CARTESIAN_POINT('',(12.12633164826,-186.5355175284,
    238.72818661145));
#1472 = CARTESIAN_POINT('',(10.974613412394,-185.5724588377,
    238.45029360925));
#1473 = CARTESIAN_POINT('',(9.704574633025,-184.7072596463,
    238.12697569383));
#1474 = CARTESIAN_POINT('',(8.323586420632,-183.9599294277,
    237.75396970984));
#1475 = CARTESIAN_POINT('',(5.42506323798,-182.7687686697,
    236.92061301307));
#1476 = CARTESIAN_POINT('',(3.925418677862,-182.3169230478,
    236.46746050933));
#1477 = CARTESIAN_POINT('',(2.369718723265,-182.0168991445,
    235.97125939406));
#1478 = CARTESIAN_POINT('',(0.788985405594,-181.8797531349,
    235.43783462307));
#1479 = CARTESIAN_POINT('',(-0.783994950755,-181.9063056081,
    234.87691990699));
#1480 = CARTESIAN_POINT('',(-2.317226917819,-182.0870449124,
    234.30194154243));
#1481 = CARTESIAN_POINT('',(-5.473903154099,-182.7653717493,
    233.06497046228));
#1482 = CARTESIAN_POINT('',(-7.07577938523,-183.3082120431,
    232.40276573647));
#1483 = CARTESIAN_POINT('',(-8.572452237462,-184.0061138795,
    231.75306422255));
#1484 = CARTESIAN_POINT('',(-9.953745549845,-184.8368684465,
    231.12721647806));
#1485 = CARTESIAN_POINT('',(-11.2128145743,-185.7797808897,
    230.53560273661));
#1486 = CARTESIAN_POINT('',(-12.34544647236,-186.8154815826,
    229.98708856316));
#1487 = CARTESIAN_POINT('',(-14.18256920339,-188.8466935059,
    229.07527103721));
#1488 = CARTESIAN_POINT('',(-14.92967214002,-189.821675461,
    228.69507902419));
#1489 = CARTESIAN_POINT('',(-15.59027026184,-190.8424796686,
    228.35176531729));
#1490 = CARTESIAN_POINT('',(-16.16392649306,-191.9016625959,
    228.0485166347));
#1491 = CARTESIAN_POINT('',(-16.65036621235,-192.9924850742,
    227.78797557408));
#1492 = CARTESIAN_POINT('',(-17.04932844275,-194.1087231247,
    227.57224817053));
#1493 = CARTESIAN_POINT('',(-17.78585608815,-196.797483813,
    227.17142866378));
#1494 = CARTESIAN_POINT('',(-18.04678766992,-198.386123044,
    227.02683300121));
#1495 = CARTESIAN_POINT('',(-18.14213252438,-199.9934476958,
    226.973342964));
#1496 = CARTESIAN_POINT('',(-18.07148890606,-201.6031304944,
    227.01279592787));
#1497 = CARTESIAN_POINT('',(-17.83499515546,-203.1989633535,
    227.14448310355));
#1498 = CARTESIAN_POINT('',(-17.4333870732,-204.7643523886,
    227.36516449895));
#1499 = CARTESIAN_POINT('',(-16.38515972299,-207.5791109707,
    227.92929135504));
#1500 = CARTESIAN_POINT('',(-15.78265851388,-208.8410686126,
    228.25021743587));
#1501 = CARTESIAN_POINT('',(-15.0613198379,-210.0583075359,
    228.62885343406));
#1502 = CARTESIAN_POINT('',(-14.22143046153,-211.2204739888,
    229.06112379127));
#1503 = CARTESIAN_POINT('',(-13.263358397,-212.3158675535,229.5420119716
    ));
#1504 = CARTESIAN_POINT('',(-12.18798878187,-213.3309633114,
    230.06546009156));
#1505 = CARTESIAN_POINT('',(-9.937079008791,-215.0681286273,
    231.12222652147));
#1506 = CARTESIAN_POINT('',(-8.780399805398,-215.8139267196,
    231.65053128426));
#1507 = CARTESIAN_POINT('',(-7.532058692482,-216.470974899,
    232.20259645909));
#1508 = CARTESIAN_POINT('',(-6.199249179692,-217.0236377476,
    232.7704499775));
#1509 = CARTESIAN_POINT('',(-4.791531073346,-217.4569700069,
    233.3455209941));
#1510 = CARTESIAN_POINT('',(-3.320853717806,-217.756774656,
    233.91930175412));
#1511 = CARTESIAN_POINT('',(-0.275867285247,-218.0631031172,
    235.05089246944));
#1512 = CARTESIAN_POINT('',(1.291262162336,-218.0675568067,235.605791956
    ));
#1513 = CARTESIAN_POINT('',(2.868382932734,-217.910413192,
    236.13483151581));
#1514 = CARTESIAN_POINT('',(4.422805785813,-217.5899671704,
    236.62709981281));
#1515 = CARTESIAN_POINT('',(5.922629170668,-217.114798843,
    237.07580982014));
#1516 = CARTESIAN_POINT('',(7.339394716674,-216.5035885625,
    237.47783204555));
#1517 = CARTESIAN_POINT('',(9.945492317137,-215.0754078662,
    238.18315923765));
#1518 = CARTESIAN_POINT('',(11.138534359343,-214.2604263519,
    238.48792119629));
#1519 = CARTESIAN_POINT('',(12.225312783017,-213.3577547714,
    238.75116459016));
#1520 = CARTESIAN_POINT('',(13.203524991766,-212.3833542346,
    238.97720160639));
#1521 = CARTESIAN_POINT('',(14.072502276475,-211.3520278832,
    239.17002150129));
#1522 = CARTESIAN_POINT('',(14.833010592694,-210.2776358209,
    239.33315508514));
#1523 = CARTESIAN_POINT('',(16.217861260464,-207.9395494988,
    239.62213629426));
#1524 = CARTESIAN_POINT('',(16.818645134757,-206.6638069539,
    239.74197079943));
#1525 = CARTESIAN_POINT('',(17.29399700888,-205.3580131111,
    239.83366997745));
#1526 = CARTESIAN_POINT('',(17.647705869577,-204.0315773659,
    239.90039504406));
#1527 = CARTESIAN_POINT('',(17.882550359893,-202.6920909449,
    239.944193515));
#1528 = CARTESIAN_POINT('',(18.,-201.3461374028,239.96609682446));
#1529 = CARTESIAN_POINT('',(18.,-200.,239.96609682446));
#1530 = CYLINDRICAL_SURFACE('',#1531,18.);
#1531 = AXIS2_PLACEMENT_3D('',#1532,#1533,#1534);
#1532 = CARTESIAN_POINT('',(0.,-200.,100.));
#1533 = DIRECTION('',(0.,0.,1.));
#1534 = DIRECTION('',(1.,0.,0.));
#1535 = ADVANCED_FACE('',(#1536,#1563),#1566,.T.);
#1536 = FACE_BOUND('',#1537,.T.);
#1537 = EDGE_LOOP('',(#1538,#1548,#1555,#1556));
#1538 = ORIENTED_EDGE('',*,*,#1539,.T.);
#1539 = EDGE_CURVE('',#1540,#1542,#1544,.T.);
#1540 = VERTEX_POINT('',#1541);
#1541 = CARTESIAN_POINT('',(40.,-240.,242.));
#1542 = VERTEX_POINT('',#1543);
#1543 = CARTESIAN_POINT('',(40.,-160.,242.));
#1544 = LINE('',#1545,#1546);
#1545 = CARTESIAN_POINT('',(40.,-240.,242.));
#1546 = VECTOR('',#1547,1.);
#1547 = DIRECTION('',(0.,1.,0.));
#1548 = ORIENTED_EDGE('',*,*,#1549,.F.);
#1549 = EDGE_CURVE('',#1542,#1542,#1550,.T.);
#1550 = CIRCLE('',#1551,120.);
#1551 = AXIS2_PLACEMENT_3D('',#1552,#1553,#1554);
#1552 = CARTESIAN_POINT('',(40.,-160.,122.));
#1553 = DIRECTION('',(0.,1.,0.));
#1554 = DIRECTION('',(0.,0.,1.));
#1555 = ORIENTED_EDGE('',*,*,#1539,.F.);
#1556 = ORIENTED_EDGE('',*,*,#1557,.T.);
#1557 = EDGE_CURVE('',#1540,#1540,#1558,.T.);
#1558 = CIRCLE('',#1559,120.);
#1559 = AXIS2_PLACEMENT_3D('',#1560,#1561,#1562);
#1560 = CARTESIAN_POINT('',(40.,-240.,122.));
#1561 = DIRECTION('',(0.,1.,0.));
#1562 = DIRECTION('',(0.,0.,1.));
#1563 = FACE_BOUND('',#1564,.T.);
#1564 = EDGE_LOOP('',(#1565));
#1565 = ORIENTED_EDGE('',*,*,#1460,.F.);
#1566 = CYLINDRICAL_SURFACE('',#1567,120.);
#1567 = AXIS2_PLACEMENT_3D('',#1568,#1569,#1570);
#1568 = CARTESIAN_POINT('',(40.,-240.,122.));
#1569 = DIRECTION('',(0.,1.,0.));
#1570 = DIRECTION('',(0.,0.,1.));
#1571 = ADVANCED_FACE('',(#1572),#1575,.T.);
#1572 = FACE_BOUND('',#1573,.T.);
#1573 = EDGE_LOOP('',(#1574));
#1574 = ORIENTED_EDGE('',*,*,#1452,.T.);
#1575 = PLANE('',#1576);
#1576 = AXIS2_PLACEMENT_3D('',#1577,#1578,#1579);
#1577 = CARTESIAN_POINT('',(0.,-200.,460.));
#1578 = DIRECTION('',(0.,0.,1.));
#1579 = DIRECTION('',(1.,0.,0.));
#1580 = ADVANCED_FACE('',(#1581),#1584,.F.);
#1581 = FACE_BOUND('',#1582,.T.);
#1582 = EDGE_LOOP('',(#1583));
#1583 = ORIENTED_EDGE('',*,*,#1557,.F.);
#1584 = PLANE('',#1585);
#1585 = AXIS2_PLACEMENT_3D('',#1586,#1587,#1588);
#1586 = CARTESIAN_POINT('',(40.,-240.,122.));
#1587 = DIRECTION('',(0.,1.,0.));
#1588 = DIRECTION('',(0.,0.,1.));
#1589 = ADVANCED_FACE('',(#1590),#1593,.T.);
#1590 = FACE_BOUND('',#1591,.T.);
#1591 = EDGE_LOOP('',(#1592));
#1592 = ORIENTED_EDGE('',*,*,#1549,.T.);
#1593 = PLANE('',#1594);
#1594 = AXIS2_PLACEMENT_3D('',#1595,#1596,#1597);
#1595 = CARTESIAN_POINT('',(40.,-160.,122.));
#1596 = DIRECTION('',(0.,1.,0.));
#1597 = DIRECTION('',(0.,0.,1.));
#1598 = MANIFOLD_SOLID_BREP('',#1599);
#1599 = CLOSED_SHELL('',(#1600,#1697,#1733,#1742,#1751));
#1600 = ADVANCED_FACE('',(#1601),#1692,.T.);
#1601 = FACE_BOUND('',#1602,.T.);
#1602 = EDGE_LOOP('',(#1603,#1613,#1620,#1621));
#1603 = ORIENTED_EDGE('',*,*,#1604,.T.);
#1604 = EDGE_CURVE('',#1605,#1607,#1609,.T.);
#1605 = VERTEX_POINT('',#1606);
#1606 = CARTESIAN_POINT('',(18.,200.,239.96609682446));
#1607 = VERTEX_POINT('',#1608);
#1608 = CARTESIAN_POINT('',(18.,200.,460.));
#1609 = LINE('',#1610,#1611);
#1610 = CARTESIAN_POINT('',(18.,200.,100.));
#1611 = VECTOR('',#1612,1.);
#1612 = DIRECTION('',(0.,0.,1.));
#1613 = ORIENTED_EDGE('',*,*,#1614,.F.);
#1614 = EDGE_CURVE('',#1607,#1607,#1615,.T.);
#1615 = CIRCLE('',#1616,18.);
#1616 = AXIS2_PLACEMENT_3D('',#1617,#1618,#1619);
#1617 = CARTESIAN_POINT('',(0.,200.,460.));
#1618 = DIRECTION('',(0.,0.,1.));
#1619 = DIRECTION('',(1.,0.,0.));
#1620 = ORIENTED_EDGE('',*,*,#1604,.F.);
#1621 = ORIENTED_EDGE('',*,*,#1622,.T.);
#1622 = EDGE_CURVE('',#1605,#1605,#1623,.T.);
#1623 = B_SPLINE_CURVE_WITH_KNOTS('',7,(#1624,#1625,#1626,#1627,#1628,
    #1629,#1630,#1631,#1632,#1633,#1634,#1635,#1636,#1637,#1638,#1639,
    #1640,#1641,#1642,#1643,#1644,#1645,#1646,#1647,#1648,#1649,#1650,
    #1651,#1652,#1653,#1654,#1655,#1656,#1657,#1658,#1659,#1660,#1661,
    #1662,#1663,#1664,#1665,#1666,#1667,#1668,#1669,#1670,#1671,#1672,
    #1673,#1674,#1675,#1676,#1677,#1678,#1679,#1680,#1681,#1682,#1683,
    #1684,#1685,#1686,#1687,#1688,#1689,#1690,#1691),.UNSPECIFIED.,.T.,
  .F.,(8,6,6,6,6,6,6,6,6,6,6,8),(0.,0.103611773553,0.191332529764,
    0.27522084884,0.372162684545,0.452553886608,0.562478219523,
    0.65645387739,0.740152509678,0.824221604256,0.907261143466,1.),
  .UNSPECIFIED.);
#1624 = CARTESIAN_POINT('',(18.,200.,239.96609682446));
#1625 = CARTESIAN_POINT('',(18.,201.50631183867,239.96609682446));
#1626 = CARTESIAN_POINT('',(17.852937956969,203.01235321218,
    239.93867059321));
#1627 = CARTESIAN_POINT('',(17.558900406053,204.50940611086,
    239.88383429971));
#1628 = CARTESIAN_POINT('',(17.115549967518,205.98820089081,
    239.79995676932));
#1629 = CARTESIAN_POINT('',(16.518540769982,207.4376910283,239.68384111)
  );
#1630 = CARTESIAN_POINT('',(15.762130297478,208.84366180757,
    239.53048624097));
#1631 = CARTESIAN_POINT('',(14.059201669326,211.32439746185,
    239.1653215578));
#1632 = CARTESIAN_POINT('',(13.155120170889,212.42346121206,
    238.96511685267));
#1633 = CARTESIAN_POINT('',(12.12633164826,213.46448247159,
    238.72818661145));
#1634 = CARTESIAN_POINT('',(10.974613412394,214.42754116226,
    238.45029360925));
#1635 = CARTESIAN_POINT('',(9.704574633025,215.29274035361,
    238.12697569383));
#1636 = CARTESIAN_POINT('',(8.323586420632,216.04007057228,
    237.75396970984));
#1637 = CARTESIAN_POINT('',(5.42506323798,217.23123133024,
    236.92061301307));
#1638 = CARTESIAN_POINT('',(3.925418677862,217.68307695219,
    236.46746050933));
#1639 = CARTESIAN_POINT('',(2.369718723265,217.98310085548,
    235.97125939406));
#1640 = CARTESIAN_POINT('',(0.788985405594,218.12024686505,
    235.43783462307));
#1641 = CARTESIAN_POINT('',(-0.783994950755,218.09369439182,
    234.87691990699));
#1642 = CARTESIAN_POINT('',(-2.317226917819,217.91295508757,
    234.30194154243));
#1643 = CARTESIAN_POINT('',(-5.473903154099,217.23462825061,
    233.06497046228));
#1644 = CARTESIAN_POINT('',(-7.07577938523,216.69178795685,
    232.40276573647));
#1645 = CARTESIAN_POINT('',(-8.572452237462,215.99388612042,
    231.75306422255));
#1646 = CARTESIAN_POINT('',(-9.953745549845,215.16313155347,
    231.12721647806));
#1647 = CARTESIAN_POINT('',(-11.2128145743,214.22021911026,
    230.53560273661));
#1648 = CARTESIAN_POINT('',(-12.34544647236,213.18451841736,
    229.98708856316));
#1649 = CARTESIAN_POINT('',(-14.18256920339,211.15330649409,
    229.07527103721));
#1650 = CARTESIAN_POINT('',(-14.92967214002,210.17832453899,
    228.69507902419));
#1651 = CARTESIAN_POINT('',(-15.59027026184,209.15752033132,
    228.35176531729));
#1652 = CARTESIAN_POINT('',(-16.16392649306,208.09833740403,
    228.0485166347));
#1653 = CARTESIAN_POINT('',(-16.65036621235,207.00751492573,
    227.78797557408));
#1654 = CARTESIAN_POINT('',(-17.04932844275,205.89127687522,
    227.57224817053));
#1655 = CARTESIAN_POINT('',(-17.78585608815,203.20251618699,
    227.17142866378));
#1656 = CARTESIAN_POINT('',(-18.04678766992,201.61387695599,
    227.02683300121));
#1657 = CARTESIAN_POINT('',(-18.14213252438,200.0065523042,226.973342964
    ));
#1658 = CARTESIAN_POINT('',(-18.07148890606,198.39686950552,
    227.01279592787));
#1659 = CARTESIAN_POINT('',(-17.83499515546,196.80103664646,
    227.14448310355));
#1660 = CARTESIAN_POINT('',(-17.4333870732,195.23564761132,
    227.36516449895));
#1661 = CARTESIAN_POINT('',(-16.38515972299,192.42088902929,
    227.92929135504));
#1662 = CARTESIAN_POINT('',(-15.78265851388,191.15893138731,
    228.25021743587));
#1663 = CARTESIAN_POINT('',(-15.0613198379,189.94169246407,
    228.62885343406));
#1664 = CARTESIAN_POINT('',(-14.22143046153,188.77952601119,
    229.06112379127));
#1665 = CARTESIAN_POINT('',(-13.263358397,187.68413244647,229.5420119716
    ));
#1666 = CARTESIAN_POINT('',(-12.18798878187,186.66903668858,
    230.06546009156));
#1667 = CARTESIAN_POINT('',(-9.937079008791,184.93187137262,
    231.12222652147));
#1668 = CARTESIAN_POINT('',(-8.780399805398,184.18607328039,
    231.65053128426));
#1669 = CARTESIAN_POINT('',(-7.532058692482,183.52902510099,
    232.20259645909));
#1670 = CARTESIAN_POINT('',(-6.199249179692,182.97636225239,
    232.7704499775));
#1671 = CARTESIAN_POINT('',(-4.791531073346,182.543029993,233.3455209941
    ));
#1672 = CARTESIAN_POINT('',(-3.320853717806,182.24322534391,
    233.91930175412));
#1673 = CARTESIAN_POINT('',(-0.275867285247,181.93689688278,
    235.05089246944));
#1674 = CARTESIAN_POINT('',(1.291262162336,181.93244319322,235.605791956
    ));
#1675 = CARTESIAN_POINT('',(2.868382932734,182.0895868079,
    236.13483151581));
#1676 = CARTESIAN_POINT('',(4.422805785813,182.41003282956,
    236.62709981281));
#1677 = CARTESIAN_POINT('',(5.922629170668,182.88520115697,
    237.07580982014));
#1678 = CARTESIAN_POINT('',(7.339394716674,183.49641143748,
    237.47783204555));
#1679 = CARTESIAN_POINT('',(9.945492317137,184.9245921337,
    238.18315923765));
#1680 = CARTESIAN_POINT('',(11.138534359343,185.73957364802,
    238.48792119629));
#1681 = CARTESIAN_POINT('',(12.225312783017,186.64224522859,
    238.75116459016));
#1682 = CARTESIAN_POINT('',(13.203524991766,187.61664576533,
    238.97720160639));
#1683 = CARTESIAN_POINT('',(14.072502276475,188.64797211678,
    239.17002150129));
#1684 = CARTESIAN_POINT('',(14.833010592694,189.72236417903,
    239.33315508514));
#1685 = CARTESIAN_POINT('',(16.217861260464,192.06045050119,
    239.62213629426));
#1686 = CARTESIAN_POINT('',(16.818645134757,193.33619304605,
    239.74197079943));
#1687 = CARTESIAN_POINT('',(17.29399700888,194.64198688883,
    239.83366997745));
#1688 = CARTESIAN_POINT('',(17.647705869577,195.96842263408,
    239.90039504406));
#1689 = CARTESIAN_POINT('',(17.882550359893,197.30790905503,
    239.944193515));
#1690 = CARTESIAN_POINT('',(18.,198.65386259711,239.96609682446));
#1691 = CARTESIAN_POINT('',(18.,200.,239.96609682446));
#1692 = CYLINDRICAL_SURFACE('',#1693,18.);
#1693 = AXIS2_PLACEMENT_3D('',#1694,#1695,#1696);
#1694 = CARTESIAN_POINT('',(0.,200.,100.));
#1695 = DIRECTION('',(0.,0.,1.));
#1696 = DIRECTION('',(1.,0.,0.));
#1697 = ADVANCED_FACE('',(#1698,#1725),#1728,.T.);
#1698 = FACE_BOUND('',#1699,.T.);
#1699 = EDGE_LOOP('',(#1700,#1710,#1717,#1718));
#1700 = ORIENTED_EDGE('',*,*,#1701,.T.);
#1701 = EDGE_CURVE('',#1702,#1704,#1706,.T.);
#1702 = VERTEX_POINT('',#1703);
#1703 = CARTESIAN_POINT('',(40.,160.,242.));
#1704 = VERTEX_POINT('',#1705);
#1705 = CARTESIAN_POINT('',(40.,240.,242.));
#1706 = LINE('',#1707,#1708);
#1707 = CARTESIAN_POINT('',(40.,160.,242.));
#1708 = VECTOR('',#1709,1.);
#1709 = DIRECTION('',(0.,1.,0.));
#1710 = ORIENTED_EDGE('',*,*,#1711,.F.);
#1711 = EDGE_CURVE('',#1704,#1704,#1712,.T.);
#1712 = CIRCLE('',#1713,120.);
#1713 = AXIS2_PLACEMENT_3D('',#1714,#1715,#1716);
#1714 = CARTESIAN_POINT('',(40.,240.,122.));
#1715 = DIRECTION('',(0.,1.,0.));
#1716 = DIRECTION('',(0.,0.,1.));
#1717 = ORIENTED_EDGE('',*,*,#1701,.F.);
#1718 = ORIENTED_EDGE('',*,*,#1719,.T.);
#1719 = EDGE_CURVE('',#1702,#1702,#1720,.T.);
#1720 = CIRCLE('',#1721,120.);
#1721 = AXIS2_PLACEMENT_3D('',#1722,#1723,#1724);
#1722 = CARTESIAN_POINT('',(40.,160.,122.));
#1723 = DIRECTION('',(0.,1.,0.));
#1724 = DIRECTION('',(0.,0.,1.));
#1725 = FACE_BOUND('',#1726,.T.);
#1726 = EDGE_LOOP('',(#1727));
#1727 = ORIENTED_EDGE('',*,*,#1622,.F.);
#1728 = CYLINDRICAL_SURFACE('',#1729,120.);
#1729 = AXIS2_PLACEMENT_3D('',#1730,#1731,#1732);
#1730 = CARTESIAN_POINT('',(40.,160.,122.));
#1731 = DIRECTION('',(0.,1.,0.));
#1732 = DIRECTION('',(0.,0.,1.));
#1733 = ADVANCED_FACE('',(#1734),#1737,.T.);
#1734 = FACE_BOUND('',#1735,.T.);
#1735 = EDGE_LOOP('',(#1736));
#1736 = ORIENTED_EDGE('',*,*,#1614,.T.);
#1737 = PLANE('',#1738);
#1738 = AXIS2_PLACEMENT_3D('',#1739,#1740,#1741);
#1739 = CARTESIAN_POINT('',(0.,200.,460.));
#1740 = DIRECTION('',(0.,0.,1.));
#1741 = DIRECTION('',(1.,0.,0.));
#1742 = ADVANCED_FACE('',(#1743),#1746,.F.);
#1743 = FACE_BOUND('',#1744,.T.);
#1744 = EDGE_LOOP('',(#1745));
#1745 = ORIENTED_EDGE('',*,*,#1719,.F.);
#1746 = PLANE('',#1747);
#1747 = AXIS2_PLACEMENT_3D('',#1748,#1749,#1750);
#1748 = CARTESIAN_POINT('',(40.,160.,122.));
#1749 = DIRECTION('',(0.,1.,0.));
#1750 = DIRECTION('',(0.,0.,1.));
#1751 = ADVANCED_FACE('',(#1752),#1755,.T.);
#1752 = FACE_BOUND('',#1753,.T.);
#1753 = EDGE_LOOP('',(#1754));
#1754 = ORIENTED_EDGE('',*,*,#1711,.T.);
#1755 = PLANE('',#1756);
#1756 = AXIS2_PLACEMENT_3D('',#1757,#1758,#1759);
#1757 = CARTESIAN_POINT('',(40.,240.,122.));
#1758 = DIRECTION('',(0.,1.,0.));
#1759 = DIRECTION('',(0.,0.,1.));
#1760 = MANIFOLD_SOLID_BREP('',#1761);
#1761 = CLOSED_SHELL('',(#1762,#1854,#1920,#1944,#2003,#2012,#2029,#2038
    ,#2073,#2281,#2376,#2586,#2606,#2788,#2990,#3001,#3097,#3115,#3125,
    #3136,#3147,#3158,#3254,#3271,#3289,#3299,#3395,#3413,#3423,#3519,
    #3543,#3553,#3564,#3595,#3635,#3683,#3707,#3747,#3789,#3821,#3869,
    #3909,#3933,#3981,#4014,#4046,#4094,#4134,#4158,#4206,#4239,#4271,
    #4311,#4359,#4383,#4423,#4464,#4481,#4505,#4538,#4555,#4577,#4589,
    #4613,#4639,#4656,#4668,#4685,#4716,#4740,#4757,#4781,#4793,#4817,
    #4841,#4858,#4872,#4889,#4920,#4944,#4961,#4985,#4997,#5021,#5045,
    #5062,#5076,#5093,#5117,#5150,#5167,#5189,#5201,#5225,#5251,#5268));
#1762 = ADVANCED_FACE('',(#1763),#1849,.T.);
#1763 = FACE_BOUND('',#1764,.T.);
#1764 = EDGE_LOOP('',(#1765,#1775,#1782,#1783,#1792,#1800,#1809,#1817,
    #1824,#1825,#1834,#1842));
#1765 = ORIENTED_EDGE('',*,*,#1766,.T.);
#1766 = EDGE_CURVE('',#1767,#1769,#1771,.T.);
#1767 = VERTEX_POINT('',#1768);
#1768 = CARTESIAN_POINT('',(-6.858022075225E-15,150.,865.));
#1769 = VERTEX_POINT('',#1770);
#1770 = CARTESIAN_POINT('',(-6.858022075225E-15,230.,865.));
#1771 = LINE('',#1772,#1773);
#1772 = CARTESIAN_POINT('',(-6.858022075225E-15,-230.,865.));
#1773 = VECTOR('',#1774,1.);
#1774 = DIRECTION('',(0.,1.,0.));
#1775 = ORIENTED_EDGE('',*,*,#1776,.F.);
#1776 = EDGE_CURVE('',#1769,#1769,#1777,.T.);
#1777 = CIRCLE('',#1778,28.);
#1778 = AXIS2_PLACEMENT_3D('',#1779,#1780,#1781);
#1779 = CARTESIAN_POINT('',(0.,230.,837.));
#1780 = DIRECTION('',(0.,1.,0.));
#1781 = DIRECTION('',(0.,0.,1.));
#1782 = ORIENTED_EDGE('',*,*,#1766,.F.);
#1783 = ORIENTED_EDGE('',*,*,#1784,.T.);
#1784 = EDGE_CURVE('',#1767,#1785,#1787,.T.);
#1785 = VERTEX_POINT('',#1786);
#1786 = CARTESIAN_POINT('',(5.267826876426,150.,864.5));
#1787 = CIRCLE('',#1788,28.);
#1788 = AXIS2_PLACEMENT_3D('',#1789,#1790,#1791);
#1789 = CARTESIAN_POINT('',(0.,150.,837.));
#1790 = DIRECTION('',(0.,1.,0.));
#1791 = DIRECTION('',(0.,0.,1.));
#1792 = ORIENTED_EDGE('',*,*,#1793,.F.);
#1793 = EDGE_CURVE('',#1794,#1785,#1796,.T.);
#1794 = VERTEX_POINT('',#1795);
#1795 = CARTESIAN_POINT('',(5.267826876426,-150.,864.5));
#1796 = LINE('',#1797,#1798);
#1797 = CARTESIAN_POINT('',(5.267826876426,-230.,864.5));
#1798 = VECTOR('',#1799,1.);
#1799 = DIRECTION('',(0.,1.,0.));
#1800 = ORIENTED_EDGE('',*,*,#1801,.F.);
#1801 = EDGE_CURVE('',#1802,#1794,#1804,.T.);
#1802 = VERTEX_POINT('',#1803);
#1803 = CARTESIAN_POINT('',(-6.858022075225E-15,-150.,865.));
#1804 = CIRCLE('',#1805,28.);
#1805 = AXIS2_PLACEMENT_3D('',#1806,#1807,#1808);
#1806 = CARTESIAN_POINT('',(0.,-150.,837.));
#1807 = DIRECTION('',(0.,1.,0.));
#1808 = DIRECTION('',(0.,0.,1.));
#1809 = ORIENTED_EDGE('',*,*,#1810,.F.);
#1810 = EDGE_CURVE('',#1811,#1802,#1813,.T.);
#1811 = VERTEX_POINT('',#1812);
#1812 = CARTESIAN_POINT('',(-6.858022075225E-15,-230.,865.));
#1813 = LINE('',#1814,#1815);
#1814 = CARTESIAN_POINT('',(-6.858022075225E-15,-230.,865.));
#1815 = VECTOR('',#1816,1.);
#1816 = DIRECTION('',(0.,1.,0.));
#1817 = ORIENTED_EDGE('',*,*,#1818,.T.);
#1818 = EDGE_CURVE('',#1811,#1811,#1819,.T.);
#1819 = CIRCLE('',#1820,28.);
#1820 = AXIS2_PLACEMENT_3D('',#1821,#1822,#1823);
#1821 = CARTESIAN_POINT('',(0.,-230.,837.));
#1822 = DIRECTION('',(0.,1.,0.));
#1823 = DIRECTION('',(0.,0.,1.));
#1824 = ORIENTED_EDGE('',*,*,#1810,.T.);
#1825 = ORIENTED_EDGE('',*,*,#1826,.F.);
#1826 = EDGE_CURVE('',#1827,#1802,#1829,.T.);
#1827 = VERTEX_POINT('',#1828);
#1828 = CARTESIAN_POINT('',(-5.267826876426,-150.,864.5));
#1829 = CIRCLE('',#1830,28.);
#1830 = AXIS2_PLACEMENT_3D('',#1831,#1832,#1833);
#1831 = CARTESIAN_POINT('',(0.,-150.,837.));
#1832 = DIRECTION('',(0.,1.,0.));
#1833 = DIRECTION('',(0.,0.,1.));
#1834 = ORIENTED_EDGE('',*,*,#1835,.T.);
#1835 = EDGE_CURVE('',#1827,#1836,#1838,.T.);
#1836 = VERTEX_POINT('',#1837);
#1837 = CARTESIAN_POINT('',(-5.267826876426,150.,864.5));
#1838 = LINE('',#1839,#1840);
#1839 = CARTESIAN_POINT('',(-5.267826876426,-230.,864.5));
#1840 = VECTOR('',#1841,1.);
#1841 = DIRECTION('',(0.,1.,0.));
#1842 = ORIENTED_EDGE('',*,*,#1843,.T.);
#1843 = EDGE_CURVE('',#1836,#1767,#1844,.T.);
#1844 = CIRCLE('',#1845,28.);
#1845 = AXIS2_PLACEMENT_3D('',#1846,#1847,#1848);
#1846 = CARTESIAN_POINT('',(0.,150.,837.));
#1847 = DIRECTION('',(0.,1.,0.));
#1848 = DIRECTION('',(0.,0.,1.));
#1849 = CYLINDRICAL_SURFACE('',#1850,28.);
#1850 = AXIS2_PLACEMENT_3D('',#1851,#1852,#1853);
#1851 = CARTESIAN_POINT('',(0.,-230.,837.));
#1852 = DIRECTION('',(0.,1.,0.));
#1853 = DIRECTION('',(0.,0.,1.));
#1854 = ADVANCED_FACE('',(#1855),#1915,.T.);
#1855 = FACE_BOUND('',#1856,.T.);
#1856 = EDGE_LOOP('',(#1857,#1865,#1873,#1882,#1890,#1899,#1907,#1913,
    #1914));
#1857 = ORIENTED_EDGE('',*,*,#1858,.F.);
#1858 = EDGE_CURVE('',#1859,#1836,#1861,.T.);
#1859 = VERTEX_POINT('',#1860);
#1860 = CARTESIAN_POINT('',(-130.,150.,864.5));
#1861 = LINE('',#1862,#1863);
#1862 = CARTESIAN_POINT('',(-130.,150.,864.5));
#1863 = VECTOR('',#1864,1.);
#1864 = DIRECTION('',(1.,0.,0.));
#1865 = ORIENTED_EDGE('',*,*,#1866,.T.);
#1866 = EDGE_CURVE('',#1859,#1867,#1869,.T.);
#1867 = VERTEX_POINT('',#1868);
#1868 = CARTESIAN_POINT('',(-130.,150.,909.08527757756));
#1869 = LINE('',#1870,#1871);
#1870 = CARTESIAN_POINT('',(-130.,150.,864.5));
#1871 = VECTOR('',#1872,1.);
#1872 = DIRECTION('',(0.,0.,1.));
#1873 = ORIENTED_EDGE('',*,*,#1874,.F.);
#1874 = EDGE_CURVE('',#1875,#1867,#1877,.T.);
#1875 = VERTEX_POINT('',#1876);
#1876 = CARTESIAN_POINT('',(-126.8845503757,150.,909.5));
#1877 = ELLIPSE('',#1878,19.43301251244,13.);
#1878 = AXIS2_PLACEMENT_3D('',#1879,#1880,#1881);
#1879 = CARTESIAN_POINT('',(-132.2222222222,150.,922.));
#1880 = DIRECTION('',(0.,1.,-0.));
#1881 = DIRECTION('',(-1.,0.,0.));
#1882 = ORIENTED_EDGE('',*,*,#1883,.T.);
#1883 = EDGE_CURVE('',#1875,#1884,#1886,.T.);
#1884 = VERTEX_POINT('',#1885);
#1885 = CARTESIAN_POINT('',(126.88455037573,150.,909.5));
#1886 = LINE('',#1887,#1888);
#1887 = CARTESIAN_POINT('',(-130.,150.,909.5));
#1888 = VECTOR('',#1889,1.);
#1889 = DIRECTION('',(1.,0.,0.));
#1890 = ORIENTED_EDGE('',*,*,#1891,.F.);
#1891 = EDGE_CURVE('',#1892,#1884,#1894,.T.);
#1892 = VERTEX_POINT('',#1893);
#1893 = CARTESIAN_POINT('',(130.,150.,909.08527757756));
#1894 = ELLIPSE('',#1895,19.43301251244,13.);
#1895 = AXIS2_PLACEMENT_3D('',#1896,#1897,#1898);
#1896 = CARTESIAN_POINT('',(132.22222222222,150.,922.));
#1897 = DIRECTION('',(-0.,1.,0.));
#1898 = DIRECTION('',(1.,0.,0.));
#1899 = ORIENTED_EDGE('',*,*,#1900,.F.);
#1900 = EDGE_CURVE('',#1901,#1892,#1903,.T.);
#1901 = VERTEX_POINT('',#1902);
#1902 = CARTESIAN_POINT('',(130.,150.,864.5));
#1903 = LINE('',#1904,#1905);
#1904 = CARTESIAN_POINT('',(130.,150.,864.5));
#1905 = VECTOR('',#1906,1.);
#1906 = DIRECTION('',(0.,0.,1.));
#1907 = ORIENTED_EDGE('',*,*,#1908,.F.);
#1908 = EDGE_CURVE('',#1785,#1901,#1909,.T.);
#1909 = LINE('',#1910,#1911);
#1910 = CARTESIAN_POINT('',(-130.,150.,864.5));
#1911 = VECTOR('',#1912,1.);
#1912 = DIRECTION('',(1.,0.,0.));
#1913 = ORIENTED_EDGE('',*,*,#1784,.F.);
#1914 = ORIENTED_EDGE('',*,*,#1843,.F.);
#1915 = PLANE('',#1916);
#1916 = AXIS2_PLACEMENT_3D('',#1917,#1918,#1919);
#1917 = CARTESIAN_POINT('',(-130.,150.,864.5));
#1918 = DIRECTION('',(0.,1.,0.));
#1919 = DIRECTION('',(0.,0.,1.));
#1920 = ADVANCED_FACE('',(#1921),#1939,.F.);
#1921 = FACE_BOUND('',#1922,.F.);
#1922 = EDGE_LOOP('',(#1923,#1924,#1932,#1938));
#1923 = ORIENTED_EDGE('',*,*,#1858,.F.);
#1924 = ORIENTED_EDGE('',*,*,#1925,.F.);
#1925 = EDGE_CURVE('',#1926,#1859,#1928,.T.);
#1926 = VERTEX_POINT('',#1927);
#1927 = CARTESIAN_POINT('',(-130.,-150.,864.5));
#1928 = LINE('',#1929,#1930);
#1929 = CARTESIAN_POINT('',(-130.,-150.,864.5));
#1930 = VECTOR('',#1931,1.);
#1931 = DIRECTION('',(0.,1.,0.));
#1932 = ORIENTED_EDGE('',*,*,#1933,.T.);
#1933 = EDGE_CURVE('',#1926,#1827,#1934,.T.);
#1934 = LINE('',#1935,#1936);
#1935 = CARTESIAN_POINT('',(-130.,-150.,864.5));
#1936 = VECTOR('',#1937,1.);
#1937 = DIRECTION('',(1.,0.,0.));
#1938 = ORIENTED_EDGE('',*,*,#1835,.T.);
#1939 = PLANE('',#1940);
#1940 = AXIS2_PLACEMENT_3D('',#1941,#1942,#1943);
#1941 = CARTESIAN_POINT('',(-130.,-150.,864.5));
#1942 = DIRECTION('',(0.,0.,1.));
#1943 = DIRECTION('',(1.,0.,0.));
#1944 = ADVANCED_FACE('',(#1945),#1998,.F.);
#1945 = FACE_BOUND('',#1946,.F.);
#1946 = EDGE_LOOP('',(#1947,#1948,#1956,#1965,#1973,#1982,#1990,#1996,
    #1997));
#1947 = ORIENTED_EDGE('',*,*,#1933,.F.);
#1948 = ORIENTED_EDGE('',*,*,#1949,.T.);
#1949 = EDGE_CURVE('',#1926,#1950,#1952,.T.);
#1950 = VERTEX_POINT('',#1951);
#1951 = CARTESIAN_POINT('',(-130.,-150.,909.08527757756));
#1952 = LINE('',#1953,#1954);
#1953 = CARTESIAN_POINT('',(-130.,-150.,864.5));
#1954 = VECTOR('',#1955,1.);
#1955 = DIRECTION('',(0.,0.,1.));
#1956 = ORIENTED_EDGE('',*,*,#1957,.F.);
#1957 = EDGE_CURVE('',#1958,#1950,#1960,.T.);
#1958 = VERTEX_POINT('',#1959);
#1959 = CARTESIAN_POINT('',(-126.8845503757,-150.,909.5));
#1960 = ELLIPSE('',#1961,19.43301251244,13.);
#1961 = AXIS2_PLACEMENT_3D('',#1962,#1963,#1964);
#1962 = CARTESIAN_POINT('',(-132.2222222222,-150.,922.));
#1963 = DIRECTION('',(0.,1.,-0.));
#1964 = DIRECTION('',(-1.,0.,0.));
#1965 = ORIENTED_EDGE('',*,*,#1966,.T.);
#1966 = EDGE_CURVE('',#1958,#1967,#1969,.T.);
#1967 = VERTEX_POINT('',#1968);
#1968 = CARTESIAN_POINT('',(126.88455037573,-150.,909.5));
#1969 = LINE('',#1970,#1971);
#1970 = CARTESIAN_POINT('',(-130.,-150.,909.5));
#1971 = VECTOR('',#1972,1.);
#1972 = DIRECTION('',(1.,0.,0.));
#1973 = ORIENTED_EDGE('',*,*,#1974,.F.);
#1974 = EDGE_CURVE('',#1975,#1967,#1977,.T.);
#1975 = VERTEX_POINT('',#1976);
#1976 = CARTESIAN_POINT('',(130.,-150.,909.08527757756));
#1977 = ELLIPSE('',#1978,19.43301251244,13.);
#1978 = AXIS2_PLACEMENT_3D('',#1979,#1980,#1981);
#1979 = CARTESIAN_POINT('',(132.22222222222,-150.,922.));
#1980 = DIRECTION('',(-0.,1.,0.));
#1981 = DIRECTION('',(1.,0.,0.));
#1982 = ORIENTED_EDGE('',*,*,#1983,.F.);
#1983 = EDGE_CURVE('',#1984,#1975,#1986,.T.);
#1984 = VERTEX_POINT('',#1985);
#1985 = CARTESIAN_POINT('',(130.,-150.,864.5));
#1986 = LINE('',#1987,#1988);
#1987 = CARTESIAN_POINT('',(130.,-150.,864.5));
#1988 = VECTOR('',#1989,1.);
#1989 = DIRECTION('',(0.,0.,1.));
#1990 = ORIENTED_EDGE('',*,*,#1991,.F.);
#1991 = EDGE_CURVE('',#1794,#1984,#1992,.T.);
#1992 = LINE('',#1993,#1994);
#1993 = CARTESIAN_POINT('',(-130.,-150.,864.5));
#1994 = VECTOR('',#1995,1.);
#1995 = DIRECTION('',(1.,0.,0.));
#1996 = ORIENTED_EDGE('',*,*,#1801,.F.);
#1997 = ORIENTED_EDGE('',*,*,#1826,.F.);
#1998 = PLANE('',#1999);
#1999 = AXIS2_PLACEMENT_3D('',#2000,#2001,#2002);
#2000 = CARTESIAN_POINT('',(-130.,-150.,864.5));
#2001 = DIRECTION('',(0.,1.,0.));
#2002 = DIRECTION('',(0.,0.,1.));
#2003 = ADVANCED_FACE('',(#2004),#2007,.F.);
#2004 = FACE_BOUND('',#2005,.T.);
#2005 = EDGE_LOOP('',(#2006));
#2006 = ORIENTED_EDGE('',*,*,#1818,.F.);
#2007 = PLANE('',#2008);
#2008 = AXIS2_PLACEMENT_3D('',#2009,#2010,#2011);
#2009 = CARTESIAN_POINT('',(0.,-230.,837.));
#2010 = DIRECTION('',(0.,1.,0.));
#2011 = DIRECTION('',(0.,0.,1.));
#2012 = ADVANCED_FACE('',(#2013),#2024,.F.);
#2013 = FACE_BOUND('',#2014,.F.);
#2014 = EDGE_LOOP('',(#2015,#2016,#2017,#2018));
#2015 = ORIENTED_EDGE('',*,*,#1908,.F.);
#2016 = ORIENTED_EDGE('',*,*,#1793,.F.);
#2017 = ORIENTED_EDGE('',*,*,#1991,.T.);
#2018 = ORIENTED_EDGE('',*,*,#2019,.T.);
#2019 = EDGE_CURVE('',#1984,#1901,#2020,.T.);
#2020 = LINE('',#2021,#2022);
#2021 = CARTESIAN_POINT('',(130.,-150.,864.5));
#2022 = VECTOR('',#2023,1.);
#2023 = DIRECTION('',(0.,1.,0.));
#2024 = PLANE('',#2025);
#2025 = AXIS2_PLACEMENT_3D('',#2026,#2027,#2028);
#2026 = CARTESIAN_POINT('',(-130.,-150.,864.5));
#2027 = DIRECTION('',(0.,0.,1.));
#2028 = DIRECTION('',(1.,0.,0.));
#2029 = ADVANCED_FACE('',(#2030),#2033,.T.);
#2030 = FACE_BOUND('',#2031,.T.);
#2031 = EDGE_LOOP('',(#2032));
#2032 = ORIENTED_EDGE('',*,*,#1776,.T.);
#2033 = PLANE('',#2034);
#2034 = AXIS2_PLACEMENT_3D('',#2035,#2036,#2037);
#2035 = CARTESIAN_POINT('',(0.,230.,837.));
#2036 = DIRECTION('',(0.,1.,0.));
#2037 = DIRECTION('',(0.,0.,1.));
#2038 = ADVANCED_FACE('',(#2039),#2068,.T.);
#2039 = FACE_BOUND('',#2040,.T.);
#2040 = EDGE_LOOP('',(#2041,#2051,#2058,#2059,#2060,#2061));
#2041 = ORIENTED_EDGE('',*,*,#2042,.F.);
#2042 = EDGE_CURVE('',#2043,#2045,#2047,.T.);
#2043 = VERTEX_POINT('',#2044);
#2044 = CARTESIAN_POINT('',(130.,-143.1960953381,909.5));
#2045 = VERTEX_POINT('',#2046);
#2046 = CARTESIAN_POINT('',(130.,143.19609533817,909.5));
#2047 = LINE('',#2048,#2049);
#2048 = CARTESIAN_POINT('',(130.,-150.,909.5));
#2049 = VECTOR('',#2050,1.);
#2050 = DIRECTION('',(0.,1.,0.));
#2051 = ORIENTED_EDGE('',*,*,#2052,.F.);
#2052 = EDGE_CURVE('',#1975,#2043,#2053,.T.);
#2053 = ELLIPSE('',#2054,17.489711261196,13.);
#2054 = AXIS2_PLACEMENT_3D('',#2055,#2056,#2057);
#2055 = CARTESIAN_POINT('',(130.,-148.,922.));
#2056 = DIRECTION('',(1.,0.,0.));
#2057 = DIRECTION('',(0.,-1.,0.));
#2058 = ORIENTED_EDGE('',*,*,#1983,.F.);
#2059 = ORIENTED_EDGE('',*,*,#2019,.T.);
#2060 = ORIENTED_EDGE('',*,*,#1900,.T.);
#2061 = ORIENTED_EDGE('',*,*,#2062,.F.);
#2062 = EDGE_CURVE('',#2045,#1892,#2063,.T.);
#2063 = ELLIPSE('',#2064,17.489711261196,13.);
#2064 = AXIS2_PLACEMENT_3D('',#2065,#2066,#2067);
#2065 = CARTESIAN_POINT('',(130.,148.,922.));
#2066 = DIRECTION('',(1.,0.,0.));
#2067 = DIRECTION('',(0.,1.,0.));
#2068 = PLANE('',#2069);
#2069 = AXIS2_PLACEMENT_3D('',#2070,#2071,#2072);
#2070 = CARTESIAN_POINT('',(130.,-150.,864.5));
#2071 = DIRECTION('',(1.,0.,0.));
#2072 = DIRECTION('',(0.,0.,1.));
#2073 = ADVANCED_FACE('',(#2074),#2276,.T.);
#2074 = FACE_BOUND('',#2075,.T.);
#2075 = EDGE_LOOP('',(#2076,#2087,#2095,#2120,#2128,#2137,#2145,#2252,
    #2253,#2262,#2268,#2269,#2270));
#2076 = ORIENTED_EDGE('',*,*,#2077,.T.);
#2077 = EDGE_CURVE('',#2078,#2080,#2082,.T.);
#2078 = VERTEX_POINT('',#2079);
#2079 = CARTESIAN_POINT('',(107.61131812394,132.65409097338,909.5));
#2080 = VERTEX_POINT('',#2081);
#2081 = CARTESIAN_POINT('',(101.3034584889,139.66282390121,922.));
#2082 = CIRCLE('',#2083,13.);
#2083 = AXIS2_PLACEMENT_3D('',#2084,#2085,#2086);
#2084 = CARTESIAN_POINT('',(110.,130.,922.));
#2085 = DIRECTION('',(0.743294146247,0.668964731622,-0.));
#2086 = DIRECTION('',(-0.668964731622,0.743294146247,0.));
#2087 = ORIENTED_EDGE('',*,*,#2088,.T.);
#2088 = EDGE_CURVE('',#2080,#2089,#2091,.T.);
#2089 = VERTEX_POINT('',#2090);
#2090 = CARTESIAN_POINT('',(294.37047223891,313.42313627622,922.));
#2091 = LINE('',#2092,#2093);
#2092 = CARTESIAN_POINT('',(101.3034584889,139.66282390121,922.));
#2093 = VECTOR('',#2094,1.);
#2094 = DIRECTION('',(0.743294146247,0.668964731622,-2.465190328816E-32)
  );
#2095 = ORIENTED_EDGE('',*,*,#2096,.F.);
#2096 = EDGE_CURVE('',#2097,#2089,#2099,.T.);
#2097 = VERTEX_POINT('',#2098);
#2098 = CARTESIAN_POINT('',(294.01139994581,309.39612227463,914.));
#2099 = B_SPLINE_CURVE_WITH_KNOTS('',7,(#2100,#2101,#2102,#2103,#2104,
    #2105,#2106,#2107,#2108,#2109,#2110,#2111,#2112,#2113,#2114,#2115,
    #2116,#2117,#2118,#2119),.UNSPECIFIED.,.F.,.F.,(8,6,6,8),(0.,
    8.736809571622E-02,0.621014418888,1.),.UNSPECIFIED.);
#2100 = CARTESIAN_POINT('',(294.01139996883,309.39612166514,913.9999994)
  );
#2101 = CARTESIAN_POINT('',(294.00815201517,309.4821161924,
    914.08465456733));
#2102 = CARTESIAN_POINT('',(294.00547409029,309.56732500482,
    914.16975537434));
#2103 = CARTESIAN_POINT('',(294.00334818178,309.65174373795,
    914.25529944554));
#2104 = CARTESIAN_POINT('',(294.00175645828,309.73536744704,
    914.34128487437));
#2105 = CARTESIAN_POINT('',(294.00068126943,309.81819060715,
    914.42771022321));
#2106 = CARTESIAN_POINT('',(294.00010514588,309.90020711304,
    914.51457452334));
#2107 = CARTESIAN_POINT('',(293.99943452827,310.47740107236,
    915.13512447517));
#2108 = CARTESIAN_POINT('',(294.01683132902,310.94312811745,
    915.68481583525));
#2109 = CARTESIAN_POINT('',(294.04826082721,311.37719190869,
    916.25100523595));
#2110 = CARTESIAN_POINT('',(294.08996442215,311.77688448241,
    916.83398519078));
#2111 = CARTESIAN_POINT('',(294.13785000702,312.13809694047,
    917.43402871813));
#2112 = CARTESIAN_POINT('',(294.18721224221,312.45542275601,
    918.05151337599));
#2113 = CARTESIAN_POINT('',(294.26602268428,312.91186473983,
    919.13891176427));
#2114 = CARTESIAN_POINT('',(294.29722338217,313.0767149156,
    919.60148983693));
#2115 = CARTESIAN_POINT('',(294.32493221239,313.21277110614,
    920.07221405608));
#2116 = CARTESIAN_POINT('',(294.3472426551,313.31707718947,
    920.54888397768));
#2117 = CARTESIAN_POINT('',(294.36269173815,313.38761001121,
    921.02987490499));
#2118 = CARTESIAN_POINT('',(294.37047223891,313.42313627622,
    921.51395286143));
#2119 = CARTESIAN_POINT('',(294.37047223891,313.42313627622,922.));
#2120 = ORIENTED_EDGE('',*,*,#2121,.T.);
#2121 = EDGE_CURVE('',#2097,#2122,#2124,.T.);
#2122 = VERTEX_POINT('',#2123);
#2123 = CARTESIAN_POINT('',(303.1451513309,317.61649852122,914.));
#2124 = LINE('',#2125,#2126);
#2125 = CARTESIAN_POINT('',(103.1451513309,137.61649852122,914.));
#2126 = VECTOR('',#2127,1.);
#2127 = DIRECTION('',(0.743294146247,0.668964731622,0.));
#2128 = ORIENTED_EDGE('',*,*,#2129,.F.);
#2129 = EDGE_CURVE('',#2130,#2122,#2132,.T.);
#2130 = VERTEX_POINT('',#2131);
#2131 = CARTESIAN_POINT('',(316.85484866909,302.38350147877,914.));
#2132 = CIRCLE('',#2133,13.);
#2133 = AXIS2_PLACEMENT_3D('',#2134,#2135,#2136);
#2134 = CARTESIAN_POINT('',(310.,310.,922.));
#2135 = DIRECTION('',(0.743294146247,0.668964731622,-0.));
#2136 = DIRECTION('',(-0.668964731622,0.743294146247,0.));
#2137 = ORIENTED_EDGE('',*,*,#2138,.F.);
#2138 = EDGE_CURVE('',#2139,#2130,#2141,.T.);
#2139 = VERTEX_POINT('',#2140);
#2140 = CARTESIAN_POINT('',(307.721097284,294.16312523219,914.));
#2141 = LINE('',#2142,#2143);
#2142 = CARTESIAN_POINT('',(116.85484866909,122.38350147877,914.));
#2143 = VECTOR('',#2144,1.);
#2144 = DIRECTION('',(0.743294146247,0.668964731622,0.));
#2145 = ORIENTED_EDGE('',*,*,#2146,.F.);
#2146 = EDGE_CURVE('',#2089,#2139,#2147,.T.);
#2147 = B_SPLINE_CURVE_WITH_KNOTS('',7,(#2148,#2149,#2150,#2151,#2152,
    #2153,#2154,#2155,#2156,#2157,#2158,#2159,#2160,#2161,#2162,#2163,
    #2164,#2165,#2166,#2167,#2168,#2169,#2170,#2171,#2172,#2173,#2174,
    #2175,#2176,#2177,#2178,#2179,#2180,#2181,#2182,#2183,#2184,#2185,
    #2186,#2187,#2188,#2189,#2190,#2191,#2192,#2193,#2194,#2195,#2196,
    #2197,#2198,#2199,#2200,#2201,#2202,#2203,#2204,#2205,#2206,#2207,
    #2208,#2209,#2210,#2211,#2212,#2213,#2214,#2215,#2216,#2217,#2218,
    #2219,#2220,#2221,#2222,#2223,#2224,#2225,#2226,#2227,#2228,#2229,
    #2230,#2231,#2232,#2233,#2234,#2235,#2236,#2237,#2238,#2239,#2240,
    #2241,#2242,#2243,#2244,#2245,#2246,#2247,#2248,#2249,#2250,#2251),
  .UNSPECIFIED.,.F.,.F.,(8,6,6,6,6,6,6,6,6,6,6,6,6,6,6,6,6,8),(0.,
    7.191819076014E-02,0.17399159536,0.284831299606,0.325010394475,
    0.371383430479,0.435995019015,0.483879063997,0.524843731873,
    0.636677692028,0.737818333926,0.763982283433,0.809948850867,
    0.855890553235,0.882016728271,0.98307143864,0.991363912467,1.),
  .UNSPECIFIED.);
#2148 = CARTESIAN_POINT('',(294.37047223891,313.42313627622,922.));
#2149 = CARTESIAN_POINT('',(294.37047223891,313.42313627622,
    922.48566883842));
#2150 = CARTESIAN_POINT('',(294.36270384336,313.38766528989,
    922.96937479975));
#2151 = CARTESIAN_POINT('',(294.34727852982,313.31724096928,
    923.45000092675));
#2152 = CARTESIAN_POINT('',(294.32500106696,313.2130930665,
    923.92631467226));
#2153 = CARTESIAN_POINT('',(294.29733019816,313.07723940091,
    924.3966940546));
#2154 = CARTESIAN_POINT('',(294.26616729928,312.91262843148,
    924.85894310749));
#2155 = CARTESIAN_POINT('',(294.18707004479,312.45470355414,
    925.95066021718));
#2156 = CARTESIAN_POINT('',(294.13732764051,312.13488622122,
    926.57250002399));
#2157 = CARTESIAN_POINT('',(294.08910480709,311.77058334239,
    927.17665164718));
#2158 = CARTESIAN_POINT('',(294.04720918818,311.36731214276,
    927.76349939571));
#2159 = CARTESIAN_POINT('',(294.01581356705,310.92925280694,
    928.33332229332));
#2160 = CARTESIAN_POINT('',(293.99875140233,310.4591428279,
    928.88642045556));
#2161 = CARTESIAN_POINT('',(294.00146876343,309.41460276958,
    930.00533217454));
#2162 = CARTESIAN_POINT('',(294.02453531105,308.8357788012,
    930.56698256234));
#2163 = CARTESIAN_POINT('',(294.07426355589,308.22294807659,
    931.10906625149));
#2164 = CARTESIAN_POINT('',(294.15608334102,307.57599316568,
    931.63108225224));
#2165 = CARTESIAN_POINT('',(294.27648339945,306.89479809745,
    932.13055271965));
#2166 = CARTESIAN_POINT('',(294.44319985044,306.18010118633,
    932.60264275499));
#2167 = CARTESIAN_POINT('',(294.74578270007,305.16384030331,
    933.19821430138));
#2168 = CARTESIAN_POINT('',(294.83361459101,304.88918214056,
    933.35217869197));
#2169 = CARTESIAN_POINT('',(294.92922115443,304.6103557291,
    933.50127430388));
#2170 = CARTESIAN_POINT('',(295.03306755674,304.32751286855,
    933.64506695929));
#2171 = CARTESIAN_POINT('',(295.14563816913,304.04084735862,
    933.78306760902));
#2172 = CARTESIAN_POINT('',(295.26743664335,303.7505952492,
    933.91473242237));
#2173 = CARTESIAN_POINT('',(295.55081475554,303.11822019537,
    934.18342156713));
#2174 = CARTESIAN_POINT('',(295.71586497124,302.77447990138,
    934.31836322178));
#2175 = CARTESIAN_POINT('',(295.89465924131,302.4270091695,
    934.44297948674));
#2176 = CARTESIAN_POINT('',(296.0876439666,302.07701307071,
    934.55603405695));
#2177 = CARTESIAN_POINT('',(296.29518451583,301.72570228637,
    934.65635761779));
#2178 = CARTESIAN_POINT('',(296.51756039935,301.37428860857,
    934.74284278625));
#2179 = CARTESIAN_POINT('',(297.08573011544,300.53589578702,
    934.91419418719));
#2180 = CARTESIAN_POINT('',(297.44559866652,300.0500566285,
    934.98502562373));
#2181 = CARTESIAN_POINT('',(297.83241503208,299.57363026235,
    935.02331498022));
#2182 = CARTESIAN_POINT('',(298.24281311462,299.11288139616,
    935.02721528433));
#2183 = CARTESIAN_POINT('',(298.67222355195,298.67306171752,
    934.99659916191));
#2184 = CARTESIAN_POINT('',(299.11493258079,298.25834040364,
    934.93305747768));
#2185 = CARTESIAN_POINT('',(299.89713394142,297.58528999984,
    934.77094473913));
#2186 = CARTESIAN_POINT('',(300.2333815481,297.31452182782,
    934.68576228015));
#2187 = CARTESIAN_POINT('',(300.57156193543,297.05947079825,
    934.58553130582));
#2188 = CARTESIAN_POINT('',(300.91028259637,296.82002700642,
    934.4714584825));
#2189 = CARTESIAN_POINT('',(301.24813349971,296.59597607404,
    934.34483301371));
#2190 = CARTESIAN_POINT('',(301.58369319292,296.38700432361,
    934.20703276585));
#2191 = CARTESIAN_POINT('',(302.199424571,296.02648052395,
    933.93334252346));
#2192 = CARTESIAN_POINT('',(302.48100440909,295.87075390627,
    933.79987141197));
#2193 = CARTESIAN_POINT('',(302.75991602263,295.72500429964,
    933.65975732315));
#2194 = CARTESIAN_POINT('',(303.03584894996,295.58872744285,
    933.51358167264));
#2195 = CARTESIAN_POINT('',(303.30854040798,295.46143459126,
    933.3618669578));
#2196 = CARTESIAN_POINT('',(303.57777503549,295.34265249426,
    933.20507668733));
#2197 = CARTESIAN_POINT('',(304.56850155048,294.92963174437,
    932.60282410985));
#2198 = CARTESIAN_POINT('',(305.2680028083,294.68677511133,932.126366122
    ));
#2199 = CARTESIAN_POINT('',(305.93852483158,294.49436482082,
    931.62205657001));
#2200 = CARTESIAN_POINT('',(306.57847649126,294.34458561349,
    931.09485721361));
#2201 = CARTESIAN_POINT('',(307.18728126761,294.23081153338,
    930.54729128302));
#2202 = CARTESIAN_POINT('',(307.76447048031,294.14750458945,
    929.97984026042));
#2203 = CARTESIAN_POINT('',(308.80031881533,294.03737223053,
    928.85875432334));
#2204 = CARTESIAN_POINT('',(309.26412166421,294.00600491257,
    928.30997387199));
#2205 = CARTESIAN_POINT('',(309.69800319315,293.99182430047,
    927.74475596831));
#2206 = CARTESIAN_POINT('',(310.09888535617,293.99139586571,
    927.16281020709));
#2207 = CARTESIAN_POINT('',(310.4622731487,294.00110076475,
    926.56386526097));
#2208 = CARTESIAN_POINT('',(310.78232784965,294.01685112204,
    925.94754538691));
#2209 = CARTESIAN_POINT('',(311.12186814234,294.03922612447,
    925.14878012256));
#2210 = CARTESIAN_POINT('',(311.18826158043,294.04395871622,
    924.98344852202));
#2211 = CARTESIAN_POINT('',(311.25111917211,294.04875362106,
    924.81700512808));
#2212 = CARTESIAN_POINT('',(311.31030195985,294.05353956275,
    924.6494985377));
#2213 = CARTESIAN_POINT('',(311.3656777166,294.05824704813,
    924.48097033623));
#2214 = CARTESIAN_POINT('',(311.41712049679,294.06280971266,
    924.31145511444));
#2215 = CARTESIAN_POINT('',(311.54776754888,294.07481849495,
    923.84147931454));
#2216 = CARTESIAN_POINT('',(311.61858521386,294.08183973827,
    923.53876315054));
#2217 = CARTESIAN_POINT('',(311.67610432739,294.08787626918,
    923.23358263467));
#2218 = CARTESIAN_POINT('',(311.71969144533,294.09262403758,
    922.92657715042));
#2219 = CARTESIAN_POINT('',(311.74891940622,294.095865402,
    922.61830637756));
#2220 = CARTESIAN_POINT('',(311.7635552611,294.09748847379,
    922.30928206174));
#2221 = CARTESIAN_POINT('',(311.7635552611,294.09748847379,
    921.69088524069));
#2222 = CARTESIAN_POINT('',(311.74893523603,294.09586715743,
    921.38202759377));
#2223 = CARTESIAN_POINT('',(311.71973880379,294.09262928965,
    921.07392223552));
#2224 = CARTESIAN_POINT('',(311.67619842453,294.08788651856,
    920.76708024548));
#2225 = CARTESIAN_POINT('',(311.61874039775,294.08185602486,
    920.46206051612));
#2226 = CARTESIAN_POINT('',(311.54799689673,294.0748412367,
    920.15950144757));
#2227 = CARTESIAN_POINT('',(311.41752678269,294.06284611811,
    919.68991831557));
#2228 = CARTESIAN_POINT('',(311.36618648219,294.05829121175,
    919.52064045267));
#2229 = CARTESIAN_POINT('',(311.31092371679,294.05359149813,
    919.3523464138));
#2230 = CARTESIAN_POINT('',(311.25186388098,294.04881303879,
    919.18507071743));
#2231 = CARTESIAN_POINT('',(311.18913863206,294.04402501254,
    919.01885484242));
#2232 = CARTESIAN_POINT('',(311.12288633643,294.03929837858,
    918.85374724492));
#2233 = CARTESIAN_POINT('',(310.78391245524,294.01693580508,
    918.05567686328));
#2234 = CARTESIAN_POINT('',(310.46433831479,294.00117722015,
    917.43980088811));
#2235 = CARTESIAN_POINT('',(310.10147911517,293.99143772663,
    916.84127097589));
#2236 = CARTESIAN_POINT('',(309.7011629517,293.9917956853,916.2597123577
    ));
#2237 = CARTESIAN_POINT('',(309.26787988203,294.00586243682,
    915.69485520721));
#2238 = CARTESIAN_POINT('',(308.80470826027,294.03706425732,
    915.1464107619));
#2239 = CARTESIAN_POINT('',(308.27314470849,294.09340972745,
    914.57065989923));
#2240 = CARTESIAN_POINT('',(308.23264329278,294.0978233529,914.527106662
    ));
#2241 = CARTESIAN_POINT('',(308.19195328576,294.10237963972,
    914.48366300242));
#2242 = CARTESIAN_POINT('',(308.15107571991,294.10708066264,
    914.44032901102));
#2243 = CARTESIAN_POINT('',(308.1100115902,294.11192850941,
    914.39710480581));
#2244 = CARTESIAN_POINT('',(308.06876185411,294.11692528081,
    914.35399053219));
#2245 = CARTESIAN_POINT('',(307.98417609863,294.12743420937,
    914.26620023809));
#2246 = CARTESIAN_POINT('',(307.94082445903,294.13295914433,
    914.22153353334));
#2247 = CARTESIAN_POINT('',(307.89727355188,294.13865028298,
    914.17698644396));
#2248 = CARTESIAN_POINT('',(307.85352437772,294.14451003264,
    914.13255920099));
#2249 = CARTESIAN_POINT('',(307.80957789852,294.15054082052,
    914.08825207143));
#2250 = CARTESIAN_POINT('',(307.76543503775,294.15674509367,
    914.04406535816));
#2251 = CARTESIAN_POINT('',(307.72109668029,294.16312531907,913.9999994)
  );
#2252 = ORIENTED_EDGE('',*,*,#2088,.F.);
#2253 = ORIENTED_EDGE('',*,*,#2254,.T.);
#2254 = EDGE_CURVE('',#2080,#2255,#2257,.T.);
#2255 = VERTEX_POINT('',#2256);
#2256 = CARTESIAN_POINT('',(112.38868187605,127.34590902661,909.5));
#2257 = CIRCLE('',#2258,13.);
#2258 = AXIS2_PLACEMENT_3D('',#2259,#2260,#2261);
#2259 = CARTESIAN_POINT('',(110.,130.,922.));
#2260 = DIRECTION('',(0.743294146247,0.668964731622,-0.));
#2261 = DIRECTION('',(-0.668964731622,0.743294146247,0.));
#2262 = ORIENTED_EDGE('',*,*,#2263,.T.);
#2263 = EDGE_CURVE('',#2255,#2045,#2264,.T.);
#2264 = LINE('',#2265,#2266);
#2265 = CARTESIAN_POINT('',(112.38868187605,127.34590902661,909.5));
#2266 = VECTOR('',#2267,1.);
#2267 = DIRECTION('',(0.743294146247,0.668964731622,0.));
#2268 = ORIENTED_EDGE('',*,*,#2062,.T.);
#2269 = ORIENTED_EDGE('',*,*,#1891,.T.);
#2270 = ORIENTED_EDGE('',*,*,#2271,.F.);
#2271 = EDGE_CURVE('',#2078,#1884,#2272,.T.);
#2272 = LINE('',#2273,#2274);
#2273 = CARTESIAN_POINT('',(107.61131812394,132.65409097338,909.5));
#2274 = VECTOR('',#2275,1.);
#2275 = DIRECTION('',(0.743294146247,0.668964731622,0.));
#2276 = CYLINDRICAL_SURFACE('',#2277,13.);
#2277 = AXIS2_PLACEMENT_3D('',#2278,#2279,#2280);
#2278 = CARTESIAN_POINT('',(110.,130.,922.));
#2279 = DIRECTION('',(0.743294146247,0.668964731622,0.));
#2280 = DIRECTION('',(-0.668964731622,0.743294146247,0.));
#2281 = ADVANCED_FACE('',(#2282),#2371,.T.);
#2282 = FACE_BOUND('',#2283,.T.);
#2283 = EDGE_LOOP('',(#2284,#2285,#2293,#2301,#2309,#2317,#2325,#2333,
    #2339,#2340,#2348,#2356,#2362,#2363,#2364,#2370));
#2284 = ORIENTED_EDGE('',*,*,#1883,.F.);
#2285 = ORIENTED_EDGE('',*,*,#2286,.F.);
#2286 = EDGE_CURVE('',#2287,#1875,#2289,.T.);
#2287 = VERTEX_POINT('',#2288);
#2288 = CARTESIAN_POINT('',(-107.6113181239,132.65409097338,909.5));
#2289 = LINE('',#2290,#2291);
#2290 = CARTESIAN_POINT('',(-107.6113181239,132.65409097338,909.5));
#2291 = VECTOR('',#2292,1.);
#2292 = DIRECTION('',(-0.743294146247,0.668964731622,0.));
#2293 = ORIENTED_EDGE('',*,*,#2294,.T.);
#2294 = EDGE_CURVE('',#2287,#2295,#2297,.T.);
#2295 = VERTEX_POINT('',#2296);
#2296 = CARTESIAN_POINT('',(-112.388681876,127.34590902661,909.5));
#2297 = LINE('',#2298,#2299);
#2298 = CARTESIAN_POINT('',(-184.08839779,47.67955801105,909.5));
#2299 = VECTOR('',#2300,1.);
#2300 = DIRECTION('',(-0.668964731622,-0.743294146247,0.));
#2301 = ORIENTED_EDGE('',*,*,#2302,.T.);
#2302 = EDGE_CURVE('',#2295,#2303,#2305,.T.);
#2303 = VERTEX_POINT('',#2304);
#2304 = CARTESIAN_POINT('',(-130.,143.19609533817,909.5));
#2305 = LINE('',#2306,#2307);
#2306 = CARTESIAN_POINT('',(-112.388681876,127.34590902661,909.5));
#2307 = VECTOR('',#2308,1.);
#2308 = DIRECTION('',(-0.743294146247,0.668964731622,0.));
#2309 = ORIENTED_EDGE('',*,*,#2310,.F.);
#2310 = EDGE_CURVE('',#2311,#2303,#2313,.T.);
#2311 = VERTEX_POINT('',#2312);
#2312 = CARTESIAN_POINT('',(-130.,-143.1960953381,909.5));
#2313 = LINE('',#2314,#2315);
#2314 = CARTESIAN_POINT('',(-130.,-150.,909.5));
#2315 = VECTOR('',#2316,1.);
#2316 = DIRECTION('',(0.,1.,0.));
#2317 = ORIENTED_EDGE('',*,*,#2318,.F.);
#2318 = EDGE_CURVE('',#2319,#2311,#2321,.T.);
#2319 = VERTEX_POINT('',#2320);
#2320 = CARTESIAN_POINT('',(-112.388681876,-127.3459090266,909.5));
#2321 = LINE('',#2322,#2323);
#2322 = CARTESIAN_POINT('',(-112.388681876,-127.3459090266,909.5));
#2323 = VECTOR('',#2324,1.);
#2324 = DIRECTION('',(-0.743294146247,-0.668964731622,0.));
#2325 = ORIENTED_EDGE('',*,*,#2326,.T.);
#2326 = EDGE_CURVE('',#2319,#2327,#2329,.T.);
#2327 = VERTEX_POINT('',#2328);
#2328 = CARTESIAN_POINT('',(-107.6113181239,-132.6540909733,909.5));
#2329 = LINE('',#2330,#2331);
#2330 = CARTESIAN_POINT('',(-109.5027624309,-130.5524861878,909.5));
#2331 = VECTOR('',#2332,1.);
#2332 = DIRECTION('',(0.668964731622,-0.743294146247,0.));
#2333 = ORIENTED_EDGE('',*,*,#2334,.T.);
#2334 = EDGE_CURVE('',#2327,#1958,#2335,.T.);
#2335 = LINE('',#2336,#2337);
#2336 = CARTESIAN_POINT('',(-107.6113181239,-132.6540909733,909.5));
#2337 = VECTOR('',#2338,1.);
#2338 = DIRECTION('',(-0.743294146247,-0.668964731622,0.));
#2339 = ORIENTED_EDGE('',*,*,#1966,.T.);
#2340 = ORIENTED_EDGE('',*,*,#2341,.F.);
#2341 = EDGE_CURVE('',#2342,#1967,#2344,.T.);
#2342 = VERTEX_POINT('',#2343);
#2343 = CARTESIAN_POINT('',(107.61131812394,-132.6540909733,909.5));
#2344 = LINE('',#2345,#2346);
#2345 = CARTESIAN_POINT('',(107.61131812394,-132.6540909733,909.5));
#2346 = VECTOR('',#2347,1.);
#2347 = DIRECTION('',(0.743294146247,-0.668964731622,0.));
#2348 = ORIENTED_EDGE('',*,*,#2349,.T.);
#2349 = EDGE_CURVE('',#2342,#2350,#2352,.T.);
#2350 = VERTEX_POINT('',#2351);
#2351 = CARTESIAN_POINT('',(112.38868187605,-127.3459090266,909.5));
#2352 = LINE('',#2353,#2354);
#2353 = CARTESIAN_POINT('',(51.325966850829,-195.1933701657,909.5));
#2354 = VECTOR('',#2355,1.);
#2355 = DIRECTION('',(0.668964731622,0.743294146247,0.));
#2356 = ORIENTED_EDGE('',*,*,#2357,.T.);
#2357 = EDGE_CURVE('',#2350,#2043,#2358,.T.);
#2358 = LINE('',#2359,#2360);
#2359 = CARTESIAN_POINT('',(112.38868187605,-127.3459090266,909.5));
#2360 = VECTOR('',#2361,1.);
#2361 = DIRECTION('',(0.743294146247,-0.668964731622,0.));
#2362 = ORIENTED_EDGE('',*,*,#2042,.T.);
#2363 = ORIENTED_EDGE('',*,*,#2263,.F.);
#2364 = ORIENTED_EDGE('',*,*,#2365,.T.);
#2365 = EDGE_CURVE('',#2255,#2078,#2366,.T.);
#2366 = LINE('',#2367,#2368);
#2367 = CARTESIAN_POINT('',(125.91160220994,112.32044198895,909.5));
#2368 = VECTOR('',#2369,1.);
#2369 = DIRECTION('',(-0.668964731622,0.743294146247,0.));
#2370 = ORIENTED_EDGE('',*,*,#2271,.T.);
#2371 = PLANE('',#2372);
#2372 = AXIS2_PLACEMENT_3D('',#2373,#2374,#2375);
#2373 = CARTESIAN_POINT('',(-130.,-150.,909.5));
#2374 = DIRECTION('',(0.,0.,1.));
#2375 = DIRECTION('',(1.,0.,0.));
#2376 = ADVANCED_FACE('',(#2377),#2581,.T.);
#2377 = FACE_BOUND('',#2378,.T.);
#2378 = EDGE_LOOP('',(#2379,#2388,#2396,#2421,#2429,#2438,#2446,#2459,
    #2502,#2563,#2564,#2571,#2572,#2573,#2580));
#2379 = ORIENTED_EDGE('',*,*,#2380,.T.);
#2380 = EDGE_CURVE('',#2295,#2381,#2383,.T.);
#2381 = VERTEX_POINT('',#2382);
#2382 = CARTESIAN_POINT('',(-118.696541511,120.33717609878,922.));
#2383 = CIRCLE('',#2384,13.);
#2384 = AXIS2_PLACEMENT_3D('',#2385,#2386,#2387);
#2385 = CARTESIAN_POINT('',(-110.,130.,922.));
#2386 = DIRECTION('',(-0.743294146247,0.668964731622,0.));
#2387 = DIRECTION('',(-0.668964731622,-0.743294146247,0.));
#2388 = ORIENTED_EDGE('',*,*,#2389,.T.);
#2389 = EDGE_CURVE('',#2381,#2390,#2392,.T.);
#2390 = VERTEX_POINT('',#2391);
#2391 = CARTESIAN_POINT('',(-311.7635552611,294.09748847379,922.));
#2392 = LINE('',#2393,#2394);
#2393 = CARTESIAN_POINT('',(-118.696541511,120.33717609878,922.));
#2394 = VECTOR('',#2395,1.);
#2395 = DIRECTION('',(-0.743294146247,0.668964731622,2.465190328816E-32)
  );
#2396 = ORIENTED_EDGE('',*,*,#2397,.F.);
#2397 = EDGE_CURVE('',#2398,#2390,#2400,.T.);
#2398 = VERTEX_POINT('',#2399);
#2399 = CARTESIAN_POINT('',(-307.721097284,294.16312523219,914.));
#2400 = B_SPLINE_CURVE_WITH_KNOTS('',7,(#2401,#2402,#2403,#2404,#2405,
    #2406,#2407,#2408,#2409,#2410,#2411,#2412,#2413,#2414,#2415,#2416,
    #2417,#2418,#2419,#2420),.UNSPECIFIED.,.F.,.F.,(8,6,6,8),(0.,
    8.736809537467E-02,0.621014416462,1.),.UNSPECIFIED.);
#2401 = CARTESIAN_POINT('',(-307.7210966802,294.16312531907,913.9999994)
  );
#2402 = CARTESIAN_POINT('',(-307.8062751542,294.15086826008,
    914.08465456733));
#2403 = CARTESIAN_POINT('',(-307.8907320916,294.13926055889,
    914.16975537434));
#2404 = CARTESIAN_POINT('',(-307.9744612612,294.12828476077,
    914.25529944554));
#2405 = CARTESIAN_POINT('',(-308.0574558739,294.11792365192,
    914.34128487437));
#2406 = CARTESIAN_POINT('',(-308.1397085823,294.10816025945,
    914.42771022321));
#2407 = CARTESIAN_POINT('',(-308.2212114813,294.09897785144,
    914.51457452334));
#2408 = CARTESIAN_POINT('',(-308.7951461274,294.03772151775,
    915.13512447517));
#2409 = CARTESIAN_POINT('',(-309.2601262784,294.00613372924,
    915.68481583525));
#2410 = CARTESIAN_POINT('',(-309.6950911562,293.99182487642,
    916.25100523595));
#2411 = CARTESIAN_POINT('',(-310.0969532091,293.99134138575,
    916.83398519079));
#2412 = CARTESIAN_POINT('',(-310.4611966818,294.00104507953,
    917.43402871814));
#2413 = CARTESIAN_POINT('',(-310.7819509872,294.01682415046,
    918.05151337598));
#2414 = CARTESIAN_POINT('',(-311.2441441134,294.04728537645,
    919.13891176892));
#2415 = CARTESIAN_POINT('',(-311.4113587209,294.06100897985,
    919.60148982558));
#2416 = CARTESIAN_POINT('',(-311.5495718854,294.07428258134,
    920.07221406326));
#2417 = CARTESIAN_POINT('',(-311.6556436737,294.08552050467,
    920.54888398447));
#2418 = CARTESIAN_POINT('',(-311.7274085346,294.09348023555,
    921.02987489316));
#2419 = CARTESIAN_POINT('',(-311.7635552611,294.09748847379,
    921.5139528666));
#2420 = CARTESIAN_POINT('',(-311.7635552611,294.09748847379,922.));
#2421 = ORIENTED_EDGE('',*,*,#2422,.T.);
#2422 = EDGE_CURVE('',#2398,#2423,#2425,.T.);
#2423 = VERTEX_POINT('',#2424);
#2424 = CARTESIAN_POINT('',(-316.854848669,302.38350147877,914.));
#2425 = LINE('',#2426,#2427);
#2426 = CARTESIAN_POINT('',(-116.854848669,122.38350147877,914.));
#2427 = VECTOR('',#2428,1.);
#2428 = DIRECTION('',(-0.743294146247,0.668964731622,0.));
#2429 = ORIENTED_EDGE('',*,*,#2430,.F.);
#2430 = EDGE_CURVE('',#2431,#2423,#2433,.T.);
#2431 = VERTEX_POINT('',#2432);
#2432 = CARTESIAN_POINT('',(-303.1451513309,317.61649852122,914.));
#2433 = CIRCLE('',#2434,13.);
#2434 = AXIS2_PLACEMENT_3D('',#2435,#2436,#2437);
#2435 = CARTESIAN_POINT('',(-310.,310.,922.));
#2436 = DIRECTION('',(-0.743294146247,0.668964731622,0.));
#2437 = DIRECTION('',(-0.668964731622,-0.743294146247,0.));
#2438 = ORIENTED_EDGE('',*,*,#2439,.F.);
#2439 = EDGE_CURVE('',#2440,#2431,#2442,.T.);
#2440 = VERTEX_POINT('',#2441);
#2441 = CARTESIAN_POINT('',(-294.0113999458,309.39612227463,914.));
#2442 = LINE('',#2443,#2444);
#2443 = CARTESIAN_POINT('',(-103.1451513309,137.61649852122,914.));
#2444 = VECTOR('',#2445,1.);
#2445 = DIRECTION('',(-0.743294146247,0.668964731622,0.));
#2446 = ORIENTED_EDGE('',*,*,#2447,.F.);
#2447 = EDGE_CURVE('',#2448,#2440,#2450,.T.);
#2448 = VERTEX_POINT('',#2449);
#2449 = CARTESIAN_POINT('',(-294.,310.,914.62189291969));
#2450 = B_SPLINE_CURVE_WITH_KNOTS('',4,(#2451,#2452,#2453,#2454,#2455,
    #2456,#2457,#2458),.UNSPECIFIED.,.F.,.F.,(5,3,5),(0.,0.493946031282,
    1.),.UNSPECIFIED.);
#2451 = CARTESIAN_POINT('',(-294.,310.,914.62189291969));
#2452 = CARTESIAN_POINT('',(-294.,309.92765241525,914.54388063437));
#2453 = CARTESIAN_POINT('',(-294.0004361838,309.85456302636,
    914.46626756976));
#2454 = CARTESIAN_POINT('',(-294.0013286605,309.78073975463,
    914.38905428851));
#2455 = CARTESIAN_POINT('',(-294.0041006621,309.62981091085,
    914.23354763372));
#2456 = CARTESIAN_POINT('',(-294.0060038518,309.55266924778,
    914.15527418656));
#2457 = CARTESIAN_POINT('',(-294.008429438,309.47477099933,
    914.07742377523));
#2458 = CARTESIAN_POINT('',(-294.0113999688,309.39612166514,913.9999994)
  );
#2459 = ORIENTED_EDGE('',*,*,#2460,.F.);
#2460 = EDGE_CURVE('',#2461,#2448,#2463,.T.);
#2461 = VERTEX_POINT('',#2462);
#2462 = CARTESIAN_POINT('',(-294.,310.,929.3781070803));
#2463 = B_SPLINE_CURVE_WITH_KNOTS('',7,(#2464,#2465,#2466,#2467,#2468,
    #2469,#2470,#2471,#2472,#2473,#2474,#2475,#2476,#2477,#2478,#2479,
    #2480,#2481,#2482,#2483,#2484,#2485,#2486,#2487,#2488,#2489,#2490,
    #2491,#2492,#2493,#2494,#2495,#2496,#2497,#2498,#2499,#2500,#2501),
  .UNSPECIFIED.,.F.,.F.,(8,6,6,6,6,6,8),(0.,0.291430202979,
    0.367084816944,0.499999876786,0.632843037818,0.70838842466,1.),
  .UNSPECIFIED.);
#2464 = CARTESIAN_POINT('',(-294.,310.,929.3781070803));
#2465 = CARTESIAN_POINT('',(-294.,310.49232660438,928.84723208749));
#2466 = CARTESIAN_POINT('',(-294.0176738212,310.95468284476,
    928.30008672448));
#2467 = CARTESIAN_POINT('',(-294.049149156,311.38566354128,
    927.73661273268));
#2468 = CARTESIAN_POINT('',(-294.0907230796,311.78258087601,
    927.15652365795));
#2469 = CARTESIAN_POINT('',(-294.1383631377,312.14137733543,
    926.55955137657));
#2470 = CARTESIAN_POINT('',(-294.1874396682,312.45672745431,
    925.94532345737));
#2471 = CARTESIAN_POINT('',(-294.2451723597,312.79111032738,
    925.14878012256));
#2472 = CARTESIAN_POINT('',(-294.2568482814,312.8566401595,
    924.98344852202));
#2473 = CARTESIAN_POINT('',(-294.2682150058,312.91864713912,
    924.81700512808));
#2474 = CARTESIAN_POINT('',(-294.2791870637,312.97700055845,
    924.6494985377));
#2475 = CARTESIAN_POINT('',(-294.2896814656,313.03157621587,
    924.48097033623));
#2476 = CARTESIAN_POINT('',(-294.2996189929,313.08225582807,
    924.31145511444));
#2477 = CARTESIAN_POINT('',(-294.3252757597,313.21092048285,
    923.84147931454));
#2478 = CARTESIAN_POINT('',(-294.3396921102,313.28060985342,
    923.53876315054));
#2479 = CARTESIAN_POINT('',(-294.3517332081,313.33717751279,
    923.23358263467));
#2480 = CARTESIAN_POINT('',(-294.361030189,313.3800254334,
    922.92657715042));
#2481 = CARTESIAN_POINT('',(-294.3673217739,313.40875166012,
    922.61830637756));
#2482 = CARTESIAN_POINT('',(-294.3704722389,313.42313627622,
    922.30928206174));
#2483 = CARTESIAN_POINT('',(-294.3704722389,313.42313627622,
    921.69088524068));
#2484 = CARTESIAN_POINT('',(-294.3673251813,313.4087672182,
    921.38202759377));
#2485 = CARTESIAN_POINT('',(-294.3610403834,313.38007197889,
    921.07392223552));
#2486 = CARTESIAN_POINT('',(-294.3517532784,313.33727001416,
    920.76708024548));
#2487 = CARTESIAN_POINT('',(-294.3397245968,313.28076247029,
    920.46206051612));
#2488 = CARTESIAN_POINT('',(-294.325322451,313.21114617632,
    920.15950144756));
#2489 = CARTESIAN_POINT('',(-294.299697846,313.08265604773,
    919.68991831557));
#2490 = CARTESIAN_POINT('',(-294.2897787915,313.03207753464,
    919.52064045267));
#2491 = CARTESIAN_POINT('',(-294.2793039794,312.9776134285,
    919.3523464138));
#2492 = CARTESIAN_POINT('',(-294.2683522691,312.91938149635,
    919.18507071743));
#2493 = CARTESIAN_POINT('',(-294.2570062777,312.85750540625,
    919.01885484242));
#2494 = CARTESIAN_POINT('',(-294.2453510968,312.7921153114,
    918.85374724492));
#2495 = CARTESIAN_POINT('',(-294.1876225943,312.4579024791,
    918.05696618898));
#2496 = CARTESIAN_POINT('',(-294.1385112405,312.14249223014,
    917.44230412288));
#2497 = CARTESIAN_POINT('',(-294.0908264976,311.78356786764,
    916.84491891063));
#2498 = CARTESIAN_POINT('',(-294.0492078204,311.38646705387,
    916.26443770215));
#2499 = CARTESIAN_POINT('',(-294.0176957345,310.95525690737,
    915.70059252803));
#2500 = CARTESIAN_POINT('',(-294.,310.49263172438,915.1530969229));
#2501 = CARTESIAN_POINT('',(-294.,310.,914.62189291969));
#2502 = ORIENTED_EDGE('',*,*,#2503,.F.);
#2503 = EDGE_CURVE('',#2390,#2461,#2504,.T.);
#2504 = B_SPLINE_CURVE_WITH_KNOTS('',8,(#2505,#2506,#2507,#2508,#2509,
    #2510,#2511,#2512,#2513,#2514,#2515,#2516,#2517,#2518,#2519,#2520,
    #2521,#2522,#2523,#2524,#2525,#2526,#2527,#2528,#2529,#2530,#2531,
    #2532,#2533,#2534,#2535,#2536,#2537,#2538,#2539,#2540,#2541,#2542,
    #2543,#2544,#2545,#2546,#2547,#2548,#2549,#2550,#2551,#2552,#2553,
    #2554,#2555,#2556,#2557,#2558,#2559,#2560,#2561,#2562),
  .UNSPECIFIED.,.F.,.F.,(9,7,7,7,7,7,7,7,9),(0.,0.112908689868,
    0.273159863878,0.447173780186,0.510253357561,0.583057175746,
    0.684494794622,0.759670836803,1.),.UNSPECIFIED.);
#2505 = CARTESIAN_POINT('',(-311.7635552611,294.09748847379,922.));
#2506 = CARTESIAN_POINT('',(-311.7635552611,294.09748847379,
    922.42496023812));
#2507 = CARTESIAN_POINT('',(-311.7364874014,294.09448697197,
    922.84844830187));
#2508 = CARTESIAN_POINT('',(-311.6826807369,294.08851929459,
    923.26976612893));
#2509 = CARTESIAN_POINT('',(-311.6028548018,294.07992812349,
    923.68815780646));
#2510 = CARTESIAN_POINT('',(-311.4981463812,294.06934584266,
    924.10270694087));
#2511 = CARTESIAN_POINT('',(-311.3701483363,294.05763236868,
    924.51225631051));
#2512 = CARTESIAN_POINT('',(-311.2209604815,294.04576846493,
    924.91534980118));
#2513 = CARTESIAN_POINT('',(-310.8152247925,294.01900152307,
    925.87060226811));
#2514 = CARTESIAN_POINT('',(-310.5387668585,294.00483653563,
    926.41704007229));
#2515 = CARTESIAN_POINT('',(-310.2283537291,293.99479096693,
    926.95009478848));
#2516 = CARTESIAN_POINT('',(-309.8878761139,293.99148205782,
    927.47007552145));
#2517 = CARTESIAN_POINT('',(-309.5205550348,293.99735188675,
    927.97718298232));
#2518 = CARTESIAN_POINT('',(-309.1288948546,294.01467328025,
    928.47159683388));
#2519 = CARTESIAN_POINT('',(-308.714684158,294.04569155165,
    928.95347311922));
#2520 = CARTESIAN_POINT('',(-307.8060107669,294.14399797664,
    929.9325208777));
#2521 = CARTESIAN_POINT('',(-307.3085296615,294.21408370301,
    930.42656995786));
#2522 = CARTESIAN_POINT('',(-306.7875879657,294.30612348533,
    930.90578486875));
#2523 = CARTESIAN_POINT('',(-306.2436077683,294.42343248207,
    931.37007425764));
#2524 = CARTESIAN_POINT('',(-305.6769145651,294.56978812358,
    931.81838367694));
#2525 = CARTESIAN_POINT('',(-305.0881071038,294.74951877346,
    932.2485752238));
#2526 = CARTESIAN_POINT('',(-304.4783653371,294.96752656987,
    932.65728245684));
#2527 = CARTESIAN_POINT('',(-303.6218424177,295.3241682034,
    933.17840755728));
#2528 = CARTESIAN_POINT('',(-303.3913473943,295.42485693009,
    933.31368759432));
#2529 = CARTESIAN_POINT('',(-303.1583360175,295.53161860626,
    933.44536344941));
#2530 = CARTESIAN_POINT('',(-302.9229277157,295.64473056535,
    933.57317063158));
#2531 = CARTESIAN_POINT('',(-302.6852637768,295.76447747959,
    933.69681720294));
#2532 = CARTESIAN_POINT('',(-302.4455074452,295.89115137839,
    933.81598381236));
#2533 = CARTESIAN_POINT('',(-302.2038440176,296.02505166679,
    933.93032372921));
#2534 = CARTESIAN_POINT('',(-301.6796014212,296.32972176619,
    934.16542673108));
#2535 = CARTESIAN_POINT('',(-301.3960891788,296.50320746198,
    934.28462780817));
#2536 = CARTESIAN_POINT('',(-301.110721223,296.68718865743,
    934.39624838726));
#2537 = CARTESIAN_POINT('',(-300.8242755921,296.88187335565,
    934.4995067717));
#2538 = CARTESIAN_POINT('',(-300.537529484,297.0874295139,
    934.59365539222));
#2539 = CARTESIAN_POINT('',(-300.2512573881,297.30398342075,
    934.67797890998));
#2540 = CARTESIAN_POINT('',(-299.9662292175,297.53161807332,
    934.75179231958));
#2541 = CARTESIAN_POINT('',(-299.2888753623,298.10302697316,
    934.9017247953));
#2542 = CARTESIAN_POINT('',(-298.8985080348,298.45720918911,
    934.96731776459));
#2543 = CARTESIAN_POINT('',(-298.5164201433,298.83111098483,
    935.00895647153));
#2544 = CARTESIAN_POINT('',(-298.1464127992,299.22236835606,
    935.02526513227));
#2545 = CARTESIAN_POINT('',(-297.7917338206,299.62806924771,
    935.01573423842));
#2546 = CARTESIAN_POINT('',(-297.4550484276,300.04477292407,
    934.98071374085));
#2547 = CARTESIAN_POINT('',(-297.1384213511,300.46853997335,
    934.92141884643));
#2548 = CARTESIAN_POINT('',(-296.6246017877,301.2110050411,
    934.7795702002));
#2549 = CARTESIAN_POINT('',(-296.4178760775,301.52826228073,
    934.7070578949));
#2550 = CARTESIAN_POINT('',(-296.2230432579,301.84589385901,
    934.6231179212));
#2551 = CARTESIAN_POINT('',(-296.0399575993,302.16304297634,
    934.52849489416));
#2552 = CARTESIAN_POINT('',(-295.8684197803,302.47884891212,
    934.42397393171));
#2553 = CARTESIAN_POINT('',(-295.7081790585,302.79244909696,
    934.31038295174));
#2554 = CARTESIAN_POINT('',(-295.55893544,303.10298118499,
    934.18859496938));
#2555 = CARTESIAN_POINT('',(-294.9772740753,304.38976267284,
    933.64692578643));
#2556 = CARTESIAN_POINT('',(-294.640778111,305.33482409755,
    933.15783719695));
#2557 = CARTESIAN_POINT('',(-294.3927519502,306.23526598208,
    932.61287754629));
#2558 = CARTESIAN_POINT('',(-294.2170557759,307.0866838816,
    932.02630810923));
#2559 = CARTESIAN_POINT('',(-294.1000922461,307.88798180546,
    931.40725422857));
#2560 = CARTESIAN_POINT('',(-294.0307052556,308.64004331291,
    930.76013450105));
#2561 = CARTESIAN_POINT('',(-294.,309.34435211219,930.0850911527));
#2562 = CARTESIAN_POINT('',(-294.,310.,929.3781070803));
#2563 = ORIENTED_EDGE('',*,*,#2389,.F.);
#2564 = ORIENTED_EDGE('',*,*,#2565,.T.);
#2565 = EDGE_CURVE('',#2381,#2287,#2566,.T.);
#2566 = CIRCLE('',#2567,13.);
#2567 = AXIS2_PLACEMENT_3D('',#2568,#2569,#2570);
#2568 = CARTESIAN_POINT('',(-110.,130.,922.));
#2569 = DIRECTION('',(-0.743294146247,0.668964731622,0.));
#2570 = DIRECTION('',(-0.668964731622,-0.743294146247,0.));
#2571 = ORIENTED_EDGE('',*,*,#2286,.T.);
#2572 = ORIENTED_EDGE('',*,*,#1874,.T.);
#2573 = ORIENTED_EDGE('',*,*,#2574,.F.);
#2574 = EDGE_CURVE('',#2303,#1867,#2575,.T.);
#2575 = ELLIPSE('',#2576,17.489711261196,13.);
#2576 = AXIS2_PLACEMENT_3D('',#2577,#2578,#2579);
#2577 = CARTESIAN_POINT('',(-130.,148.,922.));
#2578 = DIRECTION('',(1.,0.,0.));
#2579 = DIRECTION('',(0.,1.,0.));
#2580 = ORIENTED_EDGE('',*,*,#2302,.F.);
#2581 = CYLINDRICAL_SURFACE('',#2582,13.);
#2582 = AXIS2_PLACEMENT_3D('',#2583,#2584,#2585);
#2583 = CARTESIAN_POINT('',(-110.,130.,922.));
#2584 = DIRECTION('',(-0.743294146247,0.668964731622,0.));
#2585 = DIRECTION('',(-0.668964731622,-0.743294146247,0.));
#2586 = ADVANCED_FACE('',(#2587),#2601,.F.);
#2587 = FACE_BOUND('',#2588,.F.);
#2588 = EDGE_LOOP('',(#2589,#2590,#2597,#2598,#2599,#2600));
#2589 = ORIENTED_EDGE('',*,*,#2310,.F.);
#2590 = ORIENTED_EDGE('',*,*,#2591,.F.);
#2591 = EDGE_CURVE('',#1950,#2311,#2592,.T.);
#2592 = ELLIPSE('',#2593,17.489711261196,13.);
#2593 = AXIS2_PLACEMENT_3D('',#2594,#2595,#2596);
#2594 = CARTESIAN_POINT('',(-130.,-148.,922.));
#2595 = DIRECTION('',(1.,0.,0.));
#2596 = DIRECTION('',(0.,-1.,0.));
#2597 = ORIENTED_EDGE('',*,*,#1949,.F.);
#2598 = ORIENTED_EDGE('',*,*,#1925,.T.);
#2599 = ORIENTED_EDGE('',*,*,#1866,.T.);
#2600 = ORIENTED_EDGE('',*,*,#2574,.F.);
#2601 = PLANE('',#2602);
#2602 = AXIS2_PLACEMENT_3D('',#2603,#2604,#2605);
#2603 = CARTESIAN_POINT('',(-130.,-150.,864.5));
#2604 = DIRECTION('',(1.,0.,0.));
#2605 = DIRECTION('',(0.,0.,1.));
#2606 = ADVANCED_FACE('',(#2607),#2783,.T.);
#2607 = FACE_BOUND('',#2608,.T.);
#2608 = EDGE_LOOP('',(#2609,#2618,#2626,#2651,#2659,#2668,#2676,#2771,
    #2772,#2779,#2780,#2781,#2782));
#2609 = ORIENTED_EDGE('',*,*,#2610,.T.);
#2610 = EDGE_CURVE('',#2350,#2611,#2613,.T.);
#2611 = VERTEX_POINT('',#2612);
#2612 = CARTESIAN_POINT('',(118.69654151109,-120.3371760987,922.));
#2613 = CIRCLE('',#2614,13.);
#2614 = AXIS2_PLACEMENT_3D('',#2615,#2616,#2617);
#2615 = CARTESIAN_POINT('',(110.,-130.,922.));
#2616 = DIRECTION('',(0.743294146247,-0.668964731622,0.));
#2617 = DIRECTION('',(0.668964731622,0.743294146247,0.));
#2618 = ORIENTED_EDGE('',*,*,#2619,.T.);
#2619 = EDGE_CURVE('',#2611,#2620,#2622,.T.);
#2620 = VERTEX_POINT('',#2621);
#2621 = CARTESIAN_POINT('',(311.7635552611,-294.0974884737,922.));
#2622 = LINE('',#2623,#2624);
#2623 = CARTESIAN_POINT('',(118.69654151109,-120.3371760987,922.));
#2624 = VECTOR('',#2625,1.);
#2625 = DIRECTION('',(0.743294146247,-0.668964731622,2.465190328816E-32)
  );
#2626 = ORIENTED_EDGE('',*,*,#2627,.F.);
#2627 = EDGE_CURVE('',#2628,#2620,#2630,.T.);
#2628 = VERTEX_POINT('',#2629);
#2629 = CARTESIAN_POINT('',(307.721097284,-294.1631252321,914.));
#2630 = B_SPLINE_CURVE_WITH_KNOTS('',7,(#2631,#2632,#2633,#2634,#2635,
    #2636,#2637,#2638,#2639,#2640,#2641,#2642,#2643,#2644,#2645,#2646,
    #2647,#2648,#2649,#2650),.UNSPECIFIED.,.F.,.F.,(8,6,6,8),(0.,
    8.863864493404E-02,0.620978828011,1.),.UNSPECIFIED.);
#2631 = CARTESIAN_POINT('',(307.72109668029,-294.163125319,913.9999994)
  );
#2632 = CARTESIAN_POINT('',(307.80751376074,-294.1506900264,
    914.08588556425));
#2633 = CARTESIAN_POINT('',(307.89318816478,-294.1389231138,
    914.17223041958));
#2634 = CARTESIAN_POINT('',(307.97811339306,-294.127806354,
    914.25903149314));
#2635 = CARTESIAN_POINT('',(308.06228235033,-294.1173217749,
    914.34628680419));
#2636 = CARTESIAN_POINT('',(308.14568734541,-294.1074516594,
    914.43399486411));
#2637 = CARTESIAN_POINT('',(308.22832009123,-294.0981785457,
    914.52215467633));
#2638 = CARTESIAN_POINT('',(308.80175077845,-294.0372754628,
    915.14294025225));
#2639 = CARTESIAN_POINT('',(309.26523778416,-294.005968475,
    915.69148029223));
#2640 = CARTESIAN_POINT('',(309.69882819797,-293.9918234286,
    916.25644176057));
#2641 = CARTESIAN_POINT('',(310.09944637054,-293.9914108456,
    916.8381144776));
#2642 = CARTESIAN_POINT('',(310.46260268492,-294.001116981,
    917.43676929235));
#2643 = CARTESIAN_POINT('',(310.78246678499,-294.0168602775,
    918.05278145714));
#2644 = CARTESIAN_POINT('',(311.24405060851,-294.047277696,
    919.13865295089));
#2645 = CARTESIAN_POINT('',(311.41129439817,-294.0610028035,
    919.60127068156));
#2646 = CARTESIAN_POINT('',(311.54953234342,-294.0742783936,
    920.07203647365));
#2647 = CARTESIAN_POINT('',(311.65562353822,-294.0855182712,
    920.54874934641));
#2648 = CARTESIAN_POINT('',(311.72740173723,-294.0934794819,
    921.0297842844));
#2649 = CARTESIAN_POINT('',(311.7635552611,-294.0974884737,
    921.51390715333));
#2650 = CARTESIAN_POINT('',(311.7635552611,-294.0974884737,922.));
#2651 = ORIENTED_EDGE('',*,*,#2652,.T.);
#2652 = EDGE_CURVE('',#2628,#2653,#2655,.T.);
#2653 = VERTEX_POINT('',#2654);
#2654 = CARTESIAN_POINT('',(316.85484866909,-302.3835014787,914.));
#2655 = LINE('',#2656,#2657);
#2656 = CARTESIAN_POINT('',(116.85484866909,-122.3835014787,914.));
#2657 = VECTOR('',#2658,1.);
#2658 = DIRECTION('',(0.743294146247,-0.668964731622,0.));
#2659 = ORIENTED_EDGE('',*,*,#2660,.F.);
#2660 = EDGE_CURVE('',#2661,#2653,#2663,.T.);
#2661 = VERTEX_POINT('',#2662);
#2662 = CARTESIAN_POINT('',(303.1451513309,-317.6164985212,914.));
#2663 = CIRCLE('',#2664,13.);
#2664 = AXIS2_PLACEMENT_3D('',#2665,#2666,#2667);
#2665 = CARTESIAN_POINT('',(310.,-310.,922.));
#2666 = DIRECTION('',(0.743294146247,-0.668964731622,0.));
#2667 = DIRECTION('',(0.668964731622,0.743294146247,0.));
#2668 = ORIENTED_EDGE('',*,*,#2669,.F.);
#2669 = EDGE_CURVE('',#2670,#2661,#2672,.T.);
#2670 = VERTEX_POINT('',#2671);
#2671 = CARTESIAN_POINT('',(294.01139994581,-309.3961222746,914.));
#2672 = LINE('',#2673,#2674);
#2673 = CARTESIAN_POINT('',(103.1451513309,-137.6164985212,914.));
#2674 = VECTOR('',#2675,1.);
#2675 = DIRECTION('',(0.743294146247,-0.668964731622,0.));
#2676 = ORIENTED_EDGE('',*,*,#2677,.F.);
#2677 = EDGE_CURVE('',#2620,#2670,#2678,.T.);
#2678 = B_SPLINE_CURVE_WITH_KNOTS('',7,(#2679,#2680,#2681,#2682,#2683,
    #2684,#2685,#2686,#2687,#2688,#2689,#2690,#2691,#2692,#2693,#2694,
    #2695,#2696,#2697,#2698,#2699,#2700,#2701,#2702,#2703,#2704,#2705,
    #2706,#2707,#2708,#2709,#2710,#2711,#2712,#2713,#2714,#2715,#2716,
    #2717,#2718,#2719,#2720,#2721,#2722,#2723,#2724,#2725,#2726,#2727,
    #2728,#2729,#2730,#2731,#2732,#2733,#2734,#2735,#2736,#2737,#2738,
    #2739,#2740,#2741,#2742,#2743,#2744,#2745,#2746,#2747,#2748,#2749,
    #2750,#2751,#2752,#2753,#2754,#2755,#2756,#2757,#2758,#2759,#2760,
    #2761,#2762,#2763,#2764,#2765,#2766,#2767,#2768,#2769,#2770),
  .UNSPECIFIED.,.F.,.F.,(8,6,6,6,6,6,6,6,6,6,6,6,6,6,6,8),(0.,
    7.197750455436E-02,0.172918542115,0.284914496623,0.325178667069,
    0.371571401805,0.436238515356,0.484157584417,0.525137617686,
    0.637104121251,0.739430471186,0.81047883975,0.856292436298,
    0.882345759983,0.98303576027,1.),.UNSPECIFIED.);
#2679 = CARTESIAN_POINT('',(311.7635552611,-294.0974884737,922.));
#2680 = CARTESIAN_POINT('',(311.7635552611,-294.0974884737,
    922.48566852861));
#2681 = CARTESIAN_POINT('',(311.72746482842,-294.0934864765,
    922.96937423286));
#2682 = CARTESIAN_POINT('',(311.65581043028,-294.0855390018,
    923.45000022621));
#2683 = CARTESIAN_POINT('',(311.54989948621,-294.0743172784,
    923.9263139253));
#2684 = CARTESIAN_POINT('',(311.41189175696,-294.06106017,
    924.39669337079));
#2685 = CARTESIAN_POINT('',(311.24491894636,-294.0473490378,
    924.85894267902));
#2686 = CARTESIAN_POINT('',(310.7844600858,-294.016971933,
    925.94303381101));
#2687 = CARTESIAN_POINT('',(310.46563709943,-294.0012412758,
    926.55769587711));
#2688 = CARTESIAN_POINT('',(310.10369016369,-293.9914971275,
    927.15508108937));
#2689 = CARTESIAN_POINT('',(309.70441446567,-293.9917930036,
    927.73556229783));
#2690 = CARTESIAN_POINT('',(309.27227879714,-294.0057201711,
    928.29940747197));
#2691 = CARTESIAN_POINT('',(308.81035199109,-294.0366850676,
    928.84690307709));
#2692 = CARTESIAN_POINT('',(307.77687774947,-294.1457740153,
    929.96748778032));
#2693 = CARTESIAN_POINT('',(307.19996748406,-294.2285750779,
    930.53561841494));
#2694 = CARTESIAN_POINT('',(306.59138746738,-294.3417949729,
    931.08385067037));
#2695 = CARTESIAN_POINT('',(305.95162115539,-294.490968292,
    931.61171641438));
#2696 = CARTESIAN_POINT('',(305.28124528503,-294.6827152906,
    932.11671206339));
#2697 = CARTESIAN_POINT('',(304.58184007832,-294.924848048,
    932.59389869708));
#2698 = CARTESIAN_POINT('',(303.59607034745,-295.3347557416,
    933.19423875298));
#2699 = CARTESIAN_POINT('',(303.33189503961,-295.4509005237,
    933.34849996746));
#2700 = CARTESIAN_POINT('',(303.06437987268,-295.5752263622,
    933.49788746943));
#2701 = CARTESIAN_POINT('',(302.79372383594,-295.7081817183,
    933.64196683858));
#2702 = CARTESIAN_POINT('',(302.52016994208,-295.850229947,
    933.78024834672));
#2703 = CARTESIAN_POINT('',(302.24400550594,-296.0018493495,
    933.91218705085));
#2704 = CARTESIAN_POINT('',(301.64473783068,-296.3498268214,
    934.18120419775));
#2705 = CARTESIAN_POINT('',(301.32041880981,-296.5497544045,
    934.31621860827));
#2706 = CARTESIAN_POINT('',(300.99383398174,-296.7637144932,
    934.44092775356));
#2707 = CARTESIAN_POINT('',(300.66621558952,-296.99203027,
    934.55410240175));
#2708 = CARTESIAN_POINT('',(300.33879457318,-297.23494531,
    934.65457745746));
#2709 = CARTESIAN_POINT('',(300.01279564477,-297.4926193114,
    934.74124696594));
#2710 = CARTESIAN_POINT('',(299.23869432976,-298.1449695152,
    934.91315850916));
#2711 = CARTESIAN_POINT('',(298.79317930397,-298.5535445679,
    934.98436802069));
#2712 = CARTESIAN_POINT('',(298.35979628507,-298.9879663536,
    935.0230561155));
#2713 = CARTESIAN_POINT('',(297.94442991985,-299.4442386684,
    935.02736268845));
#2714 = CARTESIAN_POINT('',(297.5518317983,-299.9172747602,
    934.99714710936));
#2715 = CARTESIAN_POINT('',(297.18555732523,-300.4009629709,
    934.93398671351));
#2716 = CARTESIAN_POINT('',(296.59777593002,-301.2493787615,
    934.77248879802));
#2717 = CARTESIAN_POINT('',(296.36357172739,-301.6121431954,
    934.68756075311));
#2718 = CARTESIAN_POINT('',(296.14519660248,-301.9752046091,
    934.58756966777));
#2719 = CARTESIAN_POINT('',(295.94239939261,-302.3371866345,
    934.47372108003));
#2720 = CARTESIAN_POINT('',(295.754822527,-302.6967057631,
    934.34730414266));
#2721 = CARTESIAN_POINT('',(295.58200782367,-303.0523768892,
    934.20969776359));
#2722 = CARTESIAN_POINT('',(295.28776400464,-303.7025142257,
    933.93638890253));
#2723 = CARTESIAN_POINT('',(295.16232084555,-303.9988200807,
    933.80311372603));
#2724 = CARTESIAN_POINT('',(295.04651915644,-304.2914338291,
    933.66319146397));
#2725 = CARTESIAN_POINT('',(294.93982563192,-304.580098849,
    933.51720369403));
#2726 = CARTESIAN_POINT('',(294.84172727197,-304.8646042389,
    933.36567326067));
#2727 = CARTESIAN_POINT('',(294.75173134,-305.1447845707,933.20906421132
    ));
#2728 = CARTESIAN_POINT('',(294.44432316139,-306.173888774,
    932.60712237244));
#2729 = CARTESIAN_POINT('',(294.27580492426,-306.8955280738,
    932.13072382248));
#2730 = CARTESIAN_POINT('',(294.1544975436,-307.5830292033,
    931.62642524121));
#2731 = CARTESIAN_POINT('',(294.07244522561,-308.2356300272,
    931.0992033439));
#2732 = CARTESIAN_POINT('',(294.02298584791,-308.8534557384,
    930.55159053385));
#2733 = CARTESIAN_POINT('',(294.00055426042,-309.4366259935,
    929.98407305331));
#2734 = CARTESIAN_POINT('',(293.99950870955,-310.4843082098,
    928.85722497861));
#2735 = CARTESIAN_POINT('',(294.01728934764,-310.9537910335,
    928.30238822037));
#2736 = CARTESIAN_POINT('',(294.0493061847,-311.3910264694,
    927.73074398031));
#2737 = CARTESIAN_POINT('',(294.09169919462,-311.7932049113,
    927.1420013491));
#2738 = CARTESIAN_POINT('',(294.14025530936,-312.1560701486,
    926.53589137527));
#2739 = CARTESIAN_POINT('',(294.19012245473,-312.474031127,
    925.91203122361));
#2740 = CARTESIAN_POINT('',(294.26855838633,-312.9252291721,
    924.82331720445));
#2741 = CARTESIAN_POINT('',(294.29909429716,-313.0858927409,
    924.36653199548));
#2742 = CARTESIAN_POINT('',(294.32613757787,-313.2184056703,
    923.90187631634));
#2743 = CARTESIAN_POINT('',(294.34787065134,-313.3199441893,
    923.43147420705));
#2744 = CARTESIAN_POINT('',(294.36290372142,-313.3885780441,
    922.95690489041));
#2745 = CARTESIAN_POINT('',(294.37047223891,-313.4231362762,
    922.47937950745));
#2746 = CARTESIAN_POINT('',(294.37047223891,-313.4231362762,
    921.69088524069));
#2747 = CARTESIAN_POINT('',(294.36732518134,-313.4087672182,
    921.38202759377));
#2748 = CARTESIAN_POINT('',(294.36104038348,-313.3800719788,
    921.07392223552));
#2749 = CARTESIAN_POINT('',(294.35175327849,-313.3372700141,
    920.76708024548));
#2750 = CARTESIAN_POINT('',(294.33972459687,-313.2807624702,
    920.46206051612));
#2751 = CARTESIAN_POINT('',(294.32532245107,-313.2111461763,
    920.15950144757));
#2752 = CARTESIAN_POINT('',(294.29969784603,-313.0826560477,
    919.68991831557));
#2753 = CARTESIAN_POINT('',(294.28977879158,-313.0320775346,
    919.52064045267));
#2754 = CARTESIAN_POINT('',(294.27930397946,-312.9776134285,
    919.3523464138));
#2755 = CARTESIAN_POINT('',(294.26835226917,-312.9193814963,
    919.18507071743));
#2756 = CARTESIAN_POINT('',(294.25700627772,-312.8575054062,
    919.01885484242));
#2757 = CARTESIAN_POINT('',(294.24535109689,-312.7921153114,
    918.85374724492));
#2758 = CARTESIAN_POINT('',(294.18756698652,-312.4575805437,
    918.05619867805));
#2759 = CARTESIAN_POINT('',(294.13839216408,-312.1417274082,
    917.44081396636));
#2760 = CARTESIAN_POINT('',(294.09065316291,-311.7822627768,
    916.84274729755));
#2761 = CARTESIAN_POINT('',(294.04900618997,-311.3845422328,
    916.2616246777));
#2762 = CARTESIAN_POINT('',(294.01750497292,-310.9526442222,
    915.69717702734));
#2763 = CARTESIAN_POINT('',(293.99987160381,-310.4892674361,
    915.14911651091));
#2764 = CARTESIAN_POINT('',(294.00002227046,-309.9126829315,
    914.52780024155));
#2765 = CARTESIAN_POINT('',(294.0005482161,-309.8286907694,
    914.43867527094));
#2766 = CARTESIAN_POINT('',(294.00159700453,-309.7438498526,
    914.35001170265));
#2767 = CARTESIAN_POINT('',(294.00318745584,-309.6581668165,
    914.26181054818));
#2768 = CARTESIAN_POINT('',(294.00533858886,-309.5716476512,
    914.17407333354));
#2769 = CARTESIAN_POINT('',(294.0080696211,-309.4842977011,
    914.08680209917));
#2770 = CARTESIAN_POINT('',(294.01139996883,-309.3961216651,913.9999994)
  );
#2771 = ORIENTED_EDGE('',*,*,#2619,.F.);
#2772 = ORIENTED_EDGE('',*,*,#2773,.T.);
#2773 = EDGE_CURVE('',#2611,#2342,#2774,.T.);
#2774 = CIRCLE('',#2775,13.);
#2775 = AXIS2_PLACEMENT_3D('',#2776,#2777,#2778);
#2776 = CARTESIAN_POINT('',(110.,-130.,922.));
#2777 = DIRECTION('',(0.743294146247,-0.668964731622,0.));
#2778 = DIRECTION('',(0.668964731622,0.743294146247,0.));
#2779 = ORIENTED_EDGE('',*,*,#2341,.T.);
#2780 = ORIENTED_EDGE('',*,*,#1974,.F.);
#2781 = ORIENTED_EDGE('',*,*,#2052,.T.);
#2782 = ORIENTED_EDGE('',*,*,#2357,.F.);
#2783 = CYLINDRICAL_SURFACE('',#2784,13.);
#2784 = AXIS2_PLACEMENT_3D('',#2785,#2786,#2787);
#2785 = CARTESIAN_POINT('',(110.,-130.,922.));
#2786 = DIRECTION('',(0.743294146247,-0.668964731622,0.));
#2787 = DIRECTION('',(0.668964731622,0.743294146247,0.));
#2788 = ADVANCED_FACE('',(#2789),#2985,.T.);
#2789 = FACE_BOUND('',#2790,.T.);
#2790 = EDGE_LOOP('',(#2791,#2800,#2808,#2827,#2840,#2848,#2857,#2865,
    #2956,#2973,#2974,#2981,#2982,#2983,#2984));
#2791 = ORIENTED_EDGE('',*,*,#2792,.T.);
#2792 = EDGE_CURVE('',#2327,#2793,#2795,.T.);
#2793 = VERTEX_POINT('',#2794);
#2794 = CARTESIAN_POINT('',(-101.3034584889,-139.6628239012,922.));
#2795 = CIRCLE('',#2796,13.);
#2796 = AXIS2_PLACEMENT_3D('',#2797,#2798,#2799);
#2797 = CARTESIAN_POINT('',(-110.,-130.,922.));
#2798 = DIRECTION('',(-0.743294146247,-0.668964731622,0.));
#2799 = DIRECTION('',(0.668964731622,-0.743294146247,0.));
#2800 = ORIENTED_EDGE('',*,*,#2801,.T.);
#2801 = EDGE_CURVE('',#2793,#2802,#2804,.T.);
#2802 = VERTEX_POINT('',#2803);
#2803 = CARTESIAN_POINT('',(-294.3704722389,-313.4231362762,922.));
#2804 = LINE('',#2805,#2806);
#2805 = CARTESIAN_POINT('',(-101.3034584889,-139.6628239012,922.));
#2806 = VECTOR('',#2807,1.);
#2807 = DIRECTION('',(-0.743294146247,-0.668964731622,
    -2.465190328816E-32));
#2808 = ORIENTED_EDGE('',*,*,#2809,.F.);
#2809 = EDGE_CURVE('',#2810,#2802,#2812,.T.);
#2810 = VERTEX_POINT('',#2811);
#2811 = CARTESIAN_POINT('',(-294.,-310.,914.62189291969));
#2812 = B_SPLINE_CURVE_WITH_KNOTS('',7,(#2813,#2814,#2815,#2816,#2817,
    #2818,#2819,#2820,#2821,#2822,#2823,#2824,#2825,#2826),
  .UNSPECIFIED.,.F.,.F.,(8,6,8),(0.,0.583388296834,1.),.UNSPECIFIED.);
#2813 = CARTESIAN_POINT('',(-294.,-310.,914.62189291969));
#2814 = CARTESIAN_POINT('',(-294.,-310.4923266043,915.1527679125));
#2815 = CARTESIAN_POINT('',(-294.0176738212,-310.9546828447,
    915.69991327551));
#2816 = CARTESIAN_POINT('',(-294.049149156,-311.3856635412,
    916.26338726731));
#2817 = CARTESIAN_POINT('',(-294.0907230796,-311.782580876,
    916.84347634204));
#2818 = CARTESIAN_POINT('',(-294.1383631377,-312.1413773354,
    917.44044862342));
#2819 = CARTESIAN_POINT('',(-294.1874396682,-312.4567274543,
    918.05467654262));
#2820 = CARTESIAN_POINT('',(-294.2660052315,-312.9117725616,
    919.13865295555));
#2821 = CARTESIAN_POINT('',(-294.2972104867,-313.0766515902,
    919.6012706702));
#2822 = CARTESIAN_POINT('',(-294.3249238972,-313.2127322235,
    920.07203648083));
#2823 = CARTESIAN_POINT('',(-294.3472383211,-313.3170574039,
    920.5487493532));
#2824 = CARTESIAN_POINT('',(-294.3626902745,-313.3876033275,
    921.02978427257));
#2825 = CARTESIAN_POINT('',(-294.3704722389,-313.4231362762,
    921.5139071585));
#2826 = CARTESIAN_POINT('',(-294.3704722389,-313.4231362762,922.));
#2827 = ORIENTED_EDGE('',*,*,#2828,.F.);
#2828 = EDGE_CURVE('',#2829,#2810,#2831,.T.);
#2829 = VERTEX_POINT('',#2830);
#2830 = CARTESIAN_POINT('',(-294.0113999458,-309.3961222746,914.));
#2831 = B_SPLINE_CURVE_WITH_KNOTS('',4,(#2832,#2833,#2834,#2835,#2836,
    #2837,#2838,#2839),.UNSPECIFIED.,.F.,.F.,(5,3,5),(0.,0.936623730163,
    1.),.UNSPECIFIED.);
#2832 = CARTESIAN_POINT('',(-294.0113999688,-309.3961216651,913.9999994)
  );
#2833 = CARTESIAN_POINT('',(-294.005901998,-309.5416888273,
    914.14329936186));
#2834 = CARTESIAN_POINT('',(-294.002270734,-309.6846829835,
    914.28805868305));
#2835 = CARTESIAN_POINT('',(-294.0003635013,-309.8250695797,
    914.43425857428));
#2836 = CARTESIAN_POINT('',(-294.0000215843,-309.9721154774,
    914.5918842874));
#2837 = CARTESIAN_POINT('',(-294.0000071806,-309.9814225191,
    914.60188059193));
#2838 = CARTESIAN_POINT('',(-294.,-309.9907173655,914.61188346976));
#2839 = CARTESIAN_POINT('',(-294.,-310.,914.62189291969));
#2840 = ORIENTED_EDGE('',*,*,#2841,.T.);
#2841 = EDGE_CURVE('',#2829,#2842,#2844,.T.);
#2842 = VERTEX_POINT('',#2843);
#2843 = CARTESIAN_POINT('',(-303.1451513309,-317.6164985212,914.));
#2844 = LINE('',#2845,#2846);
#2845 = CARTESIAN_POINT('',(-103.1451513309,-137.6164985212,914.));
#2846 = VECTOR('',#2847,1.);
#2847 = DIRECTION('',(-0.743294146247,-0.668964731622,0.));
#2848 = ORIENTED_EDGE('',*,*,#2849,.F.);
#2849 = EDGE_CURVE('',#2850,#2842,#2852,.T.);
#2850 = VERTEX_POINT('',#2851);
#2851 = CARTESIAN_POINT('',(-316.854848669,-302.3835014787,914.));
#2852 = CIRCLE('',#2853,13.);
#2853 = AXIS2_PLACEMENT_3D('',#2854,#2855,#2856);
#2854 = CARTESIAN_POINT('',(-310.,-310.,922.));
#2855 = DIRECTION('',(-0.743294146247,-0.668964731622,0.));
#2856 = DIRECTION('',(0.668964731622,-0.743294146247,0.));
#2857 = ORIENTED_EDGE('',*,*,#2858,.F.);
#2858 = EDGE_CURVE('',#2859,#2850,#2861,.T.);
#2859 = VERTEX_POINT('',#2860);
#2860 = CARTESIAN_POINT('',(-307.721097284,-294.1631252321,914.));
#2861 = LINE('',#2862,#2863);
#2862 = CARTESIAN_POINT('',(-116.854848669,-122.3835014787,914.));
#2863 = VECTOR('',#2864,1.);
#2864 = DIRECTION('',(-0.743294146247,-0.668964731622,0.));
#2865 = ORIENTED_EDGE('',*,*,#2866,.F.);
#2866 = EDGE_CURVE('',#2867,#2859,#2869,.T.);
#2867 = VERTEX_POINT('',#2868);
#2868 = CARTESIAN_POINT('',(-294.,-310.,929.3781070803));
#2869 = B_SPLINE_CURVE_WITH_KNOTS('',8,(#2870,#2871,#2872,#2873,#2874,
    #2875,#2876,#2877,#2878,#2879,#2880,#2881,#2882,#2883,#2884,#2885,
    #2886,#2887,#2888,#2889,#2890,#2891,#2892,#2893,#2894,#2895,#2896,
    #2897,#2898,#2899,#2900,#2901,#2902,#2903,#2904,#2905,#2906,#2907,
    #2908,#2909,#2910,#2911,#2912,#2913,#2914,#2915,#2916,#2917,#2918,
    #2919,#2920,#2921,#2922,#2923,#2924,#2925,#2926,#2927,#2928,#2929,
    #2930,#2931,#2932,#2933,#2934,#2935,#2936,#2937,#2938,#2939,#2940,
    #2941,#2942,#2943,#2944,#2945,#2946,#2947,#2948,#2949,#2950,#2951,
    #2952,#2953,#2954,#2955),.UNSPECIFIED.,.F.,.F.,(9,7,7,7,7,7,7,7,7,7,
    7,7,9),(0.,0.184024497982,0.240121324182,0.318315029488,
    0.376257457392,0.425809392974,0.561196227227,0.684926451333,
    0.770836195698,0.826232743818,0.85773571036,0.979487305225,1.),
  .UNSPECIFIED.);
#2870 = CARTESIAN_POINT('',(-294.,-310.,929.3781070803));
#2871 = CARTESIAN_POINT('',(-294.,-309.348773686,930.08032337661));
#2872 = CARTESIAN_POINT('',(-294.030292508,-308.6495283127,
    930.75104148587));
#2873 = CARTESIAN_POINT('',(-294.0986957287,-307.9031718161,
    931.39417316551));
#2874 = CARTESIAN_POINT('',(-294.213917292,-307.1082724547,
    932.00960904291));
#2875 = CARTESIAN_POINT('',(-294.3868563025,-306.2639526822,
    932.59308146317));
#2876 = CARTESIAN_POINT('',(-294.630788286,-305.3712387778,
    933.13574960708));
#2877 = CARTESIAN_POINT('',(-294.9614665399,-304.4343447652,
    933.6237812748));
#2878 = CARTESIAN_POINT('',(-295.5292220945,-303.1661165776,
    934.16320153377));
#2879 = CARTESIAN_POINT('',(-295.6717542779,-302.8661550499,
    934.28246500563));
#2880 = CARTESIAN_POINT('',(-295.8245086483,-302.5632512865,
    934.3941618241));
#2881 = CARTESIAN_POINT('',(-295.987776241,-302.2581485422,
    934.49751507768));
#2882 = CARTESIAN_POINT('',(-296.1618090346,-301.9515941586,
    934.59178054765));
#2883 = CARTESIAN_POINT('',(-296.3468181648,-301.644337895,
    934.67624483456));
#2884 = CARTESIAN_POINT('',(-296.5429721384,-301.3371302602,
    934.75022348482));
#2885 = CARTESIAN_POINT('',(-297.0395230928,-300.6036149051,
    934.90064608516));
#2886 = CARTESIAN_POINT('',(-297.3504903204,-300.178142738,
    934.9665656428));
#2887 = CARTESIAN_POINT('',(-297.6819583234,-299.7587877325,
    935.00854807994));
#2888 = CARTESIAN_POINT('',(-298.0319812206,-299.3495823797,
    935.02520940197));
#2889 = CARTESIAN_POINT('',(-298.3980099633,-298.954066826,
    935.01603184629));
#2890 = CARTESIAN_POINT('',(-298.776908435,-298.5752576406,
    934.9813570104));
#2891 = CARTESIAN_POINT('',(-299.1649813408,-298.2156267956,
    934.92239159167));
#2892 = CARTESIAN_POINT('',(-299.8492554918,-297.6262318659,
    934.78108091561));
#2893 = CARTESIAN_POINT('',(-300.1429928642,-297.3871519911,
    934.70879276433));
#2894 = CARTESIAN_POINT('',(-300.4383692951,-297.1598543335,
    934.62506632477));
#2895 = CARTESIAN_POINT('',(-300.7345158778,-296.9442868659,
    934.5306453739));
#2896 = CARTESIAN_POINT('',(-301.0305538049,-296.7403443778,
    934.42631472852));
#2897 = CARTESIAN_POINT('',(-301.3255966641,-296.5478704191,
    934.31290254789));
#2898 = CARTESIAN_POINT('',(-301.6187527332,-296.3666592437,
    934.19128263643));
#2899 = CARTESIAN_POINT('',(-302.1574534349,-296.0509026983,
    933.952137383));
#2900 = CARTESIAN_POINT('',(-302.4040541554,-295.9132185946,
    933.83643252016));
#2901 = CARTESIAN_POINT('',(-302.6487050399,-295.7830811733,
    933.71566231224));
#2902 = CARTESIAN_POINT('',(-302.8912056161,-295.6601738702,
    933.590197579));
#2903 = CARTESIAN_POINT('',(-303.1313792422,-295.5441878199,
    933.46037978152));
#2904 = CARTESIAN_POINT('',(-303.3690730134,-295.4348218502,
    933.32652099833));
#2905 = CARTESIAN_POINT('',(-303.6041576687,-295.3317824758,
    933.18890390147));
#2906 = CARTESIAN_POINT('',(-304.4714131994,-294.9697623348,
    932.66220479245));
#2907 = CARTESIAN_POINT('',(-305.0870830939,-294.7493975707,
    932.24982345997));
#2908 = CARTESIAN_POINT('',(-305.681429275,-294.5680590979,
    931.81553720919));
#2909 = CARTESIAN_POINT('',(-306.2532336301,-294.420704898,
    931.36281429256));
#2910 = CARTESIAN_POINT('',(-306.8018823295,-294.3028875906,
    930.89384854013));
#2911 = CARTESIAN_POINT('',(-307.3270435109,-294.2107310135,
    930.40971116372));
#2912 = CARTESIAN_POINT('',(-307.8282793371,-294.1408369658,
    929.91047678254));
#2913 = CARTESIAN_POINT('',(-308.7398404796,-294.0436966834,
    928.92448471717));
#2914 = CARTESIAN_POINT('',(-309.1535894947,-294.0133699869,
    928.44109740993));
#2915 = CARTESIAN_POINT('',(-309.5446412713,-293.9966838469,
    927.94511057033));
#2916 = CARTESIAN_POINT('',(-309.9111622948,-293.9913827957,
    927.4363726647));
#2917 = CARTESIAN_POINT('',(-310.2505996385,-293.9951772632,
    926.91471010891));
#2918 = CARTESIAN_POINT('',(-310.5596828209,-294.0056040318,
    926.37992633735));
#2919 = CARTESIAN_POINT('',(-310.8344728994,-294.0200253435,
    925.83171088289));
#2920 = CARTESIAN_POINT('',(-311.2342943882,-294.04683469,
    924.87908611612));
#2921 = CARTESIAN_POINT('',(-311.3799368996,-294.0585306484,
    924.48072829772));
#2922 = CARTESIAN_POINT('',(-311.5048194946,-294.0700209362,
    924.07612219602));
#2923 = CARTESIAN_POINT('',(-311.6069313013,-294.0803669445,
    923.66667526169));
#2924 = CARTESIAN_POINT('',(-311.6847480236,-294.0887485837,
    923.2535107133));
#2925 = CARTESIAN_POINT('',(-311.7371839202,-294.0945641917,
    922.83752354467));
#2926 = CARTESIAN_POINT('',(-311.7635552611,-294.0974884737,
    922.41945706902));
#2927 = CARTESIAN_POINT('',(-311.7635552611,-294.0974884737,
    921.7295245856));
#2928 = CARTESIAN_POINT('',(-311.7525902423,-294.0962724865,
    921.4592420055));
#2929 = CARTESIAN_POINT('',(-311.7306874658,-294.09384349,
    921.18946174486));
#2930 = CARTESIAN_POINT('',(-311.6979686141,-294.0902579041,
    920.9205012405));
#2931 = CARTESIAN_POINT('',(-311.6546516644,-294.0856250834,
    920.65269784697));
#2932 = CARTESIAN_POINT('',(-311.6010545225,-294.0801023278,
    920.38642074898));
#2933 = CARTESIAN_POINT('',(-311.5376004146,-294.0738854083,
    920.12208282004));
#2934 = CARTESIAN_POINT('',(-311.4234390649,-294.0633896795,
    919.71119757954));
#2935 = CARTESIAN_POINT('',(-311.3790215573,-294.0594299383,
    919.5629599184));
#2936 = CARTESIAN_POINT('',(-311.3316472538,-294.0553538907,
    919.41545667838));
#2937 = CARTESIAN_POINT('',(-311.2813937988,-294.0512022684,
    919.26870856562));
#2938 = CARTESIAN_POINT('',(-311.2283419126,-294.0470175289,
    919.1227397643));
#2939 = CARTESIAN_POINT('',(-311.1725755581,-294.042843354,
    918.97757794304));
#2940 = CARTESIAN_POINT('',(-311.1141821088,-294.0387241487,
    918.83325426123));
#2941 = CARTESIAN_POINT('',(-310.8177738948,-294.0191696908,
    918.13539926522));
#2942 = CARTESIAN_POINT('',(-310.5446815254,-294.0051399635,
    917.59466014428));
#2943 = CARTESIAN_POINT('',(-310.2383078062,-293.9951147715,
    917.06702229835));
#2944 = CARTESIAN_POINT('',(-309.9024266007,-293.9916281445,
    916.55218598763));
#2945 = CARTESIAN_POINT('',(-309.5401721416,-293.9970483588,
    916.04995680881));
#2946 = CARTESIAN_POINT('',(-309.1539935945,-294.0135811769,
    915.56016189823));
#2947 = CARTESIAN_POINT('',(-308.7456542359,-294.0434013729,
    915.08265021173));
#2948 = CARTESIAN_POINT('',(-308.2439439893,-294.0964922424,
    914.53899847603));
#2949 = CARTESIAN_POINT('',(-308.1710049926,-294.10459074,
    914.46095651359));
#2950 = CARTESIAN_POINT('',(-308.0974729603,-294.1131438058,
    914.38326054076));
#2951 = CARTESIAN_POINT('',(-308.0233533293,-294.1221626689,
    914.30591112541));
#2952 = CARTESIAN_POINT('',(-307.9486512254,-294.1316586909,
    914.22890909269));
#2953 = CARTESIAN_POINT('',(-307.8733714644,-294.1416433664,
    914.15225552494));
#2954 = CARTESIAN_POINT('',(-307.7975185512,-294.1521283225,
    914.07595176177));
#2955 = CARTESIAN_POINT('',(-307.7210966802,-294.163125319,913.9999994)
  );
#2956 = ORIENTED_EDGE('',*,*,#2957,.F.);
#2957 = EDGE_CURVE('',#2802,#2867,#2958,.T.);
#2958 = B_SPLINE_CURVE_WITH_KNOTS('',7,(#2959,#2960,#2961,#2962,#2963,
    #2964,#2965,#2966,#2967,#2968,#2969,#2970,#2971,#2972),
  .UNSPECIFIED.,.F.,.F.,(8,6,8),(0.,0.416250935876,1.),.UNSPECIFIED.);
#2959 = CARTESIAN_POINT('',(-294.3704722389,-313.4231362762,922.));
#2960 = CARTESIAN_POINT('',(-294.3704722389,-313.4231362762,
    922.48566852346));
#2961 = CARTESIAN_POINT('',(-294.3627038534,-313.3876653359,
    922.96937424464));
#2962 = CARTESIAN_POINT('',(-294.3472785556,-313.3172410872,
    923.45000021946));
#2963 = CARTESIAN_POINT('',(-294.325001107,-313.213093256,
    923.92631391816));
#2964 = CARTESIAN_POINT('',(-294.2973302424,-313.0772396267,
    924.39669338208));
#2965 = CARTESIAN_POINT('',(-294.2661673306,-312.9126286131,
    924.85894267439));
#2966 = CARTESIAN_POINT('',(-294.1876225943,-312.4579024791,
    925.94303381101));
#2967 = CARTESIAN_POINT('',(-294.1385112405,-312.1424922301,
    926.55769587711));
#2968 = CARTESIAN_POINT('',(-294.0908264976,-311.7835678676,
    927.15508108936));
#2969 = CARTESIAN_POINT('',(-294.0492078204,-311.3864670538,
    927.73556229784));
#2970 = CARTESIAN_POINT('',(-294.0176957345,-310.9552569073,
    928.29940747196));
#2971 = CARTESIAN_POINT('',(-294.,-310.4926317243,928.84690307709));
#2972 = CARTESIAN_POINT('',(-294.,-310.,929.3781070803));
#2973 = ORIENTED_EDGE('',*,*,#2801,.F.);
#2974 = ORIENTED_EDGE('',*,*,#2975,.T.);
#2975 = EDGE_CURVE('',#2793,#2319,#2976,.T.);
#2976 = CIRCLE('',#2977,13.);
#2977 = AXIS2_PLACEMENT_3D('',#2978,#2979,#2980);
#2978 = CARTESIAN_POINT('',(-110.,-130.,922.));
#2979 = DIRECTION('',(-0.743294146247,-0.668964731622,0.));
#2980 = DIRECTION('',(0.668964731622,-0.743294146247,0.));
#2981 = ORIENTED_EDGE('',*,*,#2318,.T.);
#2982 = ORIENTED_EDGE('',*,*,#2591,.F.);
#2983 = ORIENTED_EDGE('',*,*,#1957,.F.);
#2984 = ORIENTED_EDGE('',*,*,#2334,.F.);
#2985 = CYLINDRICAL_SURFACE('',#2986,13.);
#2986 = AXIS2_PLACEMENT_3D('',#2987,#2988,#2989);
#2987 = CARTESIAN_POINT('',(-110.,-130.,922.));
#2988 = DIRECTION('',(-0.743294146247,-0.668964731622,0.));
#2989 = DIRECTION('',(0.668964731622,-0.743294146247,0.));
#2990 = ADVANCED_FACE('',(#2991),#2996,.F.);
#2991 = FACE_BOUND('',#2992,.F.);
#2992 = EDGE_LOOP('',(#2993,#2994,#2995));
#2993 = ORIENTED_EDGE('',*,*,#2077,.T.);
#2994 = ORIENTED_EDGE('',*,*,#2254,.T.);
#2995 = ORIENTED_EDGE('',*,*,#2365,.T.);
#2996 = PLANE('',#2997);
#2997 = AXIS2_PLACEMENT_3D('',#2998,#2999,#3000);
#2998 = CARTESIAN_POINT('',(110.,130.,922.));
#2999 = DIRECTION('',(0.743294146247,0.668964731622,0.));
#3000 = DIRECTION('',(-0.668964731622,0.743294146247,0.));
#3001 = ADVANCED_FACE('',(#3002),#3092,.T.);
#3002 = FACE_BOUND('',#3003,.T.);
#3003 = EDGE_LOOP('',(#3004,#3015,#3024,#3032,#3039,#3040,#3041,#3048,
    #3049,#3058,#3067,#3076,#3085));
#3004 = ORIENTED_EDGE('',*,*,#3005,.F.);
#3005 = EDGE_CURVE('',#3006,#3008,#3010,.T.);
#3006 = VERTEX_POINT('',#3007);
#3007 = CARTESIAN_POINT('',(321.03098389632,321.58953813915,960.));
#3008 = VERTEX_POINT('',#3009);
#3009 = CARTESIAN_POINT('',(294.46378402691,313.82439449295,960.));
#3010 = CIRCLE('',#3011,16.);
#3011 = AXIS2_PLACEMENT_3D('',#3012,#3013,#3014);
#3012 = CARTESIAN_POINT('',(310.,310.,960.));
#3013 = DIRECTION('',(0.,0.,1.));
#3014 = DIRECTION('',(1.,0.,0.));
#3015 = ORIENTED_EDGE('',*,*,#3016,.F.);
#3016 = EDGE_CURVE('',#3017,#3006,#3019,.T.);
#3017 = VERTEX_POINT('',#3018);
#3018 = CARTESIAN_POINT('',(326.,310.,956.86267240306));
#3019 = ELLIPSE('',#3020,16.564418886561,16.);
#3020 = AXIS2_PLACEMENT_3D('',#3021,#3022,#3023);
#3021 = CARTESIAN_POINT('',(310.,310.,959.89417145877));
#3022 = DIRECTION('',(0.183012701892,-0.183012701892,0.965925826289));
#3023 = DIRECTION('',(-0.683012701892,0.683012701892,0.258819045103));
#3024 = ORIENTED_EDGE('',*,*,#3025,.F.);
#3025 = EDGE_CURVE('',#3026,#3017,#3028,.T.);
#3026 = VERTEX_POINT('',#3027);
#3027 = CARTESIAN_POINT('',(326.,310.,914.));
#3028 = LINE('',#3029,#3030);
#3029 = CARTESIAN_POINT('',(326.,310.,914.));
#3030 = VECTOR('',#3031,1.);
#3031 = DIRECTION('',(0.,0.,1.));
#3032 = ORIENTED_EDGE('',*,*,#3033,.T.);
#3033 = EDGE_CURVE('',#3026,#2097,#3034,.T.);
#3034 = CIRCLE('',#3035,16.);
#3035 = AXIS2_PLACEMENT_3D('',#3036,#3037,#3038);
#3036 = CARTESIAN_POINT('',(310.,310.,914.));
#3037 = DIRECTION('',(0.,0.,1.));
#3038 = DIRECTION('',(1.,0.,0.));
#3039 = ORIENTED_EDGE('',*,*,#2096,.T.);
#3040 = ORIENTED_EDGE('',*,*,#2146,.T.);
#3041 = ORIENTED_EDGE('',*,*,#3042,.T.);
#3042 = EDGE_CURVE('',#2139,#3026,#3043,.T.);
#3043 = CIRCLE('',#3044,16.);
#3044 = AXIS2_PLACEMENT_3D('',#3045,#3046,#3047);
#3045 = CARTESIAN_POINT('',(310.,310.,914.));
#3046 = DIRECTION('',(0.,0.,1.));
#3047 = DIRECTION('',(1.,0.,0.));
#3048 = ORIENTED_EDGE('',*,*,#3025,.T.);
#3049 = ORIENTED_EDGE('',*,*,#3050,.F.);
#3050 = EDGE_CURVE('',#3051,#3017,#3053,.T.);
#3051 = VERTEX_POINT('',#3052);
#3052 = CARTESIAN_POINT('',(325.85151031424,307.82523087261,
    956.47875588969));
#3053 = ELLIPSE('',#3054,16.564418886561,16.);
#3054 = AXIS2_PLACEMENT_3D('',#3055,#3056,#3057);
#3055 = CARTESIAN_POINT('',(310.,310.,959.89417145877));
#3056 = DIRECTION('',(0.183012701892,-0.183012701892,0.965925826289));
#3057 = DIRECTION('',(-0.683012701892,0.683012701892,0.258819045103));
#3058 = ORIENTED_EDGE('',*,*,#3059,.F.);
#3059 = EDGE_CURVE('',#3060,#3051,#3062,.T.);
#3060 = VERTEX_POINT('',#3061);
#3061 = CARTESIAN_POINT('',(325.53621597308,306.17560550704,960.));
#3062 = ELLIPSE('',#3063,61.8192528825,16.);
#3063 = AXIS2_PLACEMENT_3D('',#3064,#3065,#3066);
#3064 = CARTESIAN_POINT('',(310.,310.,908.90815372781));
#3065 = DIRECTION('',(-0.683012701892,0.683012701892,0.258819045103));
#3066 = DIRECTION('',(0.183012701892,-0.183012701892,0.965925826289));
#3067 = ORIENTED_EDGE('',*,*,#3068,.F.);
#3068 = EDGE_CURVE('',#3069,#3060,#3071,.T.);
#3069 = VERTEX_POINT('',#3070);
#3070 = CARTESIAN_POINT('',(298.96901610367,298.41046186084,960.));
#3071 = CIRCLE('',#3072,16.);
#3072 = AXIS2_PLACEMENT_3D('',#3073,#3074,#3075);
#3073 = CARTESIAN_POINT('',(310.,310.,960.));
#3074 = DIRECTION('',(0.,0.,1.));
#3075 = DIRECTION('',(1.,0.,0.));
#3076 = ORIENTED_EDGE('',*,*,#3077,.F.);
#3077 = EDGE_CURVE('',#3078,#3069,#3080,.T.);
#3078 = VERTEX_POINT('',#3079);
#3079 = CARTESIAN_POINT('',(294.14848968575,312.17476912738,
    956.47875588969));
#3080 = ELLIPSE('',#3081,16.564418886561,16.);
#3081 = AXIS2_PLACEMENT_3D('',#3082,#3083,#3084);
#3082 = CARTESIAN_POINT('',(310.,310.,959.89417145877));
#3083 = DIRECTION('',(-0.183012701892,0.183012701892,0.965925826289));
#3084 = DIRECTION('',(0.683012701892,-0.683012701892,0.258819045103));
#3085 = ORIENTED_EDGE('',*,*,#3086,.F.);
#3086 = EDGE_CURVE('',#3008,#3078,#3087,.T.);
#3087 = ELLIPSE('',#3088,61.8192528825,16.);
#3088 = AXIS2_PLACEMENT_3D('',#3089,#3090,#3091);
#3089 = CARTESIAN_POINT('',(310.,310.,908.90815372781));
#3090 = DIRECTION('',(0.683012701892,-0.683012701892,0.258819045103));
#3091 = DIRECTION('',(-0.183012701892,0.183012701892,0.965925826289));
#3092 = CYLINDRICAL_SURFACE('',#3093,16.);
#3093 = AXIS2_PLACEMENT_3D('',#3094,#3095,#3096);
#3094 = CARTESIAN_POINT('',(310.,310.,914.));
#3095 = DIRECTION('',(0.,0.,1.));
#3096 = DIRECTION('',(1.,0.,0.));
#3097 = ADVANCED_FACE('',(#3098),#3110,.F.);
#3098 = FACE_BOUND('',#3099,.F.);
#3099 = EDGE_LOOP('',(#3100,#3101,#3102,#3103,#3109));
#3100 = ORIENTED_EDGE('',*,*,#3042,.T.);
#3101 = ORIENTED_EDGE('',*,*,#3033,.T.);
#3102 = ORIENTED_EDGE('',*,*,#2121,.T.);
#3103 = ORIENTED_EDGE('',*,*,#3104,.T.);
#3104 = EDGE_CURVE('',#2122,#2130,#3105,.T.);
#3105 = LINE('',#3106,#3107);
#3106 = CARTESIAN_POINT('',(310.,310.,914.));
#3107 = VECTOR('',#3108,1.);
#3108 = DIRECTION('',(0.668964731622,-0.743294146247,0.));
#3109 = ORIENTED_EDGE('',*,*,#2138,.F.);
#3110 = PLANE('',#3111);
#3111 = AXIS2_PLACEMENT_3D('',#3112,#3113,#3114);
#3112 = CARTESIAN_POINT('',(310.,310.,914.));
#3113 = DIRECTION('',(0.,0.,1.));
#3114 = DIRECTION('',(1.,0.,0.));
#3115 = ADVANCED_FACE('',(#3116),#3120,.T.);
#3116 = FACE_BOUND('',#3117,.T.);
#3117 = EDGE_LOOP('',(#3118,#3119));
#3118 = ORIENTED_EDGE('',*,*,#3104,.T.);
#3119 = ORIENTED_EDGE('',*,*,#2129,.T.);
#3120 = PLANE('',#3121);
#3121 = AXIS2_PLACEMENT_3D('',#3122,#3123,#3124);
#3122 = CARTESIAN_POINT('',(310.,310.,922.));
#3123 = DIRECTION('',(0.743294146247,0.668964731622,0.));
#3124 = DIRECTION('',(-0.668964731622,0.743294146247,0.));
#3125 = ADVANCED_FACE('',(#3126),#3131,.F.);
#3126 = FACE_BOUND('',#3127,.F.);
#3127 = EDGE_LOOP('',(#3128,#3129,#3130));
#3128 = ORIENTED_EDGE('',*,*,#2610,.T.);
#3129 = ORIENTED_EDGE('',*,*,#2773,.T.);
#3130 = ORIENTED_EDGE('',*,*,#2349,.T.);
#3131 = PLANE('',#3132);
#3132 = AXIS2_PLACEMENT_3D('',#3133,#3134,#3135);
#3133 = CARTESIAN_POINT('',(110.,-130.,922.));
#3134 = DIRECTION('',(0.743294146247,-0.668964731622,0.));
#3135 = DIRECTION('',(0.668964731622,0.743294146247,0.));
#3136 = ADVANCED_FACE('',(#3137),#3142,.F.);
#3137 = FACE_BOUND('',#3138,.F.);
#3138 = EDGE_LOOP('',(#3139,#3140,#3141));
#3139 = ORIENTED_EDGE('',*,*,#2792,.T.);
#3140 = ORIENTED_EDGE('',*,*,#2975,.T.);
#3141 = ORIENTED_EDGE('',*,*,#2326,.T.);
#3142 = PLANE('',#3143);
#3143 = AXIS2_PLACEMENT_3D('',#3144,#3145,#3146);
#3144 = CARTESIAN_POINT('',(-110.,-130.,922.));
#3145 = DIRECTION('',(-0.743294146247,-0.668964731622,0.));
#3146 = DIRECTION('',(0.668964731622,-0.743294146247,0.));
#3147 = ADVANCED_FACE('',(#3148),#3153,.F.);
#3148 = FACE_BOUND('',#3149,.F.);
#3149 = EDGE_LOOP('',(#3150,#3151,#3152));
#3150 = ORIENTED_EDGE('',*,*,#2380,.T.);
#3151 = ORIENTED_EDGE('',*,*,#2565,.T.);
#3152 = ORIENTED_EDGE('',*,*,#2294,.T.);
#3153 = PLANE('',#3154);
#3154 = AXIS2_PLACEMENT_3D('',#3155,#3156,#3157);
#3155 = CARTESIAN_POINT('',(-110.,130.,922.));
#3156 = DIRECTION('',(-0.743294146247,0.668964731622,0.));
#3157 = DIRECTION('',(-0.668964731622,-0.743294146247,0.));
#3158 = ADVANCED_FACE('',(#3159),#3249,.T.);
#3159 = FACE_BOUND('',#3160,.T.);
#3160 = EDGE_LOOP('',(#3161,#3169,#3178,#3187,#3196,#3205,#3214,#3223,
    #3230,#3231,#3232,#3240,#3247,#3248));
#3161 = ORIENTED_EDGE('',*,*,#3162,.T.);
#3162 = EDGE_CURVE('',#2461,#3163,#3165,.T.);
#3163 = VERTEX_POINT('',#3164);
#3164 = CARTESIAN_POINT('',(-294.,310.,960.));
#3165 = LINE('',#3166,#3167);
#3166 = CARTESIAN_POINT('',(-294.,310.,914.));
#3167 = VECTOR('',#3168,1.);
#3168 = DIRECTION('',(0.,0.,1.));
#3169 = ORIENTED_EDGE('',*,*,#3170,.F.);
#3170 = EDGE_CURVE('',#3171,#3163,#3173,.T.);
#3171 = VERTEX_POINT('',#3172);
#3172 = CARTESIAN_POINT('',(-294.6330450421,305.54391479845,960.));
#3173 = CIRCLE('',#3174,16.);
#3174 = AXIS2_PLACEMENT_3D('',#3175,#3176,#3177);
#3175 = CARTESIAN_POINT('',(-310.,310.,960.));
#3176 = DIRECTION('',(0.,0.,1.));
#3177 = DIRECTION('',(1.,0.,0.));
#3178 = ORIENTED_EDGE('',*,*,#3179,.T.);
#3179 = EDGE_CURVE('',#3171,#3180,#3182,.T.);
#3180 = VERTEX_POINT('',#3181);
#3181 = CARTESIAN_POINT('',(-295.1848048158,303.95765015456,
    956.47875588969));
#3182 = ELLIPSE('',#3183,61.8192528825,16.);
#3183 = AXIS2_PLACEMENT_3D('',#3184,#3185,#3186);
#3184 = CARTESIAN_POINT('',(-310.,310.,908.90815372781));
#3185 = DIRECTION('',(0.933012701892,0.25,-0.258819045103));
#3186 = DIRECTION('',(0.25,6.698729810778E-02,0.965925826289));
#3187 = ORIENTED_EDGE('',*,*,#3188,.F.);
#3188 = EDGE_CURVE('',#3189,#3180,#3191,.T.);
#3189 = VERTEX_POINT('',#3190);
#3190 = CARTESIAN_POINT('',(-306.2416567866,294.44767360519,960.));
#3191 = ELLIPSE('',#3192,16.564418886561,16.);
#3192 = AXIS2_PLACEMENT_3D('',#3193,#3194,#3195);
#3193 = CARTESIAN_POINT('',(-310.,310.,959.89417145877));
#3194 = DIRECTION('',(0.25,6.698729810778E-02,0.965925826289));
#3195 = DIRECTION('',(-0.933012701892,-0.25,0.258819045103));
#3196 = ORIENTED_EDGE('',*,*,#3197,.F.);
#3197 = EDGE_CURVE('',#3198,#3189,#3200,.T.);
#3198 = VERTEX_POINT('',#3199);
#3199 = CARTESIAN_POINT('',(-325.3669549578,314.45608520154,960.));
#3200 = CIRCLE('',#3201,16.);
#3201 = AXIS2_PLACEMENT_3D('',#3202,#3203,#3204);
#3202 = CARTESIAN_POINT('',(-310.,310.,960.));
#3203 = DIRECTION('',(0.,0.,1.));
#3204 = DIRECTION('',(1.,0.,0.));
#3205 = ORIENTED_EDGE('',*,*,#3206,.T.);
#3206 = EDGE_CURVE('',#3198,#3207,#3209,.T.);
#3207 = VERTEX_POINT('',#3208);
#3208 = CARTESIAN_POINT('',(-324.8151951841,316.04234984544,
    956.47875588969));
#3209 = ELLIPSE('',#3210,61.8192528825,16.);
#3210 = AXIS2_PLACEMENT_3D('',#3211,#3212,#3213);
#3211 = CARTESIAN_POINT('',(-310.,310.,908.90815372781));
#3212 = DIRECTION('',(-0.933012701892,-0.25,-0.258819045103));
#3213 = DIRECTION('',(-0.25,-6.698729810778E-02,0.965925826289));
#3214 = ORIENTED_EDGE('',*,*,#3215,.F.);
#3215 = EDGE_CURVE('',#3216,#3207,#3218,.T.);
#3216 = VERTEX_POINT('',#3217);
#3217 = CARTESIAN_POINT('',(-313.7583432133,325.5523263948,960.));
#3218 = ELLIPSE('',#3219,16.564418886561,16.);
#3219 = AXIS2_PLACEMENT_3D('',#3220,#3221,#3222);
#3220 = CARTESIAN_POINT('',(-310.,310.,959.89417145877));
#3221 = DIRECTION('',(-0.25,-6.698729810778E-02,0.965925826289));
#3222 = DIRECTION('',(0.933012701892,0.25,0.258819045103));
#3223 = ORIENTED_EDGE('',*,*,#3224,.F.);
#3224 = EDGE_CURVE('',#3163,#3216,#3225,.T.);
#3225 = CIRCLE('',#3226,16.);
#3226 = AXIS2_PLACEMENT_3D('',#3227,#3228,#3229);
#3227 = CARTESIAN_POINT('',(-310.,310.,960.));
#3228 = DIRECTION('',(0.,0.,1.));
#3229 = DIRECTION('',(1.,0.,0.));
#3230 = ORIENTED_EDGE('',*,*,#3162,.F.);
#3231 = ORIENTED_EDGE('',*,*,#2460,.T.);
#3232 = ORIENTED_EDGE('',*,*,#3233,.F.);
#3233 = EDGE_CURVE('',#3234,#2448,#3236,.T.);
#3234 = VERTEX_POINT('',#3235);
#3235 = CARTESIAN_POINT('',(-294.,310.,914.));
#3236 = LINE('',#3237,#3238);
#3237 = CARTESIAN_POINT('',(-294.,310.,914.));
#3238 = VECTOR('',#3239,1.);
#3239 = DIRECTION('',(0.,0.,1.));
#3240 = ORIENTED_EDGE('',*,*,#3241,.T.);
#3241 = EDGE_CURVE('',#3234,#2398,#3242,.T.);
#3242 = CIRCLE('',#3243,16.);
#3243 = AXIS2_PLACEMENT_3D('',#3244,#3245,#3246);
#3244 = CARTESIAN_POINT('',(-310.,310.,914.));
#3245 = DIRECTION('',(0.,0.,1.));
#3246 = DIRECTION('',(1.,0.,0.));
#3247 = ORIENTED_EDGE('',*,*,#2397,.T.);
#3248 = ORIENTED_EDGE('',*,*,#2503,.T.);
#3249 = CYLINDRICAL_SURFACE('',#3250,16.);
#3250 = AXIS2_PLACEMENT_3D('',#3251,#3252,#3253);
#3251 = CARTESIAN_POINT('',(-310.,310.,914.));
#3252 = DIRECTION('',(0.,0.,1.));
#3253 = DIRECTION('',(1.,0.,0.));
#3254 = ADVANCED_FACE('',(#3255),#3266,.T.);
#3255 = FACE_BOUND('',#3256,.T.);
#3256 = EDGE_LOOP('',(#3257,#3258,#3259));
#3257 = ORIENTED_EDGE('',*,*,#3233,.T.);
#3258 = ORIENTED_EDGE('',*,*,#2447,.T.);
#3259 = ORIENTED_EDGE('',*,*,#3260,.T.);
#3260 = EDGE_CURVE('',#2440,#3234,#3261,.T.);
#3261 = CIRCLE('',#3262,16.);
#3262 = AXIS2_PLACEMENT_3D('',#3263,#3264,#3265);
#3263 = CARTESIAN_POINT('',(-310.,310.,914.));
#3264 = DIRECTION('',(0.,0.,1.));
#3265 = DIRECTION('',(1.,0.,0.));
#3266 = CYLINDRICAL_SURFACE('',#3267,16.);
#3267 = AXIS2_PLACEMENT_3D('',#3268,#3269,#3270);
#3268 = CARTESIAN_POINT('',(-310.,310.,914.));
#3269 = DIRECTION('',(0.,0.,1.));
#3270 = DIRECTION('',(1.,0.,0.));
#3271 = ADVANCED_FACE('',(#3272),#3284,.F.);
#3272 = FACE_BOUND('',#3273,.F.);
#3273 = EDGE_LOOP('',(#3274,#3275,#3276,#3277,#3283));
#3274 = ORIENTED_EDGE('',*,*,#3260,.T.);
#3275 = ORIENTED_EDGE('',*,*,#3241,.T.);
#3276 = ORIENTED_EDGE('',*,*,#2422,.T.);
#3277 = ORIENTED_EDGE('',*,*,#3278,.T.);
#3278 = EDGE_CURVE('',#2423,#2431,#3279,.T.);
#3279 = LINE('',#3280,#3281);
#3280 = CARTESIAN_POINT('',(-310.,310.,914.));
#3281 = VECTOR('',#3282,1.);
#3282 = DIRECTION('',(0.668964731622,0.743294146247,0.));
#3283 = ORIENTED_EDGE('',*,*,#2439,.F.);
#3284 = PLANE('',#3285);
#3285 = AXIS2_PLACEMENT_3D('',#3286,#3287,#3288);
#3286 = CARTESIAN_POINT('',(-310.,310.,914.));
#3287 = DIRECTION('',(0.,0.,1.));
#3288 = DIRECTION('',(1.,0.,0.));
#3289 = ADVANCED_FACE('',(#3290),#3294,.T.);
#3290 = FACE_BOUND('',#3291,.T.);
#3291 = EDGE_LOOP('',(#3292,#3293));
#3292 = ORIENTED_EDGE('',*,*,#3278,.T.);
#3293 = ORIENTED_EDGE('',*,*,#2430,.T.);
#3294 = PLANE('',#3295);
#3295 = AXIS2_PLACEMENT_3D('',#3296,#3297,#3298);
#3296 = CARTESIAN_POINT('',(-310.,310.,922.));
#3297 = DIRECTION('',(-0.743294146247,0.668964731622,0.));
#3298 = DIRECTION('',(-0.668964731622,-0.743294146247,0.));
#3299 = ADVANCED_FACE('',(#3300),#3390,.T.);
#3300 = FACE_BOUND('',#3301,.T.);
#3301 = EDGE_LOOP('',(#3302,#3312,#3321,#3330,#3339,#3348,#3357,#3366,
    #3373,#3374,#3381,#3382,#3383));
#3302 = ORIENTED_EDGE('',*,*,#3303,.T.);
#3303 = EDGE_CURVE('',#3304,#3306,#3308,.T.);
#3304 = VERTEX_POINT('',#3305);
#3305 = CARTESIAN_POINT('',(326.,-310.,914.));
#3306 = VERTEX_POINT('',#3307);
#3307 = CARTESIAN_POINT('',(326.,-310.,960.));
#3308 = LINE('',#3309,#3310);
#3309 = CARTESIAN_POINT('',(326.,-310.,914.));
#3310 = VECTOR('',#3311,1.);
#3311 = DIRECTION('',(0.,0.,1.));
#3312 = ORIENTED_EDGE('',*,*,#3313,.F.);
#3313 = EDGE_CURVE('',#3314,#3306,#3316,.T.);
#3314 = VERTEX_POINT('',#3315);
#3315 = CARTESIAN_POINT('',(321.08013077153,-321.5425604648,960.));
#3316 = CIRCLE('',#3317,16.);
#3317 = AXIS2_PLACEMENT_3D('',#3318,#3319,#3320);
#3318 = CARTESIAN_POINT('',(310.,-310.,960.));
#3319 = DIRECTION('',(0.,0.,1.));
#3320 = DIRECTION('',(1.,0.,0.));
#3321 = ORIENTED_EDGE('',*,*,#3322,.T.);
#3322 = EDGE_CURVE('',#3314,#3323,#3325,.T.);
#3323 = VERTEX_POINT('',#3324);
#3324 = CARTESIAN_POINT('',(319.8091604688,-322.6404260567,
    956.47875588969));
#3325 = ELLIPSE('',#3326,61.8192528825,16.);
#3326 = AXIS2_PLACEMENT_3D('',#3327,#3328,#3329);
#3327 = CARTESIAN_POINT('',(310.,-310.,908.90815372781));
#3328 = DIRECTION('',(0.933012701892,-0.25,-0.258819045103));
#3329 = DIRECTION('',(0.25,-6.698729810778E-02,0.965925826289));
#3330 = ORIENTED_EDGE('',*,*,#3331,.F.);
#3331 = EDGE_CURVE('',#3332,#3323,#3334,.T.);
#3332 = VERTEX_POINT('',#3333);
#3333 = CARTESIAN_POINT('',(305.47865750152,-325.3478813525,960.));
#3334 = ELLIPSE('',#3335,16.564418886561,16.);
#3335 = AXIS2_PLACEMENT_3D('',#3336,#3337,#3338);
#3336 = CARTESIAN_POINT('',(310.,-310.,959.89417145877));
#3337 = DIRECTION('',(0.25,-6.698729810778E-02,0.965925826289));
#3338 = DIRECTION('',(-0.933012701892,0.25,0.258819045103));
#3339 = ORIENTED_EDGE('',*,*,#3340,.F.);
#3340 = EDGE_CURVE('',#3341,#3332,#3343,.T.);
#3341 = VERTEX_POINT('',#3342);
#3342 = CARTESIAN_POINT('',(298.91986922846,-298.4574395351,960.));
#3343 = CIRCLE('',#3344,16.);
#3344 = AXIS2_PLACEMENT_3D('',#3345,#3346,#3347);
#3345 = CARTESIAN_POINT('',(310.,-310.,960.));
#3346 = DIRECTION('',(0.,0.,1.));
#3347 = DIRECTION('',(1.,0.,0.));
#3348 = ORIENTED_EDGE('',*,*,#3349,.T.);
#3349 = EDGE_CURVE('',#3341,#3350,#3352,.T.);
#3350 = VERTEX_POINT('',#3351);
#3351 = CARTESIAN_POINT('',(300.19083953119,-297.3595739432,
    956.47875588969));
#3352 = ELLIPSE('',#3353,61.8192528825,16.);
#3353 = AXIS2_PLACEMENT_3D('',#3354,#3355,#3356);
#3354 = CARTESIAN_POINT('',(310.,-310.,908.90815372781));
#3355 = DIRECTION('',(-0.933012701892,0.25,-0.258819045103));
#3356 = DIRECTION('',(-0.25,6.698729810778E-02,0.965925826289));
#3357 = ORIENTED_EDGE('',*,*,#3358,.F.);
#3358 = EDGE_CURVE('',#3359,#3350,#3361,.T.);
#3359 = VERTEX_POINT('',#3360);
#3360 = CARTESIAN_POINT('',(314.52134249847,-294.6521186474,960.));
#3361 = ELLIPSE('',#3362,16.564418886561,16.);
#3362 = AXIS2_PLACEMENT_3D('',#3363,#3364,#3365);
#3363 = CARTESIAN_POINT('',(310.,-310.,959.89417145877));
#3364 = DIRECTION('',(-0.25,6.698729810778E-02,0.965925826289));
#3365 = DIRECTION('',(0.933012701892,-0.25,0.258819045103));
#3366 = ORIENTED_EDGE('',*,*,#3367,.F.);
#3367 = EDGE_CURVE('',#3306,#3359,#3368,.T.);
#3368 = CIRCLE('',#3369,16.);
#3369 = AXIS2_PLACEMENT_3D('',#3370,#3371,#3372);
#3370 = CARTESIAN_POINT('',(310.,-310.,960.));
#3371 = DIRECTION('',(0.,0.,1.));
#3372 = DIRECTION('',(1.,0.,0.));
#3373 = ORIENTED_EDGE('',*,*,#3303,.F.);
#3374 = ORIENTED_EDGE('',*,*,#3375,.T.);
#3375 = EDGE_CURVE('',#3304,#2628,#3376,.T.);
#3376 = CIRCLE('',#3377,16.);
#3377 = AXIS2_PLACEMENT_3D('',#3378,#3379,#3380);
#3378 = CARTESIAN_POINT('',(310.,-310.,914.));
#3379 = DIRECTION('',(0.,0.,1.));
#3380 = DIRECTION('',(1.,0.,0.));
#3381 = ORIENTED_EDGE('',*,*,#2627,.T.);
#3382 = ORIENTED_EDGE('',*,*,#2677,.T.);
#3383 = ORIENTED_EDGE('',*,*,#3384,.T.);
#3384 = EDGE_CURVE('',#2670,#3304,#3385,.T.);
#3385 = CIRCLE('',#3386,16.);
#3386 = AXIS2_PLACEMENT_3D('',#3387,#3388,#3389);
#3387 = CARTESIAN_POINT('',(310.,-310.,914.));
#3388 = DIRECTION('',(0.,0.,1.));
#3389 = DIRECTION('',(1.,0.,0.));
#3390 = CYLINDRICAL_SURFACE('',#3391,16.);
#3391 = AXIS2_PLACEMENT_3D('',#3392,#3393,#3394);
#3392 = CARTESIAN_POINT('',(310.,-310.,914.));
#3393 = DIRECTION('',(0.,0.,1.));
#3394 = DIRECTION('',(1.,0.,0.));
#3395 = ADVANCED_FACE('',(#3396),#3408,.F.);
#3396 = FACE_BOUND('',#3397,.F.);
#3397 = EDGE_LOOP('',(#3398,#3399,#3400,#3401,#3407));
#3398 = ORIENTED_EDGE('',*,*,#3384,.T.);
#3399 = ORIENTED_EDGE('',*,*,#3375,.T.);
#3400 = ORIENTED_EDGE('',*,*,#2652,.T.);
#3401 = ORIENTED_EDGE('',*,*,#3402,.T.);
#3402 = EDGE_CURVE('',#2653,#2661,#3403,.T.);
#3403 = LINE('',#3404,#3405);
#3404 = CARTESIAN_POINT('',(310.,-310.,914.));
#3405 = VECTOR('',#3406,1.);
#3406 = DIRECTION('',(-0.668964731622,-0.743294146247,0.));
#3407 = ORIENTED_EDGE('',*,*,#2669,.F.);
#3408 = PLANE('',#3409);
#3409 = AXIS2_PLACEMENT_3D('',#3410,#3411,#3412);
#3410 = CARTESIAN_POINT('',(310.,-310.,914.));
#3411 = DIRECTION('',(0.,0.,1.));
#3412 = DIRECTION('',(1.,0.,0.));
#3413 = ADVANCED_FACE('',(#3414),#3418,.T.);
#3414 = FACE_BOUND('',#3415,.T.);
#3415 = EDGE_LOOP('',(#3416,#3417));
#3416 = ORIENTED_EDGE('',*,*,#3402,.T.);
#3417 = ORIENTED_EDGE('',*,*,#2660,.T.);
#3418 = PLANE('',#3419);
#3419 = AXIS2_PLACEMENT_3D('',#3420,#3421,#3422);
#3420 = CARTESIAN_POINT('',(310.,-310.,922.));
#3421 = DIRECTION('',(0.743294146247,-0.668964731622,0.));
#3422 = DIRECTION('',(0.668964731622,0.743294146247,0.));
#3423 = ADVANCED_FACE('',(#3424),#3514,.T.);
#3424 = FACE_BOUND('',#3425,.T.);
#3425 = EDGE_LOOP('',(#3426,#3434,#3443,#3452,#3461,#3470,#3479,#3488,
    #3495,#3496,#3497,#3506,#3512,#3513));
#3426 = ORIENTED_EDGE('',*,*,#3427,.T.);
#3427 = EDGE_CURVE('',#2867,#3428,#3430,.T.);
#3428 = VERTEX_POINT('',#3429);
#3429 = CARTESIAN_POINT('',(-294.,-310.,960.));
#3430 = LINE('',#3431,#3432);
#3431 = CARTESIAN_POINT('',(-294.,-310.,914.));
#3432 = VECTOR('',#3433,1.);
#3433 = DIRECTION('',(0.,0.,1.));
#3434 = ORIENTED_EDGE('',*,*,#3435,.F.);
#3435 = EDGE_CURVE('',#3436,#3428,#3438,.T.);
#3436 = VERTEX_POINT('',#3437);
#3437 = CARTESIAN_POINT('',(-298.4104618608,-321.0309838963,960.));
#3438 = CIRCLE('',#3439,16.);
#3439 = AXIS2_PLACEMENT_3D('',#3440,#3441,#3442);
#3440 = CARTESIAN_POINT('',(-310.,-310.,960.));
#3441 = DIRECTION('',(0.,0.,1.));
#3442 = DIRECTION('',(1.,0.,0.));
#3443 = ORIENTED_EDGE('',*,*,#3444,.F.);
#3444 = EDGE_CURVE('',#3445,#3436,#3447,.T.);
#3445 = VERTEX_POINT('',#3446);
#3446 = CARTESIAN_POINT('',(-312.1747691273,-325.8515103142,
    956.47875588969));
#3447 = ELLIPSE('',#3448,16.564418886561,16.);
#3448 = AXIS2_PLACEMENT_3D('',#3449,#3450,#3451);
#3449 = CARTESIAN_POINT('',(-310.,-310.,959.89417145877));
#3450 = DIRECTION('',(-0.183012701892,-0.183012701892,0.965925826289));
#3451 = DIRECTION('',(0.683012701892,0.683012701892,0.258819045103));
#3452 = ORIENTED_EDGE('',*,*,#3453,.F.);
#3453 = EDGE_CURVE('',#3454,#3445,#3456,.T.);
#3454 = VERTEX_POINT('',#3455);
#3455 = CARTESIAN_POINT('',(-313.8243944929,-325.536215973,960.));
#3456 = ELLIPSE('',#3457,61.8192528825,16.);
#3457 = AXIS2_PLACEMENT_3D('',#3458,#3459,#3460);
#3458 = CARTESIAN_POINT('',(-310.,-310.,908.90815372781));
#3459 = DIRECTION('',(0.683012701892,0.683012701892,0.258819045103));
#3460 = DIRECTION('',(-0.183012701892,-0.183012701892,0.965925826289));
#3461 = ORIENTED_EDGE('',*,*,#3462,.F.);
#3462 = EDGE_CURVE('',#3463,#3454,#3465,.T.);
#3463 = VERTEX_POINT('',#3464);
#3464 = CARTESIAN_POINT('',(-321.5895381391,-298.9690161036,960.));
#3465 = CIRCLE('',#3466,16.);
#3466 = AXIS2_PLACEMENT_3D('',#3467,#3468,#3469);
#3467 = CARTESIAN_POINT('',(-310.,-310.,960.));
#3468 = DIRECTION('',(0.,0.,1.));
#3469 = DIRECTION('',(1.,0.,0.));
#3470 = ORIENTED_EDGE('',*,*,#3471,.F.);
#3471 = EDGE_CURVE('',#3472,#3463,#3474,.T.);
#3472 = VERTEX_POINT('',#3473);
#3473 = CARTESIAN_POINT('',(-307.8252308726,-294.1484896857,
    956.47875588969));
#3474 = ELLIPSE('',#3475,16.564418886561,16.);
#3475 = AXIS2_PLACEMENT_3D('',#3476,#3477,#3478);
#3476 = CARTESIAN_POINT('',(-310.,-310.,959.89417145877));
#3477 = DIRECTION('',(0.183012701892,0.183012701892,0.965925826289));
#3478 = DIRECTION('',(-0.683012701892,-0.683012701892,0.258819045103));
#3479 = ORIENTED_EDGE('',*,*,#3480,.F.);
#3480 = EDGE_CURVE('',#3481,#3472,#3483,.T.);
#3481 = VERTEX_POINT('',#3482);
#3482 = CARTESIAN_POINT('',(-306.175605507,-294.4637840269,960.));
#3483 = ELLIPSE('',#3484,61.8192528825,16.);
#3484 = AXIS2_PLACEMENT_3D('',#3485,#3486,#3487);
#3485 = CARTESIAN_POINT('',(-310.,-310.,908.90815372781));
#3486 = DIRECTION('',(-0.683012701892,-0.683012701892,0.258819045103));
#3487 = DIRECTION('',(0.183012701892,0.183012701892,0.965925826289));
#3488 = ORIENTED_EDGE('',*,*,#3489,.F.);
#3489 = EDGE_CURVE('',#3428,#3481,#3490,.T.);
#3490 = CIRCLE('',#3491,16.);
#3491 = AXIS2_PLACEMENT_3D('',#3492,#3493,#3494);
#3492 = CARTESIAN_POINT('',(-310.,-310.,960.));
#3493 = DIRECTION('',(0.,0.,1.));
#3494 = DIRECTION('',(1.,0.,0.));
#3495 = ORIENTED_EDGE('',*,*,#3427,.F.);
#3496 = ORIENTED_EDGE('',*,*,#2866,.T.);
#3497 = ORIENTED_EDGE('',*,*,#3498,.T.);
#3498 = EDGE_CURVE('',#2859,#3499,#3501,.T.);
#3499 = VERTEX_POINT('',#3500);
#3500 = CARTESIAN_POINT('',(-294.,-310.,914.));
#3501 = CIRCLE('',#3502,16.);
#3502 = AXIS2_PLACEMENT_3D('',#3503,#3504,#3505);
#3503 = CARTESIAN_POINT('',(-310.,-310.,914.));
#3504 = DIRECTION('',(0.,0.,1.));
#3505 = DIRECTION('',(1.,0.,0.));
#3506 = ORIENTED_EDGE('',*,*,#3507,.T.);
#3507 = EDGE_CURVE('',#3499,#2810,#3508,.T.);
#3508 = LINE('',#3509,#3510);
#3509 = CARTESIAN_POINT('',(-294.,-310.,914.));
#3510 = VECTOR('',#3511,1.);
#3511 = DIRECTION('',(0.,0.,1.));
#3512 = ORIENTED_EDGE('',*,*,#2809,.T.);
#3513 = ORIENTED_EDGE('',*,*,#2957,.T.);
#3514 = CYLINDRICAL_SURFACE('',#3515,16.);
#3515 = AXIS2_PLACEMENT_3D('',#3516,#3517,#3518);
#3516 = CARTESIAN_POINT('',(-310.,-310.,914.));
#3517 = DIRECTION('',(0.,0.,1.));
#3518 = DIRECTION('',(1.,0.,0.));
#3519 = ADVANCED_FACE('',(#3520),#3538,.F.);
#3520 = FACE_BOUND('',#3521,.F.);
#3521 = EDGE_LOOP('',(#3522,#3523,#3530,#3531,#3537));
#3522 = ORIENTED_EDGE('',*,*,#3498,.T.);
#3523 = ORIENTED_EDGE('',*,*,#3524,.T.);
#3524 = EDGE_CURVE('',#3499,#2829,#3525,.T.);
#3525 = CIRCLE('',#3526,16.);
#3526 = AXIS2_PLACEMENT_3D('',#3527,#3528,#3529);
#3527 = CARTESIAN_POINT('',(-310.,-310.,914.));
#3528 = DIRECTION('',(0.,0.,1.));
#3529 = DIRECTION('',(1.,0.,0.));
#3530 = ORIENTED_EDGE('',*,*,#2841,.T.);
#3531 = ORIENTED_EDGE('',*,*,#3532,.T.);
#3532 = EDGE_CURVE('',#2842,#2850,#3533,.T.);
#3533 = LINE('',#3534,#3535);
#3534 = CARTESIAN_POINT('',(-310.,-310.,914.));
#3535 = VECTOR('',#3536,1.);
#3536 = DIRECTION('',(-0.668964731622,0.743294146247,0.));
#3537 = ORIENTED_EDGE('',*,*,#2858,.F.);
#3538 = PLANE('',#3539);
#3539 = AXIS2_PLACEMENT_3D('',#3540,#3541,#3542);
#3540 = CARTESIAN_POINT('',(-310.,-310.,914.));
#3541 = DIRECTION('',(0.,0.,1.));
#3542 = DIRECTION('',(1.,0.,0.));
#3543 = ADVANCED_FACE('',(#3544),#3548,.T.);
#3544 = FACE_BOUND('',#3545,.T.);
#3545 = EDGE_LOOP('',(#3546,#3547));
#3546 = ORIENTED_EDGE('',*,*,#3532,.T.);
#3547 = ORIENTED_EDGE('',*,*,#2849,.T.);
#3548 = PLANE('',#3549);
#3549 = AXIS2_PLACEMENT_3D('',#3550,#3551,#3552);
#3550 = CARTESIAN_POINT('',(-310.,-310.,922.));
#3551 = DIRECTION('',(-0.743294146247,-0.668964731622,0.));
#3552 = DIRECTION('',(0.668964731622,-0.743294146247,0.));
#3553 = ADVANCED_FACE('',(#3554),#3559,.T.);
#3554 = FACE_BOUND('',#3555,.T.);
#3555 = EDGE_LOOP('',(#3556,#3557,#3558));
#3556 = ORIENTED_EDGE('',*,*,#2828,.T.);
#3557 = ORIENTED_EDGE('',*,*,#3507,.F.);
#3558 = ORIENTED_EDGE('',*,*,#3524,.T.);
#3559 = CYLINDRICAL_SURFACE('',#3560,16.);
#3560 = AXIS2_PLACEMENT_3D('',#3561,#3562,#3563);
#3561 = CARTESIAN_POINT('',(-310.,-310.,914.));
#3562 = DIRECTION('',(0.,0.,1.));
#3563 = DIRECTION('',(1.,0.,0.));
#3564 = ADVANCED_FACE('',(#3565),#3590,.T.);
#3565 = FACE_BOUND('',#3566,.T.);
#3566 = EDGE_LOOP('',(#3567,#3577,#3583,#3584));
#3567 = ORIENTED_EDGE('',*,*,#3568,.T.);
#3568 = EDGE_CURVE('',#3569,#3571,#3573,.T.);
#3569 = VERTEX_POINT('',#3570);
#3570 = CARTESIAN_POINT('',(300.31969476698,319.68030523302,960.));
#3571 = VERTEX_POINT('',#3572);
#3572 = CARTESIAN_POINT('',(309.72072287858,310.27927712141,960.));
#3573 = LINE('',#3574,#3575);
#3574 = CARTESIAN_POINT('',(305.49343013959,314.5065698604,960.));
#3575 = VECTOR('',#3576,1.);
#3576 = DIRECTION('',(0.707106781187,-0.707106781187,0.));
#3577 = ORIENTED_EDGE('',*,*,#3578,.T.);
#3578 = EDGE_CURVE('',#3571,#3006,#3579,.T.);
#3579 = LINE('',#3580,#3581);
#3580 = CARTESIAN_POINT('',(309.72072287858,310.27927712141,960.));
#3581 = VECTOR('',#3582,1.);
#3582 = DIRECTION('',(0.707106781187,0.707106781187,0.));
#3583 = ORIENTED_EDGE('',*,*,#3005,.T.);
#3584 = ORIENTED_EDGE('',*,*,#3585,.T.);
#3585 = EDGE_CURVE('',#3008,#3569,#3586,.T.);
#3586 = LINE('',#3587,#3588);
#3587 = CARTESIAN_POINT('',(300.31969476698,319.68030523302,960.));
#3588 = VECTOR('',#3589,1.);
#3589 = DIRECTION('',(0.707106781187,0.707106781187,0.));
#3590 = PLANE('',#3591);
#3591 = AXIS2_PLACEMENT_3D('',#3592,#3593,#3594);
#3592 = CARTESIAN_POINT('',(310.,310.,960.));
#3593 = DIRECTION('',(0.,0.,1.));
#3594 = DIRECTION('',(1.,0.,0.));
#3595 = ADVANCED_FACE('',(#3596),#3630,.F.);
#3596 = FACE_BOUND('',#3597,.F.);
#3597 = EDGE_LOOP('',(#3598,#3606,#3607,#3608,#3616,#3624));
#3598 = ORIENTED_EDGE('',*,*,#3599,.F.);
#3599 = EDGE_CURVE('',#3078,#3600,#3602,.T.);
#3600 = VERTEX_POINT('',#3601);
#3601 = CARTESIAN_POINT('',(230.27618216053,248.30246160216,
    956.47875588969));
#3602 = LINE('',#3603,#3604);
#3603 = CARTESIAN_POINT('',(300.98686027918,319.01313972081,
    956.47875588969));
#3604 = VECTOR('',#3605,1.);
#3605 = DIRECTION('',(-0.707106781187,-0.707106781187,0.));
#3606 = ORIENTED_EDGE('',*,*,#3086,.F.);
#3607 = ORIENTED_EDGE('',*,*,#3585,.T.);
#3608 = ORIENTED_EDGE('',*,*,#3609,.T.);
#3609 = EDGE_CURVE('',#3569,#3610,#3612,.T.);
#3610 = VERTEX_POINT('',#3611);
#3611 = CARTESIAN_POINT('',(299.88878406783,320.11121593216,
    962.27431084743));
#3612 = LINE('',#3613,#3614);
#3613 = CARTESIAN_POINT('',(300.98686027918,319.01313972081,
    956.47875588969));
#3614 = VECTOR('',#3615,1.);
#3615 = DIRECTION('',(-0.183012701892,0.183012701892,0.965925826289));
#3616 = ORIENTED_EDGE('',*,*,#3617,.T.);
#3617 = EDGE_CURVE('',#3610,#3618,#3620,.T.);
#3618 = VERTEX_POINT('',#3619);
#3619 = CARTESIAN_POINT('',(229.17810594917,249.40053781351,
    962.27431084743));
#3620 = LINE('',#3621,#3622);
#3621 = CARTESIAN_POINT('',(299.88878406783,320.11121593216,
    962.27431084743));
#3622 = VECTOR('',#3623,1.);
#3623 = DIRECTION('',(-0.707106781187,-0.707106781187,0.));
#3624 = ORIENTED_EDGE('',*,*,#3625,.F.);
#3625 = EDGE_CURVE('',#3600,#3618,#3626,.T.);
#3626 = LINE('',#3627,#3628);
#3627 = CARTESIAN_POINT('',(230.27618216053,248.30246160216,
    956.47875588969));
#3628 = VECTOR('',#3629,1.);
#3629 = DIRECTION('',(-0.183012701892,0.183012701892,0.965925826289));
#3630 = PLANE('',#3631);
#3631 = AXIS2_PLACEMENT_3D('',#3632,#3633,#3634);
#3632 = CARTESIAN_POINT('',(300.98686027918,319.01313972081,
    956.47875588969));
#3633 = DIRECTION('',(0.683012701892,-0.683012701892,0.258819045103));
#3634 = DIRECTION('',(-0.183012701892,0.183012701892,0.965925826289));
#3635 = ADVANCED_FACE('',(#3636),#3678,.F.);
#3636 = FACE_BOUND('',#3637,.F.);
#3637 = EDGE_LOOP('',(#3638,#3648,#3654,#3655,#3656,#3664,#3672));
#3638 = ORIENTED_EDGE('',*,*,#3639,.F.);
#3639 = EDGE_CURVE('',#3640,#3642,#3644,.T.);
#3640 = VERTEX_POINT('',#3641);
#3641 = CARTESIAN_POINT('',(310.27927712141,309.72072287858,960.));
#3642 = VERTEX_POINT('',#3643);
#3643 = CARTESIAN_POINT('',(318.1961524227,301.80384757729,963.));
#3644 = LINE('',#3645,#3646);
#3645 = CARTESIAN_POINT('',(300.98686027918,319.01313972081,
    956.47875588969));
#3646 = VECTOR('',#3647,1.);
#3647 = DIRECTION('',(0.683012701892,-0.683012701892,0.258819045103));
#3648 = ORIENTED_EDGE('',*,*,#3649,.T.);
#3649 = EDGE_CURVE('',#3640,#3069,#3650,.T.);
#3650 = LINE('',#3651,#3652);
#3651 = CARTESIAN_POINT('',(310.27927712141,309.72072287858,960.));
#3652 = VECTOR('',#3653,1.);
#3653 = DIRECTION('',(-0.707106781187,-0.707106781187,0.));
#3654 = ORIENTED_EDGE('',*,*,#3077,.F.);
#3655 = ORIENTED_EDGE('',*,*,#3599,.T.);
#3656 = ORIENTED_EDGE('',*,*,#3657,.T.);
#3657 = EDGE_CURVE('',#3600,#3658,#3660,.T.);
#3658 = VERTEX_POINT('',#3659);
#3659 = CARTESIAN_POINT('',(249.40053781351,229.17810594917,
    963.72568915256));
#3660 = LINE('',#3661,#3662);
#3661 = CARTESIAN_POINT('',(230.27618216053,248.30246160216,
    956.47875588969));
#3662 = VECTOR('',#3663,1.);
#3663 = DIRECTION('',(0.683012701892,-0.683012701892,0.258819045103));
#3664 = ORIENTED_EDGE('',*,*,#3665,.F.);
#3665 = EDGE_CURVE('',#3666,#3658,#3668,.T.);
#3666 = VERTEX_POINT('',#3667);
#3667 = CARTESIAN_POINT('',(320.11121593216,299.88878406783,
    963.72568915256));
#3668 = LINE('',#3669,#3670);
#3669 = CARTESIAN_POINT('',(320.11121593216,299.88878406783,
    963.72568915256));
#3670 = VECTOR('',#3671,1.);
#3671 = DIRECTION('',(-0.707106781187,-0.707106781187,0.));
#3672 = ORIENTED_EDGE('',*,*,#3673,.F.);
#3673 = EDGE_CURVE('',#3642,#3666,#3674,.T.);
#3674 = LINE('',#3675,#3676);
#3675 = CARTESIAN_POINT('',(300.98686027918,319.01313972081,
    956.47875588969));
#3676 = VECTOR('',#3677,1.);
#3677 = DIRECTION('',(0.683012701892,-0.683012701892,0.258819045103));
#3678 = PLANE('',#3679);
#3679 = AXIS2_PLACEMENT_3D('',#3680,#3681,#3682);
#3680 = CARTESIAN_POINT('',(300.98686027918,319.01313972081,
    956.47875588969));
#3681 = DIRECTION('',(-0.183012701892,0.183012701892,0.965925826289));
#3682 = DIRECTION('',(-0.707106781187,-0.707106781187,0.));
#3683 = ADVANCED_FACE('',(#3684),#3702,.T.);
#3684 = FACE_BOUND('',#3685,.T.);
#3685 = EDGE_LOOP('',(#3686,#3694,#3695,#3696));
#3686 = ORIENTED_EDGE('',*,*,#3687,.T.);
#3687 = EDGE_CURVE('',#3688,#3640,#3690,.T.);
#3688 = VERTEX_POINT('',#3689);
#3689 = CARTESIAN_POINT('',(319.68030523302,300.31969476698,960.));
#3690 = LINE('',#3691,#3692);
#3691 = CARTESIAN_POINT('',(314.5065698604,305.49343013959,960.));
#3692 = VECTOR('',#3693,1.);
#3693 = DIRECTION('',(-0.707106781187,0.707106781187,0.));
#3694 = ORIENTED_EDGE('',*,*,#3649,.T.);
#3695 = ORIENTED_EDGE('',*,*,#3068,.T.);
#3696 = ORIENTED_EDGE('',*,*,#3697,.T.);
#3697 = EDGE_CURVE('',#3060,#3688,#3698,.T.);
#3698 = LINE('',#3699,#3700);
#3699 = CARTESIAN_POINT('',(319.68030523302,300.31969476698,960.));
#3700 = VECTOR('',#3701,1.);
#3701 = DIRECTION('',(-0.707106781187,-0.707106781187,0.));
#3702 = PLANE('',#3703);
#3703 = AXIS2_PLACEMENT_3D('',#3704,#3705,#3706);
#3704 = CARTESIAN_POINT('',(310.,310.,960.));
#3705 = DIRECTION('',(0.,0.,1.));
#3706 = DIRECTION('',(1.,0.,0.));
#3707 = ADVANCED_FACE('',(#3708),#3742,.F.);
#3708 = FACE_BOUND('',#3709,.F.);
#3709 = EDGE_LOOP('',(#3710,#3718,#3719,#3720,#3728,#3736));
#3710 = ORIENTED_EDGE('',*,*,#3711,.F.);
#3711 = EDGE_CURVE('',#3051,#3712,#3714,.T.);
#3712 = VERTEX_POINT('',#3713);
#3713 = CARTESIAN_POINT('',(389.72381783946,371.69753839784,
    956.47875588969));
#3714 = LINE('',#3715,#3716);
#3715 = CARTESIAN_POINT('',(319.01313972081,300.98686027918,
    956.47875588969));
#3716 = VECTOR('',#3717,1.);
#3717 = DIRECTION('',(0.707106781187,0.707106781187,0.));
#3718 = ORIENTED_EDGE('',*,*,#3059,.F.);
#3719 = ORIENTED_EDGE('',*,*,#3697,.T.);
#3720 = ORIENTED_EDGE('',*,*,#3721,.T.);
#3721 = EDGE_CURVE('',#3688,#3722,#3724,.T.);
#3722 = VERTEX_POINT('',#3723);
#3723 = CARTESIAN_POINT('',(320.11121593216,299.88878406783,
    962.27431084743));
#3724 = LINE('',#3725,#3726);
#3725 = CARTESIAN_POINT('',(319.01313972081,300.98686027918,
    956.47875588969));
#3726 = VECTOR('',#3727,1.);
#3727 = DIRECTION('',(0.183012701892,-0.183012701892,0.965925826289));
#3728 = ORIENTED_EDGE('',*,*,#3729,.T.);
#3729 = EDGE_CURVE('',#3722,#3730,#3732,.T.);
#3730 = VERTEX_POINT('',#3731);
#3731 = CARTESIAN_POINT('',(390.82189405082,370.59946218648,
    962.27431084743));
#3732 = LINE('',#3733,#3734);
#3733 = CARTESIAN_POINT('',(320.11121593216,299.88878406783,
    962.27431084743));
#3734 = VECTOR('',#3735,1.);
#3735 = DIRECTION('',(0.707106781187,0.707106781187,0.));
#3736 = ORIENTED_EDGE('',*,*,#3737,.F.);
#3737 = EDGE_CURVE('',#3712,#3730,#3738,.T.);
#3738 = LINE('',#3739,#3740);
#3739 = CARTESIAN_POINT('',(389.72381783946,371.69753839784,
    956.47875588969));
#3740 = VECTOR('',#3741,1.);
#3741 = DIRECTION('',(0.183012701892,-0.183012701892,0.965925826289));
#3742 = PLANE('',#3743);
#3743 = AXIS2_PLACEMENT_3D('',#3744,#3745,#3746);
#3744 = CARTESIAN_POINT('',(319.01313972081,300.98686027918,
    956.47875588969));
#3745 = DIRECTION('',(-0.683012701892,0.683012701892,0.258819045103));
#3746 = DIRECTION('',(0.183012701892,-0.183012701892,0.965925826289));
#3747 = ADVANCED_FACE('',(#3748),#3784,.F.);
#3748 = FACE_BOUND('',#3749,.F.);
#3749 = EDGE_LOOP('',(#3750,#3758,#3759,#3760,#3761,#3762,#3770,#3778));
#3750 = ORIENTED_EDGE('',*,*,#3751,.F.);
#3751 = EDGE_CURVE('',#3571,#3752,#3754,.T.);
#3752 = VERTEX_POINT('',#3753);
#3753 = CARTESIAN_POINT('',(301.80384757729,318.1961524227,963.));
#3754 = LINE('',#3755,#3756);
#3755 = CARTESIAN_POINT('',(319.01313972081,300.98686027918,
    956.47875588969));
#3756 = VECTOR('',#3757,1.);
#3757 = DIRECTION('',(-0.683012701892,0.683012701892,0.258819045103));
#3758 = ORIENTED_EDGE('',*,*,#3578,.T.);
#3759 = ORIENTED_EDGE('',*,*,#3016,.F.);
#3760 = ORIENTED_EDGE('',*,*,#3050,.F.);
#3761 = ORIENTED_EDGE('',*,*,#3711,.T.);
#3762 = ORIENTED_EDGE('',*,*,#3763,.T.);
#3763 = EDGE_CURVE('',#3712,#3764,#3766,.T.);
#3764 = VERTEX_POINT('',#3765);
#3765 = CARTESIAN_POINT('',(370.59946218648,390.82189405082,
    963.72568915256));
#3766 = LINE('',#3767,#3768);
#3767 = CARTESIAN_POINT('',(389.72381783946,371.69753839784,
    956.47875588969));
#3768 = VECTOR('',#3769,1.);
#3769 = DIRECTION('',(-0.683012701892,0.683012701892,0.258819045103));
#3770 = ORIENTED_EDGE('',*,*,#3771,.F.);
#3771 = EDGE_CURVE('',#3772,#3764,#3774,.T.);
#3772 = VERTEX_POINT('',#3773);
#3773 = CARTESIAN_POINT('',(299.88878406783,320.11121593216,
    963.72568915256));
#3774 = LINE('',#3775,#3776);
#3775 = CARTESIAN_POINT('',(299.88878406783,320.11121593216,
    963.72568915256));
#3776 = VECTOR('',#3777,1.);
#3777 = DIRECTION('',(0.707106781187,0.707106781187,0.));
#3778 = ORIENTED_EDGE('',*,*,#3779,.F.);
#3779 = EDGE_CURVE('',#3752,#3772,#3780,.T.);
#3780 = LINE('',#3781,#3782);
#3781 = CARTESIAN_POINT('',(319.01313972081,300.98686027918,
    956.47875588969));
#3782 = VECTOR('',#3783,1.);
#3783 = DIRECTION('',(-0.683012701892,0.683012701892,0.258819045103));
#3784 = PLANE('',#3785);
#3785 = AXIS2_PLACEMENT_3D('',#3786,#3787,#3788);
#3786 = CARTESIAN_POINT('',(319.01313972081,300.98686027918,
    956.47875588969));
#3787 = DIRECTION('',(0.183012701892,-0.183012701892,0.965925826289));
#3788 = DIRECTION('',(0.707106781187,0.707106781187,0.));
#3789 = ADVANCED_FACE('',(#3790),#3816,.T.);
#3790 = FACE_BOUND('',#3791,.T.);
#3791 = EDGE_LOOP('',(#3792,#3800,#3801,#3802,#3810));
#3792 = ORIENTED_EDGE('',*,*,#3793,.F.);
#3793 = EDGE_CURVE('',#3171,#3794,#3796,.T.);
#3794 = VERTEX_POINT('',#3795);
#3795 = CARTESIAN_POINT('',(-296.7764571353,313.54323763167,960.));
#3796 = LINE('',#3797,#3798);
#3797 = CARTESIAN_POINT('',(-296.7764571353,313.54323763167,960.));
#3798 = VECTOR('',#3799,1.);
#3799 = DIRECTION('',(-0.258819045103,0.965925826289,0.));
#3800 = ORIENTED_EDGE('',*,*,#3170,.T.);
#3801 = ORIENTED_EDGE('',*,*,#3224,.T.);
#3802 = ORIENTED_EDGE('',*,*,#3803,.T.);
#3803 = EDGE_CURVE('',#3216,#3804,#3806,.T.);
#3804 = VERTEX_POINT('',#3805);
#3805 = CARTESIAN_POINT('',(-309.6185003574,310.10222252113,960.));
#3806 = LINE('',#3807,#3808);
#3807 = CARTESIAN_POINT('',(-309.6185003574,310.10222252113,960.));
#3808 = VECTOR('',#3809,1.);
#3809 = DIRECTION('',(0.258819045103,-0.965925826289,0.));
#3810 = ORIENTED_EDGE('',*,*,#3811,.T.);
#3811 = EDGE_CURVE('',#3804,#3794,#3812,.T.);
#3812 = LINE('',#3813,#3814);
#3813 = CARTESIAN_POINT('',(-316.9060889132,308.14951905283,960.));
#3814 = VECTOR('',#3815,1.);
#3815 = DIRECTION('',(0.965925826289,0.258819045103,0.));
#3816 = PLANE('',#3817);
#3817 = AXIS2_PLACEMENT_3D('',#3818,#3819,#3820);
#3818 = CARTESIAN_POINT('',(-310.,310.,960.));
#3819 = DIRECTION('',(0.,0.,1.));
#3820 = DIRECTION('',(1.,0.,0.));
#3821 = ADVANCED_FACE('',(#3822),#3864,.F.);
#3822 = FACE_BOUND('',#3823,.F.);
#3823 = EDGE_LOOP('',(#3824,#3834,#3842,#3850,#3856,#3857,#3858));
#3824 = ORIENTED_EDGE('',*,*,#3825,.F.);
#3825 = EDGE_CURVE('',#3826,#3828,#3830,.T.);
#3826 = VERTEX_POINT('',#3827);
#3827 = CARTESIAN_POINT('',(-296.1878221735,313.70096189432,
    963.72568915256));
#3828 = VERTEX_POINT('',#3829);
#3829 = CARTESIAN_POINT('',(-298.8038475772,313.,963.));
#3830 = LINE('',#3831,#3832);
#3831 = CARTESIAN_POINT('',(-296.1878221735,313.70096189432,
    963.72568915256));
#3832 = VECTOR('',#3833,1.);
#3833 = DIRECTION('',(-0.933012701892,-0.25,-0.258819045103));
#3834 = ORIENTED_EDGE('',*,*,#3835,.T.);
#3835 = EDGE_CURVE('',#3826,#3836,#3838,.T.);
#3836 = VERTEX_POINT('',#3837);
#3837 = CARTESIAN_POINT('',(-322.0697266837,410.29354452323,
    963.72568915256));
#3838 = LINE('',#3839,#3840);
#3839 = CARTESIAN_POINT('',(-296.1878221735,313.70096189432,
    963.72568915256));
#3840 = VECTOR('',#3841,1.);
#3841 = DIRECTION('',(-0.258819045103,0.965925826289,0.));
#3842 = ORIENTED_EDGE('',*,*,#3843,.T.);
#3843 = EDGE_CURVE('',#3836,#3844,#3846,.T.);
#3844 = VERTEX_POINT('',#3845);
#3845 = CARTESIAN_POINT('',(-348.1940823367,403.29354452323,
    956.47875588969));
#3846 = LINE('',#3847,#3848);
#3847 = CARTESIAN_POINT('',(-322.0697266837,410.29354452323,
    963.72568915256));
#3848 = VECTOR('',#3849,1.);
#3849 = DIRECTION('',(-0.933012701892,-0.25,-0.258819045103));
#3850 = ORIENTED_EDGE('',*,*,#3851,.F.);
#3851 = EDGE_CURVE('',#3207,#3844,#3852,.T.);
#3852 = LINE('',#3853,#3854);
#3853 = CARTESIAN_POINT('',(-322.3121778264,306.70096189432,
    956.47875588969));
#3854 = VECTOR('',#3855,1.);
#3855 = DIRECTION('',(-0.258819045103,0.965925826289,0.));
#3856 = ORIENTED_EDGE('',*,*,#3215,.F.);
#3857 = ORIENTED_EDGE('',*,*,#3803,.T.);
#3858 = ORIENTED_EDGE('',*,*,#3859,.F.);
#3859 = EDGE_CURVE('',#3828,#3804,#3860,.T.);
#3860 = LINE('',#3861,#3862);
#3861 = CARTESIAN_POINT('',(-296.1878221735,313.70096189432,
    963.72568915256));
#3862 = VECTOR('',#3863,1.);
#3863 = DIRECTION('',(-0.933012701892,-0.25,-0.258819045103));
#3864 = PLANE('',#3865);
#3865 = AXIS2_PLACEMENT_3D('',#3866,#3867,#3868);
#3866 = CARTESIAN_POINT('',(-296.1878221735,313.70096189432,
    963.72568915256));
#3867 = DIRECTION('',(-0.25,-6.698729810778E-02,0.965925826289));
#3868 = DIRECTION('',(-0.258819045103,0.965925826289,0.));
#3869 = ADVANCED_FACE('',(#3870),#3904,.T.);
#3870 = FACE_BOUND('',#3871,.T.);
#3871 = EDGE_LOOP('',(#3872,#3873,#3874,#3882,#3890,#3898));
#3872 = ORIENTED_EDGE('',*,*,#3851,.F.);
#3873 = ORIENTED_EDGE('',*,*,#3206,.F.);
#3874 = ORIENTED_EDGE('',*,*,#3875,.T.);
#3875 = EDGE_CURVE('',#3198,#3876,#3878,.T.);
#3876 = VERTEX_POINT('',#3877);
#3877 = CARTESIAN_POINT('',(-323.2235428646,306.45676236832,960.));
#3878 = LINE('',#3879,#3880);
#3879 = CARTESIAN_POINT('',(-323.2235428646,306.45676236832,960.));
#3880 = VECTOR('',#3881,1.);
#3881 = DIRECTION('',(0.258819045103,-0.965925826289,0.));
#3882 = ORIENTED_EDGE('',*,*,#3883,.T.);
#3883 = EDGE_CURVE('',#3876,#3884,#3886,.T.);
#3884 = VERTEX_POINT('',#3885);
#3885 = CARTESIAN_POINT('',(-323.8121778264,306.29903810567,
    962.27431084743));
#3886 = LINE('',#3887,#3888);
#3887 = CARTESIAN_POINT('',(-322.3121778264,306.70096189432,
    956.47875588969));
#3888 = VECTOR('',#3889,1.);
#3889 = DIRECTION('',(-0.25,-6.698729810778E-02,0.965925826289));
#3890 = ORIENTED_EDGE('',*,*,#3891,.T.);
#3891 = EDGE_CURVE('',#3884,#3892,#3894,.T.);
#3892 = VERTEX_POINT('',#3893);
#3893 = CARTESIAN_POINT('',(-349.6940823367,402.89162073458,
    962.27431084743));
#3894 = LINE('',#3895,#3896);
#3895 = CARTESIAN_POINT('',(-323.8121778264,306.29903810567,
    962.27431084743));
#3896 = VECTOR('',#3897,1.);
#3897 = DIRECTION('',(-0.258819045103,0.965925826289,0.));
#3898 = ORIENTED_EDGE('',*,*,#3899,.F.);
#3899 = EDGE_CURVE('',#3844,#3892,#3900,.T.);
#3900 = LINE('',#3901,#3902);
#3901 = CARTESIAN_POINT('',(-348.1940823367,403.29354452323,
    956.47875588969));
#3902 = VECTOR('',#3903,1.);
#3903 = DIRECTION('',(-0.25,-6.698729810778E-02,0.965925826289));
#3904 = PLANE('',#3905);
#3905 = AXIS2_PLACEMENT_3D('',#3906,#3907,#3908);
#3906 = CARTESIAN_POINT('',(-322.3121778264,306.70096189432,
    956.47875588969));
#3907 = DIRECTION('',(-0.933012701892,-0.25,-0.258819045103));
#3908 = DIRECTION('',(-0.25,-6.698729810778E-02,0.965925826289));
#3909 = ADVANCED_FACE('',(#3910),#3928,.T.);
#3910 = FACE_BOUND('',#3911,.T.);
#3911 = EDGE_LOOP('',(#3912,#3913,#3914,#3922));
#3912 = ORIENTED_EDGE('',*,*,#3875,.F.);
#3913 = ORIENTED_EDGE('',*,*,#3197,.T.);
#3914 = ORIENTED_EDGE('',*,*,#3915,.T.);
#3915 = EDGE_CURVE('',#3189,#3916,#3918,.T.);
#3916 = VERTEX_POINT('',#3917);
#3917 = CARTESIAN_POINT('',(-310.3814996425,309.89777747886,960.));
#3918 = LINE('',#3919,#3920);
#3919 = CARTESIAN_POINT('',(-310.3814996425,309.89777747886,960.));
#3920 = VECTOR('',#3921,1.);
#3921 = DIRECTION('',(-0.258819045103,0.965925826289,0.));
#3922 = ORIENTED_EDGE('',*,*,#3923,.T.);
#3923 = EDGE_CURVE('',#3916,#3876,#3924,.T.);
#3924 = LINE('',#3925,#3926);
#3925 = CARTESIAN_POINT('',(-303.0939110867,311.85048094716,960.));
#3926 = VECTOR('',#3927,1.);
#3927 = DIRECTION('',(-0.965925826289,-0.258819045103,0.));
#3928 = PLANE('',#3929);
#3929 = AXIS2_PLACEMENT_3D('',#3930,#3931,#3932);
#3930 = CARTESIAN_POINT('',(-310.,310.,960.));
#3931 = DIRECTION('',(0.,0.,1.));
#3932 = DIRECTION('',(1.,0.,0.));
#3933 = ADVANCED_FACE('',(#3934),#3976,.F.);
#3934 = FACE_BOUND('',#3935,.F.);
#3935 = EDGE_LOOP('',(#3936,#3946,#3954,#3962,#3968,#3969,#3970));
#3936 = ORIENTED_EDGE('',*,*,#3937,.F.);
#3937 = EDGE_CURVE('',#3938,#3940,#3942,.T.);
#3938 = VERTEX_POINT('',#3939);
#3939 = CARTESIAN_POINT('',(-323.8121778264,306.29903810567,
    963.72568915256));
#3940 = VERTEX_POINT('',#3941);
#3941 = CARTESIAN_POINT('',(-321.1961524227,307.,963.));
#3942 = LINE('',#3943,#3944);
#3943 = CARTESIAN_POINT('',(-323.8121778264,306.29903810567,
    963.72568915256));
#3944 = VECTOR('',#3945,1.);
#3945 = DIRECTION('',(0.933012701892,0.25,-0.258819045103));
#3946 = ORIENTED_EDGE('',*,*,#3947,.T.);
#3947 = EDGE_CURVE('',#3938,#3948,#3950,.T.);
#3948 = VERTEX_POINT('',#3949);
#3949 = CARTESIAN_POINT('',(-297.9302733162,209.70645547677,
    963.72568915256));
#3950 = LINE('',#3951,#3952);
#3951 = CARTESIAN_POINT('',(-323.8121778264,306.29903810567,
    963.72568915256));
#3952 = VECTOR('',#3953,1.);
#3953 = DIRECTION('',(0.258819045103,-0.965925826289,0.));
#3954 = ORIENTED_EDGE('',*,*,#3955,.T.);
#3955 = EDGE_CURVE('',#3948,#3956,#3958,.T.);
#3956 = VERTEX_POINT('',#3957);
#3957 = CARTESIAN_POINT('',(-271.8059176632,216.70645547677,
    956.47875588969));
#3958 = LINE('',#3959,#3960);
#3959 = CARTESIAN_POINT('',(-297.9302733162,209.70645547677,
    963.72568915256));
#3960 = VECTOR('',#3961,1.);
#3961 = DIRECTION('',(0.933012701892,0.25,-0.258819045103));
#3962 = ORIENTED_EDGE('',*,*,#3963,.F.);
#3963 = EDGE_CURVE('',#3180,#3956,#3964,.T.);
#3964 = LINE('',#3965,#3966);
#3965 = CARTESIAN_POINT('',(-297.6878221735,313.29903810567,
    956.47875588969));
#3966 = VECTOR('',#3967,1.);
#3967 = DIRECTION('',(0.258819045103,-0.965925826289,0.));
#3968 = ORIENTED_EDGE('',*,*,#3188,.F.);
#3969 = ORIENTED_EDGE('',*,*,#3915,.T.);
#3970 = ORIENTED_EDGE('',*,*,#3971,.F.);
#3971 = EDGE_CURVE('',#3940,#3916,#3972,.T.);
#3972 = LINE('',#3973,#3974);
#3973 = CARTESIAN_POINT('',(-323.8121778264,306.29903810567,
    963.72568915256));
#3974 = VECTOR('',#3975,1.);
#3975 = DIRECTION('',(0.933012701892,0.25,-0.258819045103));
#3976 = PLANE('',#3977);
#3977 = AXIS2_PLACEMENT_3D('',#3978,#3979,#3980);
#3978 = CARTESIAN_POINT('',(-323.8121778264,306.29903810567,
    963.72568915256));
#3979 = DIRECTION('',(0.25,6.698729810778E-02,0.965925826289));
#3980 = DIRECTION('',(0.258819045103,-0.965925826289,0.));
#3981 = ADVANCED_FACE('',(#3982),#4009,.T.);
#3982 = FACE_BOUND('',#3983,.T.);
#3983 = EDGE_LOOP('',(#3984,#3985,#3986,#3987,#3995,#4003));
#3984 = ORIENTED_EDGE('',*,*,#3963,.F.);
#3985 = ORIENTED_EDGE('',*,*,#3179,.F.);
#3986 = ORIENTED_EDGE('',*,*,#3793,.T.);
#3987 = ORIENTED_EDGE('',*,*,#3988,.T.);
#3988 = EDGE_CURVE('',#3794,#3989,#3991,.T.);
#3989 = VERTEX_POINT('',#3990);
#3990 = CARTESIAN_POINT('',(-296.1878221735,313.70096189432,
    962.27431084743));
#3991 = LINE('',#3992,#3993);
#3992 = CARTESIAN_POINT('',(-297.6878221735,313.29903810567,
    956.47875588969));
#3993 = VECTOR('',#3994,1.);
#3994 = DIRECTION('',(0.25,6.698729810778E-02,0.965925826289));
#3995 = ORIENTED_EDGE('',*,*,#3996,.T.);
#3996 = EDGE_CURVE('',#3989,#3997,#3999,.T.);
#3997 = VERTEX_POINT('',#3998);
#3998 = CARTESIAN_POINT('',(-270.3059176632,217.10837926541,
    962.27431084743));
#3999 = LINE('',#4000,#4001);
#4000 = CARTESIAN_POINT('',(-296.1878221735,313.70096189432,
    962.27431084743));
#4001 = VECTOR('',#4002,1.);
#4002 = DIRECTION('',(0.258819045103,-0.965925826289,0.));
#4003 = ORIENTED_EDGE('',*,*,#4004,.F.);
#4004 = EDGE_CURVE('',#3956,#3997,#4005,.T.);
#4005 = LINE('',#4006,#4007);
#4006 = CARTESIAN_POINT('',(-271.8059176632,216.70645547677,
    956.47875588969));
#4007 = VECTOR('',#4008,1.);
#4008 = DIRECTION('',(0.25,6.698729810778E-02,0.965925826289));
#4009 = PLANE('',#4010);
#4010 = AXIS2_PLACEMENT_3D('',#4011,#4012,#4013);
#4011 = CARTESIAN_POINT('',(-297.6878221735,313.29903810567,
    956.47875588969));
#4012 = DIRECTION('',(0.933012701892,0.25,-0.258819045103));
#4013 = DIRECTION('',(0.25,6.698729810778E-02,0.965925826289));
#4014 = ADVANCED_FACE('',(#4015),#4041,.T.);
#4015 = FACE_BOUND('',#4016,.T.);
#4016 = EDGE_LOOP('',(#4017,#4025,#4026,#4027,#4035));
#4017 = ORIENTED_EDGE('',*,*,#4018,.F.);
#4018 = EDGE_CURVE('',#3314,#4019,#4021,.T.);
#4019 = VERTEX_POINT('',#4020);
#4020 = CARTESIAN_POINT('',(323.22354286469,-313.5432376316,960.));
#4021 = LINE('',#4022,#4023);
#4022 = CARTESIAN_POINT('',(323.22354286469,-313.5432376316,960.));
#4023 = VECTOR('',#4024,1.);
#4024 = DIRECTION('',(0.258819045103,0.965925826289,0.));
#4025 = ORIENTED_EDGE('',*,*,#3313,.T.);
#4026 = ORIENTED_EDGE('',*,*,#3367,.T.);
#4027 = ORIENTED_EDGE('',*,*,#4028,.T.);
#4028 = EDGE_CURVE('',#3359,#4029,#4031,.T.);
#4029 = VERTEX_POINT('',#4030);
#4030 = CARTESIAN_POINT('',(310.38149964254,-310.1022225211,960.));
#4031 = LINE('',#4032,#4033);
#4032 = CARTESIAN_POINT('',(310.38149964254,-310.1022225211,960.));
#4033 = VECTOR('',#4034,1.);
#4034 = DIRECTION('',(-0.258819045103,-0.965925826289,0.));
#4035 = ORIENTED_EDGE('',*,*,#4036,.T.);
#4036 = EDGE_CURVE('',#4029,#4019,#4037,.T.);
#4037 = LINE('',#4038,#4039);
#4038 = CARTESIAN_POINT('',(303.09391108675,-308.1495190528,960.));
#4039 = VECTOR('',#4040,1.);
#4040 = DIRECTION('',(0.965925826289,-0.258819045103,0.));
#4041 = PLANE('',#4042);
#4042 = AXIS2_PLACEMENT_3D('',#4043,#4044,#4045);
#4043 = CARTESIAN_POINT('',(310.,-310.,960.));
#4044 = DIRECTION('',(0.,0.,1.));
#4045 = DIRECTION('',(1.,0.,0.));
#4046 = ADVANCED_FACE('',(#4047),#4089,.F.);
#4047 = FACE_BOUND('',#4048,.F.);
#4048 = EDGE_LOOP('',(#4049,#4059,#4067,#4075,#4081,#4082,#4083));
#4049 = ORIENTED_EDGE('',*,*,#4050,.F.);
#4050 = EDGE_CURVE('',#4051,#4053,#4055,.T.);
#4051 = VERTEX_POINT('',#4052);
#4052 = CARTESIAN_POINT('',(323.81217782649,-313.7009618943,
    963.72568915256));
#4053 = VERTEX_POINT('',#4054);
#4054 = CARTESIAN_POINT('',(321.1961524227,-313.,963.));
#4055 = LINE('',#4056,#4057);
#4056 = CARTESIAN_POINT('',(323.81217782649,-313.7009618943,
    963.72568915256));
#4057 = VECTOR('',#4058,1.);
#4058 = DIRECTION('',(-0.933012701892,0.25,-0.258819045103));
#4059 = ORIENTED_EDGE('',*,*,#4060,.T.);
#4060 = EDGE_CURVE('',#4051,#4061,#4063,.T.);
#4061 = VERTEX_POINT('',#4062);
#4062 = CARTESIAN_POINT('',(349.69408233674,-217.1083792654,
    963.72568915256));
#4063 = LINE('',#4064,#4065);
#4064 = CARTESIAN_POINT('',(323.81217782649,-313.7009618943,
    963.72568915256));
#4065 = VECTOR('',#4066,1.);
#4066 = DIRECTION('',(0.258819045103,0.965925826289,0.));
#4067 = ORIENTED_EDGE('',*,*,#4068,.T.);
#4068 = EDGE_CURVE('',#4061,#4069,#4071,.T.);
#4069 = VERTEX_POINT('',#4070);
#4070 = CARTESIAN_POINT('',(323.56972668376,-210.1083792654,
    956.47875588969));
#4071 = LINE('',#4072,#4073);
#4072 = CARTESIAN_POINT('',(349.69408233674,-217.1083792654,
    963.72568915256));
#4073 = VECTOR('',#4074,1.);
#4074 = DIRECTION('',(-0.933012701892,0.25,-0.258819045103));
#4075 = ORIENTED_EDGE('',*,*,#4076,.F.);
#4076 = EDGE_CURVE('',#3350,#4069,#4077,.T.);
#4077 = LINE('',#4078,#4079);
#4078 = CARTESIAN_POINT('',(297.6878221735,-306.7009618943,
    956.47875588969));
#4079 = VECTOR('',#4080,1.);
#4080 = DIRECTION('',(0.258819045103,0.965925826289,0.));
#4081 = ORIENTED_EDGE('',*,*,#3358,.F.);
#4082 = ORIENTED_EDGE('',*,*,#4028,.T.);
#4083 = ORIENTED_EDGE('',*,*,#4084,.F.);
#4084 = EDGE_CURVE('',#4053,#4029,#4085,.T.);
#4085 = LINE('',#4086,#4087);
#4086 = CARTESIAN_POINT('',(323.81217782649,-313.7009618943,
    963.72568915256));
#4087 = VECTOR('',#4088,1.);
#4088 = DIRECTION('',(-0.933012701892,0.25,-0.258819045103));
#4089 = PLANE('',#4090);
#4090 = AXIS2_PLACEMENT_3D('',#4091,#4092,#4093);
#4091 = CARTESIAN_POINT('',(323.81217782649,-313.7009618943,
    963.72568915256));
#4092 = DIRECTION('',(-0.25,6.698729810778E-02,0.965925826289));
#4093 = DIRECTION('',(0.258819045103,0.965925826289,0.));
#4094 = ADVANCED_FACE('',(#4095),#4129,.T.);
#4095 = FACE_BOUND('',#4096,.T.);
#4096 = EDGE_LOOP('',(#4097,#4098,#4099,#4107,#4115,#4123));
#4097 = ORIENTED_EDGE('',*,*,#4076,.F.);
#4098 = ORIENTED_EDGE('',*,*,#3349,.F.);
#4099 = ORIENTED_EDGE('',*,*,#4100,.T.);
#4100 = EDGE_CURVE('',#3341,#4101,#4103,.T.);
#4101 = VERTEX_POINT('',#4102);
#4102 = CARTESIAN_POINT('',(296.7764571353,-306.4567623683,960.));
#4103 = LINE('',#4104,#4105);
#4104 = CARTESIAN_POINT('',(296.7764571353,-306.4567623683,960.));
#4105 = VECTOR('',#4106,1.);
#4106 = DIRECTION('',(-0.258819045103,-0.965925826289,0.));
#4107 = ORIENTED_EDGE('',*,*,#4108,.T.);
#4108 = EDGE_CURVE('',#4101,#4109,#4111,.T.);
#4109 = VERTEX_POINT('',#4110);
#4110 = CARTESIAN_POINT('',(296.1878221735,-306.2990381056,
    962.27431084743));
#4111 = LINE('',#4112,#4113);
#4112 = CARTESIAN_POINT('',(297.6878221735,-306.7009618943,
    956.47875588969));
#4113 = VECTOR('',#4114,1.);
#4114 = DIRECTION('',(-0.25,6.698729810778E-02,0.965925826289));
#4115 = ORIENTED_EDGE('',*,*,#4116,.T.);
#4116 = EDGE_CURVE('',#4109,#4117,#4119,.T.);
#4117 = VERTEX_POINT('',#4118);
#4118 = CARTESIAN_POINT('',(322.06972668376,-209.7064554767,
    962.27431084743));
#4119 = LINE('',#4120,#4121);
#4120 = CARTESIAN_POINT('',(296.1878221735,-306.2990381056,
    962.27431084743));
#4121 = VECTOR('',#4122,1.);
#4122 = DIRECTION('',(0.258819045103,0.965925826289,0.));
#4123 = ORIENTED_EDGE('',*,*,#4124,.F.);
#4124 = EDGE_CURVE('',#4069,#4117,#4125,.T.);
#4125 = LINE('',#4126,#4127);
#4126 = CARTESIAN_POINT('',(323.56972668376,-210.1083792654,
    956.47875588969));
#4127 = VECTOR('',#4128,1.);
#4128 = DIRECTION('',(-0.25,6.698729810778E-02,0.965925826289));
#4129 = PLANE('',#4130);
#4130 = AXIS2_PLACEMENT_3D('',#4131,#4132,#4133);
#4131 = CARTESIAN_POINT('',(297.6878221735,-306.7009618943,
    956.47875588969));
#4132 = DIRECTION('',(-0.933012701892,0.25,-0.258819045103));
#4133 = DIRECTION('',(-0.25,6.698729810778E-02,0.965925826289));
#4134 = ADVANCED_FACE('',(#4135),#4153,.T.);
#4135 = FACE_BOUND('',#4136,.T.);
#4136 = EDGE_LOOP('',(#4137,#4138,#4139,#4147));
#4137 = ORIENTED_EDGE('',*,*,#4100,.F.);
#4138 = ORIENTED_EDGE('',*,*,#3340,.T.);
#4139 = ORIENTED_EDGE('',*,*,#4140,.T.);
#4140 = EDGE_CURVE('',#3332,#4141,#4143,.T.);
#4141 = VERTEX_POINT('',#4142);
#4142 = CARTESIAN_POINT('',(309.61850035745,-309.8977774788,960.));
#4143 = LINE('',#4144,#4145);
#4144 = CARTESIAN_POINT('',(309.61850035745,-309.8977774788,960.));
#4145 = VECTOR('',#4146,1.);
#4146 = DIRECTION('',(0.258819045103,0.965925826289,0.));
#4147 = ORIENTED_EDGE('',*,*,#4148,.T.);
#4148 = EDGE_CURVE('',#4141,#4101,#4149,.T.);
#4149 = LINE('',#4150,#4151);
#4150 = CARTESIAN_POINT('',(316.90608891324,-311.8504809471,960.));
#4151 = VECTOR('',#4152,1.);
#4152 = DIRECTION('',(-0.965925826289,0.258819045103,0.));
#4153 = PLANE('',#4154);
#4154 = AXIS2_PLACEMENT_3D('',#4155,#4156,#4157);
#4155 = CARTESIAN_POINT('',(310.,-310.,960.));
#4156 = DIRECTION('',(0.,0.,1.));
#4157 = DIRECTION('',(1.,0.,0.));
#4158 = ADVANCED_FACE('',(#4159),#4201,.F.);
#4159 = FACE_BOUND('',#4160,.F.);
#4160 = EDGE_LOOP('',(#4161,#4171,#4179,#4187,#4193,#4194,#4195));
#4161 = ORIENTED_EDGE('',*,*,#4162,.F.);
#4162 = EDGE_CURVE('',#4163,#4165,#4167,.T.);
#4163 = VERTEX_POINT('',#4164);
#4164 = CARTESIAN_POINT('',(296.1878221735,-306.2990381056,
    963.72568915256));
#4165 = VERTEX_POINT('',#4166);
#4166 = CARTESIAN_POINT('',(298.80384757729,-307.,963.));
#4167 = LINE('',#4168,#4169);
#4168 = CARTESIAN_POINT('',(296.1878221735,-306.2990381056,
    963.72568915256));
#4169 = VECTOR('',#4170,1.);
#4170 = DIRECTION('',(0.933012701892,-0.25,-0.258819045103));
#4171 = ORIENTED_EDGE('',*,*,#4172,.T.);
#4172 = EDGE_CURVE('',#4163,#4173,#4175,.T.);
#4173 = VERTEX_POINT('',#4174);
#4174 = CARTESIAN_POINT('',(270.30591766325,-402.8916207345,
    963.72568915256));
#4175 = LINE('',#4176,#4177);
#4176 = CARTESIAN_POINT('',(296.1878221735,-306.2990381056,
    963.72568915256));
#4177 = VECTOR('',#4178,1.);
#4178 = DIRECTION('',(-0.258819045103,-0.965925826289,0.));
#4179 = ORIENTED_EDGE('',*,*,#4180,.T.);
#4180 = EDGE_CURVE('',#4173,#4181,#4183,.T.);
#4181 = VERTEX_POINT('',#4182);
#4182 = CARTESIAN_POINT('',(296.43027331623,-409.8916207345,
    956.47875588969));
#4183 = LINE('',#4184,#4185);
#4184 = CARTESIAN_POINT('',(270.30591766325,-402.8916207345,
    963.72568915256));
#4185 = VECTOR('',#4186,1.);
#4186 = DIRECTION('',(0.933012701892,-0.25,-0.258819045103));
#4187 = ORIENTED_EDGE('',*,*,#4188,.F.);
#4188 = EDGE_CURVE('',#3323,#4181,#4189,.T.);
#4189 = LINE('',#4190,#4191);
#4190 = CARTESIAN_POINT('',(322.31217782649,-313.2990381056,
    956.47875588969));
#4191 = VECTOR('',#4192,1.);
#4192 = DIRECTION('',(-0.258819045103,-0.965925826289,0.));
#4193 = ORIENTED_EDGE('',*,*,#3331,.F.);
#4194 = ORIENTED_EDGE('',*,*,#4140,.T.);
#4195 = ORIENTED_EDGE('',*,*,#4196,.F.);
#4196 = EDGE_CURVE('',#4165,#4141,#4197,.T.);
#4197 = LINE('',#4198,#4199);
#4198 = CARTESIAN_POINT('',(296.1878221735,-306.2990381056,
    963.72568915256));
#4199 = VECTOR('',#4200,1.);
#4200 = DIRECTION('',(0.933012701892,-0.25,-0.258819045103));
#4201 = PLANE('',#4202);
#4202 = AXIS2_PLACEMENT_3D('',#4203,#4204,#4205);
#4203 = CARTESIAN_POINT('',(296.1878221735,-306.2990381056,
    963.72568915256));
#4204 = DIRECTION('',(0.25,-6.698729810778E-02,0.965925826289));
#4205 = DIRECTION('',(-0.258819045103,-0.965925826289,0.));
#4206 = ADVANCED_FACE('',(#4207),#4234,.T.);
#4207 = FACE_BOUND('',#4208,.T.);
#4208 = EDGE_LOOP('',(#4209,#4210,#4211,#4212,#4220,#4228));
#4209 = ORIENTED_EDGE('',*,*,#4188,.F.);
#4210 = ORIENTED_EDGE('',*,*,#3322,.F.);
#4211 = ORIENTED_EDGE('',*,*,#4018,.T.);
#4212 = ORIENTED_EDGE('',*,*,#4213,.T.);
#4213 = EDGE_CURVE('',#4019,#4214,#4216,.T.);
#4214 = VERTEX_POINT('',#4215);
#4215 = CARTESIAN_POINT('',(323.81217782649,-313.7009618943,
    962.27431084743));
#4216 = LINE('',#4217,#4218);
#4217 = CARTESIAN_POINT('',(322.31217782649,-313.2990381056,
    956.47875588969));
#4218 = VECTOR('',#4219,1.);
#4219 = DIRECTION('',(0.25,-6.698729810778E-02,0.965925826289));
#4220 = ORIENTED_EDGE('',*,*,#4221,.T.);
#4221 = EDGE_CURVE('',#4214,#4222,#4224,.T.);
#4222 = VERTEX_POINT('',#4223);
#4223 = CARTESIAN_POINT('',(297.93027331623,-410.2935445232,
    962.27431084743));
#4224 = LINE('',#4225,#4226);
#4225 = CARTESIAN_POINT('',(323.81217782649,-313.7009618943,
    962.27431084743));
#4226 = VECTOR('',#4227,1.);
#4227 = DIRECTION('',(-0.258819045103,-0.965925826289,0.));
#4228 = ORIENTED_EDGE('',*,*,#4229,.F.);
#4229 = EDGE_CURVE('',#4181,#4222,#4230,.T.);
#4230 = LINE('',#4231,#4232);
#4231 = CARTESIAN_POINT('',(296.43027331623,-409.8916207345,
    956.47875588969));
#4232 = VECTOR('',#4233,1.);
#4233 = DIRECTION('',(0.25,-6.698729810778E-02,0.965925826289));
#4234 = PLANE('',#4235);
#4235 = AXIS2_PLACEMENT_3D('',#4236,#4237,#4238);
#4236 = CARTESIAN_POINT('',(322.31217782649,-313.2990381056,
    956.47875588969));
#4237 = DIRECTION('',(0.933012701892,-0.25,-0.258819045103));
#4238 = DIRECTION('',(0.25,-6.698729810778E-02,0.965925826289));
#4239 = ADVANCED_FACE('',(#4240),#4266,.T.);
#4240 = FACE_BOUND('',#4241,.T.);
#4241 = EDGE_LOOP('',(#4242,#4250,#4251,#4252,#4260));
#4242 = ORIENTED_EDGE('',*,*,#4243,.T.);
#4243 = EDGE_CURVE('',#4244,#3436,#4246,.T.);
#4244 = VERTEX_POINT('',#4245);
#4245 = CARTESIAN_POINT('',(-309.7207228785,-309.7207228785,960.));
#4246 = LINE('',#4247,#4248);
#4247 = CARTESIAN_POINT('',(-309.7207228785,-309.7207228785,960.));
#4248 = VECTOR('',#4249,1.);
#4249 = DIRECTION('',(0.707106781187,-0.707106781187,0.));
#4250 = ORIENTED_EDGE('',*,*,#3435,.T.);
#4251 = ORIENTED_EDGE('',*,*,#3489,.T.);
#4252 = ORIENTED_EDGE('',*,*,#4253,.T.);
#4253 = EDGE_CURVE('',#3481,#4254,#4256,.T.);
#4254 = VERTEX_POINT('',#4255);
#4255 = CARTESIAN_POINT('',(-300.3196947669,-300.3196947669,960.));
#4256 = LINE('',#4257,#4258);
#4257 = CARTESIAN_POINT('',(-300.3196947669,-300.3196947669,960.));
#4258 = VECTOR('',#4259,1.);
#4259 = DIRECTION('',(0.707106781187,-0.707106781187,0.));
#4260 = ORIENTED_EDGE('',*,*,#4261,.T.);
#4261 = EDGE_CURVE('',#4254,#4244,#4262,.T.);
#4262 = LINE('',#4263,#4264);
#4263 = CARTESIAN_POINT('',(-305.4934301395,-305.4934301395,960.));
#4264 = VECTOR('',#4265,1.);
#4265 = DIRECTION('',(-0.707106781187,-0.707106781187,0.));
#4266 = PLANE('',#4267);
#4267 = AXIS2_PLACEMENT_3D('',#4268,#4269,#4270);
#4268 = CARTESIAN_POINT('',(-310.,-310.,960.));
#4269 = DIRECTION('',(0.,0.,1.));
#4270 = DIRECTION('',(1.,0.,0.));
#4271 = ADVANCED_FACE('',(#4272),#4306,.F.);
#4272 = FACE_BOUND('',#4273,.F.);
#4273 = EDGE_LOOP('',(#4274,#4282,#4283,#4284,#4292,#4300));
#4274 = ORIENTED_EDGE('',*,*,#4275,.F.);
#4275 = EDGE_CURVE('',#3472,#4276,#4278,.T.);
#4276 = VERTEX_POINT('',#4277);
#4277 = CARTESIAN_POINT('',(-371.6975383978,-230.2761821605,
    956.47875588969));
#4278 = LINE('',#4279,#4280);
#4279 = CARTESIAN_POINT('',(-300.9868602791,-300.9868602791,
    956.47875588969));
#4280 = VECTOR('',#4281,1.);
#4281 = DIRECTION('',(-0.707106781187,0.707106781187,0.));
#4282 = ORIENTED_EDGE('',*,*,#3480,.F.);
#4283 = ORIENTED_EDGE('',*,*,#4253,.T.);
#4284 = ORIENTED_EDGE('',*,*,#4285,.T.);
#4285 = EDGE_CURVE('',#4254,#4286,#4288,.T.);
#4286 = VERTEX_POINT('',#4287);
#4287 = CARTESIAN_POINT('',(-299.8887840678,-299.8887840678,
    962.27431084743));
#4288 = LINE('',#4289,#4290);
#4289 = CARTESIAN_POINT('',(-300.9868602791,-300.9868602791,
    956.47875588969));
#4290 = VECTOR('',#4291,1.);
#4291 = DIRECTION('',(0.183012701892,0.183012701892,0.965925826289));
#4292 = ORIENTED_EDGE('',*,*,#4293,.T.);
#4293 = EDGE_CURVE('',#4286,#4294,#4296,.T.);
#4294 = VERTEX_POINT('',#4295);
#4295 = CARTESIAN_POINT('',(-370.5994621864,-229.1781059491,
    962.27431084743));
#4296 = LINE('',#4297,#4298);
#4297 = CARTESIAN_POINT('',(-299.8887840678,-299.8887840678,
    962.27431084743));
#4298 = VECTOR('',#4299,1.);
#4299 = DIRECTION('',(-0.707106781187,0.707106781187,0.));
#4300 = ORIENTED_EDGE('',*,*,#4301,.F.);
#4301 = EDGE_CURVE('',#4276,#4294,#4302,.T.);
#4302 = LINE('',#4303,#4304);
#4303 = CARTESIAN_POINT('',(-371.6975383978,-230.2761821605,
    956.47875588969));
#4304 = VECTOR('',#4305,1.);
#4305 = DIRECTION('',(0.183012701892,0.183012701892,0.965925826289));
#4306 = PLANE('',#4307);
#4307 = AXIS2_PLACEMENT_3D('',#4308,#4309,#4310);
#4308 = CARTESIAN_POINT('',(-300.9868602791,-300.9868602791,
    956.47875588969));
#4309 = DIRECTION('',(-0.683012701892,-0.683012701892,0.258819045103));
#4310 = DIRECTION('',(0.183012701892,0.183012701892,0.965925826289));
#4311 = ADVANCED_FACE('',(#4312),#4354,.F.);
#4312 = FACE_BOUND('',#4313,.F.);
#4313 = EDGE_LOOP('',(#4314,#4324,#4330,#4331,#4332,#4340,#4348));
#4314 = ORIENTED_EDGE('',*,*,#4315,.F.);
#4315 = EDGE_CURVE('',#4316,#4318,#4320,.T.);
#4316 = VERTEX_POINT('',#4317);
#4317 = CARTESIAN_POINT('',(-310.2792771214,-310.2792771214,960.));
#4318 = VERTEX_POINT('',#4319);
#4319 = CARTESIAN_POINT('',(-318.1961524227,-318.1961524227,963.));
#4320 = LINE('',#4321,#4322);
#4321 = CARTESIAN_POINT('',(-300.9868602791,-300.9868602791,
    956.47875588969));
#4322 = VECTOR('',#4323,1.);
#4323 = DIRECTION('',(-0.683012701892,-0.683012701892,0.258819045103));
#4324 = ORIENTED_EDGE('',*,*,#4325,.T.);
#4325 = EDGE_CURVE('',#4316,#3463,#4326,.T.);
#4326 = LINE('',#4327,#4328);
#4327 = CARTESIAN_POINT('',(-310.2792771214,-310.2792771214,960.));
#4328 = VECTOR('',#4329,1.);
#4329 = DIRECTION('',(-0.707106781187,0.707106781187,0.));
#4330 = ORIENTED_EDGE('',*,*,#3471,.F.);
#4331 = ORIENTED_EDGE('',*,*,#4275,.T.);
#4332 = ORIENTED_EDGE('',*,*,#4333,.T.);
#4333 = EDGE_CURVE('',#4276,#4334,#4336,.T.);
#4334 = VERTEX_POINT('',#4335);
#4335 = CARTESIAN_POINT('',(-390.8218940508,-249.4005378135,
    963.72568915256));
#4336 = LINE('',#4337,#4338);
#4337 = CARTESIAN_POINT('',(-371.6975383978,-230.2761821605,
    956.47875588969));
#4338 = VECTOR('',#4339,1.);
#4339 = DIRECTION('',(-0.683012701892,-0.683012701892,0.258819045103));
#4340 = ORIENTED_EDGE('',*,*,#4341,.F.);
#4341 = EDGE_CURVE('',#4342,#4334,#4344,.T.);
#4342 = VERTEX_POINT('',#4343);
#4343 = CARTESIAN_POINT('',(-320.1112159321,-320.1112159321,
    963.72568915256));
#4344 = LINE('',#4345,#4346);
#4345 = CARTESIAN_POINT('',(-320.1112159321,-320.1112159321,
    963.72568915256));
#4346 = VECTOR('',#4347,1.);
#4347 = DIRECTION('',(-0.707106781187,0.707106781187,0.));
#4348 = ORIENTED_EDGE('',*,*,#4349,.F.);
#4349 = EDGE_CURVE('',#4318,#4342,#4350,.T.);
#4350 = LINE('',#4351,#4352);
#4351 = CARTESIAN_POINT('',(-300.9868602791,-300.9868602791,
    956.47875588969));
#4352 = VECTOR('',#4353,1.);
#4353 = DIRECTION('',(-0.683012701892,-0.683012701892,0.258819045103));
#4354 = PLANE('',#4355);
#4355 = AXIS2_PLACEMENT_3D('',#4356,#4357,#4358);
#4356 = CARTESIAN_POINT('',(-300.9868602791,-300.9868602791,
    956.47875588969));
#4357 = DIRECTION('',(0.183012701892,0.183012701892,0.965925826289));
#4358 = DIRECTION('',(-0.707106781187,0.707106781187,0.));
#4359 = ADVANCED_FACE('',(#4360),#4378,.T.);
#4360 = FACE_BOUND('',#4361,.T.);
#4361 = EDGE_LOOP('',(#4362,#4363,#4364,#4372));
#4362 = ORIENTED_EDGE('',*,*,#4325,.T.);
#4363 = ORIENTED_EDGE('',*,*,#3462,.T.);
#4364 = ORIENTED_EDGE('',*,*,#4365,.T.);
#4365 = EDGE_CURVE('',#3454,#4366,#4368,.T.);
#4366 = VERTEX_POINT('',#4367);
#4367 = CARTESIAN_POINT('',(-319.680305233,-319.680305233,960.));
#4368 = LINE('',#4369,#4370);
#4369 = CARTESIAN_POINT('',(-319.680305233,-319.680305233,960.));
#4370 = VECTOR('',#4371,1.);
#4371 = DIRECTION('',(-0.707106781187,0.707106781187,0.));
#4372 = ORIENTED_EDGE('',*,*,#4373,.T.);
#4373 = EDGE_CURVE('',#4366,#4316,#4374,.T.);
#4374 = LINE('',#4375,#4376);
#4375 = CARTESIAN_POINT('',(-314.5065698604,-314.5065698604,960.));
#4376 = VECTOR('',#4377,1.);
#4377 = DIRECTION('',(0.707106781187,0.707106781187,0.));
#4378 = PLANE('',#4379);
#4379 = AXIS2_PLACEMENT_3D('',#4380,#4381,#4382);
#4380 = CARTESIAN_POINT('',(-310.,-310.,960.));
#4381 = DIRECTION('',(0.,0.,1.));
#4382 = DIRECTION('',(1.,0.,0.));
#4383 = ADVANCED_FACE('',(#4384),#4418,.F.);
#4384 = FACE_BOUND('',#4385,.F.);
#4385 = EDGE_LOOP('',(#4386,#4394,#4395,#4396,#4404,#4412));
#4386 = ORIENTED_EDGE('',*,*,#4387,.F.);
#4387 = EDGE_CURVE('',#3445,#4388,#4390,.T.);
#4388 = VERTEX_POINT('',#4389);
#4389 = CARTESIAN_POINT('',(-248.3024616021,-389.7238178394,
    956.47875588969));
#4390 = LINE('',#4391,#4392);
#4391 = CARTESIAN_POINT('',(-319.0131397208,-319.0131397208,
    956.47875588969));
#4392 = VECTOR('',#4393,1.);
#4393 = DIRECTION('',(0.707106781187,-0.707106781187,0.));
#4394 = ORIENTED_EDGE('',*,*,#3453,.F.);
#4395 = ORIENTED_EDGE('',*,*,#4365,.T.);
#4396 = ORIENTED_EDGE('',*,*,#4397,.T.);
#4397 = EDGE_CURVE('',#4366,#4398,#4400,.T.);
#4398 = VERTEX_POINT('',#4399);
#4399 = CARTESIAN_POINT('',(-320.1112159321,-320.1112159321,
    962.27431084743));
#4400 = LINE('',#4401,#4402);
#4401 = CARTESIAN_POINT('',(-319.0131397208,-319.0131397208,
    956.47875588969));
#4402 = VECTOR('',#4403,1.);
#4403 = DIRECTION('',(-0.183012701892,-0.183012701892,0.965925826289));
#4404 = ORIENTED_EDGE('',*,*,#4405,.T.);
#4405 = EDGE_CURVE('',#4398,#4406,#4408,.T.);
#4406 = VERTEX_POINT('',#4407);
#4407 = CARTESIAN_POINT('',(-249.4005378135,-390.8218940508,
    962.27431084743));
#4408 = LINE('',#4409,#4410);
#4409 = CARTESIAN_POINT('',(-320.1112159321,-320.1112159321,
    962.27431084743));
#4410 = VECTOR('',#4411,1.);
#4411 = DIRECTION('',(0.707106781187,-0.707106781187,0.));
#4412 = ORIENTED_EDGE('',*,*,#4413,.F.);
#4413 = EDGE_CURVE('',#4388,#4406,#4414,.T.);
#4414 = LINE('',#4415,#4416);
#4415 = CARTESIAN_POINT('',(-248.3024616021,-389.7238178394,
    956.47875588969));
#4416 = VECTOR('',#4417,1.);
#4417 = DIRECTION('',(-0.183012701892,-0.183012701892,0.965925826289));
#4418 = PLANE('',#4419);
#4419 = AXIS2_PLACEMENT_3D('',#4420,#4421,#4422);
#4420 = CARTESIAN_POINT('',(-319.0131397208,-319.0131397208,
    956.47875588969));
#4421 = DIRECTION('',(0.683012701892,0.683012701892,0.258819045103));
#4422 = DIRECTION('',(-0.183012701892,-0.183012701892,0.965925826289));
#4423 = ADVANCED_FACE('',(#4424),#4459,.F.);
#4424 = FACE_BOUND('',#4425,.F.);
#4425 = EDGE_LOOP('',(#4426,#4434,#4435,#4436,#4437,#4445,#4453));
#4426 = ORIENTED_EDGE('',*,*,#4427,.F.);
#4427 = EDGE_CURVE('',#4244,#4428,#4430,.T.);
#4428 = VERTEX_POINT('',#4429);
#4429 = CARTESIAN_POINT('',(-301.8038475772,-301.8038475772,963.));
#4430 = LINE('',#4431,#4432);
#4431 = CARTESIAN_POINT('',(-319.0131397208,-319.0131397208,
    956.47875588969));
#4432 = VECTOR('',#4433,1.);
#4433 = DIRECTION('',(0.683012701892,0.683012701892,0.258819045103));
#4434 = ORIENTED_EDGE('',*,*,#4243,.T.);
#4435 = ORIENTED_EDGE('',*,*,#3444,.F.);
#4436 = ORIENTED_EDGE('',*,*,#4387,.T.);
#4437 = ORIENTED_EDGE('',*,*,#4438,.T.);
#4438 = EDGE_CURVE('',#4388,#4439,#4441,.T.);
#4439 = VERTEX_POINT('',#4440);
#4440 = CARTESIAN_POINT('',(-229.1781059491,-370.5994621864,
    963.72568915256));
#4441 = LINE('',#4442,#4443);
#4442 = CARTESIAN_POINT('',(-248.3024616021,-389.7238178394,
    956.47875588969));
#4443 = VECTOR('',#4444,1.);
#4444 = DIRECTION('',(0.683012701892,0.683012701892,0.258819045103));
#4445 = ORIENTED_EDGE('',*,*,#4446,.F.);
#4446 = EDGE_CURVE('',#4447,#4439,#4449,.T.);
#4447 = VERTEX_POINT('',#4448);
#4448 = CARTESIAN_POINT('',(-299.8887840678,-299.8887840678,
    963.72568915256));
#4449 = LINE('',#4450,#4451);
#4450 = CARTESIAN_POINT('',(-299.8887840678,-299.8887840678,
    963.72568915256));
#4451 = VECTOR('',#4452,1.);
#4452 = DIRECTION('',(0.707106781187,-0.707106781187,0.));
#4453 = ORIENTED_EDGE('',*,*,#4454,.F.);
#4454 = EDGE_CURVE('',#4428,#4447,#4455,.T.);
#4455 = LINE('',#4456,#4457);
#4456 = CARTESIAN_POINT('',(-319.0131397208,-319.0131397208,
    956.47875588969));
#4457 = VECTOR('',#4458,1.);
#4458 = DIRECTION('',(0.683012701892,0.683012701892,0.258819045103));
#4459 = PLANE('',#4460);
#4460 = AXIS2_PLACEMENT_3D('',#4461,#4462,#4463);
#4461 = CARTESIAN_POINT('',(-319.0131397208,-319.0131397208,
    956.47875588969));
#4462 = DIRECTION('',(-0.183012701892,-0.183012701892,0.965925826289));
#4463 = DIRECTION('',(0.707106781187,-0.707106781187,0.));
#4464 = ADVANCED_FACE('',(#4465),#4476,.F.);
#4465 = FACE_BOUND('',#4466,.F.);
#4466 = EDGE_LOOP('',(#4467,#4468,#4469,#4470));
#4467 = ORIENTED_EDGE('',*,*,#3609,.F.);
#4468 = ORIENTED_EDGE('',*,*,#3568,.T.);
#4469 = ORIENTED_EDGE('',*,*,#3751,.T.);
#4470 = ORIENTED_EDGE('',*,*,#4471,.F.);
#4471 = EDGE_CURVE('',#3610,#3752,#4472,.T.);
#4472 = LINE('',#4473,#4474);
#4473 = CARTESIAN_POINT('',(299.88878406783,320.11121593216,
    962.27431084743));
#4474 = VECTOR('',#4475,1.);
#4475 = DIRECTION('',(0.683012701892,-0.683012701892,0.258819045103));
#4476 = PLANE('',#4477);
#4477 = AXIS2_PLACEMENT_3D('',#4478,#4479,#4480);
#4478 = CARTESIAN_POINT('',(300.98686027918,319.01313972081,
    956.47875588969));
#4479 = DIRECTION('',(-0.707106781187,-0.707106781187,0.));
#4480 = DIRECTION('',(-0.183012701892,0.183012701892,0.965925826289));
#4481 = ADVANCED_FACE('',(#4482),#4500,.T.);
#4482 = FACE_BOUND('',#4483,.T.);
#4483 = EDGE_LOOP('',(#4484,#4485,#4486,#4494));
#4484 = ORIENTED_EDGE('',*,*,#3625,.F.);
#4485 = ORIENTED_EDGE('',*,*,#3657,.T.);
#4486 = ORIENTED_EDGE('',*,*,#4487,.T.);
#4487 = EDGE_CURVE('',#3658,#4488,#4490,.T.);
#4488 = VERTEX_POINT('',#4489);
#4489 = CARTESIAN_POINT('',(248.30246160216,230.27618216053,
    969.5212441103));
#4490 = LINE('',#4491,#4492);
#4491 = CARTESIAN_POINT('',(249.40053781351,229.17810594917,
    963.72568915256));
#4492 = VECTOR('',#4493,1.);
#4493 = DIRECTION('',(-0.183012701892,0.183012701892,0.965925826289));
#4494 = ORIENTED_EDGE('',*,*,#4495,.F.);
#4495 = EDGE_CURVE('',#3618,#4488,#4496,.T.);
#4496 = LINE('',#4497,#4498);
#4497 = CARTESIAN_POINT('',(229.17810594917,249.40053781351,
    962.27431084743));
#4498 = VECTOR('',#4499,1.);
#4499 = DIRECTION('',(0.683012701892,-0.683012701892,0.258819045103));
#4500 = PLANE('',#4501);
#4501 = AXIS2_PLACEMENT_3D('',#4502,#4503,#4504);
#4502 = CARTESIAN_POINT('',(230.27618216053,248.30246160216,
    956.47875588969));
#4503 = DIRECTION('',(-0.707106781187,-0.707106781187,0.));
#4504 = DIRECTION('',(-0.183012701892,0.183012701892,0.965925826289));
#4505 = ADVANCED_FACE('',(#4506),#4533,.T.);
#4506 = FACE_BOUND('',#4507,.T.);
#4507 = EDGE_LOOP('',(#4508,#4509,#4510,#4511,#4519,#4527));
#4508 = ORIENTED_EDGE('',*,*,#4471,.F.);
#4509 = ORIENTED_EDGE('',*,*,#3617,.T.);
#4510 = ORIENTED_EDGE('',*,*,#4495,.T.);
#4511 = ORIENTED_EDGE('',*,*,#4512,.F.);
#4512 = EDGE_CURVE('',#4513,#4488,#4515,.T.);
#4513 = VERTEX_POINT('',#4514);
#4514 = CARTESIAN_POINT('',(319.01313972081,300.98686027918,
    969.5212441103));
#4515 = LINE('',#4516,#4517);
#4516 = CARTESIAN_POINT('',(319.01313972081,300.98686027918,
    969.5212441103));
#4517 = VECTOR('',#4518,1.);
#4518 = DIRECTION('',(-0.707106781187,-0.707106781187,0.));
#4519 = ORIENTED_EDGE('',*,*,#4520,.F.);
#4520 = EDGE_CURVE('',#4521,#4513,#4523,.T.);
#4521 = VERTEX_POINT('',#4522);
#4522 = CARTESIAN_POINT('',(310.,310.,966.10582854123));
#4523 = LINE('',#4524,#4525);
#4524 = CARTESIAN_POINT('',(299.88878406783,320.11121593216,
    962.27431084743));
#4525 = VECTOR('',#4526,1.);
#4526 = DIRECTION('',(0.683012701892,-0.683012701892,0.258819045103));
#4527 = ORIENTED_EDGE('',*,*,#4528,.F.);
#4528 = EDGE_CURVE('',#3752,#4521,#4529,.T.);
#4529 = LINE('',#4530,#4531);
#4530 = CARTESIAN_POINT('',(299.88878406783,320.11121593216,
    962.27431084743));
#4531 = VECTOR('',#4532,1.);
#4532 = DIRECTION('',(0.683012701892,-0.683012701892,0.258819045103));
#4533 = PLANE('',#4534);
#4534 = AXIS2_PLACEMENT_3D('',#4535,#4536,#4537);
#4535 = CARTESIAN_POINT('',(299.88878406783,320.11121593216,
    962.27431084743));
#4536 = DIRECTION('',(-0.183012701892,0.183012701892,0.965925826289));
#4537 = DIRECTION('',(-0.707106781187,-0.707106781187,0.));
#4538 = ADVANCED_FACE('',(#4539),#4550,.F.);
#4539 = FACE_BOUND('',#4540,.F.);
#4540 = EDGE_LOOP('',(#4541,#4542,#4543,#4544));
#4541 = ORIENTED_EDGE('',*,*,#3721,.F.);
#4542 = ORIENTED_EDGE('',*,*,#3687,.T.);
#4543 = ORIENTED_EDGE('',*,*,#3639,.T.);
#4544 = ORIENTED_EDGE('',*,*,#4545,.F.);
#4545 = EDGE_CURVE('',#3722,#3642,#4546,.T.);
#4546 = LINE('',#4547,#4548);
#4547 = CARTESIAN_POINT('',(320.11121593216,299.88878406783,
    962.27431084743));
#4548 = VECTOR('',#4549,1.);
#4549 = DIRECTION('',(-0.683012701892,0.683012701892,0.258819045103));
#4550 = PLANE('',#4551);
#4551 = AXIS2_PLACEMENT_3D('',#4552,#4553,#4554);
#4552 = CARTESIAN_POINT('',(319.01313972081,300.98686027918,
    956.47875588969));
#4553 = DIRECTION('',(0.707106781187,0.707106781187,0.));
#4554 = DIRECTION('',(0.183012701892,-0.183012701892,0.965925826289));
#4555 = ADVANCED_FACE('',(#4556),#4572,.F.);
#4556 = FACE_BOUND('',#4557,.F.);
#4557 = EDGE_LOOP('',(#4558,#4564,#4565,#4571));
#4558 = ORIENTED_EDGE('',*,*,#4559,.F.);
#4559 = EDGE_CURVE('',#3642,#4521,#4560,.T.);
#4560 = LINE('',#4561,#4562);
#4561 = CARTESIAN_POINT('',(320.11121593216,299.88878406783,
    962.27431084743));
#4562 = VECTOR('',#4563,1.);
#4563 = DIRECTION('',(-0.683012701892,0.683012701892,0.258819045103));
#4564 = ORIENTED_EDGE('',*,*,#3673,.T.);
#4565 = ORIENTED_EDGE('',*,*,#4566,.T.);
#4566 = EDGE_CURVE('',#3666,#4513,#4567,.T.);
#4567 = LINE('',#4568,#4569);
#4568 = CARTESIAN_POINT('',(320.11121593216,299.88878406783,
    963.72568915256));
#4569 = VECTOR('',#4570,1.);
#4570 = DIRECTION('',(-0.183012701892,0.183012701892,0.965925826289));
#4571 = ORIENTED_EDGE('',*,*,#4520,.F.);
#4572 = PLANE('',#4573);
#4573 = AXIS2_PLACEMENT_3D('',#4574,#4575,#4576);
#4574 = CARTESIAN_POINT('',(300.98686027918,319.01313972081,
    956.47875588969));
#4575 = DIRECTION('',(-0.707106781187,-0.707106781187,0.));
#4576 = DIRECTION('',(-0.183012701892,0.183012701892,0.965925826289));
#4577 = ADVANCED_FACE('',(#4578),#4584,.T.);
#4578 = FACE_BOUND('',#4579,.T.);
#4579 = EDGE_LOOP('',(#4580,#4581,#4582,#4583));
#4580 = ORIENTED_EDGE('',*,*,#3665,.F.);
#4581 = ORIENTED_EDGE('',*,*,#4566,.T.);
#4582 = ORIENTED_EDGE('',*,*,#4512,.T.);
#4583 = ORIENTED_EDGE('',*,*,#4487,.F.);
#4584 = PLANE('',#4585);
#4585 = AXIS2_PLACEMENT_3D('',#4586,#4587,#4588);
#4586 = CARTESIAN_POINT('',(320.11121593216,299.88878406783,
    963.72568915256));
#4587 = DIRECTION('',(0.683012701892,-0.683012701892,0.258819045103));
#4588 = DIRECTION('',(-0.183012701892,0.183012701892,0.965925826289));
#4589 = ADVANCED_FACE('',(#4590),#4608,.T.);
#4590 = FACE_BOUND('',#4591,.T.);
#4591 = EDGE_LOOP('',(#4592,#4593,#4594,#4602));
#4592 = ORIENTED_EDGE('',*,*,#3737,.F.);
#4593 = ORIENTED_EDGE('',*,*,#3763,.T.);
#4594 = ORIENTED_EDGE('',*,*,#4595,.T.);
#4595 = EDGE_CURVE('',#3764,#4596,#4598,.T.);
#4596 = VERTEX_POINT('',#4597);
#4597 = CARTESIAN_POINT('',(371.69753839784,389.72381783946,
    969.5212441103));
#4598 = LINE('',#4599,#4600);
#4599 = CARTESIAN_POINT('',(370.59946218648,390.82189405082,
    963.72568915256));
#4600 = VECTOR('',#4601,1.);
#4601 = DIRECTION('',(0.183012701892,-0.183012701892,0.965925826289));
#4602 = ORIENTED_EDGE('',*,*,#4603,.F.);
#4603 = EDGE_CURVE('',#3730,#4596,#4604,.T.);
#4604 = LINE('',#4605,#4606);
#4605 = CARTESIAN_POINT('',(390.82189405082,370.59946218648,
    962.27431084743));
#4606 = VECTOR('',#4607,1.);
#4607 = DIRECTION('',(-0.683012701892,0.683012701892,0.258819045103));
#4608 = PLANE('',#4609);
#4609 = AXIS2_PLACEMENT_3D('',#4610,#4611,#4612);
#4610 = CARTESIAN_POINT('',(389.72381783946,371.69753839784,
    956.47875588969));
#4611 = DIRECTION('',(0.707106781187,0.707106781187,0.));
#4612 = DIRECTION('',(0.183012701892,-0.183012701892,0.965925826289));
#4613 = ADVANCED_FACE('',(#4614),#4634,.T.);
#4614 = FACE_BOUND('',#4615,.T.);
#4615 = EDGE_LOOP('',(#4616,#4617,#4618,#4619,#4627,#4633));
#4616 = ORIENTED_EDGE('',*,*,#4545,.F.);
#4617 = ORIENTED_EDGE('',*,*,#3729,.T.);
#4618 = ORIENTED_EDGE('',*,*,#4603,.T.);
#4619 = ORIENTED_EDGE('',*,*,#4620,.F.);
#4620 = EDGE_CURVE('',#4621,#4596,#4623,.T.);
#4621 = VERTEX_POINT('',#4622);
#4622 = CARTESIAN_POINT('',(300.98686027918,319.01313972081,
    969.5212441103));
#4623 = LINE('',#4624,#4625);
#4624 = CARTESIAN_POINT('',(300.98686027918,319.01313972081,
    969.5212441103));
#4625 = VECTOR('',#4626,1.);
#4626 = DIRECTION('',(0.707106781187,0.707106781187,0.));
#4627 = ORIENTED_EDGE('',*,*,#4628,.F.);
#4628 = EDGE_CURVE('',#4521,#4621,#4629,.T.);
#4629 = LINE('',#4630,#4631);
#4630 = CARTESIAN_POINT('',(320.11121593216,299.88878406783,
    962.27431084743));
#4631 = VECTOR('',#4632,1.);
#4632 = DIRECTION('',(-0.683012701892,0.683012701892,0.258819045103));
#4633 = ORIENTED_EDGE('',*,*,#4559,.F.);
#4634 = PLANE('',#4635);
#4635 = AXIS2_PLACEMENT_3D('',#4636,#4637,#4638);
#4636 = CARTESIAN_POINT('',(320.11121593216,299.88878406783,
    962.27431084743));
#4637 = DIRECTION('',(0.183012701892,-0.183012701892,0.965925826289));
#4638 = DIRECTION('',(0.707106781187,0.707106781187,0.));
#4639 = ADVANCED_FACE('',(#4640),#4651,.F.);
#4640 = FACE_BOUND('',#4641,.F.);
#4641 = EDGE_LOOP('',(#4642,#4643,#4644,#4645));
#4642 = ORIENTED_EDGE('',*,*,#4628,.F.);
#4643 = ORIENTED_EDGE('',*,*,#4528,.F.);
#4644 = ORIENTED_EDGE('',*,*,#3779,.T.);
#4645 = ORIENTED_EDGE('',*,*,#4646,.T.);
#4646 = EDGE_CURVE('',#3772,#4621,#4647,.T.);
#4647 = LINE('',#4648,#4649);
#4648 = CARTESIAN_POINT('',(299.88878406783,320.11121593216,
    963.72568915256));
#4649 = VECTOR('',#4650,1.);
#4650 = DIRECTION('',(0.183012701892,-0.183012701892,0.965925826289));
#4651 = PLANE('',#4652);
#4652 = AXIS2_PLACEMENT_3D('',#4653,#4654,#4655);
#4653 = CARTESIAN_POINT('',(319.01313972081,300.98686027918,
    956.47875588969));
#4654 = DIRECTION('',(0.707106781187,0.707106781187,0.));
#4655 = DIRECTION('',(0.183012701892,-0.183012701892,0.965925826289));
#4656 = ADVANCED_FACE('',(#4657),#4663,.T.);
#4657 = FACE_BOUND('',#4658,.T.);
#4658 = EDGE_LOOP('',(#4659,#4660,#4661,#4662));
#4659 = ORIENTED_EDGE('',*,*,#3771,.F.);
#4660 = ORIENTED_EDGE('',*,*,#4646,.T.);
#4661 = ORIENTED_EDGE('',*,*,#4620,.T.);
#4662 = ORIENTED_EDGE('',*,*,#4595,.F.);
#4663 = PLANE('',#4664);
#4664 = AXIS2_PLACEMENT_3D('',#4665,#4666,#4667);
#4665 = CARTESIAN_POINT('',(299.88878406783,320.11121593216,
    963.72568915256));
#4666 = DIRECTION('',(-0.683012701892,0.683012701892,0.258819045103));
#4667 = DIRECTION('',(0.183012701892,-0.183012701892,0.965925826289));
#4668 = ADVANCED_FACE('',(#4669),#4680,.F.);
#4669 = FACE_BOUND('',#4670,.F.);
#4670 = EDGE_LOOP('',(#4671,#4677,#4678,#4679));
#4671 = ORIENTED_EDGE('',*,*,#4672,.F.);
#4672 = EDGE_CURVE('',#3828,#3989,#4673,.T.);
#4673 = LINE('',#4674,#4675);
#4674 = CARTESIAN_POINT('',(-322.3121778264,306.70096189432,
    969.5212441103));
#4675 = VECTOR('',#4676,1.);
#4676 = DIRECTION('',(0.933012701892,0.25,-0.258819045103));
#4677 = ORIENTED_EDGE('',*,*,#3859,.T.);
#4678 = ORIENTED_EDGE('',*,*,#3811,.T.);
#4679 = ORIENTED_EDGE('',*,*,#3988,.T.);
#4680 = PLANE('',#4681);
#4681 = AXIS2_PLACEMENT_3D('',#4682,#4683,#4684);
#4682 = CARTESIAN_POINT('',(-323.8121778264,306.29903810567,
    963.72568915256));
#4683 = DIRECTION('',(0.258819045103,-0.965925826289,0.));
#4684 = DIRECTION('',(0.25,6.698729810778E-02,0.965925826289));
#4685 = ADVANCED_FACE('',(#4686),#4711,.F.);
#4686 = FACE_BOUND('',#4687,.F.);
#4687 = EDGE_LOOP('',(#4688,#4698,#4704,#4705));
#4688 = ORIENTED_EDGE('',*,*,#4689,.F.);
#4689 = EDGE_CURVE('',#4690,#4692,#4694,.T.);
#4690 = VERTEX_POINT('',#4691);
#4691 = CARTESIAN_POINT('',(-297.6878221735,313.29903810567,
    969.5212441103));
#4692 = VERTEX_POINT('',#4693);
#4693 = CARTESIAN_POINT('',(-310.,310.,966.10582854123));
#4694 = LINE('',#4695,#4696);
#4695 = CARTESIAN_POINT('',(-297.6878221735,313.29903810567,
    969.5212441103));
#4696 = VECTOR('',#4697,1.);
#4697 = DIRECTION('',(-0.933012701892,-0.25,-0.258819045103));
#4698 = ORIENTED_EDGE('',*,*,#4699,.F.);
#4699 = EDGE_CURVE('',#3826,#4690,#4700,.T.);
#4700 = LINE('',#4701,#4702);
#4701 = CARTESIAN_POINT('',(-296.1878221735,313.70096189432,
    963.72568915256));
#4702 = VECTOR('',#4703,1.);
#4703 = DIRECTION('',(-0.25,-6.698729810778E-02,0.965925826289));
#4704 = ORIENTED_EDGE('',*,*,#3825,.T.);
#4705 = ORIENTED_EDGE('',*,*,#4706,.F.);
#4706 = EDGE_CURVE('',#4692,#3828,#4707,.T.);
#4707 = LINE('',#4708,#4709);
#4708 = CARTESIAN_POINT('',(-322.3121778264,306.70096189432,
    969.5212441103));
#4709 = VECTOR('',#4710,1.);
#4710 = DIRECTION('',(0.933012701892,0.25,-0.258819045103));
#4711 = PLANE('',#4712);
#4712 = AXIS2_PLACEMENT_3D('',#4713,#4714,#4715);
#4713 = CARTESIAN_POINT('',(-296.1878221735,313.70096189432,
    963.72568915256));
#4714 = DIRECTION('',(-0.258819045103,0.965925826289,0.));
#4715 = DIRECTION('',(-0.25,-6.698729810778E-02,0.965925826289));
#4716 = ADVANCED_FACE('',(#4717),#4735,.T.);
#4717 = FACE_BOUND('',#4718,.T.);
#4718 = EDGE_LOOP('',(#4719,#4727,#4728,#4729));
#4719 = ORIENTED_EDGE('',*,*,#4720,.F.);
#4720 = EDGE_CURVE('',#3836,#4721,#4723,.T.);
#4721 = VERTEX_POINT('',#4722);
#4722 = CARTESIAN_POINT('',(-323.5697266837,409.89162073458,
    969.5212441103));
#4723 = LINE('',#4724,#4725);
#4724 = CARTESIAN_POINT('',(-322.0697266837,410.29354452323,
    963.72568915256));
#4725 = VECTOR('',#4726,1.);
#4726 = DIRECTION('',(-0.25,-6.698729810778E-02,0.965925826289));
#4727 = ORIENTED_EDGE('',*,*,#3843,.T.);
#4728 = ORIENTED_EDGE('',*,*,#3899,.T.);
#4729 = ORIENTED_EDGE('',*,*,#4730,.F.);
#4730 = EDGE_CURVE('',#4721,#3892,#4731,.T.);
#4731 = LINE('',#4732,#4733);
#4732 = CARTESIAN_POINT('',(-323.5697266837,409.89162073458,
    969.5212441103));
#4733 = VECTOR('',#4734,1.);
#4734 = DIRECTION('',(-0.933012701892,-0.25,-0.258819045103));
#4735 = PLANE('',#4736);
#4736 = AXIS2_PLACEMENT_3D('',#4737,#4738,#4739);
#4737 = CARTESIAN_POINT('',(-322.0697266837,410.29354452323,
    963.72568915256));
#4738 = DIRECTION('',(-0.258819045103,0.965925826289,0.));
#4739 = DIRECTION('',(-0.25,-6.698729810778E-02,0.965925826289));
#4740 = ADVANCED_FACE('',(#4741),#4752,.F.);
#4741 = FACE_BOUND('',#4742,.F.);
#4742 = EDGE_LOOP('',(#4743,#4744,#4745,#4751));
#4743 = ORIENTED_EDGE('',*,*,#3835,.F.);
#4744 = ORIENTED_EDGE('',*,*,#4699,.T.);
#4745 = ORIENTED_EDGE('',*,*,#4746,.T.);
#4746 = EDGE_CURVE('',#4690,#4721,#4747,.T.);
#4747 = LINE('',#4748,#4749);
#4748 = CARTESIAN_POINT('',(-297.6878221735,313.29903810567,
    969.5212441103));
#4749 = VECTOR('',#4750,1.);
#4750 = DIRECTION('',(-0.258819045103,0.965925826289,0.));
#4751 = ORIENTED_EDGE('',*,*,#4720,.F.);
#4752 = PLANE('',#4753);
#4753 = AXIS2_PLACEMENT_3D('',#4754,#4755,#4756);
#4754 = CARTESIAN_POINT('',(-296.1878221735,313.70096189432,
    963.72568915256));
#4755 = DIRECTION('',(-0.933012701892,-0.25,-0.258819045103));
#4756 = DIRECTION('',(-0.25,-6.698729810778E-02,0.965925826289));
#4757 = ADVANCED_FACE('',(#4758),#4776,.T.);
#4758 = FACE_BOUND('',#4759,.T.);
#4759 = EDGE_LOOP('',(#4760,#4761,#4762,#4763,#4764,#4770));
#4760 = ORIENTED_EDGE('',*,*,#4689,.F.);
#4761 = ORIENTED_EDGE('',*,*,#4746,.T.);
#4762 = ORIENTED_EDGE('',*,*,#4730,.T.);
#4763 = ORIENTED_EDGE('',*,*,#3891,.F.);
#4764 = ORIENTED_EDGE('',*,*,#4765,.F.);
#4765 = EDGE_CURVE('',#3940,#3884,#4766,.T.);
#4766 = LINE('',#4767,#4768);
#4767 = CARTESIAN_POINT('',(-297.6878221735,313.29903810567,
    969.5212441103));
#4768 = VECTOR('',#4769,1.);
#4769 = DIRECTION('',(-0.933012701892,-0.25,-0.258819045103));
#4770 = ORIENTED_EDGE('',*,*,#4771,.F.);
#4771 = EDGE_CURVE('',#4692,#3940,#4772,.T.);
#4772 = LINE('',#4773,#4774);
#4773 = CARTESIAN_POINT('',(-297.6878221735,313.29903810567,
    969.5212441103));
#4774 = VECTOR('',#4775,1.);
#4775 = DIRECTION('',(-0.933012701892,-0.25,-0.258819045103));
#4776 = PLANE('',#4777);
#4777 = AXIS2_PLACEMENT_3D('',#4778,#4779,#4780);
#4778 = CARTESIAN_POINT('',(-297.6878221735,313.29903810567,
    969.5212441103));
#4779 = DIRECTION('',(-0.25,-6.698729810778E-02,0.965925826289));
#4780 = DIRECTION('',(-0.258819045103,0.965925826289,0.));
#4781 = ADVANCED_FACE('',(#4782),#4788,.F.);
#4782 = FACE_BOUND('',#4783,.F.);
#4783 = EDGE_LOOP('',(#4784,#4785,#4786,#4787));
#4784 = ORIENTED_EDGE('',*,*,#4765,.F.);
#4785 = ORIENTED_EDGE('',*,*,#3971,.T.);
#4786 = ORIENTED_EDGE('',*,*,#3923,.T.);
#4787 = ORIENTED_EDGE('',*,*,#3883,.T.);
#4788 = PLANE('',#4789);
#4789 = AXIS2_PLACEMENT_3D('',#4790,#4791,#4792);
#4790 = CARTESIAN_POINT('',(-296.1878221735,313.70096189432,
    963.72568915256));
#4791 = DIRECTION('',(-0.258819045103,0.965925826289,0.));
#4792 = DIRECTION('',(-0.25,-6.698729810778E-02,0.965925826289));
#4793 = ADVANCED_FACE('',(#4794),#4812,.F.);
#4794 = FACE_BOUND('',#4795,.F.);
#4795 = EDGE_LOOP('',(#4796,#4804,#4810,#4811));
#4796 = ORIENTED_EDGE('',*,*,#4797,.F.);
#4797 = EDGE_CURVE('',#4798,#4692,#4800,.T.);
#4798 = VERTEX_POINT('',#4799);
#4799 = CARTESIAN_POINT('',(-322.3121778264,306.70096189432,
    969.5212441103));
#4800 = LINE('',#4801,#4802);
#4801 = CARTESIAN_POINT('',(-322.3121778264,306.70096189432,
    969.5212441103));
#4802 = VECTOR('',#4803,1.);
#4803 = DIRECTION('',(0.933012701892,0.25,-0.258819045103));
#4804 = ORIENTED_EDGE('',*,*,#4805,.F.);
#4805 = EDGE_CURVE('',#3938,#4798,#4806,.T.);
#4806 = LINE('',#4807,#4808);
#4807 = CARTESIAN_POINT('',(-323.8121778264,306.29903810567,
    963.72568915256));
#4808 = VECTOR('',#4809,1.);
#4809 = DIRECTION('',(0.25,6.698729810778E-02,0.965925826289));
#4810 = ORIENTED_EDGE('',*,*,#3937,.T.);
#4811 = ORIENTED_EDGE('',*,*,#4771,.F.);
#4812 = PLANE('',#4813);
#4813 = AXIS2_PLACEMENT_3D('',#4814,#4815,#4816);
#4814 = CARTESIAN_POINT('',(-323.8121778264,306.29903810567,
    963.72568915256));
#4815 = DIRECTION('',(0.258819045103,-0.965925826289,0.));
#4816 = DIRECTION('',(0.25,6.698729810778E-02,0.965925826289));
#4817 = ADVANCED_FACE('',(#4818),#4836,.T.);
#4818 = FACE_BOUND('',#4819,.T.);
#4819 = EDGE_LOOP('',(#4820,#4828,#4829,#4830));
#4820 = ORIENTED_EDGE('',*,*,#4821,.F.);
#4821 = EDGE_CURVE('',#3948,#4822,#4824,.T.);
#4822 = VERTEX_POINT('',#4823);
#4823 = CARTESIAN_POINT('',(-296.4302733162,210.10837926541,
    969.5212441103));
#4824 = LINE('',#4825,#4826);
#4825 = CARTESIAN_POINT('',(-297.9302733162,209.70645547677,
    963.72568915256));
#4826 = VECTOR('',#4827,1.);
#4827 = DIRECTION('',(0.25,6.698729810778E-02,0.965925826289));
#4828 = ORIENTED_EDGE('',*,*,#3955,.T.);
#4829 = ORIENTED_EDGE('',*,*,#4004,.T.);
#4830 = ORIENTED_EDGE('',*,*,#4831,.F.);
#4831 = EDGE_CURVE('',#4822,#3997,#4832,.T.);
#4832 = LINE('',#4833,#4834);
#4833 = CARTESIAN_POINT('',(-296.4302733162,210.10837926541,
    969.5212441103));
#4834 = VECTOR('',#4835,1.);
#4835 = DIRECTION('',(0.933012701892,0.25,-0.258819045103));
#4836 = PLANE('',#4837);
#4837 = AXIS2_PLACEMENT_3D('',#4838,#4839,#4840);
#4838 = CARTESIAN_POINT('',(-297.9302733162,209.70645547677,
    963.72568915256));
#4839 = DIRECTION('',(0.258819045103,-0.965925826289,0.));
#4840 = DIRECTION('',(0.25,6.698729810778E-02,0.965925826289));
#4841 = ADVANCED_FACE('',(#4842),#4853,.F.);
#4842 = FACE_BOUND('',#4843,.F.);
#4843 = EDGE_LOOP('',(#4844,#4845,#4846,#4852));
#4844 = ORIENTED_EDGE('',*,*,#3947,.F.);
#4845 = ORIENTED_EDGE('',*,*,#4805,.T.);
#4846 = ORIENTED_EDGE('',*,*,#4847,.T.);
#4847 = EDGE_CURVE('',#4798,#4822,#4848,.T.);
#4848 = LINE('',#4849,#4850);
#4849 = CARTESIAN_POINT('',(-322.3121778264,306.70096189432,
    969.5212441103));
#4850 = VECTOR('',#4851,1.);
#4851 = DIRECTION('',(0.258819045103,-0.965925826289,0.));
#4852 = ORIENTED_EDGE('',*,*,#4821,.F.);
#4853 = PLANE('',#4854);
#4854 = AXIS2_PLACEMENT_3D('',#4855,#4856,#4857);
#4855 = CARTESIAN_POINT('',(-323.8121778264,306.29903810567,
    963.72568915256));
#4856 = DIRECTION('',(0.933012701892,0.25,-0.258819045103));
#4857 = DIRECTION('',(0.25,6.698729810778E-02,0.965925826289));
#4858 = ADVANCED_FACE('',(#4859),#4867,.T.);
#4859 = FACE_BOUND('',#4860,.T.);
#4860 = EDGE_LOOP('',(#4861,#4862,#4863,#4864,#4865,#4866));
#4861 = ORIENTED_EDGE('',*,*,#4797,.F.);
#4862 = ORIENTED_EDGE('',*,*,#4847,.T.);
#4863 = ORIENTED_EDGE('',*,*,#4831,.T.);
#4864 = ORIENTED_EDGE('',*,*,#3996,.F.);
#4865 = ORIENTED_EDGE('',*,*,#4672,.F.);
#4866 = ORIENTED_EDGE('',*,*,#4706,.F.);
#4867 = PLANE('',#4868);
#4868 = AXIS2_PLACEMENT_3D('',#4869,#4870,#4871);
#4869 = CARTESIAN_POINT('',(-322.3121778264,306.70096189432,
    969.5212441103));
#4870 = DIRECTION('',(0.25,6.698729810778E-02,0.965925826289));
#4871 = DIRECTION('',(0.258819045103,-0.965925826289,0.));
#4872 = ADVANCED_FACE('',(#4873),#4884,.F.);
#4873 = FACE_BOUND('',#4874,.F.);
#4874 = EDGE_LOOP('',(#4875,#4881,#4882,#4883));
#4875 = ORIENTED_EDGE('',*,*,#4876,.F.);
#4876 = EDGE_CURVE('',#4053,#4214,#4877,.T.);
#4877 = LINE('',#4878,#4879);
#4878 = CARTESIAN_POINT('',(297.6878221735,-306.7009618943,
    969.5212441103));
#4879 = VECTOR('',#4880,1.);
#4880 = DIRECTION('',(0.933012701892,-0.25,-0.258819045103));
#4881 = ORIENTED_EDGE('',*,*,#4084,.T.);
#4882 = ORIENTED_EDGE('',*,*,#4036,.T.);
#4883 = ORIENTED_EDGE('',*,*,#4213,.T.);
#4884 = PLANE('',#4885);
#4885 = AXIS2_PLACEMENT_3D('',#4886,#4887,#4888);
#4886 = CARTESIAN_POINT('',(296.1878221735,-306.2990381056,
    963.72568915256));
#4887 = DIRECTION('',(-0.258819045103,-0.965925826289,0.));
#4888 = DIRECTION('',(0.25,-6.698729810778E-02,0.965925826289));
#4889 = ADVANCED_FACE('',(#4890),#4915,.F.);
#4890 = FACE_BOUND('',#4891,.F.);
#4891 = EDGE_LOOP('',(#4892,#4902,#4908,#4909));
#4892 = ORIENTED_EDGE('',*,*,#4893,.F.);
#4893 = EDGE_CURVE('',#4894,#4896,#4898,.T.);
#4894 = VERTEX_POINT('',#4895);
#4895 = CARTESIAN_POINT('',(322.31217782649,-313.2990381056,
    969.5212441103));
#4896 = VERTEX_POINT('',#4897);
#4897 = CARTESIAN_POINT('',(310.,-310.,966.10582854123));
#4898 = LINE('',#4899,#4900);
#4899 = CARTESIAN_POINT('',(322.31217782649,-313.2990381056,
    969.5212441103));
#4900 = VECTOR('',#4901,1.);
#4901 = DIRECTION('',(-0.933012701892,0.25,-0.258819045103));
#4902 = ORIENTED_EDGE('',*,*,#4903,.F.);
#4903 = EDGE_CURVE('',#4051,#4894,#4904,.T.);
#4904 = LINE('',#4905,#4906);
#4905 = CARTESIAN_POINT('',(323.81217782649,-313.7009618943,
    963.72568915256));
#4906 = VECTOR('',#4907,1.);
#4907 = DIRECTION('',(-0.25,6.698729810778E-02,0.965925826289));
#4908 = ORIENTED_EDGE('',*,*,#4050,.T.);
#4909 = ORIENTED_EDGE('',*,*,#4910,.F.);
#4910 = EDGE_CURVE('',#4896,#4053,#4911,.T.);
#4911 = LINE('',#4912,#4913);
#4912 = CARTESIAN_POINT('',(297.6878221735,-306.7009618943,
    969.5212441103));
#4913 = VECTOR('',#4914,1.);
#4914 = DIRECTION('',(0.933012701892,-0.25,-0.258819045103));
#4915 = PLANE('',#4916);
#4916 = AXIS2_PLACEMENT_3D('',#4917,#4918,#4919);
#4917 = CARTESIAN_POINT('',(323.81217782649,-313.7009618943,
    963.72568915256));
#4918 = DIRECTION('',(0.258819045103,0.965925826289,0.));
#4919 = DIRECTION('',(-0.25,6.698729810778E-02,0.965925826289));
#4920 = ADVANCED_FACE('',(#4921),#4939,.T.);
#4921 = FACE_BOUND('',#4922,.T.);
#4922 = EDGE_LOOP('',(#4923,#4931,#4932,#4933));
#4923 = ORIENTED_EDGE('',*,*,#4924,.F.);
#4924 = EDGE_CURVE('',#4061,#4925,#4927,.T.);
#4925 = VERTEX_POINT('',#4926);
#4926 = CARTESIAN_POINT('',(348.19408233674,-216.7064554767,
    969.5212441103));
#4927 = LINE('',#4928,#4929);
#4928 = CARTESIAN_POINT('',(349.69408233674,-217.1083792654,
    963.72568915256));
#4929 = VECTOR('',#4930,1.);
#4930 = DIRECTION('',(-0.25,6.698729810778E-02,0.965925826289));
#4931 = ORIENTED_EDGE('',*,*,#4068,.T.);
#4932 = ORIENTED_EDGE('',*,*,#4124,.T.);
#4933 = ORIENTED_EDGE('',*,*,#4934,.F.);
#4934 = EDGE_CURVE('',#4925,#4117,#4935,.T.);
#4935 = LINE('',#4936,#4937);
#4936 = CARTESIAN_POINT('',(348.19408233674,-216.7064554767,
    969.5212441103));
#4937 = VECTOR('',#4938,1.);
#4938 = DIRECTION('',(-0.933012701892,0.25,-0.258819045103));
#4939 = PLANE('',#4940);
#4940 = AXIS2_PLACEMENT_3D('',#4941,#4942,#4943);
#4941 = CARTESIAN_POINT('',(349.69408233674,-217.1083792654,
    963.72568915256));
#4942 = DIRECTION('',(0.258819045103,0.965925826289,0.));
#4943 = DIRECTION('',(-0.25,6.698729810778E-02,0.965925826289));
#4944 = ADVANCED_FACE('',(#4945),#4956,.F.);
#4945 = FACE_BOUND('',#4946,.F.);
#4946 = EDGE_LOOP('',(#4947,#4948,#4949,#4955));
#4947 = ORIENTED_EDGE('',*,*,#4060,.F.);
#4948 = ORIENTED_EDGE('',*,*,#4903,.T.);
#4949 = ORIENTED_EDGE('',*,*,#4950,.T.);
#4950 = EDGE_CURVE('',#4894,#4925,#4951,.T.);
#4951 = LINE('',#4952,#4953);
#4952 = CARTESIAN_POINT('',(322.31217782649,-313.2990381056,
    969.5212441103));
#4953 = VECTOR('',#4954,1.);
#4954 = DIRECTION('',(0.258819045103,0.965925826289,0.));
#4955 = ORIENTED_EDGE('',*,*,#4924,.F.);
#4956 = PLANE('',#4957);
#4957 = AXIS2_PLACEMENT_3D('',#4958,#4959,#4960);
#4958 = CARTESIAN_POINT('',(323.81217782649,-313.7009618943,
    963.72568915256));
#4959 = DIRECTION('',(-0.933012701892,0.25,-0.258819045103));
#4960 = DIRECTION('',(-0.25,6.698729810778E-02,0.965925826289));
#4961 = ADVANCED_FACE('',(#4962),#4980,.T.);
#4962 = FACE_BOUND('',#4963,.T.);
#4963 = EDGE_LOOP('',(#4964,#4965,#4966,#4967,#4968,#4974));
#4964 = ORIENTED_EDGE('',*,*,#4893,.F.);
#4965 = ORIENTED_EDGE('',*,*,#4950,.T.);
#4966 = ORIENTED_EDGE('',*,*,#4934,.T.);
#4967 = ORIENTED_EDGE('',*,*,#4116,.F.);
#4968 = ORIENTED_EDGE('',*,*,#4969,.F.);
#4969 = EDGE_CURVE('',#4165,#4109,#4970,.T.);
#4970 = LINE('',#4971,#4972);
#4971 = CARTESIAN_POINT('',(322.31217782649,-313.2990381056,
    969.5212441103));
#4972 = VECTOR('',#4973,1.);
#4973 = DIRECTION('',(-0.933012701892,0.25,-0.258819045103));
#4974 = ORIENTED_EDGE('',*,*,#4975,.F.);
#4975 = EDGE_CURVE('',#4896,#4165,#4976,.T.);
#4976 = LINE('',#4977,#4978);
#4977 = CARTESIAN_POINT('',(322.31217782649,-313.2990381056,
    969.5212441103));
#4978 = VECTOR('',#4979,1.);
#4979 = DIRECTION('',(-0.933012701892,0.25,-0.258819045103));
#4980 = PLANE('',#4981);
#4981 = AXIS2_PLACEMENT_3D('',#4982,#4983,#4984);
#4982 = CARTESIAN_POINT('',(322.31217782649,-313.2990381056,
    969.5212441103));
#4983 = DIRECTION('',(-0.25,6.698729810778E-02,0.965925826289));
#4984 = DIRECTION('',(0.258819045103,0.965925826289,0.));
#4985 = ADVANCED_FACE('',(#4986),#4992,.F.);
#4986 = FACE_BOUND('',#4987,.F.);
#4987 = EDGE_LOOP('',(#4988,#4989,#4990,#4991));
#4988 = ORIENTED_EDGE('',*,*,#4969,.F.);
#4989 = ORIENTED_EDGE('',*,*,#4196,.T.);
#4990 = ORIENTED_EDGE('',*,*,#4148,.T.);
#4991 = ORIENTED_EDGE('',*,*,#4108,.T.);
#4992 = PLANE('',#4993);
#4993 = AXIS2_PLACEMENT_3D('',#4994,#4995,#4996);
#4994 = CARTESIAN_POINT('',(323.81217782649,-313.7009618943,
    963.72568915256));
#4995 = DIRECTION('',(0.258819045103,0.965925826289,0.));
#4996 = DIRECTION('',(-0.25,6.698729810778E-02,0.965925826289));
#4997 = ADVANCED_FACE('',(#4998),#5016,.F.);
#4998 = FACE_BOUND('',#4999,.F.);
#4999 = EDGE_LOOP('',(#5000,#5008,#5014,#5015));
#5000 = ORIENTED_EDGE('',*,*,#5001,.F.);
#5001 = EDGE_CURVE('',#5002,#4896,#5004,.T.);
#5002 = VERTEX_POINT('',#5003);
#5003 = CARTESIAN_POINT('',(297.6878221735,-306.7009618943,
    969.5212441103));
#5004 = LINE('',#5005,#5006);
#5005 = CARTESIAN_POINT('',(297.6878221735,-306.7009618943,
    969.5212441103));
#5006 = VECTOR('',#5007,1.);
#5007 = DIRECTION('',(0.933012701892,-0.25,-0.258819045103));
#5008 = ORIENTED_EDGE('',*,*,#5009,.F.);
#5009 = EDGE_CURVE('',#4163,#5002,#5010,.T.);
#5010 = LINE('',#5011,#5012);
#5011 = CARTESIAN_POINT('',(296.1878221735,-306.2990381056,
    963.72568915256));
#5012 = VECTOR('',#5013,1.);
#5013 = DIRECTION('',(0.25,-6.698729810778E-02,0.965925826289));
#5014 = ORIENTED_EDGE('',*,*,#4162,.T.);
#5015 = ORIENTED_EDGE('',*,*,#4975,.F.);
#5016 = PLANE('',#5017);
#5017 = AXIS2_PLACEMENT_3D('',#5018,#5019,#5020);
#5018 = CARTESIAN_POINT('',(296.1878221735,-306.2990381056,
    963.72568915256));
#5019 = DIRECTION('',(-0.258819045103,-0.965925826289,0.));
#5020 = DIRECTION('',(0.25,-6.698729810778E-02,0.965925826289));
#5021 = ADVANCED_FACE('',(#5022),#5040,.T.);
#5022 = FACE_BOUND('',#5023,.T.);
#5023 = EDGE_LOOP('',(#5024,#5032,#5033,#5034));
#5024 = ORIENTED_EDGE('',*,*,#5025,.F.);
#5025 = EDGE_CURVE('',#4173,#5026,#5028,.T.);
#5026 = VERTEX_POINT('',#5027);
#5027 = CARTESIAN_POINT('',(271.80591766325,-403.2935445232,
    969.5212441103));
#5028 = LINE('',#5029,#5030);
#5029 = CARTESIAN_POINT('',(270.30591766325,-402.8916207345,
    963.72568915256));
#5030 = VECTOR('',#5031,1.);
#5031 = DIRECTION('',(0.25,-6.698729810778E-02,0.965925826289));
#5032 = ORIENTED_EDGE('',*,*,#4180,.T.);
#5033 = ORIENTED_EDGE('',*,*,#4229,.T.);
#5034 = ORIENTED_EDGE('',*,*,#5035,.F.);
#5035 = EDGE_CURVE('',#5026,#4222,#5036,.T.);
#5036 = LINE('',#5037,#5038);
#5037 = CARTESIAN_POINT('',(271.80591766325,-403.2935445232,
    969.5212441103));
#5038 = VECTOR('',#5039,1.);
#5039 = DIRECTION('',(0.933012701892,-0.25,-0.258819045103));
#5040 = PLANE('',#5041);
#5041 = AXIS2_PLACEMENT_3D('',#5042,#5043,#5044);
#5042 = CARTESIAN_POINT('',(270.30591766325,-402.8916207345,
    963.72568915256));
#5043 = DIRECTION('',(-0.258819045103,-0.965925826289,0.));
#5044 = DIRECTION('',(0.25,-6.698729810778E-02,0.965925826289));
#5045 = ADVANCED_FACE('',(#5046),#5057,.F.);
#5046 = FACE_BOUND('',#5047,.F.);
#5047 = EDGE_LOOP('',(#5048,#5049,#5050,#5056));
#5048 = ORIENTED_EDGE('',*,*,#4172,.F.);
#5049 = ORIENTED_EDGE('',*,*,#5009,.T.);
#5050 = ORIENTED_EDGE('',*,*,#5051,.T.);
#5051 = EDGE_CURVE('',#5002,#5026,#5052,.T.);
#5052 = LINE('',#5053,#5054);
#5053 = CARTESIAN_POINT('',(297.6878221735,-306.7009618943,
    969.5212441103));
#5054 = VECTOR('',#5055,1.);
#5055 = DIRECTION('',(-0.258819045103,-0.965925826289,0.));
#5056 = ORIENTED_EDGE('',*,*,#5025,.F.);
#5057 = PLANE('',#5058);
#5058 = AXIS2_PLACEMENT_3D('',#5059,#5060,#5061);
#5059 = CARTESIAN_POINT('',(296.1878221735,-306.2990381056,
    963.72568915256));
#5060 = DIRECTION('',(0.933012701892,-0.25,-0.258819045103));
#5061 = DIRECTION('',(0.25,-6.698729810778E-02,0.965925826289));
#5062 = ADVANCED_FACE('',(#5063),#5071,.T.);
#5063 = FACE_BOUND('',#5064,.T.);
#5064 = EDGE_LOOP('',(#5065,#5066,#5067,#5068,#5069,#5070));
#5065 = ORIENTED_EDGE('',*,*,#5001,.F.);
#5066 = ORIENTED_EDGE('',*,*,#5051,.T.);
#5067 = ORIENTED_EDGE('',*,*,#5035,.T.);
#5068 = ORIENTED_EDGE('',*,*,#4221,.F.);
#5069 = ORIENTED_EDGE('',*,*,#4876,.F.);
#5070 = ORIENTED_EDGE('',*,*,#4910,.F.);
#5071 = PLANE('',#5072);
#5072 = AXIS2_PLACEMENT_3D('',#5073,#5074,#5075);
#5073 = CARTESIAN_POINT('',(297.6878221735,-306.7009618943,
    969.5212441103));
#5074 = DIRECTION('',(0.25,-6.698729810778E-02,0.965925826289));
#5075 = DIRECTION('',(-0.258819045103,-0.965925826289,0.));
#5076 = ADVANCED_FACE('',(#5077),#5088,.F.);
#5077 = FACE_BOUND('',#5078,.F.);
#5078 = EDGE_LOOP('',(#5079,#5080,#5081,#5082));
#5079 = ORIENTED_EDGE('',*,*,#4285,.F.);
#5080 = ORIENTED_EDGE('',*,*,#4261,.T.);
#5081 = ORIENTED_EDGE('',*,*,#4427,.T.);
#5082 = ORIENTED_EDGE('',*,*,#5083,.F.);
#5083 = EDGE_CURVE('',#4286,#4428,#5084,.T.);
#5084 = LINE('',#5085,#5086);
#5085 = CARTESIAN_POINT('',(-299.8887840678,-299.8887840678,
    962.27431084743));
#5086 = VECTOR('',#5087,1.);
#5087 = DIRECTION('',(-0.683012701892,-0.683012701892,0.258819045103));
#5088 = PLANE('',#5089);
#5089 = AXIS2_PLACEMENT_3D('',#5090,#5091,#5092);
#5090 = CARTESIAN_POINT('',(-300.9868602791,-300.9868602791,
    956.47875588969));
#5091 = DIRECTION('',(-0.707106781187,0.707106781187,0.));
#5092 = DIRECTION('',(0.183012701892,0.183012701892,0.965925826289));
#5093 = ADVANCED_FACE('',(#5094),#5112,.T.);
#5094 = FACE_BOUND('',#5095,.T.);
#5095 = EDGE_LOOP('',(#5096,#5097,#5098,#5106));
#5096 = ORIENTED_EDGE('',*,*,#4301,.F.);
#5097 = ORIENTED_EDGE('',*,*,#4333,.T.);
#5098 = ORIENTED_EDGE('',*,*,#5099,.T.);
#5099 = EDGE_CURVE('',#4334,#5100,#5102,.T.);
#5100 = VERTEX_POINT('',#5101);
#5101 = CARTESIAN_POINT('',(-389.7238178394,-248.3024616021,
    969.5212441103));
#5102 = LINE('',#5103,#5104);
#5103 = CARTESIAN_POINT('',(-390.8218940508,-249.4005378135,
    963.72568915256));
#5104 = VECTOR('',#5105,1.);
#5105 = DIRECTION('',(0.183012701892,0.183012701892,0.965925826289));
#5106 = ORIENTED_EDGE('',*,*,#5107,.F.);
#5107 = EDGE_CURVE('',#4294,#5100,#5108,.T.);
#5108 = LINE('',#5109,#5110);
#5109 = CARTESIAN_POINT('',(-370.5994621864,-229.1781059491,
    962.27431084743));
#5110 = VECTOR('',#5111,1.);
#5111 = DIRECTION('',(-0.683012701892,-0.683012701892,0.258819045103));
#5112 = PLANE('',#5113);
#5113 = AXIS2_PLACEMENT_3D('',#5114,#5115,#5116);
#5114 = CARTESIAN_POINT('',(-371.6975383978,-230.2761821605,
    956.47875588969));
#5115 = DIRECTION('',(-0.707106781187,0.707106781187,0.));
#5116 = DIRECTION('',(0.183012701892,0.183012701892,0.965925826289));
#5117 = ADVANCED_FACE('',(#5118),#5145,.T.);
#5118 = FACE_BOUND('',#5119,.T.);
#5119 = EDGE_LOOP('',(#5120,#5121,#5122,#5123,#5131,#5139));
#5120 = ORIENTED_EDGE('',*,*,#5083,.F.);
#5121 = ORIENTED_EDGE('',*,*,#4293,.T.);
#5122 = ORIENTED_EDGE('',*,*,#5107,.T.);
#5123 = ORIENTED_EDGE('',*,*,#5124,.F.);
#5124 = EDGE_CURVE('',#5125,#5100,#5127,.T.);
#5125 = VERTEX_POINT('',#5126);
#5126 = CARTESIAN_POINT('',(-319.0131397208,-319.0131397208,
    969.5212441103));
#5127 = LINE('',#5128,#5129);
#5128 = CARTESIAN_POINT('',(-319.0131397208,-319.0131397208,
    969.5212441103));
#5129 = VECTOR('',#5130,1.);
#5130 = DIRECTION('',(-0.707106781187,0.707106781187,0.));
#5131 = ORIENTED_EDGE('',*,*,#5132,.F.);
#5132 = EDGE_CURVE('',#5133,#5125,#5135,.T.);
#5133 = VERTEX_POINT('',#5134);
#5134 = CARTESIAN_POINT('',(-310.,-310.,966.10582854123));
#5135 = LINE('',#5136,#5137);
#5136 = CARTESIAN_POINT('',(-299.8887840678,-299.8887840678,
    962.27431084743));
#5137 = VECTOR('',#5138,1.);
#5138 = DIRECTION('',(-0.683012701892,-0.683012701892,0.258819045103));
#5139 = ORIENTED_EDGE('',*,*,#5140,.F.);
#5140 = EDGE_CURVE('',#4428,#5133,#5141,.T.);
#5141 = LINE('',#5142,#5143);
#5142 = CARTESIAN_POINT('',(-299.8887840678,-299.8887840678,
    962.27431084743));
#5143 = VECTOR('',#5144,1.);
#5144 = DIRECTION('',(-0.683012701892,-0.683012701892,0.258819045103));
#5145 = PLANE('',#5146);
#5146 = AXIS2_PLACEMENT_3D('',#5147,#5148,#5149);
#5147 = CARTESIAN_POINT('',(-299.8887840678,-299.8887840678,
    962.27431084743));
#5148 = DIRECTION('',(0.183012701892,0.183012701892,0.965925826289));
#5149 = DIRECTION('',(-0.707106781187,0.707106781187,0.));
#5150 = ADVANCED_FACE('',(#5151),#5162,.F.);
#5151 = FACE_BOUND('',#5152,.F.);
#5152 = EDGE_LOOP('',(#5153,#5154,#5155,#5156));
#5153 = ORIENTED_EDGE('',*,*,#4397,.F.);
#5154 = ORIENTED_EDGE('',*,*,#4373,.T.);
#5155 = ORIENTED_EDGE('',*,*,#4315,.T.);
#5156 = ORIENTED_EDGE('',*,*,#5157,.F.);
#5157 = EDGE_CURVE('',#4398,#4318,#5158,.T.);
#5158 = LINE('',#5159,#5160);
#5159 = CARTESIAN_POINT('',(-320.1112159321,-320.1112159321,
    962.27431084743));
#5160 = VECTOR('',#5161,1.);
#5161 = DIRECTION('',(0.683012701892,0.683012701892,0.258819045103));
#5162 = PLANE('',#5163);
#5163 = AXIS2_PLACEMENT_3D('',#5164,#5165,#5166);
#5164 = CARTESIAN_POINT('',(-319.0131397208,-319.0131397208,
    956.47875588969));
#5165 = DIRECTION('',(0.707106781187,-0.707106781187,0.));
#5166 = DIRECTION('',(-0.183012701892,-0.183012701892,0.965925826289));
#5167 = ADVANCED_FACE('',(#5168),#5184,.F.);
#5168 = FACE_BOUND('',#5169,.F.);
#5169 = EDGE_LOOP('',(#5170,#5171,#5177,#5178));
#5170 = ORIENTED_EDGE('',*,*,#5132,.F.);
#5171 = ORIENTED_EDGE('',*,*,#5172,.F.);
#5172 = EDGE_CURVE('',#4318,#5133,#5173,.T.);
#5173 = LINE('',#5174,#5175);
#5174 = CARTESIAN_POINT('',(-320.1112159321,-320.1112159321,
    962.27431084743));
#5175 = VECTOR('',#5176,1.);
#5176 = DIRECTION('',(0.683012701892,0.683012701892,0.258819045103));
#5177 = ORIENTED_EDGE('',*,*,#4349,.T.);
#5178 = ORIENTED_EDGE('',*,*,#5179,.T.);
#5179 = EDGE_CURVE('',#4342,#5125,#5180,.T.);
#5180 = LINE('',#5181,#5182);
#5181 = CARTESIAN_POINT('',(-320.1112159321,-320.1112159321,
    963.72568915256));
#5182 = VECTOR('',#5183,1.);
#5183 = DIRECTION('',(0.183012701892,0.183012701892,0.965925826289));
#5184 = PLANE('',#5185);
#5185 = AXIS2_PLACEMENT_3D('',#5186,#5187,#5188);
#5186 = CARTESIAN_POINT('',(-300.9868602791,-300.9868602791,
    956.47875588969));
#5187 = DIRECTION('',(-0.707106781187,0.707106781187,0.));
#5188 = DIRECTION('',(0.183012701892,0.183012701892,0.965925826289));
#5189 = ADVANCED_FACE('',(#5190),#5196,.T.);
#5190 = FACE_BOUND('',#5191,.T.);
#5191 = EDGE_LOOP('',(#5192,#5193,#5194,#5195));
#5192 = ORIENTED_EDGE('',*,*,#4341,.F.);
#5193 = ORIENTED_EDGE('',*,*,#5179,.T.);
#5194 = ORIENTED_EDGE('',*,*,#5124,.T.);
#5195 = ORIENTED_EDGE('',*,*,#5099,.F.);
#5196 = PLANE('',#5197);
#5197 = AXIS2_PLACEMENT_3D('',#5198,#5199,#5200);
#5198 = CARTESIAN_POINT('',(-320.1112159321,-320.1112159321,
    963.72568915256));
#5199 = DIRECTION('',(-0.683012701892,-0.683012701892,0.258819045103));
#5200 = DIRECTION('',(0.183012701892,0.183012701892,0.965925826289));
#5201 = ADVANCED_FACE('',(#5202),#5220,.T.);
#5202 = FACE_BOUND('',#5203,.T.);
#5203 = EDGE_LOOP('',(#5204,#5205,#5206,#5214));
#5204 = ORIENTED_EDGE('',*,*,#4413,.F.);
#5205 = ORIENTED_EDGE('',*,*,#4438,.T.);
#5206 = ORIENTED_EDGE('',*,*,#5207,.T.);
#5207 = EDGE_CURVE('',#4439,#5208,#5210,.T.);
#5208 = VERTEX_POINT('',#5209);
#5209 = CARTESIAN_POINT('',(-230.2761821605,-371.6975383978,
    969.5212441103));
#5210 = LINE('',#5211,#5212);
#5211 = CARTESIAN_POINT('',(-229.1781059491,-370.5994621864,
    963.72568915256));
#5212 = VECTOR('',#5213,1.);
#5213 = DIRECTION('',(-0.183012701892,-0.183012701892,0.965925826289));
#5214 = ORIENTED_EDGE('',*,*,#5215,.F.);
#5215 = EDGE_CURVE('',#4406,#5208,#5216,.T.);
#5216 = LINE('',#5217,#5218);
#5217 = CARTESIAN_POINT('',(-249.4005378135,-390.8218940508,
    962.27431084743));
#5218 = VECTOR('',#5219,1.);
#5219 = DIRECTION('',(0.683012701892,0.683012701892,0.258819045103));
#5220 = PLANE('',#5221);
#5221 = AXIS2_PLACEMENT_3D('',#5222,#5223,#5224);
#5222 = CARTESIAN_POINT('',(-248.3024616021,-389.7238178394,
    956.47875588969));
#5223 = DIRECTION('',(0.707106781187,-0.707106781187,0.));
#5224 = DIRECTION('',(-0.183012701892,-0.183012701892,0.965925826289));
#5225 = ADVANCED_FACE('',(#5226),#5246,.T.);
#5226 = FACE_BOUND('',#5227,.T.);
#5227 = EDGE_LOOP('',(#5228,#5229,#5230,#5231,#5239,#5245));
#5228 = ORIENTED_EDGE('',*,*,#5157,.F.);
#5229 = ORIENTED_EDGE('',*,*,#4405,.T.);
#5230 = ORIENTED_EDGE('',*,*,#5215,.T.);
#5231 = ORIENTED_EDGE('',*,*,#5232,.F.);
#5232 = EDGE_CURVE('',#5233,#5208,#5235,.T.);
#5233 = VERTEX_POINT('',#5234);
#5234 = CARTESIAN_POINT('',(-300.9868602791,-300.9868602791,
    969.5212441103));
#5235 = LINE('',#5236,#5237);
#5236 = CARTESIAN_POINT('',(-300.9868602791,-300.9868602791,
    969.5212441103));
#5237 = VECTOR('',#5238,1.);
#5238 = DIRECTION('',(0.707106781187,-0.707106781187,0.));
#5239 = ORIENTED_EDGE('',*,*,#5240,.F.);
#5240 = EDGE_CURVE('',#5133,#5233,#5241,.T.);
#5241 = LINE('',#5242,#5243);
#5242 = CARTESIAN_POINT('',(-320.1112159321,-320.1112159321,
    962.27431084743));
#5243 = VECTOR('',#5244,1.);
#5244 = DIRECTION('',(0.683012701892,0.683012701892,0.258819045103));
#5245 = ORIENTED_EDGE('',*,*,#5172,.F.);
#5246 = PLANE('',#5247);
#5247 = AXIS2_PLACEMENT_3D('',#5248,#5249,#5250);
#5248 = CARTESIAN_POINT('',(-320.1112159321,-320.1112159321,
    962.27431084743));
#5249 = DIRECTION('',(-0.183012701892,-0.183012701892,0.965925826289));
#5250 = DIRECTION('',(0.707106781187,-0.707106781187,0.));
#5251 = ADVANCED_FACE('',(#5252),#5263,.F.);
#5252 = FACE_BOUND('',#5253,.F.);
#5253 = EDGE_LOOP('',(#5254,#5255,#5256,#5262));
#5254 = ORIENTED_EDGE('',*,*,#5140,.F.);
#5255 = ORIENTED_EDGE('',*,*,#4454,.T.);
#5256 = ORIENTED_EDGE('',*,*,#5257,.T.);
#5257 = EDGE_CURVE('',#4447,#5233,#5258,.T.);
#5258 = LINE('',#5259,#5260);
#5259 = CARTESIAN_POINT('',(-299.8887840678,-299.8887840678,
    963.72568915256));
#5260 = VECTOR('',#5261,1.);
#5261 = DIRECTION('',(-0.183012701892,-0.183012701892,0.965925826289));
#5262 = ORIENTED_EDGE('',*,*,#5240,.F.);
#5263 = PLANE('',#5264);
#5264 = AXIS2_PLACEMENT_3D('',#5265,#5266,#5267);
#5265 = CARTESIAN_POINT('',(-319.0131397208,-319.0131397208,
    956.47875588969));
#5266 = DIRECTION('',(0.707106781187,-0.707106781187,0.));
#5267 = DIRECTION('',(-0.183012701892,-0.183012701892,0.965925826289));
#5268 = ADVANCED_FACE('',(#5269),#5275,.T.);
#5269 = FACE_BOUND('',#5270,.T.);
#5270 = EDGE_LOOP('',(#5271,#5272,#5273,#5274));
#5271 = ORIENTED_EDGE('',*,*,#4446,.F.);
#5272 = ORIENTED_EDGE('',*,*,#5257,.T.);
#5273 = ORIENTED_EDGE('',*,*,#5232,.T.);
#5274 = ORIENTED_EDGE('',*,*,#5207,.F.);
#5275 = PLANE('',#5276);
#5276 = AXIS2_PLACEMENT_3D('',#5277,#5278,#5279);
#5277 = CARTESIAN_POINT('',(-299.8887840678,-299.8887840678,
    963.72568915256));
#5278 = DIRECTION('',(0.683012701892,0.683012701892,0.258819045103));
#5279 = DIRECTION('',(-0.183012701892,-0.183012701892,0.965925826289));
#5280 = ( GEOMETRIC_REPRESENTATION_CONTEXT(3) 
GLOBAL_UNCERTAINTY_ASSIGNED_CONTEXT((#5284)) 
GLOBAL_UNIT_ASSIGNED_CONTEXT((#5281,#5282,#5283)) REPRESENTATION_CONTEXT
('Context #1','3D Context with UNIT and UNCERTAINTY') );
#5281 = ( LENGTH_UNIT() NAMED_UNIT(*) SI_UNIT(.MILLI.,.METRE.) );
#5282 = ( NAMED_UNIT(*) PLANE_ANGLE_UNIT() SI_UNIT($,.RADIAN.) );
#5283 = ( NAMED_UNIT(*) SI_UNIT($,.STERADIAN.) SOLID_ANGLE_UNIT() );
#5284 = UNCERTAINTY_MEASURE_WITH_UNIT(LENGTH_MEASURE(1.E-07),#5281,
  'distance_accuracy_value','confusion accuracy');
#5285 = PRODUCT_RELATED_PRODUCT_CATEGORY('part',$,(#7));
ENDSEC;
END-ISO-10303-21;
