ISO-10303-21;
HEADER;
FILE_DESCRIPTION(('FreeCAD Model'),'2;1');
FILE_NAME('Open CASCADE Shape Model','2026-07-27T17:13:11',('FreeCAD'),(
    'FreeCAD'),'Open CASCADE STEP processor 7.9','FreeCAD','Unknown');
FILE_SCHEMA(('AUTOMOTIVE_DESIGN { 1 0 10303 214 1 1 1 1 }'));
ENDSEC;
DATA;
#1 = APPLICATION_PROTOCOL_DEFINITION('international standard',
  'automotive_design',2000,#2);
#2 = APPLICATION_CONTEXT(
  'core data for automotive mechanical design processes');
#3 = SHAPE_DEFINITION_REPRESENTATION(#4,#10);
#4 = PRODUCT_DEFINITION_SHAPE('','',#5);
#5 = PRODUCT_DEFINITION('design','',#6,#9);
#6 = PRODUCT_DEFINITION_FORMATION('','',#7);
#7 = PRODUCT('Open CASCADE STEP translator 7.9 2',
  'Open CASCADE STEP translator 7.9 2','',(#8));
#8 = PRODUCT_CONTEXT('',#2,'mechanical');
#9 = PRODUCT_DEFINITION_CONTEXT('part definition',#2,'design');
#10 = SHAPE_REPRESENTATION('',(#11,#15,#430,#839,#1436,#1598,#1760,#1831
    ,#2014,#2197,#2268,#2451,#2634,#3531,#3584),#3596);
#11 = AXIS2_PLACEMENT_3D('',#12,#13,#14);
#12 = CARTESIAN_POINT('',(0.,0.,0.));
#13 = DIRECTION('',(0.,0.,1.));
#14 = DIRECTION('',(1.,0.,-0.));
#15 = MANIFOLD_SOLID_BREP('',#16);
#16 = CLOSED_SHELL('',(#17,#197,#206,#215,#376,#412,#421));
#17 = ADVANCED_FACE('',(#18,#45),#192,.T.);
#18 = FACE_BOUND('',#19,.T.);
#19 = EDGE_LOOP('',(#20,#30,#37,#38));
#20 = ORIENTED_EDGE('',*,*,#21,.T.);
#21 = EDGE_CURVE('',#22,#24,#26,.T.);
#22 = VERTEX_POINT('',#23);
#23 = CARTESIAN_POINT('',(21.,-75.,447.));
#24 = VERTEX_POINT('',#25);
#25 = CARTESIAN_POINT('',(21.,-75.,827.));
#26 = LINE('',#27,#28);
#27 = CARTESIAN_POINT('',(21.,-75.,447.));
#28 = VECTOR('',#29,1.);
#29 = DIRECTION('',(0.,0.,1.));
#30 = ORIENTED_EDGE('',*,*,#31,.F.);
#31 = EDGE_CURVE('',#24,#24,#32,.T.);
#32 = CIRCLE('',#33,21.);
#33 = AXIS2_PLACEMENT_3D('',#34,#35,#36);
#34 = CARTESIAN_POINT('',(0.,-75.,827.));
#35 = DIRECTION('',(0.,0.,1.));
#36 = DIRECTION('',(1.,0.,0.));
#37 = ORIENTED_EDGE('',*,*,#21,.F.);
#38 = ORIENTED_EDGE('',*,*,#39,.T.);
#39 = EDGE_CURVE('',#22,#22,#40,.T.);
#40 = CIRCLE('',#41,21.);
#41 = AXIS2_PLACEMENT_3D('',#42,#43,#44);
#42 = CARTESIAN_POINT('',(0.,-75.,447.));
#43 = DIRECTION('',(0.,0.,1.));
#44 = DIRECTION('',(1.,0.,0.));
#45 = FACE_BOUND('',#46,.T.);
#46 = EDGE_LOOP('',(#47));
#47 = ORIENTED_EDGE('',*,*,#48,.F.);
#48 = EDGE_CURVE('',#49,#49,#51,.T.);
#49 = VERTEX_POINT('',#50);
#50 = CARTESIAN_POINT('',(-2.939152317954E-15,-54.,712.));
#51 = B_SPLINE_CURVE_WITH_KNOTS('',7,(#52,#53,#54,#55,#56,#57,#58,#59,
    #60,#61,#62,#63,#64,#65,#66,#67,#68,#69,#70,#71,#72,#73,#74,#75,#76,
    #77,#78,#79,#80,#81,#82,#83,#84,#85,#86,#87,#88,#89,#90,#91,#92,#93,
    #94,#95,#96,#97,#98,#99,#100,#101,#102,#103,#104,#105,#106,#107,#108
    ,#109,#110,#111,#112,#113,#114,#115,#116,#117,#118,#119,#120,#121,
    #122,#123,#124,#125,#126,#127,#128,#129,#130,#131,#132,#133,#134,
    #135,#136,#137,#138,#139,#140,#141,#142,#143,#144,#145,#146,#147,
    #148,#149,#150,#151,#152,#153,#154,#155,#156,#157,#158,#159,#160,
    #161,#162,#163,#164,#165,#166,#167,#168,#169,#170,#171,#172,#173,
    #174,#175,#176,#177,#178,#179,#180,#181,#182,#183,#184,#185,#186,
    #187,#188,#189,#190,#191),.UNSPECIFIED.,.T.,.F.,(8,6,6,6,6,6,6,6,6,6
    ,6,6,6,6,6,6,6,6,6,6,6,6,6,8),(0.,3.372414566067E-02,
    8.106903192501E-02,9.99070584857E-02,0.114879059452,0.154528866746,
    0.20055146926,0.249811788083,0.298072614269,0.344654254937,
    0.418996697759,0.46598934348,0.499749009586,0.533508675693,
    0.580903428576,0.613782349183,0.653588185112,0.700506767664,
    0.749815507575,0.798897244477,0.845599543207,0.919166230658,
    0.966206279411,1.),.UNSPECIFIED.);
#52 = CARTESIAN_POINT('',(0.,-54.,712.));
#53 = CARTESIAN_POINT('',(0.457261264042,-54.,712.));
#54 = CARTESIAN_POINT('',(0.913830765308,-54.01161602146,711.97967196284
    ));
#55 = CARTESIAN_POINT('',(1.367382180347,-54.03478464642,711.93912686681
    ));
#56 = CARTESIAN_POINT('',(1.815602110545,-54.0691289908,711.87887816168)
  );
#57 = CARTESIAN_POINT('',(2.256213963731,-54.11396230499,711.799839883)
  );
#58 = CARTESIAN_POINT('',(2.687000999926,-54.16830864053,711.70333441692
    ));
#59 = CARTESIAN_POINT('',(3.693815039301,-54.31886874614,711.43355940815
    ));
#60 = CARTESIAN_POINT('',(4.258092904667,-54.42310652676,711.24506532162
    ));
#61 = CARTESIAN_POINT('',(4.797790525867,-54.54099425669,711.02914433511
    ));
#62 = CARTESIAN_POINT('',(5.312332865814,-54.66991715425,710.78905747818
    ));
#63 = CARTESIAN_POINT('',(5.801398452815,-54.80735827084,710.52785573895
    ));
#64 = CARTESIAN_POINT('',(6.264879313115,-54.95093871827,710.24841867716
    ));
#65 = CARTESIAN_POINT('',(6.877105272848,-55.15713642706,709.83613548426
    ));
#66 = CARTESIAN_POINT('',(7.047484647832,-55.21650223282,709.71622560586
    ));
#67 = CARTESIAN_POINT('',(7.214033157319,-55.27642560973,709.59388071529
    ));
#68 = CARTESIAN_POINT('',(7.376802849575,-55.33679524983,709.46921487379
    ));
#69 = CARTESIAN_POINT('',(7.535846633727,-55.3975055214,709.34233189548)
  );
#70 = CARTESIAN_POINT('',(7.691218279761,-55.45845646891,709.21332534729
    ));
#71 = CARTESIAN_POINT('',(7.963582881874,-55.56811248201,708.97812577147
    ));
#72 = CARTESIAN_POINT('',(8.081907337872,-55.61676314037,708.87268505943
    ));
#73 = CARTESIAN_POINT('',(8.197972562054,-55.66545823836,708.76599857695
    ));
#74 = CARTESIAN_POINT('',(8.311804373669,-55.71415166827,708.65810568745
    ));
#75 = CARTESIAN_POINT('',(8.423427635677,-55.76279876446,708.54904295372
    ));
#76 = CARTESIAN_POINT('',(8.532866254747,-55.81135630341,708.4388441379)
  );
#77 = CARTESIAN_POINT('',(8.924240776029,-55.98802785388,708.03277802239
    ));
#78 = CARTESIAN_POINT('',(9.1932342198,-56.11537705017,707.7302072604));
#79 = CARTESIAN_POINT('',(9.447483501469,-56.24102615439,707.42045744195
    ));
#80 = CARTESIAN_POINT('',(9.687318121189,-56.36423170612,707.10404192972
    ));
#81 = CARTESIAN_POINT('',(9.913027637542,-56.484298476,706.78137328115)
  );
#82 = CARTESIAN_POINT('',(10.124852214704,-56.60056721914,
    706.45277860687));
#83 = CARTESIAN_POINT('',(10.552937514478,-56.84221257723,
    705.73052604804));
#84 = CARTESIAN_POINT('',(10.764493982546,-56.96608038809,
    705.33480702676));
#85 = CARTESIAN_POINT('',(10.957717914632,-57.08289981534,
    704.93207710895));
#86 = CARTESIAN_POINT('',(11.132667410895,-57.19163388912,
    704.52297499931));
#87 = CARTESIAN_POINT('',(11.289369682004,-57.29132292368,
    704.10806788093));
#88 = CARTESIAN_POINT('',(11.427807400304,-57.38109272559,
    703.68786043248));
#89 = CARTESIAN_POINT('',(11.676451639805,-57.54479550326,
    702.80784428524));
#90 = CARTESIAN_POINT('',(11.783994416679,-57.61717521706,702.3473019573
    ));
#91 = CARTESIAN_POINT('',(11.870259025953,-57.67622651462,
    701.88235562185));
#92 = CARTESIAN_POINT('',(11.935078501752,-57.72110652241,
    701.41411208312));
#93 = CARTESIAN_POINT('',(11.978347998838,-57.75123554629,
    700.94362572304));
#94 = CARTESIAN_POINT('',(12.,-57.76631206038,700.47191844106));
#95 = CARTESIAN_POINT('',(12.,-57.76631206038,699.53765679147));
#96 = CARTESIAN_POINT('',(11.979217716818,-57.75184113948,
    699.07550519741));
#97 = CARTESIAN_POINT('',(11.937683838239,-57.72292064736,
    698.61450044119));
#98 = CARTESIAN_POINT('',(11.875460925429,-57.67982861947,
    698.15560860071));
#99 = CARTESIAN_POINT('',(11.792647209122,-57.62310041024,
    697.69982517046));
#100 = CARTESIAN_POINT('',(11.689398710154,-57.55351537018,
    697.2481932804));
#101 = CARTESIAN_POINT('',(11.446835243799,-57.39345758646,
    696.37098090433));
#102 = CARTESIAN_POINT('',(11.308899566345,-57.30379526448,
    695.9450378528));
#103 = CARTESIAN_POINT('',(11.152245142055,-57.20388264036,
    695.5244630871));
#104 = CARTESIAN_POINT('',(10.976894197839,-57.09462027426,
    695.10978283157));
#105 = CARTESIAN_POINT('',(10.782823422754,-56.9770001365,
    694.70158820748));
#106 = CARTESIAN_POINT('',(10.569978693312,-56.85209649668,
    694.30054457581));
#107 = CARTESIAN_POINT('',(9.968523552983,-56.5119226979,693.27995920341
    ));
#108 = CARTESIAN_POINT('',(9.551035037572,-56.28731580343,
    692.67310698431));
#109 = CARTESIAN_POINT('',(9.084504805085,-56.05128834544,
    692.08786637803));
#110 = CARTESIAN_POINT('',(8.566721379422,-55.80811602427,
    691.52635310748));
#111 = CARTESIAN_POINT('',(7.994868941684,-55.56264879718,
    690.99210025113));
#112 = CARTESIAN_POINT('',(7.365867405248,-55.32077010464,690.4904485775
    ));
#113 = CARTESIAN_POINT('',(6.241359679065,-54.94366843694,
    689.73743902351));
#114 = CARTESIAN_POINT('',(5.780729839821,-54.80156118338,
    689.46113058374));
#115 = CARTESIAN_POINT('',(5.294935157084,-54.66556482918,
    689.20283865529));
#116 = CARTESIAN_POINT('',(4.78409459512,-54.53800573941,688.96538228066
    ));
#117 = CARTESIAN_POINT('',(4.248534439229,-54.42134165929,
    688.75174333928));
#118 = CARTESIAN_POINT('',(3.688826436069,-54.31812274479,
    688.56510389964));
#119 = CARTESIAN_POINT('',(2.687000999839,-54.16830864052,
    688.29666558304));
#120 = CARTESIAN_POINT('',(2.256213963722,-54.11396230499,688.200160117)
  );
#121 = CARTESIAN_POINT('',(1.815602110615,-54.0691289908,688.12112183833
    ));
#122 = CARTESIAN_POINT('',(1.367382180417,-54.03478464642,
    688.06087313319));
#123 = CARTESIAN_POINT('',(0.913830765297,-54.01161602145,
    688.02032803715));
#124 = CARTESIAN_POINT('',(0.457261263952,-54.,688.));
#125 = CARTESIAN_POINT('',(-0.457261263951,-54.,688.));
#126 = CARTESIAN_POINT('',(-0.913830765298,-54.01161602145,
    688.02032803715));
#127 = CARTESIAN_POINT('',(-1.367382180417,-54.03478464642,
    688.06087313319));
#128 = CARTESIAN_POINT('',(-1.815602110616,-54.0691289908,
    688.12112183833));
#129 = CARTESIAN_POINT('',(-2.256213963723,-54.11396230499,688.200160117
    ));
#130 = CARTESIAN_POINT('',(-2.687000999839,-54.16830864052,
    688.29666558304));
#131 = CARTESIAN_POINT('',(-3.693815038555,-54.31886874603,
    688.56644059165));
#132 = CARTESIAN_POINT('',(-4.258092904536,-54.42310652669,
    688.75493467825));
#133 = CARTESIAN_POINT('',(-4.797790526379,-54.54099425679,
    688.97085566504));
#134 = CARTESIAN_POINT('',(-5.31233286636,-54.66991715442,
    689.21094252213));
#135 = CARTESIAN_POINT('',(-5.801398452798,-54.80735827087,
    689.47214426111));
#136 = CARTESIAN_POINT('',(-6.264879312538,-54.95093871807,
    689.75158132244));
#137 = CARTESIAN_POINT('',(-7.006670750142,-55.20077408098,
    690.25111607346));
#138 = CARTESIAN_POINT('',(-7.298699283081,-55.30515468346,
    690.46349958989));
#139 = CARTESIAN_POINT('',(-7.579199537074,-55.41096529796,
    690.68300571695));
#140 = CARTESIAN_POINT('',(-7.848453202529,-55.51764107694,
    690.90907247157));
#141 = CARTESIAN_POINT('',(-8.106744422604,-55.62466687689,
    691.14122750796));
#142 = CARTESIAN_POINT('',(-8.354350648848,-55.73157012387,
    691.37908094776));
#143 = CARTESIAN_POINT('',(-8.878685914184,-55.96666164367,
    691.91680058294));
#144 = CARTESIAN_POINT('',(-9.150594137528,-56.09460412213,
    692.21920888564));
#145 = CARTESIAN_POINT('',(-9.407627347721,-56.22092480335,
    692.52889761445));
#146 = CARTESIAN_POINT('',(-9.650124571069,-56.34487006549,
    692.84534121386));
#147 = CARTESIAN_POINT('',(-9.878384768714,-56.46573617949,
    693.16811824733));
#148 = CARTESIAN_POINT('',(-10.09265692601,-56.58285651255,
    693.49689556792));
#149 = CARTESIAN_POINT('',(-10.52942512012,-56.82846462296,
    694.22570290927));
#150 = CARTESIAN_POINT('',(-10.74661023565,-56.95527832533,
    694.62806897246));
#151 = CARTESIAN_POINT('',(-10.94477119572,-57.07485801805,
    695.03774797132));
#152 = CARTESIAN_POINT('',(-11.1239745235,-57.18610556369,
    695.45406485216));
#153 = CARTESIAN_POINT('',(-11.28425274223,-57.28800525137,
    695.87642217206));
#154 = CARTESIAN_POINT('',(-11.42558955941,-57.37963254008,
    696.30429005611));
#155 = CARTESIAN_POINT('',(-11.67645161893,-57.54479548952,
    697.1921556409));
#156 = CARTESIAN_POINT('',(-11.78399440652,-57.61717520986,
    697.65269798086));
#157 = CARTESIAN_POINT('',(-11.87025903151,-57.67622651827,
    698.11764437542));
#158 = CARTESIAN_POINT('',(-11.93507851469,-57.72110653143,
    698.58588798361));
#159 = CARTESIAN_POINT('',(-11.97834800794,-57.75123555263,
    699.05637438853));
#160 = CARTESIAN_POINT('',(-12.,-57.76631206038,699.52808165806));
#161 = CARTESIAN_POINT('',(-12.,-57.76631206038,700.46974576798));
#162 = CARTESIAN_POINT('',(-11.9785469062,-57.75137404744,
    700.93928492575));
#163 = CARTESIAN_POINT('',(-11.93567432794,-57.72152140287,
    701.40762024148));
#164 = CARTESIAN_POINT('',(-11.87144863524,-57.67705019816,
    701.87374264718));
#165 = CARTESIAN_POINT('',(-11.78597315198,-57.61852983924,
    702.33661130882));
#166 = CARTESIAN_POINT('',(-11.67941232086,-57.54678846995,
    702.79513408704));
#167 = CARTESIAN_POINT('',(-11.43083445537,-57.38304545374,
    703.67920096688));
#168 = CARTESIAN_POINT('',(-11.29078284994,-57.29219183293,
    704.10528084859));
#169 = CARTESIAN_POINT('',(-11.13196076183,-57.19113342943,
    704.52591985094));
#170 = CARTESIAN_POINT('',(-10.95438604986,-57.08078033582,
    704.94059344334));
#171 = CARTESIAN_POINT('',(-10.75802927686,-56.96213284554,
    705.34871105374));
#172 = CARTESIAN_POINT('',(-10.54282829302,-56.83627271864,
    705.74960637486));
#173 = CARTESIAN_POINT('',(-9.93990222444,-56.49655332228,
    706.76146761446));
#174 = CARTESIAN_POINT('',(-9.524397731131,-56.27386360594,
    707.36019453074));
#175 = CARTESIAN_POINT('',(-9.060868525343,-56.04020574724,
    707.93770010898));
#176 = CARTESIAN_POINT('',(-8.547148600032,-55.79972446539,
    708.4919029009));
#177 = CARTESIAN_POINT('',(-7.980509652599,-55.55712996221,
    709.01934416076));
#178 = CARTESIAN_POINT('',(-7.35799080842,-55.31812870189,
    709.51482586617));
#179 = CARTESIAN_POINT('',(-6.241359679064,-54.94366843694,
    710.26256097648));
#180 = CARTESIAN_POINT('',(-5.780729839822,-54.80156118338,
    710.53886941625));
#181 = CARTESIAN_POINT('',(-5.294935157084,-54.66556482918,
    710.7971613447));
#182 = CARTESIAN_POINT('',(-4.78409459512,-54.53800573941,
    711.03461771933));
#183 = CARTESIAN_POINT('',(-4.24853443923,-54.42134165929,
    711.24825666071));
#184 = CARTESIAN_POINT('',(-3.688826436068,-54.31812274479,
    711.43489610035));
#185 = CARTESIAN_POINT('',(-2.687000999926,-54.16830864053,
    711.70333441692));
#186 = CARTESIAN_POINT('',(-2.256213963732,-54.11396230499,711.799839883
    ));
#187 = CARTESIAN_POINT('',(-1.815602110543,-54.0691289908,
    711.87887816168));
#188 = CARTESIAN_POINT('',(-1.367382180346,-54.03478464642,
    711.93912686681));
#189 = CARTESIAN_POINT('',(-0.913830765309,-54.01161602146,
    711.97967196284));
#190 = CARTESIAN_POINT('',(-0.457261264041,-54.,712.));
#191 = CARTESIAN_POINT('',(0.,-54.,712.));
#192 = CYLINDRICAL_SURFACE('',#193,21.);
#193 = AXIS2_PLACEMENT_3D('',#194,#195,#196);
#194 = CARTESIAN_POINT('',(0.,-75.,447.));
#195 = DIRECTION('',(0.,0.,1.));
#196 = DIRECTION('',(1.,0.,0.));
#197 = ADVANCED_FACE('',(#198),#201,.F.);
#198 = FACE_BOUND('',#199,.T.);
#199 = EDGE_LOOP('',(#200));
#200 = ORIENTED_EDGE('',*,*,#39,.F.);
#201 = PLANE('',#202);
#202 = AXIS2_PLACEMENT_3D('',#203,#204,#205);
#203 = CARTESIAN_POINT('',(0.,-75.,447.));
#204 = DIRECTION('',(0.,0.,1.));
#205 = DIRECTION('',(1.,0.,0.));
#206 = ADVANCED_FACE('',(#207),#210,.T.);
#207 = FACE_BOUND('',#208,.T.);
#208 = EDGE_LOOP('',(#209));
#209 = ORIENTED_EDGE('',*,*,#31,.T.);
#210 = PLANE('',#211);
#211 = AXIS2_PLACEMENT_3D('',#212,#213,#214);
#212 = CARTESIAN_POINT('',(0.,-75.,827.));
#213 = DIRECTION('',(0.,0.,1.));
#214 = DIRECTION('',(1.,0.,0.));
#215 = ADVANCED_FACE('',(#216),#371,.T.);
#216 = FACE_BOUND('',#217,.T.);
#217 = EDGE_LOOP('',(#218,#363,#369,#370));
#218 = ORIENTED_EDGE('',*,*,#219,.F.);
#219 = EDGE_CURVE('',#220,#220,#222,.T.);
#220 = VERTEX_POINT('',#221);
#221 = CARTESIAN_POINT('',(-2.939152317954E-15,54.,712.));
#222 = B_SPLINE_CURVE_WITH_KNOTS('',7,(#223,#224,#225,#226,#227,#228,
    #229,#230,#231,#232,#233,#234,#235,#236,#237,#238,#239,#240,#241,
    #242,#243,#244,#245,#246,#247,#248,#249,#250,#251,#252,#253,#254,
    #255,#256,#257,#258,#259,#260,#261,#262,#263,#264,#265,#266,#267,
    #268,#269,#270,#271,#272,#273,#274,#275,#276,#277,#278,#279,#280,
    #281,#282,#283,#284,#285,#286,#287,#288,#289,#290,#291,#292,#293,
    #294,#295,#296,#297,#298,#299,#300,#301,#302,#303,#304,#305,#306,
    #307,#308,#309,#310,#311,#312,#313,#314,#315,#316,#317,#318,#319,
    #320,#321,#322,#323,#324,#325,#326,#327,#328,#329,#330,#331,#332,
    #333,#334,#335,#336,#337,#338,#339,#340,#341,#342,#343,#344,#345,
    #346,#347,#348,#349,#350,#351,#352,#353,#354,#355,#356,#357,#358,
    #359,#360,#361,#362),.UNSPECIFIED.,.T.,.F.,(8,6,6,6,6,6,6,6,6,6,6,6,
    6,6,6,6,6,6,6,6,6,6,6,8),(0.,3.372414575323E-02,8.106903213292E-02,
    9.990705871465E-02,0.114879059697,0.154528866004,0.200551468512,
    0.249811787331,0.298072613512,0.344654254178,0.418996697,
    0.465989342659,0.499749008677,0.533508674695,0.580903427454,
    0.613782347442,0.653588184462,0.700506767105,0.749815507106,
    0.798897244098,0.845599542915,0.919166230501,0.966206279341,1.),
  .UNSPECIFIED.);
#223 = CARTESIAN_POINT('',(-3.552713678801E-15,54.,712.));
#224 = CARTESIAN_POINT('',(0.457261264456,54.,712.));
#225 = CARTESIAN_POINT('',(0.913830765359,54.011616021483,711.9796719628
    ));
#226 = CARTESIAN_POINT('',(1.36738218002,54.034784646414,711.93912686682
    ));
#227 = CARTESIAN_POINT('',(1.815602110214,54.069128990759,
    711.87887816175));
#228 = CARTESIAN_POINT('',(2.256213963771,54.113962304977,
    711.79983988302));
#229 = CARTESIAN_POINT('',(2.687001000328,54.168308640597,
    711.70333441682));
#230 = CARTESIAN_POINT('',(3.693815038554,54.318868746032,
    711.43355940835));
#231 = CARTESIAN_POINT('',(4.258092904537,54.423106526692,
    711.24506532175));
#232 = CARTESIAN_POINT('',(4.797790526378,54.540994256791,
    711.02914433495));
#233 = CARTESIAN_POINT('',(5.31233286636,54.669917154424,710.78905747786
    ));
#234 = CARTESIAN_POINT('',(5.8013984528,54.807358270872,710.52785573888)
  );
#235 = CARTESIAN_POINT('',(6.264879312538,54.950938718077,
    710.24841867755));
#236 = CARTESIAN_POINT('',(6.877105272848,55.15713642706,709.83613548426
    ));
#237 = CARTESIAN_POINT('',(7.047484647832,55.216502232829,
    709.71622560586));
#238 = CARTESIAN_POINT('',(7.214033157319,55.276425609733,
    709.59388071529));
#239 = CARTESIAN_POINT('',(7.376802849575,55.336795249834,
    709.46921487379));
#240 = CARTESIAN_POINT('',(7.535846633727,55.397505521404,
    709.34233189548));
#241 = CARTESIAN_POINT('',(7.691218279761,55.458456468918,
    709.21332534729));
#242 = CARTESIAN_POINT('',(7.963582881873,55.568112482012,
    708.97812577147));
#243 = CARTESIAN_POINT('',(8.081907337872,55.616763140378,
    708.87268505943));
#244 = CARTESIAN_POINT('',(8.197972562054,55.665458238366,
    708.76599857695));
#245 = CARTESIAN_POINT('',(8.311804373669,55.714151668271,
    708.65810568745));
#246 = CARTESIAN_POINT('',(8.423427635677,55.762798764468,
    708.54904295372));
#247 = CARTESIAN_POINT('',(8.532866254747,55.811356303416,708.4388441379
    ));
#248 = CARTESIAN_POINT('',(8.924240768635,55.988027850547,
    708.03277803006));
#249 = CARTESIAN_POINT('',(9.193234225729,56.115377053195,
    707.73020725235));
#250 = CARTESIAN_POINT('',(9.447483507285,56.241026157057,
    707.42045743576));
#251 = CARTESIAN_POINT('',(9.687318117212,56.364231703892,
    707.10404193631));
#252 = CARTESIAN_POINT('',(9.913027631245,56.484298472907,
    706.78137328909));
#253 = CARTESIAN_POINT('',(10.124852219599,56.600567221908,
    706.45277859861));
#254 = CARTESIAN_POINT('',(10.552937514491,56.842212577247,
    705.73052604802));
#255 = CARTESIAN_POINT('',(10.764493982545,56.966080388098,
    705.33480702676));
#256 = CARTESIAN_POINT('',(10.957717914622,57.082899815335,
    704.93207710897));
#257 = CARTESIAN_POINT('',(11.132667410889,57.191633889121,
    704.52297499933));
#258 = CARTESIAN_POINT('',(11.289369682007,57.291322923689,
    704.10806788093));
#259 = CARTESIAN_POINT('',(11.427807400311,57.381092725595,
    703.68786043245));
#260 = CARTESIAN_POINT('',(11.676451639805,57.544795503263,
    702.80784428524));
#261 = CARTESIAN_POINT('',(11.783994416679,57.617175217061,
    702.3473019573));
#262 = CARTESIAN_POINT('',(11.870259025953,57.676226514629,
    701.88235562185));
#263 = CARTESIAN_POINT('',(11.935078501752,57.721106522414,
    701.41411208312));
#264 = CARTESIAN_POINT('',(11.978347998838,57.751235546295,
    700.94362572304));
#265 = CARTESIAN_POINT('',(12.,57.766312060386,700.47191844106));
#266 = CARTESIAN_POINT('',(12.,57.766312060386,699.53765679147));
#267 = CARTESIAN_POINT('',(11.979217716818,57.751841139484,
    699.07550519741));
#268 = CARTESIAN_POINT('',(11.937683838239,57.722920647362,
    698.61450044119));
#269 = CARTESIAN_POINT('',(11.875460925429,57.679828619477,
    698.15560860071));
#270 = CARTESIAN_POINT('',(11.792647209122,57.623100410242,
    697.69982517046));
#271 = CARTESIAN_POINT('',(11.689398710154,57.553515370187,
    697.2481932804));
#272 = CARTESIAN_POINT('',(11.446835243795,57.393457586458,
    696.37098090431));
#273 = CARTESIAN_POINT('',(11.308899566343,57.303795264488,
    695.9450378528));
#274 = CARTESIAN_POINT('',(11.152245142059,57.203882640371,
    695.52446308711));
#275 = CARTESIAN_POINT('',(10.976894197846,57.094620274272,
    695.10978283158));
#276 = CARTESIAN_POINT('',(10.782823422754,56.977000136501,
    694.70158820748));
#277 = CARTESIAN_POINT('',(10.569978693303,56.852096496684,
    694.30054457579));
#278 = CARTESIAN_POINT('',(9.968523552984,56.511922697906,
    693.27995920341));
#279 = CARTESIAN_POINT('',(9.551035037568,56.287315803438,
    692.67310698431));
#280 = CARTESIAN_POINT('',(9.084504805095,56.051288345446,
    692.08786637803));
#281 = CARTESIAN_POINT('',(8.56672137941,55.808116024271,691.52635310747
    ));
#282 = CARTESIAN_POINT('',(7.99486894169,55.562648797183,690.99210025113
    ));
#283 = CARTESIAN_POINT('',(7.365867405247,55.32077010464,690.4904485775)
  );
#284 = CARTESIAN_POINT('',(6.241359679638,54.943668437138,
    689.73743902389));
#285 = CARTESIAN_POINT('',(5.780729839818,54.801561183352,
    689.46113058366));
#286 = CARTESIAN_POINT('',(5.29493515651,54.665564829009,689.20283865496
    ));
#287 = CARTESIAN_POINT('',(4.784094594587,54.538005739321,688.9653822805
    ));
#288 = CARTESIAN_POINT('',(4.248534439357,54.421341659363,
    688.75174333941));
#289 = CARTESIAN_POINT('',(3.688826436826,54.31812274491,688.56510389984
    ));
#290 = CARTESIAN_POINT('',(2.687000999839,54.168308640523,
    688.29666558304));
#291 = CARTESIAN_POINT('',(2.256213963722,54.113962304993,688.200160117)
  );
#292 = CARTESIAN_POINT('',(1.815602110616,54.069128990809,
    688.12112183833));
#293 = CARTESIAN_POINT('',(1.367382180417,54.034784646425,
    688.06087313319));
#294 = CARTESIAN_POINT('',(0.913830765297,54.011616021457,
    688.02032803715));
#295 = CARTESIAN_POINT('',(0.457261263951,54.,688.));
#296 = CARTESIAN_POINT('',(-0.457261263951,54.,688.));
#297 = CARTESIAN_POINT('',(-0.913830765298,54.011616021457,
    688.02032803715));
#298 = CARTESIAN_POINT('',(-1.367382180417,54.034784646424,
    688.06087313319));
#299 = CARTESIAN_POINT('',(-1.815602110616,54.069128990809,
    688.12112183833));
#300 = CARTESIAN_POINT('',(-2.256213963723,54.113962304993,688.200160117
    ));
#301 = CARTESIAN_POINT('',(-2.687000999839,54.168308640523,
    688.29666558304));
#302 = CARTESIAN_POINT('',(-3.693815038555,54.318868746032,
    688.56644059165));
#303 = CARTESIAN_POINT('',(-4.258092904536,54.423106526692,
    688.75493467825));
#304 = CARTESIAN_POINT('',(-4.797790526379,54.540994256791,
    688.97085566504));
#305 = CARTESIAN_POINT('',(-5.31233286636,54.669917154424,
    689.21094252213));
#306 = CARTESIAN_POINT('',(-5.801398452798,54.807358270872,
    689.47214426111));
#307 = CARTESIAN_POINT('',(-6.264879312538,54.950938718077,
    689.75158132244));
#308 = CARTESIAN_POINT('',(-7.006670745209,55.200774079326,
    690.25111607014));
#309 = CARTESIAN_POINT('',(-7.298699287781,55.305154685312,
    690.46349959389));
#310 = CARTESIAN_POINT('',(-7.579199540834,55.410965299225,
    690.68300571947));
#311 = CARTESIAN_POINT('',(-7.848453198565,55.517641075227,
    690.90907246771));
#312 = CARTESIAN_POINT('',(-8.106744417612,55.624666875022,691.141227504
    ));
#313 = CARTESIAN_POINT('',(-8.35435065346,55.731570125942,
    691.37908095249));
#314 = CARTESIAN_POINT('',(-8.878685921894,55.966661647129,
    691.91680059084));
#315 = CARTESIAN_POINT('',(-9.150594131348,56.094604119005,
    692.21920887734));
#316 = CARTESIAN_POINT('',(-9.407627341658,56.220924800596,
    692.52889760806));
#317 = CARTESIAN_POINT('',(-9.650124575214,56.34487006781,
    692.84534122066));
#318 = CARTESIAN_POINT('',(-9.878384775276,56.465736182707,
    693.16811825552));
#319 = CARTESIAN_POINT('',(-10.09265692091,56.582856509683,
    693.4968955594));
#320 = CARTESIAN_POINT('',(-10.5294251201,56.828464622952,
    694.22570290924));
#321 = CARTESIAN_POINT('',(-10.74661023565,56.955278325333,
    694.62806897245));
#322 = CARTESIAN_POINT('',(-10.94477119574,57.074858018062,
    695.03774797134));
#323 = CARTESIAN_POINT('',(-11.12397452351,57.186105563696,
    695.45406485218));
#324 = CARTESIAN_POINT('',(-11.28425274222,57.288005251371,
    695.87642217206));
#325 = CARTESIAN_POINT('',(-11.4255895594,57.379632540082,
    696.30429005608));
#326 = CARTESIAN_POINT('',(-11.67645161893,57.544795489524,
    697.1921556409));
#327 = CARTESIAN_POINT('',(-11.78399440652,57.617175209869,
    697.65269798085));
#328 = CARTESIAN_POINT('',(-11.87025903151,57.676226518277,
    698.11764437542));
#329 = CARTESIAN_POINT('',(-11.93507851469,57.721106531432,
    698.58588798361));
#330 = CARTESIAN_POINT('',(-11.97834800794,57.751235552633,
    699.05637438853));
#331 = CARTESIAN_POINT('',(-12.,57.766312060386,699.52808165806));
#332 = CARTESIAN_POINT('',(-12.,57.766312060386,700.46974576798));
#333 = CARTESIAN_POINT('',(-11.9785469062,57.751374047446,
    700.93928492575));
#334 = CARTESIAN_POINT('',(-11.93567432794,57.72152140288,
    701.40762024147));
#335 = CARTESIAN_POINT('',(-11.87144863524,57.677050198162,
    701.87374264718));
#336 = CARTESIAN_POINT('',(-11.78597315198,57.618529839244,
    702.33661130882));
#337 = CARTESIAN_POINT('',(-11.67941232086,57.546788469955,
    702.79513408704));
#338 = CARTESIAN_POINT('',(-11.43083445537,57.383045453748,
    703.67920096688));
#339 = CARTESIAN_POINT('',(-11.29078284994,57.292191832932,
    704.10528084859));
#340 = CARTESIAN_POINT('',(-11.13196076183,57.191133429439,
    704.52591985093));
#341 = CARTESIAN_POINT('',(-10.95438604986,57.080780335829,
    704.94059344334));
#342 = CARTESIAN_POINT('',(-10.75802927686,56.962132845548,
    705.34871105374));
#343 = CARTESIAN_POINT('',(-10.54282829302,56.836272718643,
    705.74960637486));
#344 = CARTESIAN_POINT('',(-9.939902224438,56.496553322286,
    706.76146761446));
#345 = CARTESIAN_POINT('',(-9.524397731136,56.273863605942,
    707.36019453073));
#346 = CARTESIAN_POINT('',(-9.060868525334,56.040205747244,
    707.93770010899));
#347 = CARTESIAN_POINT('',(-8.547148600042,55.799724465399,
    708.49190290089));
#348 = CARTESIAN_POINT('',(-7.980509652591,55.557129962216,
    709.01934416076));
#349 = CARTESIAN_POINT('',(-7.357990808424,55.318128701893,
    709.51482586616));
#350 = CARTESIAN_POINT('',(-6.241359679064,54.943668436946,
    710.26256097648));
#351 = CARTESIAN_POINT('',(-5.780729839822,54.801561183385,
    710.53886941625));
#352 = CARTESIAN_POINT('',(-5.294935157085,54.665564829184,
    710.7971613447));
#353 = CARTESIAN_POINT('',(-4.78409459512,54.538005739418,
    711.03461771933));
#354 = CARTESIAN_POINT('',(-4.248534439229,54.421341659294,
    711.24825666071));
#355 = CARTESIAN_POINT('',(-3.688826436068,54.318122744796,
    711.43489610035));
#356 = CARTESIAN_POINT('',(-2.687000999838,54.168308640523,
    711.70333441695));
#357 = CARTESIAN_POINT('',(-2.256213963724,54.113962304993,
    711.79983988299));
#358 = CARTESIAN_POINT('',(-1.815602110614,54.069128990809,
    711.87887816166));
#359 = CARTESIAN_POINT('',(-1.367382180416,54.034784646424,
    711.93912686681));
#360 = CARTESIAN_POINT('',(-0.913830765299,54.011616021458,
    711.97967196284));
#361 = CARTESIAN_POINT('',(-0.457261263951,54.,712.));
#362 = CARTESIAN_POINT('',(-3.552713678801E-15,54.,712.));
#363 = ORIENTED_EDGE('',*,*,#364,.F.);
#364 = EDGE_CURVE('',#49,#220,#365,.T.);
#365 = LINE('',#366,#367);
#366 = CARTESIAN_POINT('',(-2.939152317954E-15,-75.,712.));
#367 = VECTOR('',#368,1.);
#368 = DIRECTION('',(0.,1.,0.));
#369 = ORIENTED_EDGE('',*,*,#48,.T.);
#370 = ORIENTED_EDGE('',*,*,#364,.T.);
#371 = CYLINDRICAL_SURFACE('',#372,12.);
#372 = AXIS2_PLACEMENT_3D('',#373,#374,#375);
#373 = CARTESIAN_POINT('',(0.,-75.,700.));
#374 = DIRECTION('',(0.,1.,0.));
#375 = DIRECTION('',(0.,0.,1.));
#376 = ADVANCED_FACE('',(#377,#404),#407,.T.);
#377 = FACE_BOUND('',#378,.T.);
#378 = EDGE_LOOP('',(#379,#389,#396,#397));
#379 = ORIENTED_EDGE('',*,*,#380,.T.);
#380 = EDGE_CURVE('',#381,#383,#385,.T.);
#381 = VERTEX_POINT('',#382);
#382 = CARTESIAN_POINT('',(21.,75.,447.));
#383 = VERTEX_POINT('',#384);
#384 = CARTESIAN_POINT('',(21.,75.,827.));
#385 = LINE('',#386,#387);
#386 = CARTESIAN_POINT('',(21.,75.,447.));
#387 = VECTOR('',#388,1.);
#388 = DIRECTION('',(0.,0.,1.));
#389 = ORIENTED_EDGE('',*,*,#390,.F.);
#390 = EDGE_CURVE('',#383,#383,#391,.T.);
#391 = CIRCLE('',#392,21.);
#392 = AXIS2_PLACEMENT_3D('',#393,#394,#395);
#393 = CARTESIAN_POINT('',(0.,75.,827.));
#394 = DIRECTION('',(0.,0.,1.));
#395 = DIRECTION('',(1.,0.,0.));
#396 = ORIENTED_EDGE('',*,*,#380,.F.);
#397 = ORIENTED_EDGE('',*,*,#398,.T.);
#398 = EDGE_CURVE('',#381,#381,#399,.T.);
#399 = CIRCLE('',#400,21.);
#400 = AXIS2_PLACEMENT_3D('',#401,#402,#403);
#401 = CARTESIAN_POINT('',(0.,75.,447.));
#402 = DIRECTION('',(0.,0.,1.));
#403 = DIRECTION('',(1.,0.,0.));
#404 = FACE_BOUND('',#405,.T.);
#405 = EDGE_LOOP('',(#406));
#406 = ORIENTED_EDGE('',*,*,#219,.T.);
#407 = CYLINDRICAL_SURFACE('',#408,21.);
#408 = AXIS2_PLACEMENT_3D('',#409,#410,#411);
#409 = CARTESIAN_POINT('',(0.,75.,447.));
#410 = DIRECTION('',(0.,0.,1.));
#411 = DIRECTION('',(1.,0.,0.));
#412 = ADVANCED_FACE('',(#413),#416,.F.);
#413 = FACE_BOUND('',#414,.T.);
#414 = EDGE_LOOP('',(#415));
#415 = ORIENTED_EDGE('',*,*,#398,.F.);
#416 = PLANE('',#417);
#417 = AXIS2_PLACEMENT_3D('',#418,#419,#420);
#418 = CARTESIAN_POINT('',(0.,75.,447.));
#419 = DIRECTION('',(0.,0.,1.));
#420 = DIRECTION('',(1.,0.,0.));
#421 = ADVANCED_FACE('',(#422),#425,.T.);
#422 = FACE_BOUND('',#423,.T.);
#423 = EDGE_LOOP('',(#424));
#424 = ORIENTED_EDGE('',*,*,#390,.T.);
#425 = PLANE('',#426);
#426 = AXIS2_PLACEMENT_3D('',#427,#428,#429);
#427 = CARTESIAN_POINT('',(0.,75.,827.));
#428 = DIRECTION('',(0.,0.,1.));
#429 = DIRECTION('',(1.,0.,0.));
#430 = MANIFOLD_SOLID_BREP('',#431);
#431 = CLOSED_SHELL('',(#432,#553,#562,#594,#749,#760,#776,#803,#830));
#432 = ADVANCED_FACE('',(#433),#548,.T.);
#433 = FACE_BOUND('',#434,.T.);
#434 = EDGE_LOOP('',(#435,#445,#454,#533,#540,#541));
#435 = ORIENTED_EDGE('',*,*,#436,.T.);
#436 = EDGE_CURVE('',#437,#439,#441,.T.);
#437 = VERTEX_POINT('',#438);
#438 = CARTESIAN_POINT('',(21.,-200.,437.));
#439 = VERTEX_POINT('',#440);
#440 = CARTESIAN_POINT('',(21.,-200.,960.));
#441 = LINE('',#442,#443);
#442 = CARTESIAN_POINT('',(21.,-200.,437.));
#443 = VECTOR('',#444,1.);
#444 = DIRECTION('',(0.,0.,1.));
#445 = ORIENTED_EDGE('',*,*,#446,.F.);
#446 = EDGE_CURVE('',#447,#439,#449,.T.);
#447 = VERTEX_POINT('',#448);
#448 = CARTESIAN_POINT('',(-12.,-182.7663120603,960.));
#449 = CIRCLE('',#450,21.);
#450 = AXIS2_PLACEMENT_3D('',#451,#452,#453);
#451 = CARTESIAN_POINT('',(0.,-200.,960.));
#452 = DIRECTION('',(0.,0.,1.));
#453 = DIRECTION('',(1.,0.,0.));
#454 = ORIENTED_EDGE('',*,*,#455,.F.);
#455 = EDGE_CURVE('',#456,#447,#458,.T.);
#456 = VERTEX_POINT('',#457);
#457 = CARTESIAN_POINT('',(12.,-182.7663120603,960.));
#458 = B_SPLINE_CURVE_WITH_KNOTS('',7,(#459,#460,#461,#462,#463,#464,
    #465,#466,#467,#468,#469,#470,#471,#472,#473,#474,#475,#476,#477,
    #478,#479,#480,#481,#482,#483,#484,#485,#486,#487,#488,#489,#490,
    #491,#492,#493,#494,#495,#496,#497,#498,#499,#500,#501,#502,#503,
    #504,#505,#506,#507,#508,#509,#510,#511,#512,#513,#514,#515,#516,
    #517,#518,#519,#520,#521,#522,#523,#524,#525,#526,#527,#528,#529,
    #530,#531,#532),.UNSPECIFIED.,.F.,.F.,(8,6,6,6,6,6,6,6,6,6,6,6,8),(
    0.,9.81734817903E-02,0.191658022491,0.270629830348,0.300342239756,
    0.339222012811,0.390140838203,0.456290409547,0.547118787959,
    0.610158210351,0.81001268273,0.97299302379,1.),.UNSPECIFIED.);
#459 = CARTESIAN_POINT('',(12.,-182.7663120603,960.0000006));
#460 = CARTESIAN_POINT('',(12.000000023494,-182.7663120767,
    959.53012056195));
#461 = CARTESIAN_POINT('',(11.978534687416,-182.7513655393,
    959.06044740416));
#462 = CARTESIAN_POINT('',(11.93563765459,-182.7214958666,
    958.59197913337));
#463 = CARTESIAN_POINT('',(11.871375365023,-182.6769994643,
    958.12572561096));
#464 = CARTESIAN_POINT('',(11.785851236614,-182.6184463705,
    957.66272850837));
#465 = CARTESIAN_POINT('',(11.679229868581,-182.5466656347,
    957.20408087099));
#466 = CARTESIAN_POINT('',(11.430419800721,-182.3827748417,
    956.31945422796));
#467 = CARTESIAN_POINT('',(11.290169241484,-182.2917967465,
    955.89294673197));
#468 = CARTESIAN_POINT('',(11.131109506943,-182.1905949729,
    955.47189313039));
#469 = CARTESIAN_POINT('',(10.953258319744,-182.0800826057,
    955.05681934039));
#470 = CARTESIAN_POINT('',(10.756585835253,-181.9612632298,
    954.64831762639));
#471 = CARTESIAN_POINT('',(10.541029288685,-181.8352221726,
    954.24705635793));
#472 = CARTESIAN_POINT('',(10.108393619707,-181.5915214827,
    953.52157469361));
#473 = CARTESIAN_POINT('',(9.896702354354,-181.4755738841,
    953.19499203011));
#474 = CARTESIAN_POINT('',(9.671252075367,-181.3559018958,952.8742964093
    ));
#475 = CARTESIAN_POINT('',(9.431803235918,-181.2331559318,
    952.55981188901));
#476 = CARTESIAN_POINT('',(9.178067871344,-181.1080219758,
    952.25194705242));
#477 = CARTESIAN_POINT('',(8.909718957341,-180.981233684,951.95121010768
    ));
#478 = CARTESIAN_POINT('',(8.519803554009,-180.8055576603,
    951.54799068055));
#479 = CARTESIAN_POINT('',(8.411080358863,-180.7574055086,
    951.43884652856));
#480 = CARTESIAN_POINT('',(8.300207728556,-180.7091688354,
    951.33082187676));
#481 = CARTESIAN_POINT('',(8.187162294031,-180.660889848,951.22394979072
    ));
#482 = CARTESIAN_POINT('',(8.071919771334,-180.6126121556,
    951.11826605648));
#483 = CARTESIAN_POINT('',(7.95445496162,-180.5643807701,951.01380918059
    ));
#484 = CARTESIAN_POINT('',(7.678092642317,-180.4532509042,
    950.77559408842));
#485 = CARTESIAN_POINT('',(7.517595507632,-180.3904193731,
    950.64274064815));
#486 = CARTESIAN_POINT('',(7.353190089772,-180.3278509005,
    950.51215148415));
#487 = CARTESIAN_POINT('',(7.184817343567,-180.2656553855,
    950.38392975428));
#488 = CARTESIAN_POINT('',(7.012419435997,-180.2039492374,
    950.25819035938));
#489 = CARTESIAN_POINT('',(6.835939746192,-180.1428553758,
    950.13505994326));
#490 = CARTESIAN_POINT('',(6.418778289902,-180.0034631514,
    949.85701744541));
#491 = CARTESIAN_POINT('',(6.175094784948,-179.9256810235,949.7040413567
    ));
#492 = CARTESIAN_POINT('',(5.924189902084,-179.849464482,949.55609392262
    ));
#493 = CARTESIAN_POINT('',(5.665994654464,-179.7751404635,
    949.41354975759));
#494 = CARTESIAN_POINT('',(5.400453669799,-179.7030543829,
    949.27681318266));
#495 = CARTESIAN_POINT('',(5.127525343286,-179.6335693099,949.1463186137
    ));
#496 = CARTESIAN_POINT('',(4.482982846669,-179.4806683779,
    948.86171614592));
#497 = CARTESIAN_POINT('',(4.105755766285,-179.3991805904,
    948.71199448857));
#498 = CARTESIAN_POINT('',(3.716218308797,-179.3236606383,
    948.57481428344));
#499 = CARTESIAN_POINT('',(3.315159164709,-179.2551219033,
    948.45151100199));
#500 = CARTESIAN_POINT('',(2.903437818615,-179.1945147129,948.3433162228
    ));
#501 = CARTESIAN_POINT('',(2.481984212191,-179.1427087606,
    948.25136657297));
#502 = CARTESIAN_POINT('',(1.461120670516,-179.0424860885,
    948.07420719841));
#503 = CARTESIAN_POINT('',(0.854603867156,-179.0026058645,
    948.00441761072));
#504 = CARTESIAN_POINT('',(0.238678365877,-178.9831356323,
    947.97059266064));
#505 = CARTESIAN_POINT('',(-0.380045472148,-178.9852496415,
    947.97426708262));
#506 = CARTESIAN_POINT('',(-0.994902369773,-179.0088669081,
    948.01533515499));
#507 = CARTESIAN_POINT('',(-1.599296666306,-179.0526558832,
    948.09204892696));
#508 = CARTESIAN_POINT('',(-2.594601164008,-179.1568680844,
    948.27651771198));
#509 = CARTESIAN_POINT('',(-2.994183913927,-179.2080959825,
    948.36758246071));
#510 = CARTESIAN_POINT('',(-3.384737388413,-179.2671702844,
    948.47320686251));
#511 = CARTESIAN_POINT('',(-3.765482586473,-179.3333286477,
    948.59239497451));
#512 = CARTESIAN_POINT('',(-4.135698847872,-179.4057459911,
    948.72407644587));
#513 = CARTESIAN_POINT('',(-4.49472402764,-179.4835481956,
    948.86709955971));
#514 = CARTESIAN_POINT('',(-5.942783236336,-179.8266712884,
    949.50567699741));
#515 = CARTESIAN_POINT('',(-6.927890459716,-180.13316957,950.09390167291
    ));
#516 = CARTESIAN_POINT('',(-7.801327302399,-180.4625370928,
    950.75704458695));
#517 = CARTESIAN_POINT('',(-8.57084111704,-180.7971680444,
    951.47681895167));
#518 = CARTESIAN_POINT('',(-9.244424596631,-181.1241587558,
    952.24178972987));
#519 = CARTESIAN_POINT('',(-9.828846382823,-181.4333126645,
    953.04636527033));
#520 = CARTESIAN_POINT('',(-10.7343152296,-181.944732804,954.57667873908
    ));
#521 = CARTESIAN_POINT('',(-11.0842792485,-182.1563181759,
    955.28994055406));
#522 = CARTESIAN_POINT('',(-11.37673628664,-182.3430881,956.02416342623)
  );
#523 = CARTESIAN_POINT('',(-11.61141077081,-182.4991383375,
    956.77502831649));
#524 = CARTESIAN_POINT('',(-11.78813093202,-182.6197110816,
    957.53885715331));
#525 = CARTESIAN_POINT('',(-11.90650940059,-182.7014388798,
    958.3124887423));
#526 = CARTESIAN_POINT('',(-11.97547569274,-182.7492572841,
    959.22230799953));
#527 = CARTESIAN_POINT('',(-11.98364828318,-182.7549334543,
    959.35176115869));
#528 = CARTESIAN_POINT('',(-11.99018808917,-182.7594813782,
    959.48131147726));
#529 = CARTESIAN_POINT('',(-11.99509381938,-182.7628958287,
    959.61093490995));
#530 = CARTESIAN_POINT('',(-11.99836460636,-182.7651733114,
    959.74060722215));
#531 = CARTESIAN_POINT('',(-12.00000000648,-182.7663120649,
    959.87030398991));
#532 = CARTESIAN_POINT('',(-12.,-182.7663120603,960.0000006));
#533 = ORIENTED_EDGE('',*,*,#534,.F.);
#534 = EDGE_CURVE('',#439,#456,#535,.T.);
#535 = CIRCLE('',#536,21.);
#536 = AXIS2_PLACEMENT_3D('',#537,#538,#539);
#537 = CARTESIAN_POINT('',(0.,-200.,960.));
#538 = DIRECTION('',(0.,0.,1.));
#539 = DIRECTION('',(1.,0.,0.));
#540 = ORIENTED_EDGE('',*,*,#436,.F.);
#541 = ORIENTED_EDGE('',*,*,#542,.T.);
#542 = EDGE_CURVE('',#437,#437,#543,.T.);
#543 = CIRCLE('',#544,21.);
#544 = AXIS2_PLACEMENT_3D('',#545,#546,#547);
#545 = CARTESIAN_POINT('',(0.,-200.,437.));
#546 = DIRECTION('',(0.,0.,1.));
#547 = DIRECTION('',(1.,0.,0.));
#548 = CYLINDRICAL_SURFACE('',#549,21.);
#549 = AXIS2_PLACEMENT_3D('',#550,#551,#552);
#550 = CARTESIAN_POINT('',(0.,-200.,437.));
#551 = DIRECTION('',(0.,0.,1.));
#552 = DIRECTION('',(1.,0.,0.));
#553 = ADVANCED_FACE('',(#554),#557,.F.);
#554 = FACE_BOUND('',#555,.T.);
#555 = EDGE_LOOP('',(#556));
#556 = ORIENTED_EDGE('',*,*,#542,.F.);
#557 = PLANE('',#558);
#558 = AXIS2_PLACEMENT_3D('',#559,#560,#561);
#559 = CARTESIAN_POINT('',(0.,-200.,437.));
#560 = DIRECTION('',(0.,0.,1.));
#561 = DIRECTION('',(1.,0.,0.));
#562 = ADVANCED_FACE('',(#563),#589,.T.);
#563 = FACE_BOUND('',#564,.T.);
#564 = EDGE_LOOP('',(#565,#566,#567,#575,#583));
#565 = ORIENTED_EDGE('',*,*,#446,.T.);
#566 = ORIENTED_EDGE('',*,*,#534,.T.);
#567 = ORIENTED_EDGE('',*,*,#568,.F.);
#568 = EDGE_CURVE('',#569,#456,#571,.T.);
#569 = VERTEX_POINT('',#570);
#570 = CARTESIAN_POINT('',(12.,-210.,960.));
#571 = LINE('',#572,#573);
#572 = CARTESIAN_POINT('',(12.,-210.,960.));
#573 = VECTOR('',#574,1.);
#574 = DIRECTION('',(0.,1.,0.));
#575 = ORIENTED_EDGE('',*,*,#576,.T.);
#576 = EDGE_CURVE('',#569,#577,#579,.T.);
#577 = VERTEX_POINT('',#578);
#578 = CARTESIAN_POINT('',(-12.,-210.,960.));
#579 = LINE('',#580,#581);
#580 = CARTESIAN_POINT('',(0.,-210.,960.));
#581 = VECTOR('',#582,1.);
#582 = DIRECTION('',(-1.,0.,0.));
#583 = ORIENTED_EDGE('',*,*,#584,.T.);
#584 = EDGE_CURVE('',#577,#447,#585,.T.);
#585 = LINE('',#586,#587);
#586 = CARTESIAN_POINT('',(-12.,-210.,960.));
#587 = VECTOR('',#588,1.);
#588 = DIRECTION('',(0.,1.,0.));
#589 = PLANE('',#590);
#590 = AXIS2_PLACEMENT_3D('',#591,#592,#593);
#591 = CARTESIAN_POINT('',(0.,-200.,960.));
#592 = DIRECTION('',(0.,0.,1.));
#593 = DIRECTION('',(1.,0.,0.));
#594 = ADVANCED_FACE('',(#595),#744,.T.);
#595 = FACE_BOUND('',#596,.T.);
#596 = EDGE_LOOP('',(#597,#607,#616,#624,#711,#719,#726,#727,#734,#735,
    #736,#737));
#597 = ORIENTED_EDGE('',*,*,#598,.T.);
#598 = EDGE_CURVE('',#599,#601,#603,.T.);
#599 = VERTEX_POINT('',#600);
#600 = CARTESIAN_POINT('',(-2.939152317954E-15,-210.,972.));
#601 = VERTEX_POINT('',#602);
#602 = CARTESIAN_POINT('',(-2.939152317954E-15,210.,972.));
#603 = LINE('',#604,#605);
#604 = CARTESIAN_POINT('',(-2.939152317954E-15,-210.,972.));
#605 = VECTOR('',#606,1.);
#606 = DIRECTION('',(0.,1.,0.));
#607 = ORIENTED_EDGE('',*,*,#608,.F.);
#608 = EDGE_CURVE('',#609,#601,#611,.T.);
#609 = VERTEX_POINT('',#610);
#610 = CARTESIAN_POINT('',(-12.,210.,960.));
#611 = CIRCLE('',#612,12.);
#612 = AXIS2_PLACEMENT_3D('',#613,#614,#615);
#613 = CARTESIAN_POINT('',(0.,210.,960.));
#614 = DIRECTION('',(0.,1.,0.));
#615 = DIRECTION('',(0.,0.,1.));
#616 = ORIENTED_EDGE('',*,*,#617,.F.);
#617 = EDGE_CURVE('',#618,#609,#620,.T.);
#618 = VERTEX_POINT('',#619);
#619 = CARTESIAN_POINT('',(-12.,182.76631206038,960.));
#620 = LINE('',#621,#622);
#621 = CARTESIAN_POINT('',(-12.,-210.,960.));
#622 = VECTOR('',#623,1.);
#623 = DIRECTION('',(0.,1.,0.));
#624 = ORIENTED_EDGE('',*,*,#625,.F.);
#625 = EDGE_CURVE('',#626,#618,#628,.T.);
#626 = VERTEX_POINT('',#627);
#627 = CARTESIAN_POINT('',(12.,182.76631206038,960.));
#628 = B_SPLINE_CURVE_WITH_KNOTS('',6,(#629,#630,#631,#632,#633,#634,
    #635,#636,#637,#638,#639,#640,#641,#642,#643,#644,#645,#646,#647,
    #648,#649,#650,#651,#652,#653,#654,#655,#656,#657,#658,#659,#660,
    #661,#662,#663,#664,#665,#666,#667,#668,#669,#670,#671,#672,#673,
    #674,#675,#676,#677,#678,#679,#680,#681,#682,#683,#684,#685,#686,
    #687,#688,#689,#690,#691,#692,#693,#694,#695,#696,#697,#698,#699,
    #700,#701,#702,#703,#704,#705,#706,#707,#708,#709,#710),
  .UNSPECIFIED.,.F.,.F.,(7,5,5,5,5,5,5,5,5,5,5,5,5,5,5,5,7),(0.,
    9.81297452935E-02,0.191572638431,0.270509264178,0.300208436644,
    0.339070888677,0.389967029643,0.456087131258,0.546875045486,
    0.609886383717,0.66154571921,0.700674445725,0.73050071129,
    0.809616401202,0.901580804238,0.97290549334,1.),.UNSPECIFIED.);
#629 = CARTESIAN_POINT('',(12.,182.76631206038,960.0000006));
#630 = CARTESIAN_POINT('',(12.00000002741,182.76631207947,
    959.45180722227));
#631 = CARTESIAN_POINT('',(11.969948551419,182.74538692334,
    958.90390347692));
#632 = CARTESIAN_POINT('',(11.909904481968,182.70357757408,
    958.35803587572));
#633 = CARTESIAN_POINT('',(11.820003209096,182.6415619847,
    957.81597859129));
#634 = CARTESIAN_POINT('',(11.700471305411,182.56065733518,
    957.27960330108));
#635 = CARTESIAN_POINT('',(11.410192892908,182.36945140993,
    956.24753888421));
#636 = CARTESIAN_POINT('',(11.242159780915,182.26073488116,
    955.75110987108));
#637 = CARTESIAN_POINT('',(11.047821801464,182.13799004184,
    955.26248057487));
#638 = CARTESIAN_POINT('',(10.82717367745,182.00287269089,
    954.78260436109));
#639 = CARTESIAN_POINT('',(10.580116229761,181.85723957709,
    954.31260078965));
#640 = CARTESIAN_POINT('',(10.075374615953,181.57292210553,
    953.46620551461));
#641 = CARTESIAN_POINT('',(9.825233449714,181.4366345956,953.08650663631
    ));
#642 = CARTESIAN_POINT('',(9.555766044608,181.2953523711,952.71513873904
    ));
#643 = CARTESIAN_POINT('',(9.266519490999,181.1502273461,952.35270942231
    ));
#644 = CARTESIAN_POINT('',(8.956938822204,181.00250855037,
    952.00004112768));
#645 = CARTESIAN_POINT('',(8.502037518317,180.79755318943,951.5296184627
    ));
#646 = CARTESIAN_POINT('',(8.374697495081,180.74134643629,
    951.40253775491));
#647 = CARTESIAN_POINT('',(8.244340403663,180.68503563485,
    951.27703496816));
#648 = CARTESIAN_POINT('',(8.110924814522,180.62869546557,
    951.15316955413));
#649 = CARTESIAN_POINT('',(7.974407163366,180.57240388094,
    951.03100731234));
#650 = CARTESIAN_POINT('',(7.651984457512,180.44275237075,
    950.75308970481));
#651 = CARTESIAN_POINT('',(7.46383992768,180.36948617406,950.59860102548
    ));
#652 = CARTESIAN_POINT('',(7.270202711341,180.29662444545,
    950.44731432814));
#653 = CARTESIAN_POINT('',(7.070970186535,180.22436330576,
    950.29941698913));
#654 = CARTESIAN_POINT('',(6.866042559652,180.15291406668,
    950.15512378502));
#655 = CARTESIAN_POINT('',(6.379354193872,179.99028980488,
    949.83074087079));
#656 = CARTESIAN_POINT('',(6.09339102136,179.89983751097,949.65336155107
    ));
#657 = CARTESIAN_POINT('',(5.797289062769,179.81168471036,
    949.48314320137));
#658 = CARTESIAN_POINT('',(5.490935443593,179.72641480125,
    949.32075849931));
#659 = CARTESIAN_POINT('',(5.174249235274,179.64465333723,
    949.16694989098));
#660 = CARTESIAN_POINT('',(4.422282989405,179.46626891666,
    948.83491367865));
#661 = CARTESIAN_POINT('',(3.979144877045,179.37234525996,
    948.66282681253));
#662 = CARTESIAN_POINT('',(3.519023382552,179.28714717213,
    948.50880488659));
#663 = CARTESIAN_POINT('',(3.043340207504,179.21242154484,
    948.37511915584));
#664 = CARTESIAN_POINT('',(2.553681846416,179.14974763331,
    948.26380889021));
#665 = CARTESIAN_POINT('',(1.36267438107,179.03282118251,948.0571229532)
  );
#666 = CARTESIAN_POINT('',(0.651375661589,178.99051973731,
    947.98333547372));
#667 = CARTESIAN_POINT('',(-7.084460590607E-02,178.97759755369,
    947.96103555082));
#668 = CARTESIAN_POINT('',(-0.792313293802,178.99545242528,
    947.99190912503));
#669 = CARTESIAN_POINT('',(-1.501375059705,179.04240311523,
    948.07390022991));
#670 = CARTESIAN_POINT('',(-2.662563640359,179.1639840166,
    948.28911381243));
#671 = CARTESIAN_POINT('',(-3.126832023355,179.22574076894,
    948.39896992002));
#672 = CARTESIAN_POINT('',(-3.578166412208,179.29824242105,
    948.52888456937));
#673 = CARTESIAN_POINT('',(-4.015237485494,179.38011028341,
    948.67707551469));
#674 = CARTESIAN_POINT('',(-4.436852253817,179.4698352605,
    948.84157877381));
#675 = CARTESIAN_POINT('',(-5.174074607147,179.64452287856,
    949.16668534305));
#676 = CARTESIAN_POINT('',(-5.495497343837,179.72752647856,
    949.3228285396));
#677 = CARTESIAN_POINT('',(-5.80627443211,179.81414120773,
    949.48780278453));
#678 = CARTESIAN_POINT('',(-6.106491743912,179.90371345899,
    949.6608326952));
#679 = CARTESIAN_POINT('',(-6.396268887953,179.99563447176,
    949.84121713882));
#680 = CARTESIAN_POINT('',(-6.887454680896,180.16032204876,
    950.17005243579));
#681 = CARTESIAN_POINT('',(-7.093284783335,180.23233843563,
    950.31566033689));
#682 = CARTESIAN_POINT('',(-7.293348512204,180.30516229187,
    950.46490594254));
#683 = CARTESIAN_POINT('',(-7.487748040543,180.37857883862,
    950.61757165896));
#684 = CARTESIAN_POINT('',(-7.676588135529,180.4523887738,
    950.77346784408));
#685 = CARTESIAN_POINT('',(-7.999765524528,180.58283037943,
    951.05360545085));
#686 = CARTESIAN_POINT('',(-8.136385498674,180.63937349251,
    951.17655987226));
#687 = CARTESIAN_POINT('',(-8.269882249352,180.69595570404,
    951.30122368354));
#688 = CARTESIAN_POINT('',(-8.400299723031,180.75249838718,
    951.42753087579));
#689 = CARTESIAN_POINT('',(-8.527679644202,180.80892619547,
    951.55542181952));
#690 = CARTESIAN_POINT('',(-8.981990769499,181.01434883052,
    952.02814024543));
#691 = CARTESIAN_POINT('',(-9.290903887972,181.16224992985,
    952.3822865307));
#692 = CARTESIAN_POINT('',(-9.579423482445,181.30747696051,
    952.74619369338));
#693 = CARTESIAN_POINT('',(-9.848101409303,181.44877536613,
    953.11904026983));
#694 = CARTESIAN_POINT('',(-10.09738632542,181.58498738579,
    953.50021886509));
#695 = CARTESIAN_POINT('',(-10.59518238707,181.86614883292,
    954.34153330738));
#696 = CARTESIAN_POINT('',(-10.83706967924,182.00896791771,
    954.80456797192));
#697 = CARTESIAN_POINT('',(-11.05338231562,182.14153938902,
    955.27713335931));
#698 = CARTESIAN_POINT('',(-11.24420995218,182.26209604031,
    955.75816217192));
#699 = CARTESIAN_POINT('',(-11.40955511972,182.3690600718,
    956.24674245841));
#700 = CARTESIAN_POINT('',(-11.65765621876,182.5324332513,
    957.12625946865));
#701 = CARTESIAN_POINT('',(-11.75059756881,182.59478693433,
    957.51442407762));
#702 = CARTESIAN_POINT('',(-11.82795925066,182.6474380898,
    957.90585415554));
#703 = CARTESIAN_POINT('',(-11.88963869551,182.68983515172,
    958.29985713624));
#704 = CARTESIAN_POINT('',(-11.93556321835,182.72158360792,
    958.69577341765));
#705 = CARTESIAN_POINT('',(-11.97710963603,182.75039019351,
    959.24386335683));
#706 = CARTESIAN_POINT('',(-11.98626374205,182.75675075864,
    959.39492027944));
#707 = CARTESIAN_POINT('',(-11.99313134951,182.761529343,959.54610487563
    ));
#708 = CARTESIAN_POINT('',(-11.99771044587,182.76471780982,
    959.69737495571));
#709 = CARTESIAN_POINT('',(-12.00000000756,182.76631206565,
    959.84868788823));
#710 = CARTESIAN_POINT('',(-12.,182.76631206038,960.0000006));
#711 = ORIENTED_EDGE('',*,*,#712,.T.);
#712 = EDGE_CURVE('',#626,#713,#715,.T.);
#713 = VERTEX_POINT('',#714);
#714 = CARTESIAN_POINT('',(12.,210.,960.));
#715 = LINE('',#716,#717);
#716 = CARTESIAN_POINT('',(12.,-210.,960.));
#717 = VECTOR('',#718,1.);
#718 = DIRECTION('',(0.,1.,0.));
#719 = ORIENTED_EDGE('',*,*,#720,.F.);
#720 = EDGE_CURVE('',#601,#713,#721,.T.);
#721 = CIRCLE('',#722,12.);
#722 = AXIS2_PLACEMENT_3D('',#723,#724,#725);
#723 = CARTESIAN_POINT('',(0.,210.,960.));
#724 = DIRECTION('',(0.,1.,0.));
#725 = DIRECTION('',(0.,0.,1.));
#726 = ORIENTED_EDGE('',*,*,#598,.F.);
#727 = ORIENTED_EDGE('',*,*,#728,.T.);
#728 = EDGE_CURVE('',#599,#569,#729,.T.);
#729 = CIRCLE('',#730,12.);
#730 = AXIS2_PLACEMENT_3D('',#731,#732,#733);
#731 = CARTESIAN_POINT('',(0.,-210.,960.));
#732 = DIRECTION('',(0.,1.,0.));
#733 = DIRECTION('',(0.,0.,1.));
#734 = ORIENTED_EDGE('',*,*,#568,.T.);
#735 = ORIENTED_EDGE('',*,*,#455,.T.);
#736 = ORIENTED_EDGE('',*,*,#584,.F.);
#737 = ORIENTED_EDGE('',*,*,#738,.T.);
#738 = EDGE_CURVE('',#577,#599,#739,.T.);
#739 = CIRCLE('',#740,12.);
#740 = AXIS2_PLACEMENT_3D('',#741,#742,#743);
#741 = CARTESIAN_POINT('',(0.,-210.,960.));
#742 = DIRECTION('',(0.,1.,0.));
#743 = DIRECTION('',(0.,0.,1.));
#744 = CYLINDRICAL_SURFACE('',#745,12.);
#745 = AXIS2_PLACEMENT_3D('',#746,#747,#748);
#746 = CARTESIAN_POINT('',(0.,-210.,960.));
#747 = DIRECTION('',(0.,1.,0.));
#748 = DIRECTION('',(0.,0.,1.));
#749 = ADVANCED_FACE('',(#750),#755,.F.);
#750 = FACE_BOUND('',#751,.F.);
#751 = EDGE_LOOP('',(#752,#753,#754));
#752 = ORIENTED_EDGE('',*,*,#738,.T.);
#753 = ORIENTED_EDGE('',*,*,#728,.T.);
#754 = ORIENTED_EDGE('',*,*,#576,.T.);
#755 = PLANE('',#756);
#756 = AXIS2_PLACEMENT_3D('',#757,#758,#759);
#757 = CARTESIAN_POINT('',(0.,-210.,960.));
#758 = DIRECTION('',(0.,1.,0.));
#759 = DIRECTION('',(0.,0.,1.));
#760 = ADVANCED_FACE('',(#761),#771,.T.);
#761 = FACE_BOUND('',#762,.T.);
#762 = EDGE_LOOP('',(#763,#764,#765));
#763 = ORIENTED_EDGE('',*,*,#608,.T.);
#764 = ORIENTED_EDGE('',*,*,#720,.T.);
#765 = ORIENTED_EDGE('',*,*,#766,.T.);
#766 = EDGE_CURVE('',#713,#609,#767,.T.);
#767 = LINE('',#768,#769);
#768 = CARTESIAN_POINT('',(0.,210.,960.));
#769 = VECTOR('',#770,1.);
#770 = DIRECTION('',(-1.,0.,0.));
#771 = PLANE('',#772);
#772 = AXIS2_PLACEMENT_3D('',#773,#774,#775);
#773 = CARTESIAN_POINT('',(0.,210.,960.));
#774 = DIRECTION('',(0.,1.,0.));
#775 = DIRECTION('',(0.,0.,1.));
#776 = ADVANCED_FACE('',(#777),#798,.T.);
#777 = FACE_BOUND('',#778,.T.);
#778 = EDGE_LOOP('',(#779,#788,#795,#796,#797));
#779 = ORIENTED_EDGE('',*,*,#780,.T.);
#780 = EDGE_CURVE('',#626,#781,#783,.T.);
#781 = VERTEX_POINT('',#782);
#782 = CARTESIAN_POINT('',(21.,200.,960.));
#783 = CIRCLE('',#784,21.);
#784 = AXIS2_PLACEMENT_3D('',#785,#786,#787);
#785 = CARTESIAN_POINT('',(0.,200.,960.));
#786 = DIRECTION('',(0.,0.,1.));
#787 = DIRECTION('',(1.,0.,0.));
#788 = ORIENTED_EDGE('',*,*,#789,.T.);
#789 = EDGE_CURVE('',#781,#618,#790,.T.);
#790 = CIRCLE('',#791,21.);
#791 = AXIS2_PLACEMENT_3D('',#792,#793,#794);
#792 = CARTESIAN_POINT('',(0.,200.,960.));
#793 = DIRECTION('',(0.,0.,1.));
#794 = DIRECTION('',(1.,0.,0.));
#795 = ORIENTED_EDGE('',*,*,#617,.T.);
#796 = ORIENTED_EDGE('',*,*,#766,.F.);
#797 = ORIENTED_EDGE('',*,*,#712,.F.);
#798 = PLANE('',#799);
#799 = AXIS2_PLACEMENT_3D('',#800,#801,#802);
#800 = CARTESIAN_POINT('',(0.,200.,960.));
#801 = DIRECTION('',(0.,0.,1.));
#802 = DIRECTION('',(1.,0.,0.));
#803 = ADVANCED_FACE('',(#804),#825,.T.);
#804 = FACE_BOUND('',#805,.T.);
#805 = EDGE_LOOP('',(#806,#814,#815,#816,#817,#818));
#806 = ORIENTED_EDGE('',*,*,#807,.T.);
#807 = EDGE_CURVE('',#808,#781,#810,.T.);
#808 = VERTEX_POINT('',#809);
#809 = CARTESIAN_POINT('',(21.,200.,437.));
#810 = LINE('',#811,#812);
#811 = CARTESIAN_POINT('',(21.,200.,437.));
#812 = VECTOR('',#813,1.);
#813 = DIRECTION('',(0.,0.,1.));
#814 = ORIENTED_EDGE('',*,*,#780,.F.);
#815 = ORIENTED_EDGE('',*,*,#625,.T.);
#816 = ORIENTED_EDGE('',*,*,#789,.F.);
#817 = ORIENTED_EDGE('',*,*,#807,.F.);
#818 = ORIENTED_EDGE('',*,*,#819,.T.);
#819 = EDGE_CURVE('',#808,#808,#820,.T.);
#820 = CIRCLE('',#821,21.);
#821 = AXIS2_PLACEMENT_3D('',#822,#823,#824);
#822 = CARTESIAN_POINT('',(0.,200.,437.));
#823 = DIRECTION('',(0.,0.,1.));
#824 = DIRECTION('',(1.,0.,0.));
#825 = CYLINDRICAL_SURFACE('',#826,21.);
#826 = AXIS2_PLACEMENT_3D('',#827,#828,#829);
#827 = CARTESIAN_POINT('',(0.,200.,437.));
#828 = DIRECTION('',(0.,0.,1.));
#829 = DIRECTION('',(1.,0.,0.));
#830 = ADVANCED_FACE('',(#831),#834,.F.);
#831 = FACE_BOUND('',#832,.T.);
#832 = EDGE_LOOP('',(#833));
#833 = ORIENTED_EDGE('',*,*,#819,.F.);
#834 = PLANE('',#835);
#835 = AXIS2_PLACEMENT_3D('',#836,#837,#838);
#836 = CARTESIAN_POINT('',(0.,200.,437.));
#837 = DIRECTION('',(0.,0.,1.));
#838 = DIRECTION('',(1.,0.,0.));
#839 = MANIFOLD_SOLID_BREP('',#840);
#840 = CLOSED_SHELL('',(#841,#1067,#1103,#1112,#1255,#1264,#1273,#1373,
    #1409,#1418,#1427));
#841 = ADVANCED_FACE('',(#842,#933),#1062,.T.);
#842 = FACE_BOUND('',#843,.T.);
#843 = EDGE_LOOP('',(#844,#917,#925,#932));
#844 = ORIENTED_EDGE('',*,*,#845,.T.);
#845 = EDGE_CURVE('',#846,#846,#848,.T.);
#846 = VERTEX_POINT('',#847);
#847 = CARTESIAN_POINT('',(18.,75.,239.96609682446));
#848 = B_SPLINE_CURVE_WITH_KNOTS('',7,(#849,#850,#851,#852,#853,#854,
    #855,#856,#857,#858,#859,#860,#861,#862,#863,#864,#865,#866,#867,
    #868,#869,#870,#871,#872,#873,#874,#875,#876,#877,#878,#879,#880,
    #881,#882,#883,#884,#885,#886,#887,#888,#889,#890,#891,#892,#893,
    #894,#895,#896,#897,#898,#899,#900,#901,#902,#903,#904,#905,#906,
    #907,#908,#909,#910,#911,#912,#913,#914,#915,#916),.UNSPECIFIED.,.T.
  ,.F.,(8,6,6,6,6,6,6,6,6,6,6,8),(0.,0.103611773637,0.191332529898,
    0.275220849001,0.372162684739,0.452553886836,0.562478219788,
    0.656453877687,0.740152510005,0.824221604612,0.90726114385,1.),
  .UNSPECIFIED.);
#849 = CARTESIAN_POINT('',(18.,75.,239.96609682446));
#850 = CARTESIAN_POINT('',(18.,76.506311838673,239.96609682446));
#851 = CARTESIAN_POINT('',(17.852937956967,78.012353212191,
    239.93867059321));
#852 = CARTESIAN_POINT('',(17.558900406057,79.509406110856,
    239.88383429971));
#853 = CARTESIAN_POINT('',(17.115549967513,80.988200890824,
    239.79995676932));
#854 = CARTESIAN_POINT('',(16.518540769986,82.437691028303,239.68384111)
  );
#855 = CARTESIAN_POINT('',(15.762130297476,83.843661807574,
    239.53048624097));
#856 = CARTESIAN_POINT('',(14.059201669528,86.324397461561,
    239.16532155784));
#857 = CARTESIAN_POINT('',(13.155120170947,87.423461212093,
    238.96511685269));
#858 = CARTESIAN_POINT('',(12.126331648062,88.464482471829,
    238.72818661141));
#859 = CARTESIAN_POINT('',(10.97461341215,89.427541162397,
    238.45029360919));
#860 = CARTESIAN_POINT('',(9.704574633047,90.292740353528,
    238.12697569383));
#861 = CARTESIAN_POINT('',(8.323586420958,91.040070572153,
    237.75396970993));
#862 = CARTESIAN_POINT('',(5.425063237979,92.231231330243,
    236.92061301307));
#863 = CARTESIAN_POINT('',(3.925418677866,92.683076952193,
    236.46746050933));
#864 = CARTESIAN_POINT('',(2.369718723256,92.983100855485,
    235.97125939405));
#865 = CARTESIAN_POINT('',(0.788985405602,93.120246865056,
    235.43783462307));
#866 = CARTESIAN_POINT('',(-0.783994950758,93.093694391826,
    234.87691990699));
#867 = CARTESIAN_POINT('',(-2.317226917818,92.912955087578,
    234.30194154243));
#868 = CARTESIAN_POINT('',(-5.4739031541,92.234628250614,233.06497046228
    ));
#869 = CARTESIAN_POINT('',(-7.075779385227,91.691787956856,
    232.40276573647));
#870 = CARTESIAN_POINT('',(-8.572452237467,90.993886120417,
    231.75306422255));
#871 = CARTESIAN_POINT('',(-9.953745549839,90.16313155348,
    231.12721647806));
#872 = CARTESIAN_POINT('',(-11.2128145743,89.220219110261,
    230.53560273661));
#873 = CARTESIAN_POINT('',(-12.34544647236,88.184518417369,
    229.98708856316));
#874 = CARTESIAN_POINT('',(-14.18256920347,86.153306494015,
    229.07527103717));
#875 = CARTESIAN_POINT('',(-14.92967213993,85.178324539073,
    228.69507902423));
#876 = CARTESIAN_POINT('',(-15.59027026182,84.15752033141,228.3517653173
    ));
#877 = CARTESIAN_POINT('',(-16.16392649312,83.098337403972,
    228.04851663467));
#878 = CARTESIAN_POINT('',(-16.65036621236,82.007514925629,
    227.78797557407));
#879 = CARTESIAN_POINT('',(-17.04932844272,80.891276875325,
    227.57224817055));
#880 = CARTESIAN_POINT('',(-17.78585608815,78.202516186997,
    227.17142866378));
#881 = CARTESIAN_POINT('',(-18.04678766992,76.613876955995,
    227.02683300121));
#882 = CARTESIAN_POINT('',(-18.14213252438,75.0065523042,226.973342964)
  );
#883 = CARTESIAN_POINT('',(-18.07148890606,73.396869505527,
    227.01279592787));
#884 = CARTESIAN_POINT('',(-17.83499515546,71.80103664647,
    227.14448310355));
#885 = CARTESIAN_POINT('',(-17.4333870732,70.235647611321,
    227.36516449895));
#886 = CARTESIAN_POINT('',(-16.38515972299,67.420889029294,
    227.92929135504));
#887 = CARTESIAN_POINT('',(-15.78265851388,66.158931387313,
    228.25021743587));
#888 = CARTESIAN_POINT('',(-15.0613198379,64.941692464074,
    228.62885343406));
#889 = CARTESIAN_POINT('',(-14.22143046154,63.7795260112,229.06112379127
    ));
#890 = CARTESIAN_POINT('',(-13.263358397,62.684132446478,229.5420119716)
  );
#891 = CARTESIAN_POINT('',(-12.18798878187,61.669036688587,
    230.06546009156));
#892 = CARTESIAN_POINT('',(-9.93707900876,59.931871372604,
    231.12222652149));
#893 = CARTESIAN_POINT('',(-8.780399805429,59.186073280429,
    231.65053128424));
#894 = CARTESIAN_POINT('',(-7.53205869251,58.529025100997,
    232.20259645908));
#895 = CARTESIAN_POINT('',(-6.199249179668,57.976362252374,
    232.77044997751));
#896 = CARTESIAN_POINT('',(-4.791531073304,57.543029993007,
    233.34552099411));
#897 = CARTESIAN_POINT('',(-3.320853717846,57.243225343916,
    233.91930175411));
#898 = CARTESIAN_POINT('',(-0.275867285247,56.936896882783,
    235.05089246944));
#899 = CARTESIAN_POINT('',(1.291262162335,56.93244319322,235.60579195599
    ));
#900 = CARTESIAN_POINT('',(2.868382932737,57.089586807909,
    236.13483151581));
#901 = CARTESIAN_POINT('',(4.42280578581,57.410032829565,236.62709981281
    ));
#902 = CARTESIAN_POINT('',(5.92262917067,57.885201156975,237.07580982014
    ));
#903 = CARTESIAN_POINT('',(7.339394716674,58.496411437482,
    237.47783204555));
#904 = CARTESIAN_POINT('',(9.94549231714,59.924592133705,238.18315923765
    ));
#905 = CARTESIAN_POINT('',(11.138534359337,60.739573648017,
    238.48792119629));
#906 = CARTESIAN_POINT('',(12.225312783026,61.6422452286,238.75116459016
    ));
#907 = CARTESIAN_POINT('',(13.203524991758,62.616645765327,
    238.97720160639));
#908 = CARTESIAN_POINT('',(14.072502276479,63.647972116787,
    239.17002150129));
#909 = CARTESIAN_POINT('',(14.833010592693,64.722364179031,
    239.33315508514));
#910 = CARTESIAN_POINT('',(16.217861257191,67.060450495666,
    239.62213629357));
#911 = CARTESIAN_POINT('',(16.818645140062,68.336193059303,
    239.74197080053));
#912 = CARTESIAN_POINT('',(17.293997007767,69.641986880745,
    239.83366997723));
#913 = CARTESIAN_POINT('',(17.647705866061,70.96842262606,
    239.90039504333));
#914 = CARTESIAN_POINT('',(17.882550362283,72.307909068367,
    239.94419351549));
#915 = CARTESIAN_POINT('',(18.,73.653862591518,239.96609682446));
#916 = CARTESIAN_POINT('',(18.,75.,239.96609682446));
#917 = ORIENTED_EDGE('',*,*,#918,.T.);
#918 = EDGE_CURVE('',#846,#919,#921,.T.);
#919 = VERTEX_POINT('',#920);
#920 = CARTESIAN_POINT('',(18.,75.,460.));
#921 = LINE('',#922,#923);
#922 = CARTESIAN_POINT('',(18.,75.,100.));
#923 = VECTOR('',#924,1.);
#924 = DIRECTION('',(0.,0.,1.));
#925 = ORIENTED_EDGE('',*,*,#926,.F.);
#926 = EDGE_CURVE('',#919,#919,#927,.T.);
#927 = CIRCLE('',#928,18.);
#928 = AXIS2_PLACEMENT_3D('',#929,#930,#931);
#929 = CARTESIAN_POINT('',(0.,75.,460.));
#930 = DIRECTION('',(0.,0.,1.));
#931 = DIRECTION('',(1.,0.,0.));
#932 = ORIENTED_EDGE('',*,*,#918,.F.);
#933 = FACE_BOUND('',#934,.T.);
#934 = EDGE_LOOP('',(#935));
#935 = ORIENTED_EDGE('',*,*,#936,.T.);
#936 = EDGE_CURVE('',#937,#937,#939,.T.);
#937 = VERTEX_POINT('',#938);
#938 = CARTESIAN_POINT('',(-2.939152317954E-15,57.,312.));
#939 = B_SPLINE_CURVE_WITH_KNOTS('',6,(#940,#941,#942,#943,#944,#945,
    #946,#947,#948,#949,#950,#951,#952,#953,#954,#955,#956,#957,#958,
    #959,#960,#961,#962,#963,#964,#965,#966,#967,#968,#969,#970,#971,
    #972,#973,#974,#975,#976,#977,#978,#979,#980,#981,#982,#983,#984,
    #985,#986,#987,#988,#989,#990,#991,#992,#993,#994,#995,#996,#997,
    #998,#999,#1000,#1001,#1002,#1003,#1004,#1005,#1006,#1007,#1008,
    #1009,#1010,#1011,#1012,#1013,#1014,#1015,#1016,#1017,#1018,#1019,
    #1020,#1021,#1022,#1023,#1024,#1025,#1026,#1027,#1028,#1029,#1030,
    #1031,#1032,#1033,#1034,#1035,#1036,#1037,#1038,#1039,#1040,#1041,
    #1042,#1043,#1044,#1045,#1046,#1047,#1048,#1049,#1050,#1051,#1052,
    #1053,#1054,#1055,#1056,#1057,#1058,#1059,#1060,#1061),
  .UNSPECIFIED.,.T.,.F.,(7,5,5,5,5,5,5,5,5,5,5,5,5,5,5,5,5,5,5,5,5,5,5,5
    ,7),(0.,3.159908913603E-02,7.778156760212E-02,9.655032091875E-02,
    0.145378017839,0.198713433928,0.216238928824,0.24971672799,
    0.300512089993,0.354508285958,0.422437072377,0.468130051836,
    0.499793755059,0.531457458286,0.577734371129,0.596541502985,
    0.645469092786,0.699687351134,0.749982858768,0.783298368189,
    0.800795161747,0.854770751412,0.922670527264,0.968347434372,1.),
  .UNSPECIFIED.);
#940 = CARTESIAN_POINT('',(-3.552713678801E-15,57.,312.));
#941 = CARTESIAN_POINT('',(0.507097397927,57.,312.));
#942 = CARTESIAN_POINT('',(1.013255635976,57.017143241814,311.9742851516
    ));
#943 = CARTESIAN_POINT('',(1.514704177615,57.051310283979,
    311.92303451984));
#944 = CARTESIAN_POINT('',(2.007697650658,57.101656322839,
    311.84728602971));
#945 = CARTESIAN_POINT('',(2.488579525706,57.166620357315,311.7489319013
    ));
#946 = CARTESIAN_POINT('',(3.633823024938,57.357140141061,
    311.45807710516));
#947 = CARTESIAN_POINT('',(4.28011720643,57.49676964361,311.24315710402)
  );
#948 = CARTESIAN_POINT('',(4.891462322181,57.657652665265,
    310.99236978514));
#949 = CARTESIAN_POINT('',(5.467320971934,57.834777631511,
    310.71136734567));
#950 = CARTESIAN_POINT('',(6.00769849198,58.02350641773,310.40526252507)
  );
#951 = CARTESIAN_POINT('',(6.718334408716,58.299326240451,
    309.94604245988));
#952 = CARTESIAN_POINT('',(6.918133259367,58.380343982276,
    309.80981317458));
#953 = CARTESIAN_POINT('',(7.112499003032,58.462445723373,
    309.67027720689));
#954 = CARTESIAN_POINT('',(7.301550528869,58.5454167788,309.5276300106)
  );
#955 = CARTESIAN_POINT('',(7.485407345393,58.629058733916,
    309.38203926931));
#956 = CARTESIAN_POINT('',(8.12929904415,58.932059007156,308.84759072771
    ));
#957 = CARTESIAN_POINT('',(8.560266017844,59.154330816852,
    308.44239333761));
#958 = CARTESIAN_POINT('',(8.958871361388,59.376658200219,
    308.02071080792));
#959 = CARTESIAN_POINT('',(9.326768446168,59.596232415915,
    307.58424015187));
#960 = CARTESIAN_POINT('',(9.665316717704,59.810515524014,
    307.13392515196));
#961 = CARTESIAN_POINT('',(10.31414175427,60.242490937264,
    306.16358934347));
#962 = CARTESIAN_POINT('',(10.619102818306,60.45879076175,
    305.64070317643));
#963 = CARTESIAN_POINT('',(10.890642063069,60.662042033609,
    305.10313210995));
#964 = CARTESIAN_POINT('',(11.128874419408,60.848476096649,
    304.55211838301));
#965 = CARTESIAN_POINT('',(11.333658962042,61.014383806922,
    303.98855345507));
#966 = CARTESIAN_POINT('',(11.560505574678,61.202897684042,
    303.22391409307));
#967 = CARTESIAN_POINT('',(11.612911385994,61.2469091984,303.03358712861
    ));
#968 = CARTESIAN_POINT('',(11.661584564459,61.288173029164,
    302.84213172581));
#969 = CARTESIAN_POINT('',(11.706495121606,61.326563640775,
    302.64962895023));
#970 = CARTESIAN_POINT('',(11.74761575556,61.361966425681,
    302.45615491823));
#971 = CARTESIAN_POINT('',(11.856180844748,61.456002669607,
    301.89048077453));
#972 = CARTESIAN_POINT('',(11.913539610733,61.506469227786,
    301.51577655106));
#973 = CARTESIAN_POINT('',(11.956719432092,61.544880809206,
    301.13856935656));
#974 = CARTESIAN_POINT('',(11.985567278677,61.570683119271,
    300.75968463519));
#975 = CARTESIAN_POINT('',(12.,61.583592135001,300.37990439838));
#976 = CARTESIAN_POINT('',(12.,61.583592135001,299.42357676061));
#977 = CARTESIAN_POINT('',(11.966773951154,61.553873915441,
    298.84803619259));
#978 = CARTESIAN_POINT('',(11.900510468519,61.494605772026,
    298.27561241621));
#979 = CARTESIAN_POINT('',(11.801575533801,61.407227149843,
    297.70864094187));
#980 = CARTESIAN_POINT('',(11.670570327873,61.294453068885,
    297.14975488824));
#981 = CARTESIAN_POINT('',(11.336977183242,61.017048720735,
    296.01986793053));
#982 = CARTESIAN_POINT('',(11.130270384335,60.849491943731,
    295.44988684619));
#983 = CARTESIAN_POINT('',(10.889368158765,60.660922894029,
    294.89272803985));
#984 = CARTESIAN_POINT('',(10.614414042473,60.455176063273,
    294.34931047658));
#985 = CARTESIAN_POINT('',(10.305284607972,60.236146816545,
    293.82092021145));
#986 = CARTESIAN_POINT('',(9.529273001392,59.720523480661,
    292.66554512872));
#987 = CARTESIAN_POINT('',(9.042378377745,59.418571002244,
    292.04846575279));
#988 = CARTESIAN_POINT('',(8.498285862024,59.108529932143,291.4583996612
    ));
#989 = CARTESIAN_POINT('',(7.892489067552,58.796925369959,
    290.89817817315));
#990 = CARTESIAN_POINT('',(7.219627510064,58.491993043965,
    290.37400892453));
#991 = CARTESIAN_POINT('',(5.973688916023,58.011668485743,
    289.57554789168));
#992 = CARTESIAN_POINT('',(5.438352142995,57.825893152278,
    289.27454165724));
#993 = CARTESIAN_POINT('',(4.868392006188,57.651593918388,
    288.99818666001));
#994 = CARTESIAN_POINT('',(4.263838874828,57.493256294577,
    288.75143526625));
#995 = CARTESIAN_POINT('',(3.62524282765,57.355712761353,288.53974380232
    ));
#996 = CARTESIAN_POINT('',(2.4885795258,57.166620357331,288.25106809872)
  );
#997 = CARTESIAN_POINT('',(2.007697650629,57.101656322829,
    288.15271397026));
#998 = CARTESIAN_POINT('',(1.514704177522,57.051310283971,
    288.07696548014));
#999 = CARTESIAN_POINT('',(1.01325563595,57.017143241821,288.0257148484)
  );
#1000 = CARTESIAN_POINT('',(0.507097398023,57.,288.));
#1001 = CARTESIAN_POINT('',(-0.507097398107,57.,288.));
#1002 = CARTESIAN_POINT('',(-1.01325563593,57.017143241827,
    288.02571484841));
#1003 = CARTESIAN_POINT('',(-1.514704177437,57.051310283964,
    288.07696548013));
#1004 = CARTESIAN_POINT('',(-2.007697650608,57.101656322819,
    288.15271397025));
#1005 = CARTESIAN_POINT('',(-2.488579525882,57.166620357344,
    288.25106809874));
#1006 = CARTESIAN_POINT('',(-3.633823025339,57.357140141128,
    288.54192289493));
#1007 = CARTESIAN_POINT('',(-4.280117206354,57.496769643635,
    288.75684289601));
#1008 = CARTESIAN_POINT('',(-4.891462321824,57.657652665162,
    289.00763021469));
#1009 = CARTESIAN_POINT('',(-5.467320971812,57.834777631438,
    289.28863265419));
#1010 = CARTESIAN_POINT('',(-6.007698492293,58.023506417852,
    289.59473747512));
#1011 = CARTESIAN_POINT('',(-6.718334408716,58.299326240451,
    290.05395754011));
#1012 = CARTESIAN_POINT('',(-6.918133259367,58.380343982276,
    290.19018682541));
#1013 = CARTESIAN_POINT('',(-7.112499003032,58.462445723373,
    290.3297227931));
#1014 = CARTESIAN_POINT('',(-7.301550528869,58.5454167788,
    290.47236998939));
#1015 = CARTESIAN_POINT('',(-7.485407345393,58.629058733916,
    290.61796073068));
#1016 = CARTESIAN_POINT('',(-8.129299514753,58.932059228611,
    291.15240966289));
#1017 = CARTESIAN_POINT('',(-8.56026666281,59.154331159514,
    291.55760729375));
#1018 = CARTESIAN_POINT('',(-8.958871987383,59.376658565084,
    291.97928990059));
#1019 = CARTESIAN_POINT('',(-9.32676893008,59.596232718879,
    292.41576047618));
#1020 = CARTESIAN_POINT('',(-9.665316982643,59.810515700406,
    292.86607524425));
#1021 = CARTESIAN_POINT('',(-10.31904527326,60.245755607283,
    293.84374400496));
#1022 = CARTESIAN_POINT('',(-10.62794149158,60.465062147325,
    294.37446359141));
#1023 = CARTESIAN_POINT('',(-10.90244537069,60.670884316711,
    294.92028282917));
#1024 = CARTESIAN_POINT('',(-11.14266504037,60.859280206615,
    295.47989448192));
#1025 = CARTESIAN_POINT('',(-11.34844389583,61.026375894725,
    296.05236221467));
#1026 = CARTESIAN_POINT('',(-11.67749610332,61.300417831262,
    297.17947486306));
#1027 = CARTESIAN_POINT('',(-11.80575906294,61.410922345416,
    297.73274747847));
#1028 = CARTESIAN_POINT('',(-11.9026141725,61.496487399319,
    298.29387133081));
#1029 = CARTESIAN_POINT('',(-11.96747884551,61.554504387377,
    298.86028834547));
#1030 = CARTESIAN_POINT('',(-12.,61.583592135001,299.42972413792));
#1031 = CARTESIAN_POINT('',(-12.,61.583592135001,300.37774806834));
#1032 = CARTESIAN_POINT('',(-11.98573065296,61.570829245558,
    300.75537534128));
#1033 = CARTESIAN_POINT('',(-11.95720898167,61.545318676055,
    301.13212227813));
#1034 = CARTESIAN_POINT('',(-11.91451639392,61.507338170182,
    301.50721899866));
#1035 = CARTESIAN_POINT('',(-11.85780285948,61.457429926231,
    301.8798533444));
#1036 = CARTESIAN_POINT('',(-11.75033320296,61.364309065044,
    302.44308270512));
#1037 = CARTESIAN_POINT('',(-11.70952835158,61.329163777037,
    302.63613451314));
#1038 = CARTESIAN_POINT('',(-11.6649508409,61.291040173992,
    302.82822376159));
#1039 = CARTESIAN_POINT('',(-11.61662778907,61.250051706817,
    303.01927454226));
#1040 = CARTESIAN_POINT('',(-11.56458901282,61.206322727809,
    303.20920604234));
#1041 = CARTESIAN_POINT('',(-11.33697722103,61.017048752158,
    303.98013194147));
#1042 = CARTESIAN_POINT('',(-11.1302704491,60.849491995782,
    304.55011299164));
#1043 = CARTESIAN_POINT('',(-10.88936822167,60.6609229407,
    305.10727184354));
#1044 = CARTESIAN_POINT('',(-10.61441407382,60.455176084225,
    305.65068947564));
#1045 = CARTESIAN_POINT('',(-10.3052846108,60.236146818424,
    306.17907978433));
#1046 = CARTESIAN_POINT('',(-9.529292654595,59.720536539292,
    307.33442561034));
#1047 = CARTESIAN_POINT('',(-9.042395269327,59.418580302661,
    307.95151902682));
#1048 = CARTESIAN_POINT('',(-8.498276124566,59.108521466899,
    308.54161884764));
#1049 = CARTESIAN_POINT('',(-7.892444493621,58.796901391255,
    309.10186448342));
#1050 = CARTESIAN_POINT('',(-7.219571380685,58.491971405403,
    309.62602704603));
#1051 = CARTESIAN_POINT('',(-5.973688916023,58.011668485743,
    310.42445210831));
#1052 = CARTESIAN_POINT('',(-5.438352142994,57.825893152278,
    310.72545834275));
#1053 = CARTESIAN_POINT('',(-4.868392006189,57.651593918388,
    311.00181333998));
#1054 = CARTESIAN_POINT('',(-4.263838874827,57.493256294577,
    311.24856473375));
#1055 = CARTESIAN_POINT('',(-3.62524282765,57.355712761353,
    311.46025619767));
#1056 = CARTESIAN_POINT('',(-2.488579525706,57.166620357315,
    311.7489319013));
#1057 = CARTESIAN_POINT('',(-2.007697650657,57.101656322839,
    311.84728602971));
#1058 = CARTESIAN_POINT('',(-1.514704177616,57.051310283979,
    311.92303451984));
#1059 = CARTESIAN_POINT('',(-1.013255635975,57.017143241814,
    311.9742851516));
#1060 = CARTESIAN_POINT('',(-0.507097397926,57.,312.));
#1061 = CARTESIAN_POINT('',(-3.552713678801E-15,57.,312.));
#1062 = CYLINDRICAL_SURFACE('',#1063,18.);
#1063 = AXIS2_PLACEMENT_3D('',#1064,#1065,#1066);
#1064 = CARTESIAN_POINT('',(0.,75.,100.));
#1065 = DIRECTION('',(0.,0.,1.));
#1066 = DIRECTION('',(1.,0.,0.));
#1067 = ADVANCED_FACE('',(#1068,#1095),#1098,.T.);
#1068 = FACE_BOUND('',#1069,.T.);
#1069 = EDGE_LOOP('',(#1070,#1080,#1087,#1088));
#1070 = ORIENTED_EDGE('',*,*,#1071,.T.);
#1071 = EDGE_CURVE('',#1072,#1074,#1076,.T.);
#1072 = VERTEX_POINT('',#1073);
#1073 = CARTESIAN_POINT('',(40.,35.,242.));
#1074 = VERTEX_POINT('',#1075);
#1075 = CARTESIAN_POINT('',(40.,115.,242.));
#1076 = LINE('',#1077,#1078);
#1077 = CARTESIAN_POINT('',(40.,35.,242.));
#1078 = VECTOR('',#1079,1.);
#1079 = DIRECTION('',(0.,1.,0.));
#1080 = ORIENTED_EDGE('',*,*,#1081,.F.);
#1081 = EDGE_CURVE('',#1074,#1074,#1082,.T.);
#1082 = CIRCLE('',#1083,120.);
#1083 = AXIS2_PLACEMENT_3D('',#1084,#1085,#1086);
#1084 = CARTESIAN_POINT('',(40.,115.,122.));
#1085 = DIRECTION('',(0.,1.,0.));
#1086 = DIRECTION('',(0.,0.,1.));
#1087 = ORIENTED_EDGE('',*,*,#1071,.F.);
#1088 = ORIENTED_EDGE('',*,*,#1089,.T.);
#1089 = EDGE_CURVE('',#1072,#1072,#1090,.T.);
#1090 = CIRCLE('',#1091,120.);
#1091 = AXIS2_PLACEMENT_3D('',#1092,#1093,#1094);
#1092 = CARTESIAN_POINT('',(40.,35.,122.));
#1093 = DIRECTION('',(0.,1.,0.));
#1094 = DIRECTION('',(0.,0.,1.));
#1095 = FACE_BOUND('',#1096,.T.);
#1096 = EDGE_LOOP('',(#1097));
#1097 = ORIENTED_EDGE('',*,*,#845,.F.);
#1098 = CYLINDRICAL_SURFACE('',#1099,120.);
#1099 = AXIS2_PLACEMENT_3D('',#1100,#1101,#1102);
#1100 = CARTESIAN_POINT('',(40.,35.,122.));
#1101 = DIRECTION('',(0.,1.,0.));
#1102 = DIRECTION('',(0.,0.,1.));
#1103 = ADVANCED_FACE('',(#1104),#1107,.T.);
#1104 = FACE_BOUND('',#1105,.T.);
#1105 = EDGE_LOOP('',(#1106));
#1106 = ORIENTED_EDGE('',*,*,#926,.T.);
#1107 = PLANE('',#1108);
#1108 = AXIS2_PLACEMENT_3D('',#1109,#1110,#1111);
#1109 = CARTESIAN_POINT('',(0.,75.,460.));
#1110 = DIRECTION('',(0.,0.,1.));
#1111 = DIRECTION('',(1.,0.,0.));
#1112 = ADVANCED_FACE('',(#1113),#1250,.T.);
#1113 = FACE_BOUND('',#1114,.T.);
#1114 = EDGE_LOOP('',(#1115,#1116,#1124,#1249));
#1115 = ORIENTED_EDGE('',*,*,#936,.F.);
#1116 = ORIENTED_EDGE('',*,*,#1117,.F.);
#1117 = EDGE_CURVE('',#1118,#937,#1120,.T.);
#1118 = VERTEX_POINT('',#1119);
#1119 = CARTESIAN_POINT('',(-2.939152317954E-15,-57.,312.));
#1120 = LINE('',#1121,#1122);
#1121 = CARTESIAN_POINT('',(-2.939152317954E-15,-75.,312.));
#1122 = VECTOR('',#1123,1.);
#1123 = DIRECTION('',(0.,1.,0.));
#1124 = ORIENTED_EDGE('',*,*,#1125,.T.);
#1125 = EDGE_CURVE('',#1118,#1118,#1126,.T.);
#1126 = B_SPLINE_CURVE_WITH_KNOTS('',6,(#1127,#1128,#1129,#1130,#1131,
    #1132,#1133,#1134,#1135,#1136,#1137,#1138,#1139,#1140,#1141,#1142,
    #1143,#1144,#1145,#1146,#1147,#1148,#1149,#1150,#1151,#1152,#1153,
    #1154,#1155,#1156,#1157,#1158,#1159,#1160,#1161,#1162,#1163,#1164,
    #1165,#1166,#1167,#1168,#1169,#1170,#1171,#1172,#1173,#1174,#1175,
    #1176,#1177,#1178,#1179,#1180,#1181,#1182,#1183,#1184,#1185,#1186,
    #1187,#1188,#1189,#1190,#1191,#1192,#1193,#1194,#1195,#1196,#1197,
    #1198,#1199,#1200,#1201,#1202,#1203,#1204,#1205,#1206,#1207,#1208,
    #1209,#1210,#1211,#1212,#1213,#1214,#1215,#1216,#1217,#1218,#1219,
    #1220,#1221,#1222,#1223,#1224,#1225,#1226,#1227,#1228,#1229,#1230,
    #1231,#1232,#1233,#1234,#1235,#1236,#1237,#1238,#1239,#1240,#1241,
    #1242,#1243,#1244,#1245,#1246,#1247,#1248),.UNSPECIFIED.,.T.,.F.,(7,
    5,5,5,5,5,5,5,5,5,5,5,5,5,5,5,5,5,5,5,5,5,5,5,7),(0.,
    3.159908910215E-02,7.778156754545E-02,9.655032086425E-02,
    0.14537801779,0.198713433886,0.216238928784,0.249716727953,
    0.300512089962,0.354508285921,0.422437072314,0.468130051757,
    0.499793754974,0.531457458196,0.577734371024,0.596541502873,
    0.645469092657,0.699687351002,0.749982858645,0.783298368071,
    0.800795161632,0.854770751319,0.922670527214,0.968347434352,1.),
  .UNSPECIFIED.);
#1127 = CARTESIAN_POINT('',(-1.7763568394E-15,-57.,312.));
#1128 = CARTESIAN_POINT('',(0.507097397927,-57.,312.));
#1129 = CARTESIAN_POINT('',(1.013255635976,-57.01714324181,
    311.9742851516));
#1130 = CARTESIAN_POINT('',(1.514704177615,-57.05131028397,
    311.92303451984));
#1131 = CARTESIAN_POINT('',(2.007697650658,-57.10165632283,
    311.84728602971));
#1132 = CARTESIAN_POINT('',(2.488579525706,-57.16662035731,
    311.7489319013));
#1133 = CARTESIAN_POINT('',(3.633823025331,-57.35714014112,
    311.45807710506));
#1134 = CARTESIAN_POINT('',(4.280117206358,-57.49676964363,
    311.24315710398));
#1135 = CARTESIAN_POINT('',(4.891462321825,-57.65765266516,
    310.9923697853));
#1136 = CARTESIAN_POINT('',(5.467320971816,-57.83477763144,
    310.7113673458));
#1137 = CARTESIAN_POINT('',(6.007698492288,-58.02350641785,
    310.40526252487));
#1138 = CARTESIAN_POINT('',(6.718334408716,-58.29932624045,
    309.94604245988));
#1139 = CARTESIAN_POINT('',(6.918133259367,-58.38034398227,
    309.80981317458));
#1140 = CARTESIAN_POINT('',(7.112499003032,-58.46244572337,
    309.67027720689));
#1141 = CARTESIAN_POINT('',(7.301550528869,-58.5454167788,309.5276300106
    ));
#1142 = CARTESIAN_POINT('',(7.485407345393,-58.62905873391,
    309.38203926931));
#1143 = CARTESIAN_POINT('',(8.129299044149,-58.93205900715,
    308.84759072772));
#1144 = CARTESIAN_POINT('',(8.560266017844,-59.15433081685,
    308.44239333761));
#1145 = CARTESIAN_POINT('',(8.958871361388,-59.37665820021,
    308.02071080792));
#1146 = CARTESIAN_POINT('',(9.326768446168,-59.59623241591,
    307.58424015187));
#1147 = CARTESIAN_POINT('',(9.665316717704,-59.81051552401,
    307.13392515196));
#1148 = CARTESIAN_POINT('',(10.314141754271,-60.24249093726,
    306.16358934347));
#1149 = CARTESIAN_POINT('',(10.619102818305,-60.45879076174,
    305.64070317643));
#1150 = CARTESIAN_POINT('',(10.89064206307,-60.66204203361,
    305.10313210995));
#1151 = CARTESIAN_POINT('',(11.128874419408,-60.84847609664,
    304.55211838301));
#1152 = CARTESIAN_POINT('',(11.333658962042,-61.01438380692,
    303.98855345507));
#1153 = CARTESIAN_POINT('',(11.560505574678,-61.20289768404,
    303.22391409307));
#1154 = CARTESIAN_POINT('',(11.612911385994,-61.2469091984,
    303.03358712861));
#1155 = CARTESIAN_POINT('',(11.661584564459,-61.28817302916,
    302.84213172581));
#1156 = CARTESIAN_POINT('',(11.706495121606,-61.32656364077,
    302.64962895023));
#1157 = CARTESIAN_POINT('',(11.74761575556,-61.36196642568,
    302.45615491823));
#1158 = CARTESIAN_POINT('',(11.856180844748,-61.4560026696,
    301.89048077453));
#1159 = CARTESIAN_POINT('',(11.913539610733,-61.50646922778,
    301.51577655106));
#1160 = CARTESIAN_POINT('',(11.956719432092,-61.5448808092,
    301.13856935656));
#1161 = CARTESIAN_POINT('',(11.985567278677,-61.57068311927,
    300.75968463519));
#1162 = CARTESIAN_POINT('',(12.,-61.583592135,300.37990439839));
#1163 = CARTESIAN_POINT('',(12.,-61.583592135,299.42357676061));
#1164 = CARTESIAN_POINT('',(11.966773951154,-61.55387391544,
    298.84803619259));
#1165 = CARTESIAN_POINT('',(11.900510468518,-61.49460577202,
    298.27561241621));
#1166 = CARTESIAN_POINT('',(11.801575533801,-61.40722714984,
    297.70864094187));
#1167 = CARTESIAN_POINT('',(11.670570327873,-61.29445306888,
    297.14975488824));
#1168 = CARTESIAN_POINT('',(11.336977183283,-61.01704872076,
    296.01986793067));
#1169 = CARTESIAN_POINT('',(11.130270384342,-60.84949194373,
    295.44988684615));
#1170 = CARTESIAN_POINT('',(10.889368158707,-60.66092289397,
    294.89272803971));
#1171 = CARTESIAN_POINT('',(10.614414042427,-60.45517606324,
    294.34931047654));
#1172 = CARTESIAN_POINT('',(10.305284608059,-60.2361468166,
    293.82092021158));
#1173 = CARTESIAN_POINT('',(9.529273001393,-59.72052348066,
    292.66554512872));
#1174 = CARTESIAN_POINT('',(9.042378377745,-59.41857100224,
    292.04846575279));
#1175 = CARTESIAN_POINT('',(8.498285862024,-59.10852993214,
    291.4583996612));
#1176 = CARTESIAN_POINT('',(7.892489067552,-58.79692536995,
    290.89817817315));
#1177 = CARTESIAN_POINT('',(7.219627510064,-58.49199304396,
    290.37400892453));
#1178 = CARTESIAN_POINT('',(5.973688916023,-58.01166848574,
    289.57554789168));
#1179 = CARTESIAN_POINT('',(5.438352142996,-57.82589315227,
    289.27454165724));
#1180 = CARTESIAN_POINT('',(4.868392006186,-57.65159391838,
    288.99818666001));
#1181 = CARTESIAN_POINT('',(4.263838874829,-57.49325629457,
    288.75143526625));
#1182 = CARTESIAN_POINT('',(3.62524282765,-57.35571276135,
    288.53974380232));
#1183 = CARTESIAN_POINT('',(2.488579525706,-57.16662035731,
    288.25106809869));
#1184 = CARTESIAN_POINT('',(2.007697650657,-57.10165632283,
    288.15271397028));
#1185 = CARTESIAN_POINT('',(1.514704177616,-57.05131028397,
    288.07696548015));
#1186 = CARTESIAN_POINT('',(1.013255635975,-57.01714324181,
    288.0257148484));
#1187 = CARTESIAN_POINT('',(0.507097397926,-57.,288.));
#1188 = CARTESIAN_POINT('',(-0.507097398022,-57.,288.));
#1189 = CARTESIAN_POINT('',(-1.013255635951,-57.01714324182,
    288.02571484841));
#1190 = CARTESIAN_POINT('',(-1.51470417752,-57.05131028397,
    288.07696548014));
#1191 = CARTESIAN_POINT('',(-2.007697650631,-57.10165632282,
    288.15271397026));
#1192 = CARTESIAN_POINT('',(-2.4885795258,-57.16662035733,
    288.25106809872));
#1193 = CARTESIAN_POINT('',(-3.633823025332,-57.35714014112,
    288.54192289493));
#1194 = CARTESIAN_POINT('',(-4.280117206356,-57.49676964363,
    288.75684289601));
#1195 = CARTESIAN_POINT('',(-4.891462321828,-57.65765266516,
    289.0076302147));
#1196 = CARTESIAN_POINT('',(-5.467320971814,-57.83477763143,
    289.28863265419));
#1197 = CARTESIAN_POINT('',(-6.007698492289,-58.02350641785,
    289.59473747512));
#1198 = CARTESIAN_POINT('',(-6.718334408716,-58.29932624045,
    290.05395754011));
#1199 = CARTESIAN_POINT('',(-6.918133259367,-58.38034398227,
    290.19018682541));
#1200 = CARTESIAN_POINT('',(-7.112499003032,-58.46244572337,
    290.3297227931));
#1201 = CARTESIAN_POINT('',(-7.301550528869,-58.5454167788,
    290.47236998939));
#1202 = CARTESIAN_POINT('',(-7.485407345393,-58.62905873391,
    290.61796073068));
#1203 = CARTESIAN_POINT('',(-8.129299514753,-58.93205922861,
    291.15240966289));
#1204 = CARTESIAN_POINT('',(-8.56026666281,-59.15433115951,
    291.55760729375));
#1205 = CARTESIAN_POINT('',(-8.958871987384,-59.37665856508,
    291.97928990059));
#1206 = CARTESIAN_POINT('',(-9.32676893008,-59.59623271887,
    292.41576047618));
#1207 = CARTESIAN_POINT('',(-9.665316982643,-59.8105157004,
    292.86607524425));
#1208 = CARTESIAN_POINT('',(-10.31904527335,-60.24575560734,
    293.8437440051));
#1209 = CARTESIAN_POINT('',(-10.62794149153,-60.4650621473,
    294.37446359138));
#1210 = CARTESIAN_POINT('',(-10.90244537063,-60.67088431665,
    294.92028282903));
#1211 = CARTESIAN_POINT('',(-11.14266504038,-60.85928020662,
    295.47989448188));
#1212 = CARTESIAN_POINT('',(-11.34844389588,-61.02637589476,
    296.05236221482));
#1213 = CARTESIAN_POINT('',(-11.67749610332,-61.30041783126,
    297.17947486306));
#1214 = CARTESIAN_POINT('',(-11.80575906294,-61.41092234541,
    297.73274747847));
#1215 = CARTESIAN_POINT('',(-11.9026141725,-61.49648739931,
    298.29387133081));
#1216 = CARTESIAN_POINT('',(-11.96747884551,-61.55450438737,
    298.86028834547));
#1217 = CARTESIAN_POINT('',(-12.,-61.583592135,299.42972413792));
#1218 = CARTESIAN_POINT('',(-12.,-61.583592135,300.37774806834));
#1219 = CARTESIAN_POINT('',(-11.98573065296,-61.57082924555,
    300.75537534128));
#1220 = CARTESIAN_POINT('',(-11.95720898167,-61.54531867605,
    301.13212227814));
#1221 = CARTESIAN_POINT('',(-11.91451639392,-61.50733817018,
    301.50721899866));
#1222 = CARTESIAN_POINT('',(-11.85780285948,-61.45742992623,
    301.8798533444));
#1223 = CARTESIAN_POINT('',(-11.75033320296,-61.36430906504,
    302.44308270511));
#1224 = CARTESIAN_POINT('',(-11.70952835158,-61.32916377703,
    302.63613451314));
#1225 = CARTESIAN_POINT('',(-11.6649508409,-61.29104017399,
    302.82822376159));
#1226 = CARTESIAN_POINT('',(-11.61662778907,-61.25005170681,
    303.01927454226));
#1227 = CARTESIAN_POINT('',(-11.56458901282,-61.2063227278,
    303.20920604234));
#1228 = CARTESIAN_POINT('',(-11.33697722099,-61.01704875212,
    303.9801319416));
#1229 = CARTESIAN_POINT('',(-11.1302704491,-60.84949199577,
    304.5501129916));
#1230 = CARTESIAN_POINT('',(-10.88936822173,-60.66092294074,
    305.10727184341));
#1231 = CARTESIAN_POINT('',(-10.61441407386,-60.45517608424,
    305.65068947561));
#1232 = CARTESIAN_POINT('',(-10.30528461071,-60.23614681836,
    306.17907978445));
#1233 = CARTESIAN_POINT('',(-9.529292654595,-59.72053653929,
    307.33442561034));
#1234 = CARTESIAN_POINT('',(-9.042395269325,-59.41858030265,
    307.95151902682));
#1235 = CARTESIAN_POINT('',(-8.498276124569,-59.1085214669,
    308.54161884764));
#1236 = CARTESIAN_POINT('',(-7.892444493618,-58.79690139125,
    309.10186448342));
#1237 = CARTESIAN_POINT('',(-7.219571380686,-58.4919714054,
    309.62602704603));
#1238 = CARTESIAN_POINT('',(-5.973688916023,-58.01166848574,
    310.42445210831));
#1239 = CARTESIAN_POINT('',(-5.438352142995,-57.82589315227,
    310.72545834275));
#1240 = CARTESIAN_POINT('',(-4.868392006188,-57.65159391838,
    311.00181333998));
#1241 = CARTESIAN_POINT('',(-4.263838874827,-57.49325629457,
    311.24856473375));
#1242 = CARTESIAN_POINT('',(-3.625242827649,-57.35571276135,
    311.46025619767));
#1243 = CARTESIAN_POINT('',(-2.488579525705,-57.16662035731,
    311.7489319013));
#1244 = CARTESIAN_POINT('',(-2.007697650658,-57.10165632283,
    311.84728602971));
#1245 = CARTESIAN_POINT('',(-1.514704177615,-57.05131028397,
    311.92303451984));
#1246 = CARTESIAN_POINT('',(-1.013255635976,-57.01714324181,
    311.9742851516));
#1247 = CARTESIAN_POINT('',(-0.507097397926,-57.,312.));
#1248 = CARTESIAN_POINT('',(-1.7763568394E-15,-57.,312.));
#1249 = ORIENTED_EDGE('',*,*,#1117,.T.);
#1250 = CYLINDRICAL_SURFACE('',#1251,12.);
#1251 = AXIS2_PLACEMENT_3D('',#1252,#1253,#1254);
#1252 = CARTESIAN_POINT('',(0.,-75.,300.));
#1253 = DIRECTION('',(0.,1.,0.));
#1254 = DIRECTION('',(0.,0.,1.));
#1255 = ADVANCED_FACE('',(#1256),#1259,.F.);
#1256 = FACE_BOUND('',#1257,.T.);
#1257 = EDGE_LOOP('',(#1258));
#1258 = ORIENTED_EDGE('',*,*,#1089,.F.);
#1259 = PLANE('',#1260);
#1260 = AXIS2_PLACEMENT_3D('',#1261,#1262,#1263);
#1261 = CARTESIAN_POINT('',(40.,35.,122.));
#1262 = DIRECTION('',(0.,1.,0.));
#1263 = DIRECTION('',(0.,0.,1.));
#1264 = ADVANCED_FACE('',(#1265),#1268,.T.);
#1265 = FACE_BOUND('',#1266,.T.);
#1266 = EDGE_LOOP('',(#1267));
#1267 = ORIENTED_EDGE('',*,*,#1081,.T.);
#1268 = PLANE('',#1269);
#1269 = AXIS2_PLACEMENT_3D('',#1270,#1271,#1272);
#1270 = CARTESIAN_POINT('',(40.,115.,122.));
#1271 = DIRECTION('',(0.,1.,0.));
#1272 = DIRECTION('',(0.,0.,1.));
#1273 = ADVANCED_FACE('',(#1274,#1365),#1368,.T.);
#1274 = FACE_BOUND('',#1275,.T.);
#1275 = EDGE_LOOP('',(#1276,#1349,#1357,#1364));
#1276 = ORIENTED_EDGE('',*,*,#1277,.T.);
#1277 = EDGE_CURVE('',#1278,#1278,#1280,.T.);
#1278 = VERTEX_POINT('',#1279);
#1279 = CARTESIAN_POINT('',(18.,-75.,239.96609682446));
#1280 = B_SPLINE_CURVE_WITH_KNOTS('',7,(#1281,#1282,#1283,#1284,#1285,
    #1286,#1287,#1288,#1289,#1290,#1291,#1292,#1293,#1294,#1295,#1296,
    #1297,#1298,#1299,#1300,#1301,#1302,#1303,#1304,#1305,#1306,#1307,
    #1308,#1309,#1310,#1311,#1312,#1313,#1314,#1315,#1316,#1317,#1318,
    #1319,#1320,#1321,#1322,#1323,#1324,#1325,#1326,#1327,#1328,#1329,
    #1330,#1331,#1332,#1333,#1334,#1335,#1336,#1337,#1338,#1339,#1340,
    #1341,#1342,#1343,#1344,#1345,#1346,#1347,#1348),.UNSPECIFIED.,.T.,
  .F.,(8,6,6,6,6,6,6,6,6,6,6,8),(0.,0.103611773584,0.191332529821,
    0.275220848922,0.372162684656,0.45255388675,0.562478219698,
    0.656453877594,0.740152509925,0.824221604558,0.907261143821,1.),
  .UNSPECIFIED.);
#1281 = CARTESIAN_POINT('',(18.,-75.,239.96609682446));
#1282 = CARTESIAN_POINT('',(18.,-73.49368816132,239.96609682446));
#1283 = CARTESIAN_POINT('',(17.852937956967,-71.9876467878,
    239.93867059321));
#1284 = CARTESIAN_POINT('',(17.558900406057,-70.49059388914,
    239.88383429971));
#1285 = CARTESIAN_POINT('',(17.115549967513,-69.01179910917,
    239.79995676932));
#1286 = CARTESIAN_POINT('',(16.518540769986,-67.56230897169,239.68384111
    ));
#1287 = CARTESIAN_POINT('',(15.762130297476,-66.15633819242,
    239.53048624097));
#1288 = CARTESIAN_POINT('',(14.059201669326,-63.67560253814,
    239.1653215578));
#1289 = CARTESIAN_POINT('',(13.155120170889,-62.57653878793,
    238.96511685267));
#1290 = CARTESIAN_POINT('',(12.12633164826,-61.5355175284,
    238.72818661145));
#1291 = CARTESIAN_POINT('',(10.974613412394,-60.57245883773,
    238.45029360925));
#1292 = CARTESIAN_POINT('',(9.704574633025,-59.70725964638,
    238.12697569383));
#1293 = CARTESIAN_POINT('',(8.323586420632,-58.95992942771,
    237.75396970984));
#1294 = CARTESIAN_POINT('',(5.42506323798,-57.76876866975,
    236.92061301307));
#1295 = CARTESIAN_POINT('',(3.925418677864,-57.3169230478,
    236.46746050933));
#1296 = CARTESIAN_POINT('',(2.369718723263,-57.01689914451,
    235.97125939405));
#1297 = CARTESIAN_POINT('',(0.788985405591,-56.87975313494,
    235.43783462307));
#1298 = CARTESIAN_POINT('',(-0.78399495075,-56.90630560817,234.876919907
    ));
#1299 = CARTESIAN_POINT('',(-2.317226917821,-57.08704491242,
    234.30194154243));
#1300 = CARTESIAN_POINT('',(-5.4739031541,-57.76537174938,
    233.06497046228));
#1301 = CARTESIAN_POINT('',(-7.075779385228,-58.30821204314,
    232.40276573647));
#1302 = CARTESIAN_POINT('',(-8.572452237465,-59.00611387957,
    231.75306422255));
#1303 = CARTESIAN_POINT('',(-9.953745549843,-59.83686844653,
    231.12721647806));
#1304 = CARTESIAN_POINT('',(-11.2128145743,-60.77978088973,
    230.53560273661));
#1305 = CARTESIAN_POINT('',(-12.34544647236,-61.81548158263,
    229.98708856316));
#1306 = CARTESIAN_POINT('',(-14.18256920347,-63.84669350598,
    229.07527103717));
#1307 = CARTESIAN_POINT('',(-14.92967213993,-64.82167546092,
    228.69507902424));
#1308 = CARTESIAN_POINT('',(-15.59027026182,-65.84247966859,
    228.3517653173));
#1309 = CARTESIAN_POINT('',(-16.16392649312,-66.90166259602,
    228.04851663467));
#1310 = CARTESIAN_POINT('',(-16.65036621236,-67.99248507436,
    227.78797557407));
#1311 = CARTESIAN_POINT('',(-17.04932844272,-69.10872312467,
    227.57224817055));
#1312 = CARTESIAN_POINT('',(-17.78585608815,-71.797483813,
    227.17142866378));
#1313 = CARTESIAN_POINT('',(-18.04678766992,-73.386123044,
    227.02683300121));
#1314 = CARTESIAN_POINT('',(-18.14213252438,-74.9934476958,226.973342964
    ));
#1315 = CARTESIAN_POINT('',(-18.07148890606,-76.60313049447,
    227.01279592787));
#1316 = CARTESIAN_POINT('',(-17.83499515546,-78.19896335353,
    227.14448310355));
#1317 = CARTESIAN_POINT('',(-17.4333870732,-79.76435238867,
    227.36516449895));
#1318 = CARTESIAN_POINT('',(-16.38515972299,-82.5791109707,
    227.92929135504));
#1319 = CARTESIAN_POINT('',(-15.78265851388,-83.84106861268,
    228.25021743587));
#1320 = CARTESIAN_POINT('',(-15.0613198379,-85.05830753593,
    228.62885343406));
#1321 = CARTESIAN_POINT('',(-14.22143046154,-86.22047398879,
    229.06112379127));
#1322 = CARTESIAN_POINT('',(-13.263358397,-87.31586755352,229.5420119716
    ));
#1323 = CARTESIAN_POINT('',(-12.18798878187,-88.33096331141,
    230.06546009156));
#1324 = CARTESIAN_POINT('',(-9.937079008556,-90.06812862755,
    231.12222652158));
#1325 = CARTESIAN_POINT('',(-8.780399805407,-90.81392671953,
    231.65053128425));
#1326 = CARTESIAN_POINT('',(-7.532058692691,-91.47097489889,
    232.202596459));
#1327 = CARTESIAN_POINT('',(-6.19924917985,-92.02363774759,
    232.77044997744));
#1328 = CARTESIAN_POINT('',(-4.791531073259,-92.45697000704,
    233.34552099414));
#1329 = CARTESIAN_POINT('',(-3.32085371762,-92.7567746561,
    233.91930175419));
#1330 = CARTESIAN_POINT('',(-0.275867285245,-93.06310311721,
    235.05089246944));
#1331 = CARTESIAN_POINT('',(1.291262162332,-93.06755680678,
    235.60579195599));
#1332 = CARTESIAN_POINT('',(2.86838293274,-92.91041319209,
    236.13483151581));
#1333 = CARTESIAN_POINT('',(4.422805785807,-92.58996717043,
    236.62709981281));
#1334 = CARTESIAN_POINT('',(5.922629170673,-92.11479884302,
    237.07580982014));
#1335 = CARTESIAN_POINT('',(7.339394716673,-91.50358856251,
    237.47783204555));
#1336 = CARTESIAN_POINT('',(9.945492317138,-90.07540786629,
    238.18315923765));
#1337 = CARTESIAN_POINT('',(11.138534359337,-89.26042635198,
    238.48792119629));
#1338 = CARTESIAN_POINT('',(12.225312783028,-88.3577547714,
    238.75116459016));
#1339 = CARTESIAN_POINT('',(13.203524991757,-87.38335423467,
    238.97720160639));
#1340 = CARTESIAN_POINT('',(14.072502276479,-86.35202788321,
    239.17002150129));
#1341 = CARTESIAN_POINT('',(14.833010592693,-85.27763582096,
    239.33315508514));
#1342 = CARTESIAN_POINT('',(16.217861257191,-82.93954950433,
    239.62213629357));
#1343 = CARTESIAN_POINT('',(16.818645140062,-81.66380694069,
    239.74197080053));
#1344 = CARTESIAN_POINT('',(17.293997007767,-80.35801311925,
    239.83366997723));
#1345 = CARTESIAN_POINT('',(17.647705866061,-79.03157737394,
    239.90039504333));
#1346 = CARTESIAN_POINT('',(17.882550362283,-77.69209093163,
    239.94419351549));
#1347 = CARTESIAN_POINT('',(18.,-76.34613740848,239.96609682446));
#1348 = CARTESIAN_POINT('',(18.,-75.,239.96609682446));
#1349 = ORIENTED_EDGE('',*,*,#1350,.T.);
#1350 = EDGE_CURVE('',#1278,#1351,#1353,.T.);
#1351 = VERTEX_POINT('',#1352);
#1352 = CARTESIAN_POINT('',(18.,-75.,460.));
#1353 = LINE('',#1354,#1355);
#1354 = CARTESIAN_POINT('',(18.,-75.,100.));
#1355 = VECTOR('',#1356,1.);
#1356 = DIRECTION('',(0.,0.,1.));
#1357 = ORIENTED_EDGE('',*,*,#1358,.F.);
#1358 = EDGE_CURVE('',#1351,#1351,#1359,.T.);
#1359 = CIRCLE('',#1360,18.);
#1360 = AXIS2_PLACEMENT_3D('',#1361,#1362,#1363);
#1361 = CARTESIAN_POINT('',(0.,-75.,460.));
#1362 = DIRECTION('',(0.,0.,1.));
#1363 = DIRECTION('',(1.,0.,0.));
#1364 = ORIENTED_EDGE('',*,*,#1350,.F.);
#1365 = FACE_BOUND('',#1366,.T.);
#1366 = EDGE_LOOP('',(#1367));
#1367 = ORIENTED_EDGE('',*,*,#1125,.F.);
#1368 = CYLINDRICAL_SURFACE('',#1369,18.);
#1369 = AXIS2_PLACEMENT_3D('',#1370,#1371,#1372);
#1370 = CARTESIAN_POINT('',(0.,-75.,100.));
#1371 = DIRECTION('',(0.,0.,1.));
#1372 = DIRECTION('',(1.,0.,0.));
#1373 = ADVANCED_FACE('',(#1374,#1401),#1404,.T.);
#1374 = FACE_BOUND('',#1375,.T.);
#1375 = EDGE_LOOP('',(#1376,#1386,#1393,#1394));
#1376 = ORIENTED_EDGE('',*,*,#1377,.T.);
#1377 = EDGE_CURVE('',#1378,#1380,#1382,.T.);
#1378 = VERTEX_POINT('',#1379);
#1379 = CARTESIAN_POINT('',(40.,-115.,242.));
#1380 = VERTEX_POINT('',#1381);
#1381 = CARTESIAN_POINT('',(40.,-35.,242.));
#1382 = LINE('',#1383,#1384);
#1383 = CARTESIAN_POINT('',(40.,-115.,242.));
#1384 = VECTOR('',#1385,1.);
#1385 = DIRECTION('',(0.,1.,0.));
#1386 = ORIENTED_EDGE('',*,*,#1387,.F.);
#1387 = EDGE_CURVE('',#1380,#1380,#1388,.T.);
#1388 = CIRCLE('',#1389,120.);
#1389 = AXIS2_PLACEMENT_3D('',#1390,#1391,#1392);
#1390 = CARTESIAN_POINT('',(40.,-35.,122.));
#1391 = DIRECTION('',(0.,1.,0.));
#1392 = DIRECTION('',(0.,0.,1.));
#1393 = ORIENTED_EDGE('',*,*,#1377,.F.);
#1394 = ORIENTED_EDGE('',*,*,#1395,.T.);
#1395 = EDGE_CURVE('',#1378,#1378,#1396,.T.);
#1396 = CIRCLE('',#1397,120.);
#1397 = AXIS2_PLACEMENT_3D('',#1398,#1399,#1400);
#1398 = CARTESIAN_POINT('',(40.,-115.,122.));
#1399 = DIRECTION('',(0.,1.,0.));
#1400 = DIRECTION('',(0.,0.,1.));
#1401 = FACE_BOUND('',#1402,.T.);
#1402 = EDGE_LOOP('',(#1403));
#1403 = ORIENTED_EDGE('',*,*,#1277,.F.);
#1404 = CYLINDRICAL_SURFACE('',#1405,120.);
#1405 = AXIS2_PLACEMENT_3D('',#1406,#1407,#1408);
#1406 = CARTESIAN_POINT('',(40.,-115.,122.));
#1407 = DIRECTION('',(0.,1.,0.));
#1408 = DIRECTION('',(0.,0.,1.));
#1409 = ADVANCED_FACE('',(#1410),#1413,.T.);
#1410 = FACE_BOUND('',#1411,.T.);
#1411 = EDGE_LOOP('',(#1412));
#1412 = ORIENTED_EDGE('',*,*,#1358,.T.);
#1413 = PLANE('',#1414);
#1414 = AXIS2_PLACEMENT_3D('',#1415,#1416,#1417);
#1415 = CARTESIAN_POINT('',(0.,-75.,460.));
#1416 = DIRECTION('',(0.,0.,1.));
#1417 = DIRECTION('',(1.,0.,0.));
#1418 = ADVANCED_FACE('',(#1419),#1422,.F.);
#1419 = FACE_BOUND('',#1420,.T.);
#1420 = EDGE_LOOP('',(#1421));
#1421 = ORIENTED_EDGE('',*,*,#1395,.F.);
#1422 = PLANE('',#1423);
#1423 = AXIS2_PLACEMENT_3D('',#1424,#1425,#1426);
#1424 = CARTESIAN_POINT('',(40.,-115.,122.));
#1425 = DIRECTION('',(0.,1.,0.));
#1426 = DIRECTION('',(0.,0.,1.));
#1427 = ADVANCED_FACE('',(#1428),#1431,.T.);
#1428 = FACE_BOUND('',#1429,.T.);
#1429 = EDGE_LOOP('',(#1430));
#1430 = ORIENTED_EDGE('',*,*,#1387,.T.);
#1431 = PLANE('',#1432);
#1432 = AXIS2_PLACEMENT_3D('',#1433,#1434,#1435);
#1433 = CARTESIAN_POINT('',(40.,-35.,122.));
#1434 = DIRECTION('',(0.,1.,0.));
#1435 = DIRECTION('',(0.,0.,1.));
#1436 = MANIFOLD_SOLID_BREP('',#1437);
#1437 = CLOSED_SHELL('',(#1438,#1535,#1571,#1580,#1589));
#1438 = ADVANCED_FACE('',(#1439),#1530,.T.);
#1439 = FACE_BOUND('',#1440,.T.);
#1440 = EDGE_LOOP('',(#1441,#1451,#1458,#1459));
#1441 = ORIENTED_EDGE('',*,*,#1442,.T.);
#1442 = EDGE_CURVE('',#1443,#1445,#1447,.T.);
#1443 = VERTEX_POINT('',#1444);
#1444 = CARTESIAN_POINT('',(18.,200.,239.96609682446));
#1445 = VERTEX_POINT('',#1446);
#1446 = CARTESIAN_POINT('',(18.,200.,460.));
#1447 = LINE('',#1448,#1449);
#1448 = CARTESIAN_POINT('',(18.,200.,100.));
#1449 = VECTOR('',#1450,1.);
#1450 = DIRECTION('',(0.,0.,1.));
#1451 = ORIENTED_EDGE('',*,*,#1452,.F.);
#1452 = EDGE_CURVE('',#1445,#1445,#1453,.T.);
#1453 = CIRCLE('',#1454,18.);
#1454 = AXIS2_PLACEMENT_3D('',#1455,#1456,#1457);
#1455 = CARTESIAN_POINT('',(0.,200.,460.));
#1456 = DIRECTION('',(0.,0.,1.));
#1457 = DIRECTION('',(1.,0.,0.));
#1458 = ORIENTED_EDGE('',*,*,#1442,.F.);
#1459 = ORIENTED_EDGE('',*,*,#1460,.T.);
#1460 = EDGE_CURVE('',#1443,#1443,#1461,.T.);
#1461 = B_SPLINE_CURVE_WITH_KNOTS('',7,(#1462,#1463,#1464,#1465,#1466,
    #1467,#1468,#1469,#1470,#1471,#1472,#1473,#1474,#1475,#1476,#1477,
    #1478,#1479,#1480,#1481,#1482,#1483,#1484,#1485,#1486,#1487,#1488,
    #1489,#1490,#1491,#1492,#1493,#1494,#1495,#1496,#1497,#1498,#1499,
    #1500,#1501,#1502,#1503,#1504,#1505,#1506,#1507,#1508,#1509,#1510,
    #1511,#1512,#1513,#1514,#1515,#1516,#1517,#1518,#1519,#1520,#1521,
    #1522,#1523,#1524,#1525,#1526,#1527,#1528,#1529),.UNSPECIFIED.,.T.,
  .F.,(8,6,6,6,6,6,6,6,6,6,6,8),(0.,0.103611773553,0.191332529764,
    0.27522084884,0.372162684545,0.452553886608,0.562478219523,
    0.65645387739,0.740152509678,0.824221604256,0.907261143466,1.),
  .UNSPECIFIED.);
#1462 = CARTESIAN_POINT('',(18.,200.,239.96609682446));
#1463 = CARTESIAN_POINT('',(18.,201.50631183867,239.96609682446));
#1464 = CARTESIAN_POINT('',(17.852937956969,203.01235321218,
    239.93867059321));
#1465 = CARTESIAN_POINT('',(17.558900406053,204.50940611086,
    239.88383429971));
#1466 = CARTESIAN_POINT('',(17.115549967518,205.98820089081,
    239.79995676932));
#1467 = CARTESIAN_POINT('',(16.518540769982,207.4376910283,239.68384111)
  );
#1468 = CARTESIAN_POINT('',(15.762130297478,208.84366180757,
    239.53048624097));
#1469 = CARTESIAN_POINT('',(14.059201669326,211.32439746185,
    239.1653215578));
#1470 = CARTESIAN_POINT('',(13.155120170889,212.42346121206,
    238.96511685267));
#1471 = CARTESIAN_POINT('',(12.12633164826,213.46448247159,
    238.72818661145));
#1472 = CARTESIAN_POINT('',(10.974613412394,214.42754116226,
    238.45029360925));
#1473 = CARTESIAN_POINT('',(9.704574633025,215.29274035361,
    238.12697569383));
#1474 = CARTESIAN_POINT('',(8.323586420632,216.04007057228,
    237.75396970984));
#1475 = CARTESIAN_POINT('',(5.42506323798,217.23123133024,
    236.92061301307));
#1476 = CARTESIAN_POINT('',(3.925418677862,217.68307695219,
    236.46746050933));
#1477 = CARTESIAN_POINT('',(2.369718723265,217.98310085548,
    235.97125939406));
#1478 = CARTESIAN_POINT('',(0.788985405594,218.12024686505,
    235.43783462307));
#1479 = CARTESIAN_POINT('',(-0.783994950755,218.09369439182,
    234.87691990699));
#1480 = CARTESIAN_POINT('',(-2.317226917819,217.91295508757,
    234.30194154243));
#1481 = CARTESIAN_POINT('',(-5.473903154099,217.23462825061,
    233.06497046228));
#1482 = CARTESIAN_POINT('',(-7.07577938523,216.69178795685,
    232.40276573647));
#1483 = CARTESIAN_POINT('',(-8.572452237462,215.99388612042,
    231.75306422255));
#1484 = CARTESIAN_POINT('',(-9.953745549845,215.16313155347,
    231.12721647806));
#1485 = CARTESIAN_POINT('',(-11.2128145743,214.22021911026,
    230.53560273661));
#1486 = CARTESIAN_POINT('',(-12.34544647236,213.18451841736,
    229.98708856316));
#1487 = CARTESIAN_POINT('',(-14.18256920339,211.15330649409,
    229.07527103721));
#1488 = CARTESIAN_POINT('',(-14.92967214002,210.17832453899,
    228.69507902419));
#1489 = CARTESIAN_POINT('',(-15.59027026184,209.15752033132,
    228.35176531729));
#1490 = CARTESIAN_POINT('',(-16.16392649306,208.09833740403,
    228.0485166347));
#1491 = CARTESIAN_POINT('',(-16.65036621235,207.00751492573,
    227.78797557408));
#1492 = CARTESIAN_POINT('',(-17.04932844275,205.89127687522,
    227.57224817053));
#1493 = CARTESIAN_POINT('',(-17.78585608815,203.20251618699,
    227.17142866378));
#1494 = CARTESIAN_POINT('',(-18.04678766992,201.61387695599,
    227.02683300121));
#1495 = CARTESIAN_POINT('',(-18.14213252438,200.0065523042,226.973342964
    ));
#1496 = CARTESIAN_POINT('',(-18.07148890606,198.39686950552,
    227.01279592787));
#1497 = CARTESIAN_POINT('',(-17.83499515546,196.80103664646,
    227.14448310355));
#1498 = CARTESIAN_POINT('',(-17.4333870732,195.23564761132,
    227.36516449895));
#1499 = CARTESIAN_POINT('',(-16.38515972299,192.42088902929,
    227.92929135504));
#1500 = CARTESIAN_POINT('',(-15.78265851388,191.15893138731,
    228.25021743587));
#1501 = CARTESIAN_POINT('',(-15.0613198379,189.94169246407,
    228.62885343406));
#1502 = CARTESIAN_POINT('',(-14.22143046153,188.77952601119,
    229.06112379127));
#1503 = CARTESIAN_POINT('',(-13.263358397,187.68413244647,229.5420119716
    ));
#1504 = CARTESIAN_POINT('',(-12.18798878187,186.66903668858,
    230.06546009156));
#1505 = CARTESIAN_POINT('',(-9.937079008791,184.93187137262,
    231.12222652147));
#1506 = CARTESIAN_POINT('',(-8.780399805398,184.18607328039,
    231.65053128426));
#1507 = CARTESIAN_POINT('',(-7.532058692482,183.52902510099,
    232.20259645909));
#1508 = CARTESIAN_POINT('',(-6.199249179692,182.97636225239,
    232.7704499775));
#1509 = CARTESIAN_POINT('',(-4.791531073346,182.543029993,233.3455209941
    ));
#1510 = CARTESIAN_POINT('',(-3.320853717806,182.24322534391,
    233.91930175412));
#1511 = CARTESIAN_POINT('',(-0.275867285247,181.93689688278,
    235.05089246944));
#1512 = CARTESIAN_POINT('',(1.291262162336,181.93244319322,235.605791956
    ));
#1513 = CARTESIAN_POINT('',(2.868382932734,182.0895868079,
    236.13483151581));
#1514 = CARTESIAN_POINT('',(4.422805785813,182.41003282956,
    236.62709981281));
#1515 = CARTESIAN_POINT('',(5.922629170668,182.88520115697,
    237.07580982014));
#1516 = CARTESIAN_POINT('',(7.339394716674,183.49641143748,
    237.47783204555));
#1517 = CARTESIAN_POINT('',(9.945492317137,184.9245921337,
    238.18315923765));
#1518 = CARTESIAN_POINT('',(11.138534359343,185.73957364802,
    238.48792119629));
#1519 = CARTESIAN_POINT('',(12.225312783017,186.64224522859,
    238.75116459016));
#1520 = CARTESIAN_POINT('',(13.203524991766,187.61664576533,
    238.97720160639));
#1521 = CARTESIAN_POINT('',(14.072502276475,188.64797211678,
    239.17002150129));
#1522 = CARTESIAN_POINT('',(14.833010592694,189.72236417903,
    239.33315508514));
#1523 = CARTESIAN_POINT('',(16.217861260464,192.06045050119,
    239.62213629426));
#1524 = CARTESIAN_POINT('',(16.818645134757,193.33619304605,
    239.74197079943));
#1525 = CARTESIAN_POINT('',(17.29399700888,194.64198688883,
    239.83366997745));
#1526 = CARTESIAN_POINT('',(17.647705869577,195.96842263408,
    239.90039504406));
#1527 = CARTESIAN_POINT('',(17.882550359893,197.30790905503,
    239.944193515));
#1528 = CARTESIAN_POINT('',(18.,198.65386259711,239.96609682446));
#1529 = CARTESIAN_POINT('',(18.,200.,239.96609682446));
#1530 = CYLINDRICAL_SURFACE('',#1531,18.);
#1531 = AXIS2_PLACEMENT_3D('',#1532,#1533,#1534);
#1532 = CARTESIAN_POINT('',(0.,200.,100.));
#1533 = DIRECTION('',(0.,0.,1.));
#1534 = DIRECTION('',(1.,0.,0.));
#1535 = ADVANCED_FACE('',(#1536,#1563),#1566,.T.);
#1536 = FACE_BOUND('',#1537,.T.);
#1537 = EDGE_LOOP('',(#1538,#1548,#1555,#1556));
#1538 = ORIENTED_EDGE('',*,*,#1539,.T.);
#1539 = EDGE_CURVE('',#1540,#1542,#1544,.T.);
#1540 = VERTEX_POINT('',#1541);
#1541 = CARTESIAN_POINT('',(40.,160.,242.));
#1542 = VERTEX_POINT('',#1543);
#1543 = CARTESIAN_POINT('',(40.,240.,242.));
#1544 = LINE('',#1545,#1546);
#1545 = CARTESIAN_POINT('',(40.,160.,242.));
#1546 = VECTOR('',#1547,1.);
#1547 = DIRECTION('',(0.,1.,0.));
#1548 = ORIENTED_EDGE('',*,*,#1549,.F.);
#1549 = EDGE_CURVE('',#1542,#1542,#1550,.T.);
#1550 = CIRCLE('',#1551,120.);
#1551 = AXIS2_PLACEMENT_3D('',#1552,#1553,#1554);
#1552 = CARTESIAN_POINT('',(40.,240.,122.));
#1553 = DIRECTION('',(0.,1.,0.));
#1554 = DIRECTION('',(0.,0.,1.));
#1555 = ORIENTED_EDGE('',*,*,#1539,.F.);
#1556 = ORIENTED_EDGE('',*,*,#1557,.T.);
#1557 = EDGE_CURVE('',#1540,#1540,#1558,.T.);
#1558 = CIRCLE('',#1559,120.);
#1559 = AXIS2_PLACEMENT_3D('',#1560,#1561,#1562);
#1560 = CARTESIAN_POINT('',(40.,160.,122.));
#1561 = DIRECTION('',(0.,1.,0.));
#1562 = DIRECTION('',(0.,0.,1.));
#1563 = FACE_BOUND('',#1564,.T.);
#1564 = EDGE_LOOP('',(#1565));
#1565 = ORIENTED_EDGE('',*,*,#1460,.F.);
#1566 = CYLINDRICAL_SURFACE('',#1567,120.);
#1567 = AXIS2_PLACEMENT_3D('',#1568,#1569,#1570);
#1568 = CARTESIAN_POINT('',(40.,160.,122.));
#1569 = DIRECTION('',(0.,1.,0.));
#1570 = DIRECTION('',(0.,0.,1.));
#1571 = ADVANCED_FACE('',(#1572),#1575,.T.);
#1572 = FACE_BOUND('',#1573,.T.);
#1573 = EDGE_LOOP('',(#1574));
#1574 = ORIENTED_EDGE('',*,*,#1452,.T.);
#1575 = PLANE('',#1576);
#1576 = AXIS2_PLACEMENT_3D('',#1577,#1578,#1579);
#1577 = CARTESIAN_POINT('',(0.,200.,460.));
#1578 = DIRECTION('',(0.,0.,1.));
#1579 = DIRECTION('',(1.,0.,0.));
#1580 = ADVANCED_FACE('',(#1581),#1584,.F.);
#1581 = FACE_BOUND('',#1582,.T.);
#1582 = EDGE_LOOP('',(#1583));
#1583 = ORIENTED_EDGE('',*,*,#1557,.F.);
#1584 = PLANE('',#1585);
#1585 = AXIS2_PLACEMENT_3D('',#1586,#1587,#1588);
#1586 = CARTESIAN_POINT('',(40.,160.,122.));
#1587 = DIRECTION('',(0.,1.,0.));
#1588 = DIRECTION('',(0.,0.,1.));
#1589 = ADVANCED_FACE('',(#1590),#1593,.T.);
#1590 = FACE_BOUND('',#1591,.T.);
#1591 = EDGE_LOOP('',(#1592));
#1592 = ORIENTED_EDGE('',*,*,#1549,.T.);
#1593 = PLANE('',#1594);
#1594 = AXIS2_PLACEMENT_3D('',#1595,#1596,#1597);
#1595 = CARTESIAN_POINT('',(40.,240.,122.));
#1596 = DIRECTION('',(0.,1.,0.));
#1597 = DIRECTION('',(0.,0.,1.));
#1598 = MANIFOLD_SOLID_BREP('',#1599);
#1599 = CLOSED_SHELL('',(#1600,#1697,#1733,#1742,#1751));
#1600 = ADVANCED_FACE('',(#1601),#1692,.T.);
#1601 = FACE_BOUND('',#1602,.T.);
#1602 = EDGE_LOOP('',(#1603,#1613,#1620,#1621));
#1603 = ORIENTED_EDGE('',*,*,#1604,.T.);
#1604 = EDGE_CURVE('',#1605,#1607,#1609,.T.);
#1605 = VERTEX_POINT('',#1606);
#1606 = CARTESIAN_POINT('',(18.,-200.,239.96609682446));
#1607 = VERTEX_POINT('',#1608);
#1608 = CARTESIAN_POINT('',(18.,-200.,460.));
#1609 = LINE('',#1610,#1611);
#1610 = CARTESIAN_POINT('',(18.,-200.,100.));
#1611 = VECTOR('',#1612,1.);
#1612 = DIRECTION('',(0.,0.,1.));
#1613 = ORIENTED_EDGE('',*,*,#1614,.F.);
#1614 = EDGE_CURVE('',#1607,#1607,#1615,.T.);
#1615 = CIRCLE('',#1616,18.);
#1616 = AXIS2_PLACEMENT_3D('',#1617,#1618,#1619);
#1617 = CARTESIAN_POINT('',(0.,-200.,460.));
#1618 = DIRECTION('',(0.,0.,1.));
#1619 = DIRECTION('',(1.,0.,0.));
#1620 = ORIENTED_EDGE('',*,*,#1604,.F.);
#1621 = ORIENTED_EDGE('',*,*,#1622,.T.);
#1622 = EDGE_CURVE('',#1605,#1605,#1623,.T.);
#1623 = B_SPLINE_CURVE_WITH_KNOTS('',7,(#1624,#1625,#1626,#1627,#1628,
    #1629,#1630,#1631,#1632,#1633,#1634,#1635,#1636,#1637,#1638,#1639,
    #1640,#1641,#1642,#1643,#1644,#1645,#1646,#1647,#1648,#1649,#1650,
    #1651,#1652,#1653,#1654,#1655,#1656,#1657,#1658,#1659,#1660,#1661,
    #1662,#1663,#1664,#1665,#1666,#1667,#1668,#1669,#1670,#1671,#1672,
    #1673,#1674,#1675,#1676,#1677,#1678,#1679,#1680,#1681,#1682,#1683,
    #1684,#1685,#1686,#1687,#1688,#1689,#1690,#1691),.UNSPECIFIED.,.T.,
  .F.,(8,6,6,6,6,6,6,6,6,6,6,8),(0.,0.103611773553,0.191332529764,
    0.27522084884,0.372162684545,0.452553886608,0.562478219523,
    0.65645387739,0.740152509678,0.824221604256,0.907261143466,1.),
  .UNSPECIFIED.);
#1624 = CARTESIAN_POINT('',(18.,-200.,239.96609682446));
#1625 = CARTESIAN_POINT('',(18.,-198.4936881613,239.96609682446));
#1626 = CARTESIAN_POINT('',(17.852937956969,-196.9876467878,
    239.93867059321));
#1627 = CARTESIAN_POINT('',(17.558900406053,-195.4905938891,
    239.88383429971));
#1628 = CARTESIAN_POINT('',(17.115549967518,-194.0117991091,
    239.79995676932));
#1629 = CARTESIAN_POINT('',(16.518540769982,-192.5623089716,239.68384111
    ));
#1630 = CARTESIAN_POINT('',(15.762130297478,-191.1563381924,
    239.53048624097));
#1631 = CARTESIAN_POINT('',(14.059201669326,-188.6756025381,
    239.1653215578));
#1632 = CARTESIAN_POINT('',(13.155120170889,-187.5765387879,
    238.96511685267));
#1633 = CARTESIAN_POINT('',(12.12633164826,-186.5355175284,
    238.72818661145));
#1634 = CARTESIAN_POINT('',(10.974613412394,-185.5724588377,
    238.45029360925));
#1635 = CARTESIAN_POINT('',(9.704574633025,-184.7072596463,
    238.12697569383));
#1636 = CARTESIAN_POINT('',(8.323586420632,-183.9599294277,
    237.75396970984));
#1637 = CARTESIAN_POINT('',(5.42506323798,-182.7687686697,
    236.92061301307));
#1638 = CARTESIAN_POINT('',(3.925418677862,-182.3169230478,
    236.46746050933));
#1639 = CARTESIAN_POINT('',(2.369718723265,-182.0168991445,
    235.97125939406));
#1640 = CARTESIAN_POINT('',(0.788985405594,-181.8797531349,
    235.43783462307));
#1641 = CARTESIAN_POINT('',(-0.783994950755,-181.9063056081,
    234.87691990699));
#1642 = CARTESIAN_POINT('',(-2.317226917819,-182.0870449124,
    234.30194154243));
#1643 = CARTESIAN_POINT('',(-5.473903154099,-182.7653717493,
    233.06497046228));
#1644 = CARTESIAN_POINT('',(-7.07577938523,-183.3082120431,
    232.40276573647));
#1645 = CARTESIAN_POINT('',(-8.572452237462,-184.0061138795,
    231.75306422255));
#1646 = CARTESIAN_POINT('',(-9.953745549845,-184.8368684465,
    231.12721647806));
#1647 = CARTESIAN_POINT('',(-11.2128145743,-185.7797808897,
    230.53560273661));
#1648 = CARTESIAN_POINT('',(-12.34544647236,-186.8154815826,
    229.98708856316));
#1649 = CARTESIAN_POINT('',(-14.18256920339,-188.8466935059,
    229.07527103721));
#1650 = CARTESIAN_POINT('',(-14.92967214002,-189.821675461,
    228.69507902419));
#1651 = CARTESIAN_POINT('',(-15.59027026184,-190.8424796686,
    228.35176531729));
#1652 = CARTESIAN_POINT('',(-16.16392649306,-191.9016625959,
    228.0485166347));
#1653 = CARTESIAN_POINT('',(-16.65036621235,-192.9924850742,
    227.78797557408));
#1654 = CARTESIAN_POINT('',(-17.04932844275,-194.1087231247,
    227.57224817053));
#1655 = CARTESIAN_POINT('',(-17.78585608815,-196.797483813,
    227.17142866378));
#1656 = CARTESIAN_POINT('',(-18.04678766992,-198.386123044,
    227.02683300121));
#1657 = CARTESIAN_POINT('',(-18.14213252438,-199.9934476958,
    226.973342964));
#1658 = CARTESIAN_POINT('',(-18.07148890606,-201.6031304944,
    227.01279592787));
#1659 = CARTESIAN_POINT('',(-17.83499515546,-203.1989633535,
    227.14448310355));
#1660 = CARTESIAN_POINT('',(-17.4333870732,-204.7643523886,
    227.36516449895));
#1661 = CARTESIAN_POINT('',(-16.38515972299,-207.5791109707,
    227.92929135504));
#1662 = CARTESIAN_POINT('',(-15.78265851388,-208.8410686126,
    228.25021743587));
#1663 = CARTESIAN_POINT('',(-15.0613198379,-210.0583075359,
    228.62885343406));
#1664 = CARTESIAN_POINT('',(-14.22143046153,-211.2204739888,
    229.06112379127));
#1665 = CARTESIAN_POINT('',(-13.263358397,-212.3158675535,229.5420119716
    ));
#1666 = CARTESIAN_POINT('',(-12.18798878187,-213.3309633114,
    230.06546009156));
#1667 = CARTESIAN_POINT('',(-9.937079008791,-215.0681286273,
    231.12222652147));
#1668 = CARTESIAN_POINT('',(-8.780399805398,-215.8139267196,
    231.65053128426));
#1669 = CARTESIAN_POINT('',(-7.532058692482,-216.470974899,
    232.20259645909));
#1670 = CARTESIAN_POINT('',(-6.199249179692,-217.0236377476,
    232.7704499775));
#1671 = CARTESIAN_POINT('',(-4.791531073346,-217.4569700069,
    233.3455209941));
#1672 = CARTESIAN_POINT('',(-3.320853717806,-217.756774656,
    233.91930175412));
#1673 = CARTESIAN_POINT('',(-0.275867285247,-218.0631031172,
    235.05089246944));
#1674 = CARTESIAN_POINT('',(1.291262162336,-218.0675568067,235.605791956
    ));
#1675 = CARTESIAN_POINT('',(2.868382932734,-217.910413192,
    236.13483151581));
#1676 = CARTESIAN_POINT('',(4.422805785813,-217.5899671704,
    236.62709981281));
#1677 = CARTESIAN_POINT('',(5.922629170668,-217.114798843,
    237.07580982014));
#1678 = CARTESIAN_POINT('',(7.339394716674,-216.5035885625,
    237.47783204555));
#1679 = CARTESIAN_POINT('',(9.945492317137,-215.0754078662,
    238.18315923765));
#1680 = CARTESIAN_POINT('',(11.138534359343,-214.2604263519,
    238.48792119629));
#1681 = CARTESIAN_POINT('',(12.225312783017,-213.3577547714,
    238.75116459016));
#1682 = CARTESIAN_POINT('',(13.203524991766,-212.3833542346,
    238.97720160639));
#1683 = CARTESIAN_POINT('',(14.072502276475,-211.3520278832,
    239.17002150129));
#1684 = CARTESIAN_POINT('',(14.833010592694,-210.2776358209,
    239.33315508514));
#1685 = CARTESIAN_POINT('',(16.217861260464,-207.9395494988,
    239.62213629426));
#1686 = CARTESIAN_POINT('',(16.818645134757,-206.6638069539,
    239.74197079943));
#1687 = CARTESIAN_POINT('',(17.29399700888,-205.3580131111,
    239.83366997745));
#1688 = CARTESIAN_POINT('',(17.647705869577,-204.0315773659,
    239.90039504406));
#1689 = CARTESIAN_POINT('',(17.882550359893,-202.6920909449,
    239.944193515));
#1690 = CARTESIAN_POINT('',(18.,-201.3461374028,239.96609682446));
#1691 = CARTESIAN_POINT('',(18.,-200.,239.96609682446));
#1692 = CYLINDRICAL_SURFACE('',#1693,18.);
#1693 = AXIS2_PLACEMENT_3D('',#1694,#1695,#1696);
#1694 = CARTESIAN_POINT('',(0.,-200.,100.));
#1695 = DIRECTION('',(0.,0.,1.));
#1696 = DIRECTION('',(1.,0.,0.));
#1697 = ADVANCED_FACE('',(#1698,#1725),#1728,.T.);
#1698 = FACE_BOUND('',#1699,.T.);
#1699 = EDGE_LOOP('',(#1700,#1710,#1717,#1718));
#1700 = ORIENTED_EDGE('',*,*,#1701,.T.);
#1701 = EDGE_CURVE('',#1702,#1704,#1706,.T.);
#1702 = VERTEX_POINT('',#1703);
#1703 = CARTESIAN_POINT('',(40.,-240.,242.));
#1704 = VERTEX_POINT('',#1705);
#1705 = CARTESIAN_POINT('',(40.,-160.,242.));
#1706 = LINE('',#1707,#1708);
#1707 = CARTESIAN_POINT('',(40.,-240.,242.));
#1708 = VECTOR('',#1709,1.);
#1709 = DIRECTION('',(0.,1.,0.));
#1710 = ORIENTED_EDGE('',*,*,#1711,.F.);
#1711 = EDGE_CURVE('',#1704,#1704,#1712,.T.);
#1712 = CIRCLE('',#1713,120.);
#1713 = AXIS2_PLACEMENT_3D('',#1714,#1715,#1716);
#1714 = CARTESIAN_POINT('',(40.,-160.,122.));
#1715 = DIRECTION('',(0.,1.,0.));
#1716 = DIRECTION('',(0.,0.,1.));
#1717 = ORIENTED_EDGE('',*,*,#1701,.F.);
#1718 = ORIENTED_EDGE('',*,*,#1719,.T.);
#1719 = EDGE_CURVE('',#1702,#1702,#1720,.T.);
#1720 = CIRCLE('',#1721,120.);
#1721 = AXIS2_PLACEMENT_3D('',#1722,#1723,#1724);
#1722 = CARTESIAN_POINT('',(40.,-240.,122.));
#1723 = DIRECTION('',(0.,1.,0.));
#1724 = DIRECTION('',(0.,0.,1.));
#1725 = FACE_BOUND('',#1726,.T.);
#1726 = EDGE_LOOP('',(#1727));
#1727 = ORIENTED_EDGE('',*,*,#1622,.F.);
#1728 = CYLINDRICAL_SURFACE('',#1729,120.);
#1729 = AXIS2_PLACEMENT_3D('',#1730,#1731,#1732);
#1730 = CARTESIAN_POINT('',(40.,-240.,122.));
#1731 = DIRECTION('',(0.,1.,0.));
#1732 = DIRECTION('',(0.,0.,1.));
#1733 = ADVANCED_FACE('',(#1734),#1737,.T.);
#1734 = FACE_BOUND('',#1735,.T.);
#1735 = EDGE_LOOP('',(#1736));
#1736 = ORIENTED_EDGE('',*,*,#1614,.T.);
#1737 = PLANE('',#1738);
#1738 = AXIS2_PLACEMENT_3D('',#1739,#1740,#1741);
#1739 = CARTESIAN_POINT('',(0.,-200.,460.));
#1740 = DIRECTION('',(0.,0.,1.));
#1741 = DIRECTION('',(1.,0.,0.));
#1742 = ADVANCED_FACE('',(#1743),#1746,.F.);
#1743 = FACE_BOUND('',#1744,.T.);
#1744 = EDGE_LOOP('',(#1745));
#1745 = ORIENTED_EDGE('',*,*,#1719,.F.);
#1746 = PLANE('',#1747);
#1747 = AXIS2_PLACEMENT_3D('',#1748,#1749,#1750);
#1748 = CARTESIAN_POINT('',(40.,-240.,122.));
#1749 = DIRECTION('',(0.,1.,0.));
#1750 = DIRECTION('',(0.,0.,1.));
#1751 = ADVANCED_FACE('',(#1752),#1755,.T.);
#1752 = FACE_BOUND('',#1753,.T.);
#1753 = EDGE_LOOP('',(#1754));
#1754 = ORIENTED_EDGE('',*,*,#1711,.T.);
#1755 = PLANE('',#1756);
#1756 = AXIS2_PLACEMENT_3D('',#1757,#1758,#1759);
#1757 = CARTESIAN_POINT('',(40.,-160.,122.));
#1758 = DIRECTION('',(0.,1.,0.));
#1759 = DIRECTION('',(0.,0.,1.));
#1760 = MANIFOLD_SOLID_BREP('',#1761);
#1761 = CLOSED_SHELL('',(#1762,#1813,#1822));
#1762 = ADVANCED_FACE('',(#1763),#1808,.T.);
#1763 = FACE_BOUND('',#1764,.T.);
#1764 = EDGE_LOOP('',(#1765,#1774,#1782,#1790,#1798,#1805,#1806,#1807));
#1765 = ORIENTED_EDGE('',*,*,#1766,.T.);
#1766 = EDGE_CURVE('',#1767,#1767,#1769,.T.);
#1767 = VERTEX_POINT('',#1768);
#1768 = CARTESIAN_POINT('',(-20.,360.,835.));
#1769 = CIRCLE('',#1770,18.);
#1770 = AXIS2_PLACEMENT_3D('',#1771,#1772,#1773);
#1771 = CARTESIAN_POINT('',(-20.,360.,817.));
#1772 = DIRECTION('',(1.,0.,-0.));
#1773 = DIRECTION('',(0.,0.,1.));
#1774 = ORIENTED_EDGE('',*,*,#1775,.T.);
#1775 = EDGE_CURVE('',#1767,#1776,#1778,.T.);
#1776 = VERTEX_POINT('',#1777);
#1777 = CARTESIAN_POINT('',(-2.588190451025,360.,835.));
#1778 = LINE('',#1779,#1780);
#1779 = CARTESIAN_POINT('',(-20.,360.,835.));
#1780 = VECTOR('',#1781,1.);
#1781 = DIRECTION('',(1.,0.,0.));
#1782 = ORIENTED_EDGE('',*,*,#1783,.T.);
#1783 = EDGE_CURVE('',#1776,#1784,#1786,.T.);
#1784 = VERTEX_POINT('',#1785);
#1785 = CARTESIAN_POINT('',(2.588190451025,360.,835.));
#1786 = LINE('',#1787,#1788);
#1787 = CARTESIAN_POINT('',(-20.,360.,835.));
#1788 = VECTOR('',#1789,1.);
#1789 = DIRECTION('',(1.,0.,0.));
#1790 = ORIENTED_EDGE('',*,*,#1791,.T.);
#1791 = EDGE_CURVE('',#1784,#1792,#1794,.T.);
#1792 = VERTEX_POINT('',#1793);
#1793 = CARTESIAN_POINT('',(20.,360.,835.));
#1794 = LINE('',#1795,#1796);
#1795 = CARTESIAN_POINT('',(-20.,360.,835.));
#1796 = VECTOR('',#1797,1.);
#1797 = DIRECTION('',(1.,0.,0.));
#1798 = ORIENTED_EDGE('',*,*,#1799,.F.);
#1799 = EDGE_CURVE('',#1792,#1792,#1800,.T.);
#1800 = CIRCLE('',#1801,18.);
#1801 = AXIS2_PLACEMENT_3D('',#1802,#1803,#1804);
#1802 = CARTESIAN_POINT('',(20.,360.,817.));
#1803 = DIRECTION('',(1.,0.,-0.));
#1804 = DIRECTION('',(0.,0.,1.));
#1805 = ORIENTED_EDGE('',*,*,#1791,.F.);
#1806 = ORIENTED_EDGE('',*,*,#1783,.F.);
#1807 = ORIENTED_EDGE('',*,*,#1775,.F.);
#1808 = CYLINDRICAL_SURFACE('',#1809,18.);
#1809 = AXIS2_PLACEMENT_3D('',#1810,#1811,#1812);
#1810 = CARTESIAN_POINT('',(-20.,360.,817.));
#1811 = DIRECTION('',(1.,0.,0.));
#1812 = DIRECTION('',(0.,0.,1.));
#1813 = ADVANCED_FACE('',(#1814),#1817,.F.);
#1814 = FACE_BOUND('',#1815,.T.);
#1815 = EDGE_LOOP('',(#1816));
#1816 = ORIENTED_EDGE('',*,*,#1766,.F.);
#1817 = PLANE('',#1818);
#1818 = AXIS2_PLACEMENT_3D('',#1819,#1820,#1821);
#1819 = CARTESIAN_POINT('',(-20.,360.,817.));
#1820 = DIRECTION('',(1.,0.,0.));
#1821 = DIRECTION('',(0.,0.,1.));
#1822 = ADVANCED_FACE('',(#1823),#1826,.T.);
#1823 = FACE_BOUND('',#1824,.T.);
#1824 = EDGE_LOOP('',(#1825));
#1825 = ORIENTED_EDGE('',*,*,#1799,.T.);
#1826 = PLANE('',#1827);
#1827 = AXIS2_PLACEMENT_3D('',#1828,#1829,#1830);
#1828 = CARTESIAN_POINT('',(20.,360.,817.));
#1829 = DIRECTION('',(1.,0.,0.));
#1830 = DIRECTION('',(0.,0.,1.));
#1831 = MANIFOLD_SOLID_BREP('',#1832);
#1832 = CLOSED_SHELL('',(#1833,#1873,#1912,#1936,#1968,#1985,#2002));
#1833 = ADVANCED_FACE('',(#1834),#1868,.F.);
#1834 = FACE_BOUND('',#1835,.F.);
#1835 = EDGE_LOOP('',(#1836,#1846,#1854,#1862));
#1836 = ORIENTED_EDGE('',*,*,#1837,.F.);
#1837 = EDGE_CURVE('',#1838,#1840,#1842,.T.);
#1838 = VERTEX_POINT('',#1839);
#1839 = CARTESIAN_POINT('',(-0.344262204903,351.62554577693,835.));
#1840 = VERTEX_POINT('',#1841);
#1841 = CARTESIAN_POINT('',(-2.588190451025,360.,835.));
#1842 = LINE('',#1843,#1844);
#1843 = CARTESIAN_POINT('',(-0.344262204903,351.62554577693,835.));
#1844 = VECTOR('',#1845,1.);
#1845 = DIRECTION('',(-0.258819045103,0.965925826289,0.));
#1846 = ORIENTED_EDGE('',*,*,#1847,.T.);
#1847 = EDGE_CURVE('',#1838,#1848,#1850,.T.);
#1848 = VERTEX_POINT('',#1849);
#1849 = CARTESIAN_POINT('',(4.485366926543,352.91964100244,835.));
#1850 = LINE('',#1851,#1852);
#1851 = CARTESIAN_POINT('',(-0.344262204903,351.62554577693,835.));
#1852 = VECTOR('',#1853,1.);
#1853 = DIRECTION('',(0.965925826289,0.258819045103,0.));
#1854 = ORIENTED_EDGE('',*,*,#1855,.T.);
#1855 = EDGE_CURVE('',#1848,#1856,#1858,.T.);
#1856 = VERTEX_POINT('',#1857);
#1857 = CARTESIAN_POINT('',(2.588190451025,360.,835.));
#1858 = LINE('',#1859,#1860);
#1859 = CARTESIAN_POINT('',(4.485366926543,352.91964100244,835.));
#1860 = VECTOR('',#1861,1.);
#1861 = DIRECTION('',(-0.258819045103,0.965925826289,0.));
#1862 = ORIENTED_EDGE('',*,*,#1863,.F.);
#1863 = EDGE_CURVE('',#1840,#1856,#1864,.T.);
#1864 = LINE('',#1865,#1866);
#1865 = CARTESIAN_POINT('',(-20.,360.,835.));
#1866 = VECTOR('',#1867,1.);
#1867 = DIRECTION('',(1.,0.,0.));
#1868 = PLANE('',#1869);
#1869 = AXIS2_PLACEMENT_3D('',#1870,#1871,#1872);
#1870 = CARTESIAN_POINT('',(-0.344262204903,351.62554577693,835.));
#1871 = DIRECTION('',(0.,0.,1.));
#1872 = DIRECTION('',(0.965925826289,0.258819045103,0.));
#1873 = ADVANCED_FACE('',(#1874),#1907,.F.);
#1874 = FACE_BOUND('',#1875,.F.);
#1875 = EDGE_LOOP('',(#1876,#1884,#1885,#1893,#1901));
#1876 = ORIENTED_EDGE('',*,*,#1877,.F.);
#1877 = EDGE_CURVE('',#1838,#1878,#1880,.T.);
#1878 = VERTEX_POINT('',#1879);
#1879 = CARTESIAN_POINT('',(-0.344262204903,351.62554577693,893.));
#1880 = LINE('',#1881,#1882);
#1881 = CARTESIAN_POINT('',(-0.344262204903,351.62554577693,835.));
#1882 = VECTOR('',#1883,1.);
#1883 = DIRECTION('',(0.,0.,1.));
#1884 = ORIENTED_EDGE('',*,*,#1837,.T.);
#1885 = ORIENTED_EDGE('',*,*,#1886,.T.);
#1886 = EDGE_CURVE('',#1840,#1887,#1889,.T.);
#1887 = VERTEX_POINT('',#1888);
#1888 = CARTESIAN_POINT('',(-4.485366926543,367.08035899755,835.));
#1889 = LINE('',#1890,#1891);
#1890 = CARTESIAN_POINT('',(-0.344262204903,351.62554577693,835.));
#1891 = VECTOR('',#1892,1.);
#1892 = DIRECTION('',(-0.258819045103,0.965925826289,0.));
#1893 = ORIENTED_EDGE('',*,*,#1894,.T.);
#1894 = EDGE_CURVE('',#1887,#1895,#1897,.T.);
#1895 = VERTEX_POINT('',#1896);
#1896 = CARTESIAN_POINT('',(-4.485366926543,367.08035899755,893.));
#1897 = LINE('',#1898,#1899);
#1898 = CARTESIAN_POINT('',(-4.485366926543,367.08035899755,835.));
#1899 = VECTOR('',#1900,1.);
#1900 = DIRECTION('',(0.,0.,1.));
#1901 = ORIENTED_EDGE('',*,*,#1902,.F.);
#1902 = EDGE_CURVE('',#1878,#1895,#1903,.T.);
#1903 = LINE('',#1904,#1905);
#1904 = CARTESIAN_POINT('',(-0.344262204903,351.62554577693,893.));
#1905 = VECTOR('',#1906,1.);
#1906 = DIRECTION('',(-0.258819045103,0.965925826289,0.));
#1907 = PLANE('',#1908);
#1908 = AXIS2_PLACEMENT_3D('',#1909,#1910,#1911);
#1909 = CARTESIAN_POINT('',(-0.344262204903,351.62554577693,835.));
#1910 = DIRECTION('',(0.965925826289,0.258819045103,0.));
#1911 = DIRECTION('',(0.,0.,1.));
#1912 = ADVANCED_FACE('',(#1913),#1931,.F.);
#1913 = FACE_BOUND('',#1914,.F.);
#1914 = EDGE_LOOP('',(#1915,#1916,#1917,#1925));
#1915 = ORIENTED_EDGE('',*,*,#1886,.F.);
#1916 = ORIENTED_EDGE('',*,*,#1863,.T.);
#1917 = ORIENTED_EDGE('',*,*,#1918,.T.);
#1918 = EDGE_CURVE('',#1856,#1919,#1921,.T.);
#1919 = VERTEX_POINT('',#1920);
#1920 = CARTESIAN_POINT('',(0.344262204903,368.37445422306,835.));
#1921 = LINE('',#1922,#1923);
#1922 = CARTESIAN_POINT('',(4.485366926543,352.91964100244,835.));
#1923 = VECTOR('',#1924,1.);
#1924 = DIRECTION('',(-0.258819045103,0.965925826289,0.));
#1925 = ORIENTED_EDGE('',*,*,#1926,.F.);
#1926 = EDGE_CURVE('',#1887,#1919,#1927,.T.);
#1927 = LINE('',#1928,#1929);
#1928 = CARTESIAN_POINT('',(-4.485366926543,367.08035899755,835.));
#1929 = VECTOR('',#1930,1.);
#1930 = DIRECTION('',(0.965925826289,0.258819045103,0.));
#1931 = PLANE('',#1932);
#1932 = AXIS2_PLACEMENT_3D('',#1933,#1934,#1935);
#1933 = CARTESIAN_POINT('',(-0.344262204903,351.62554577693,835.));
#1934 = DIRECTION('',(0.,0.,1.));
#1935 = DIRECTION('',(0.965925826289,0.258819045103,0.));
#1936 = ADVANCED_FACE('',(#1937),#1963,.T.);
#1937 = FACE_BOUND('',#1938,.T.);
#1938 = EDGE_LOOP('',(#1939,#1947,#1948,#1949,#1957));
#1939 = ORIENTED_EDGE('',*,*,#1940,.F.);
#1940 = EDGE_CURVE('',#1848,#1941,#1943,.T.);
#1941 = VERTEX_POINT('',#1942);
#1942 = CARTESIAN_POINT('',(4.485366926543,352.91964100244,893.));
#1943 = LINE('',#1944,#1945);
#1944 = CARTESIAN_POINT('',(4.485366926543,352.91964100244,835.));
#1945 = VECTOR('',#1946,1.);
#1946 = DIRECTION('',(0.,0.,1.));
#1947 = ORIENTED_EDGE('',*,*,#1855,.T.);
#1948 = ORIENTED_EDGE('',*,*,#1918,.T.);
#1949 = ORIENTED_EDGE('',*,*,#1950,.T.);
#1950 = EDGE_CURVE('',#1919,#1951,#1953,.T.);
#1951 = VERTEX_POINT('',#1952);
#1952 = CARTESIAN_POINT('',(0.344262204903,368.37445422306,893.));
#1953 = LINE('',#1954,#1955);
#1954 = CARTESIAN_POINT('',(0.344262204903,368.37445422306,835.));
#1955 = VECTOR('',#1956,1.);
#1956 = DIRECTION('',(0.,0.,1.));
#1957 = ORIENTED_EDGE('',*,*,#1958,.F.);
#1958 = EDGE_CURVE('',#1941,#1951,#1959,.T.);
#1959 = LINE('',#1960,#1961);
#1960 = CARTESIAN_POINT('',(4.485366926543,352.91964100244,893.));
#1961 = VECTOR('',#1962,1.);
#1962 = DIRECTION('',(-0.258819045103,0.965925826289,0.));
#1963 = PLANE('',#1964);
#1964 = AXIS2_PLACEMENT_3D('',#1965,#1966,#1967);
#1965 = CARTESIAN_POINT('',(4.485366926543,352.91964100244,835.));
#1966 = DIRECTION('',(0.965925826289,0.258819045103,0.));
#1967 = DIRECTION('',(0.,0.,1.));
#1968 = ADVANCED_FACE('',(#1969),#1980,.F.);
#1969 = FACE_BOUND('',#1970,.F.);
#1970 = EDGE_LOOP('',(#1971,#1972,#1973,#1979));
#1971 = ORIENTED_EDGE('',*,*,#1847,.F.);
#1972 = ORIENTED_EDGE('',*,*,#1877,.T.);
#1973 = ORIENTED_EDGE('',*,*,#1974,.T.);
#1974 = EDGE_CURVE('',#1878,#1941,#1975,.T.);
#1975 = LINE('',#1976,#1977);
#1976 = CARTESIAN_POINT('',(-0.344262204903,351.62554577693,893.));
#1977 = VECTOR('',#1978,1.);
#1978 = DIRECTION('',(0.965925826289,0.258819045103,0.));
#1979 = ORIENTED_EDGE('',*,*,#1940,.F.);
#1980 = PLANE('',#1981);
#1981 = AXIS2_PLACEMENT_3D('',#1982,#1983,#1984);
#1982 = CARTESIAN_POINT('',(-0.344262204903,351.62554577693,835.));
#1983 = DIRECTION('',(-0.258819045103,0.965925826289,0.));
#1984 = DIRECTION('',(0.,0.,1.));
#1985 = ADVANCED_FACE('',(#1986),#1997,.T.);
#1986 = FACE_BOUND('',#1987,.T.);
#1987 = EDGE_LOOP('',(#1988,#1989,#1990,#1991));
#1988 = ORIENTED_EDGE('',*,*,#1902,.F.);
#1989 = ORIENTED_EDGE('',*,*,#1974,.T.);
#1990 = ORIENTED_EDGE('',*,*,#1958,.T.);
#1991 = ORIENTED_EDGE('',*,*,#1992,.F.);
#1992 = EDGE_CURVE('',#1895,#1951,#1993,.T.);
#1993 = LINE('',#1994,#1995);
#1994 = CARTESIAN_POINT('',(-4.485366926543,367.08035899755,893.));
#1995 = VECTOR('',#1996,1.);
#1996 = DIRECTION('',(0.965925826289,0.258819045103,0.));
#1997 = PLANE('',#1998);
#1998 = AXIS2_PLACEMENT_3D('',#1999,#2000,#2001);
#1999 = CARTESIAN_POINT('',(-0.344262204903,351.62554577693,893.));
#2000 = DIRECTION('',(0.,0.,1.));
#2001 = DIRECTION('',(0.965925826289,0.258819045103,0.));
#2002 = ADVANCED_FACE('',(#2003),#2009,.T.);
#2003 = FACE_BOUND('',#2004,.T.);
#2004 = EDGE_LOOP('',(#2005,#2006,#2007,#2008));
#2005 = ORIENTED_EDGE('',*,*,#1926,.F.);
#2006 = ORIENTED_EDGE('',*,*,#1894,.T.);
#2007 = ORIENTED_EDGE('',*,*,#1992,.T.);
#2008 = ORIENTED_EDGE('',*,*,#1950,.F.);
#2009 = PLANE('',#2010);
#2010 = AXIS2_PLACEMENT_3D('',#2011,#2012,#2013);
#2011 = CARTESIAN_POINT('',(-4.485366926543,367.08035899755,835.));
#2012 = DIRECTION('',(-0.258819045103,0.965925826289,0.));
#2013 = DIRECTION('',(0.,0.,1.));
#2014 = MANIFOLD_SOLID_BREP('',#2015);
#2015 = CLOSED_SHELL('',(#2016,#2056,#2095,#2119,#2151,#2168,#2185));
#2016 = ADVANCED_FACE('',(#2017),#2051,.F.);
#2017 = FACE_BOUND('',#2018,.F.);
#2018 = EDGE_LOOP('',(#2019,#2029,#2037,#2045));
#2019 = ORIENTED_EDGE('',*,*,#2020,.F.);
#2020 = EDGE_CURVE('',#2021,#2023,#2025,.T.);
#2021 = VERTEX_POINT('',#2022);
#2022 = CARTESIAN_POINT('',(-0.344262204903,368.37445422306,799.));
#2023 = VERTEX_POINT('',#2024);
#2024 = CARTESIAN_POINT('',(-2.588190451025,360.,799.));
#2025 = LINE('',#2026,#2027);
#2026 = CARTESIAN_POINT('',(-0.344262204903,368.37445422306,799.));
#2027 = VECTOR('',#2028,1.);
#2028 = DIRECTION('',(-0.258819045103,-0.965925826289,1.182917971379E-16
    ));
#2029 = ORIENTED_EDGE('',*,*,#2030,.T.);
#2030 = EDGE_CURVE('',#2021,#2031,#2033,.T.);
#2031 = VERTEX_POINT('',#2032);
#2032 = CARTESIAN_POINT('',(4.485366926543,367.08035899755,799.));
#2033 = LINE('',#2034,#2035);
#2034 = CARTESIAN_POINT('',(-0.344262204903,368.37445422306,799.));
#2035 = VECTOR('',#2036,1.);
#2036 = DIRECTION('',(0.965925826289,-0.258819045103,3.169619151432E-17)
  );
#2037 = ORIENTED_EDGE('',*,*,#2038,.T.);
#2038 = EDGE_CURVE('',#2031,#2039,#2041,.T.);
#2039 = VERTEX_POINT('',#2040);
#2040 = CARTESIAN_POINT('',(2.588190451025,360.,799.));
#2041 = LINE('',#2042,#2043);
#2042 = CARTESIAN_POINT('',(4.485366926543,367.08035899755,799.));
#2043 = VECTOR('',#2044,1.);
#2044 = DIRECTION('',(-0.258819045103,-0.965925826289,1.182917971379E-16
    ));
#2045 = ORIENTED_EDGE('',*,*,#2046,.F.);
#2046 = EDGE_CURVE('',#2023,#2039,#2047,.T.);
#2047 = LINE('',#2048,#2049);
#2048 = CARTESIAN_POINT('',(-20.,360.,799.));
#2049 = VECTOR('',#2050,1.);
#2050 = DIRECTION('',(1.,0.,0.));
#2051 = PLANE('',#2052);
#2052 = AXIS2_PLACEMENT_3D('',#2053,#2054,#2055);
#2053 = CARTESIAN_POINT('',(-0.344262204903,368.37445422306,799.));
#2054 = DIRECTION('',(0.,-1.224646799147E-16,-1.));
#2055 = DIRECTION('',(0.965925826289,-0.258819045103,3.169619151432E-17)
  );
#2056 = ADVANCED_FACE('',(#2057),#2090,.F.);
#2057 = FACE_BOUND('',#2058,.F.);
#2058 = EDGE_LOOP('',(#2059,#2067,#2068,#2076,#2084));
#2059 = ORIENTED_EDGE('',*,*,#2060,.F.);
#2060 = EDGE_CURVE('',#2021,#2061,#2063,.T.);
#2061 = VERTEX_POINT('',#2062);
#2062 = CARTESIAN_POINT('',(-0.344262204903,368.37445422306,741.));
#2063 = LINE('',#2064,#2065);
#2064 = CARTESIAN_POINT('',(-0.344262204903,368.37445422306,799.));
#2065 = VECTOR('',#2066,1.);
#2066 = DIRECTION('',(0.,-1.224646799147E-16,-1.));
#2067 = ORIENTED_EDGE('',*,*,#2020,.T.);
#2068 = ORIENTED_EDGE('',*,*,#2069,.T.);
#2069 = EDGE_CURVE('',#2023,#2070,#2072,.T.);
#2070 = VERTEX_POINT('',#2071);
#2071 = CARTESIAN_POINT('',(-4.485366926543,352.91964100244,799.));
#2072 = LINE('',#2073,#2074);
#2073 = CARTESIAN_POINT('',(-0.344262204903,368.37445422306,799.));
#2074 = VECTOR('',#2075,1.);
#2075 = DIRECTION('',(-0.258819045103,-0.965925826289,1.182917971379E-16
    ));
#2076 = ORIENTED_EDGE('',*,*,#2077,.T.);
#2077 = EDGE_CURVE('',#2070,#2078,#2080,.T.);
#2078 = VERTEX_POINT('',#2079);
#2079 = CARTESIAN_POINT('',(-4.485366926543,352.91964100244,741.));
#2080 = LINE('',#2081,#2082);
#2081 = CARTESIAN_POINT('',(-4.485366926543,352.91964100244,799.));
#2082 = VECTOR('',#2083,1.);
#2083 = DIRECTION('',(0.,-1.224646799147E-16,-1.));
#2084 = ORIENTED_EDGE('',*,*,#2085,.F.);
#2085 = EDGE_CURVE('',#2061,#2078,#2086,.T.);
#2086 = LINE('',#2087,#2088);
#2087 = CARTESIAN_POINT('',(-0.344262204903,368.37445422306,741.));
#2088 = VECTOR('',#2089,1.);
#2089 = DIRECTION('',(-0.258819045103,-0.965925826289,1.182917971379E-16
    ));
#2090 = PLANE('',#2091);
#2091 = AXIS2_PLACEMENT_3D('',#2092,#2093,#2094);
#2092 = CARTESIAN_POINT('',(-0.344262204903,368.37445422306,799.));
#2093 = DIRECTION('',(0.965925826289,-0.258819045103,3.169619151432E-17)
  );
#2094 = DIRECTION('',(0.,-1.224646799147E-16,-1.));
#2095 = ADVANCED_FACE('',(#2096),#2114,.F.);
#2096 = FACE_BOUND('',#2097,.F.);
#2097 = EDGE_LOOP('',(#2098,#2099,#2100,#2108));
#2098 = ORIENTED_EDGE('',*,*,#2069,.F.);
#2099 = ORIENTED_EDGE('',*,*,#2046,.T.);
#2100 = ORIENTED_EDGE('',*,*,#2101,.T.);
#2101 = EDGE_CURVE('',#2039,#2102,#2104,.T.);
#2102 = VERTEX_POINT('',#2103);
#2103 = CARTESIAN_POINT('',(0.344262204903,351.62554577693,799.));
#2104 = LINE('',#2105,#2106);
#2105 = CARTESIAN_POINT('',(4.485366926543,367.08035899755,799.));
#2106 = VECTOR('',#2107,1.);
#2107 = DIRECTION('',(-0.258819045103,-0.965925826289,1.182917971379E-16
    ));
#2108 = ORIENTED_EDGE('',*,*,#2109,.F.);
#2109 = EDGE_CURVE('',#2070,#2102,#2110,.T.);
#2110 = LINE('',#2111,#2112);
#2111 = CARTESIAN_POINT('',(-4.485366926543,352.91964100244,799.));
#2112 = VECTOR('',#2113,1.);
#2113 = DIRECTION('',(0.965925826289,-0.258819045103,3.169619151432E-17)
  );
#2114 = PLANE('',#2115);
#2115 = AXIS2_PLACEMENT_3D('',#2116,#2117,#2118);
#2116 = CARTESIAN_POINT('',(-0.344262204903,368.37445422306,799.));
#2117 = DIRECTION('',(0.,-1.224646799147E-16,-1.));
#2118 = DIRECTION('',(0.965925826289,-0.258819045103,3.169619151432E-17)
  );
#2119 = ADVANCED_FACE('',(#2120),#2146,.T.);
#2120 = FACE_BOUND('',#2121,.T.);
#2121 = EDGE_LOOP('',(#2122,#2130,#2131,#2132,#2140));
#2122 = ORIENTED_EDGE('',*,*,#2123,.F.);
#2123 = EDGE_CURVE('',#2031,#2124,#2126,.T.);
#2124 = VERTEX_POINT('',#2125);
#2125 = CARTESIAN_POINT('',(4.485366926543,367.08035899755,741.));
#2126 = LINE('',#2127,#2128);
#2127 = CARTESIAN_POINT('',(4.485366926543,367.08035899755,799.));
#2128 = VECTOR('',#2129,1.);
#2129 = DIRECTION('',(0.,-1.224646799147E-16,-1.));
#2130 = ORIENTED_EDGE('',*,*,#2038,.T.);
#2131 = ORIENTED_EDGE('',*,*,#2101,.T.);
#2132 = ORIENTED_EDGE('',*,*,#2133,.T.);
#2133 = EDGE_CURVE('',#2102,#2134,#2136,.T.);
#2134 = VERTEX_POINT('',#2135);
#2135 = CARTESIAN_POINT('',(0.344262204903,351.62554577693,741.));
#2136 = LINE('',#2137,#2138);
#2137 = CARTESIAN_POINT('',(0.344262204903,351.62554577693,799.));
#2138 = VECTOR('',#2139,1.);
#2139 = DIRECTION('',(0.,-1.224646799147E-16,-1.));
#2140 = ORIENTED_EDGE('',*,*,#2141,.F.);
#2141 = EDGE_CURVE('',#2124,#2134,#2142,.T.);
#2142 = LINE('',#2143,#2144);
#2143 = CARTESIAN_POINT('',(4.485366926543,367.08035899755,741.));
#2144 = VECTOR('',#2145,1.);
#2145 = DIRECTION('',(-0.258819045103,-0.965925826289,1.182917971379E-16
    ));
#2146 = PLANE('',#2147);
#2147 = AXIS2_PLACEMENT_3D('',#2148,#2149,#2150);
#2148 = CARTESIAN_POINT('',(4.485366926543,367.08035899755,799.));
#2149 = DIRECTION('',(0.965925826289,-0.258819045103,3.169619151432E-17)
  );
#2150 = DIRECTION('',(0.,-1.224646799147E-16,-1.));
#2151 = ADVANCED_FACE('',(#2152),#2163,.F.);
#2152 = FACE_BOUND('',#2153,.F.);
#2153 = EDGE_LOOP('',(#2154,#2155,#2156,#2162));
#2154 = ORIENTED_EDGE('',*,*,#2030,.F.);
#2155 = ORIENTED_EDGE('',*,*,#2060,.T.);
#2156 = ORIENTED_EDGE('',*,*,#2157,.T.);
#2157 = EDGE_CURVE('',#2061,#2124,#2158,.T.);
#2158 = LINE('',#2159,#2160);
#2159 = CARTESIAN_POINT('',(-0.344262204903,368.37445422306,741.));
#2160 = VECTOR('',#2161,1.);
#2161 = DIRECTION('',(0.965925826289,-0.258819045103,3.169619151432E-17)
  );
#2162 = ORIENTED_EDGE('',*,*,#2123,.F.);
#2163 = PLANE('',#2164);
#2164 = AXIS2_PLACEMENT_3D('',#2165,#2166,#2167);
#2165 = CARTESIAN_POINT('',(-0.344262204903,368.37445422306,799.));
#2166 = DIRECTION('',(-0.258819045103,-0.965925826289,1.182917971379E-16
    ));
#2167 = DIRECTION('',(0.,-1.224646799147E-16,-1.));
#2168 = ADVANCED_FACE('',(#2169),#2180,.T.);
#2169 = FACE_BOUND('',#2170,.T.);
#2170 = EDGE_LOOP('',(#2171,#2172,#2173,#2174));
#2171 = ORIENTED_EDGE('',*,*,#2085,.F.);
#2172 = ORIENTED_EDGE('',*,*,#2157,.T.);
#2173 = ORIENTED_EDGE('',*,*,#2141,.T.);
#2174 = ORIENTED_EDGE('',*,*,#2175,.F.);
#2175 = EDGE_CURVE('',#2078,#2134,#2176,.T.);
#2176 = LINE('',#2177,#2178);
#2177 = CARTESIAN_POINT('',(-4.485366926543,352.91964100244,741.));
#2178 = VECTOR('',#2179,1.);
#2179 = DIRECTION('',(0.965925826289,-0.258819045103,3.169619151432E-17)
  );
#2180 = PLANE('',#2181);
#2181 = AXIS2_PLACEMENT_3D('',#2182,#2183,#2184);
#2182 = CARTESIAN_POINT('',(-0.344262204903,368.37445422306,741.));
#2183 = DIRECTION('',(0.,-1.224646799147E-16,-1.));
#2184 = DIRECTION('',(0.965925826289,-0.258819045103,3.169619151432E-17)
  );
#2185 = ADVANCED_FACE('',(#2186),#2192,.T.);
#2186 = FACE_BOUND('',#2187,.T.);
#2187 = EDGE_LOOP('',(#2188,#2189,#2190,#2191));
#2188 = ORIENTED_EDGE('',*,*,#2109,.F.);
#2189 = ORIENTED_EDGE('',*,*,#2077,.T.);
#2190 = ORIENTED_EDGE('',*,*,#2175,.T.);
#2191 = ORIENTED_EDGE('',*,*,#2133,.F.);
#2192 = PLANE('',#2193);
#2193 = AXIS2_PLACEMENT_3D('',#2194,#2195,#2196);
#2194 = CARTESIAN_POINT('',(-4.485366926543,352.91964100244,799.));
#2195 = DIRECTION('',(-0.258819045103,-0.965925826289,1.182917971379E-16
    ));
#2196 = DIRECTION('',(0.,-1.224646799147E-16,-1.));
#2197 = MANIFOLD_SOLID_BREP('',#2198);
#2198 = CLOSED_SHELL('',(#2199,#2250,#2259));
#2199 = ADVANCED_FACE('',(#2200),#2245,.T.);
#2200 = FACE_BOUND('',#2201,.T.);
#2201 = EDGE_LOOP('',(#2202,#2212,#2219,#2220,#2228,#2236,#2243,#2244));
#2202 = ORIENTED_EDGE('',*,*,#2203,.T.);
#2203 = EDGE_CURVE('',#2204,#2206,#2208,.T.);
#2204 = VERTEX_POINT('',#2205);
#2205 = CARTESIAN_POINT('',(2.588190451025,-360.,835.));
#2206 = VERTEX_POINT('',#2207);
#2207 = CARTESIAN_POINT('',(20.,-360.,835.));
#2208 = LINE('',#2209,#2210);
#2209 = CARTESIAN_POINT('',(-20.,-360.,835.));
#2210 = VECTOR('',#2211,1.);
#2211 = DIRECTION('',(1.,0.,0.));
#2212 = ORIENTED_EDGE('',*,*,#2213,.F.);
#2213 = EDGE_CURVE('',#2206,#2206,#2214,.T.);
#2214 = CIRCLE('',#2215,18.);
#2215 = AXIS2_PLACEMENT_3D('',#2216,#2217,#2218);
#2216 = CARTESIAN_POINT('',(20.,-360.,817.));
#2217 = DIRECTION('',(1.,0.,-0.));
#2218 = DIRECTION('',(0.,0.,1.));
#2219 = ORIENTED_EDGE('',*,*,#2203,.F.);
#2220 = ORIENTED_EDGE('',*,*,#2221,.F.);
#2221 = EDGE_CURVE('',#2222,#2204,#2224,.T.);
#2222 = VERTEX_POINT('',#2223);
#2223 = CARTESIAN_POINT('',(-2.588190451025,-360.,835.));
#2224 = LINE('',#2225,#2226);
#2225 = CARTESIAN_POINT('',(-20.,-360.,835.));
#2226 = VECTOR('',#2227,1.);
#2227 = DIRECTION('',(1.,0.,0.));
#2228 = ORIENTED_EDGE('',*,*,#2229,.F.);
#2229 = EDGE_CURVE('',#2230,#2222,#2232,.T.);
#2230 = VERTEX_POINT('',#2231);
#2231 = CARTESIAN_POINT('',(-20.,-360.,835.));
#2232 = LINE('',#2233,#2234);
#2233 = CARTESIAN_POINT('',(-20.,-360.,835.));
#2234 = VECTOR('',#2235,1.);
#2235 = DIRECTION('',(1.,0.,0.));
#2236 = ORIENTED_EDGE('',*,*,#2237,.T.);
#2237 = EDGE_CURVE('',#2230,#2230,#2238,.T.);
#2238 = CIRCLE('',#2239,18.);
#2239 = AXIS2_PLACEMENT_3D('',#2240,#2241,#2242);
#2240 = CARTESIAN_POINT('',(-20.,-360.,817.));
#2241 = DIRECTION('',(1.,0.,-0.));
#2242 = DIRECTION('',(0.,0.,1.));
#2243 = ORIENTED_EDGE('',*,*,#2229,.T.);
#2244 = ORIENTED_EDGE('',*,*,#2221,.T.);
#2245 = CYLINDRICAL_SURFACE('',#2246,18.);
#2246 = AXIS2_PLACEMENT_3D('',#2247,#2248,#2249);
#2247 = CARTESIAN_POINT('',(-20.,-360.,817.));
#2248 = DIRECTION('',(1.,0.,0.));
#2249 = DIRECTION('',(0.,0.,1.));
#2250 = ADVANCED_FACE('',(#2251),#2254,.F.);
#2251 = FACE_BOUND('',#2252,.T.);
#2252 = EDGE_LOOP('',(#2253));
#2253 = ORIENTED_EDGE('',*,*,#2237,.F.);
#2254 = PLANE('',#2255);
#2255 = AXIS2_PLACEMENT_3D('',#2256,#2257,#2258);
#2256 = CARTESIAN_POINT('',(-20.,-360.,817.));
#2257 = DIRECTION('',(1.,0.,0.));
#2258 = DIRECTION('',(0.,0.,1.));
#2259 = ADVANCED_FACE('',(#2260),#2263,.T.);
#2260 = FACE_BOUND('',#2261,.T.);
#2261 = EDGE_LOOP('',(#2262));
#2262 = ORIENTED_EDGE('',*,*,#2213,.T.);
#2263 = PLANE('',#2264);
#2264 = AXIS2_PLACEMENT_3D('',#2265,#2266,#2267);
#2265 = CARTESIAN_POINT('',(20.,-360.,817.));
#2266 = DIRECTION('',(1.,0.,0.));
#2267 = DIRECTION('',(0.,0.,1.));
#2268 = MANIFOLD_SOLID_BREP('',#2269);
#2269 = CLOSED_SHELL('',(#2270,#2310,#2349,#2373,#2405,#2422,#2439));
#2270 = ADVANCED_FACE('',(#2271),#2305,.F.);
#2271 = FACE_BOUND('',#2272,.F.);
#2272 = EDGE_LOOP('',(#2273,#2283,#2291,#2299));
#2273 = ORIENTED_EDGE('',*,*,#2274,.F.);
#2274 = EDGE_CURVE('',#2275,#2277,#2279,.T.);
#2275 = VERTEX_POINT('',#2276);
#2276 = CARTESIAN_POINT('',(-0.344262204903,-368.374454223,835.));
#2277 = VERTEX_POINT('',#2278);
#2278 = CARTESIAN_POINT('',(-2.588190451025,-360.,835.));
#2279 = LINE('',#2280,#2281);
#2280 = CARTESIAN_POINT('',(-0.344262204903,-368.374454223,835.));
#2281 = VECTOR('',#2282,1.);
#2282 = DIRECTION('',(-0.258819045103,0.965925826289,0.));
#2283 = ORIENTED_EDGE('',*,*,#2284,.T.);
#2284 = EDGE_CURVE('',#2275,#2285,#2287,.T.);
#2285 = VERTEX_POINT('',#2286);
#2286 = CARTESIAN_POINT('',(4.485366926543,-367.0803589975,835.));
#2287 = LINE('',#2288,#2289);
#2288 = CARTESIAN_POINT('',(-0.344262204903,-368.374454223,835.));
#2289 = VECTOR('',#2290,1.);
#2290 = DIRECTION('',(0.965925826289,0.258819045103,0.));
#2291 = ORIENTED_EDGE('',*,*,#2292,.T.);
#2292 = EDGE_CURVE('',#2285,#2293,#2295,.T.);
#2293 = VERTEX_POINT('',#2294);
#2294 = CARTESIAN_POINT('',(2.588190451025,-360.,835.));
#2295 = LINE('',#2296,#2297);
#2296 = CARTESIAN_POINT('',(4.485366926543,-367.0803589975,835.));
#2297 = VECTOR('',#2298,1.);
#2298 = DIRECTION('',(-0.258819045103,0.965925826289,0.));
#2299 = ORIENTED_EDGE('',*,*,#2300,.F.);
#2300 = EDGE_CURVE('',#2277,#2293,#2301,.T.);
#2301 = LINE('',#2302,#2303);
#2302 = CARTESIAN_POINT('',(-20.,-360.,835.));
#2303 = VECTOR('',#2304,1.);
#2304 = DIRECTION('',(1.,0.,0.));
#2305 = PLANE('',#2306);
#2306 = AXIS2_PLACEMENT_3D('',#2307,#2308,#2309);
#2307 = CARTESIAN_POINT('',(-0.344262204903,-368.374454223,835.));
#2308 = DIRECTION('',(0.,0.,1.));
#2309 = DIRECTION('',(0.965925826289,0.258819045103,0.));
#2310 = ADVANCED_FACE('',(#2311),#2344,.F.);
#2311 = FACE_BOUND('',#2312,.F.);
#2312 = EDGE_LOOP('',(#2313,#2321,#2322,#2330,#2338));
#2313 = ORIENTED_EDGE('',*,*,#2314,.F.);
#2314 = EDGE_CURVE('',#2275,#2315,#2317,.T.);
#2315 = VERTEX_POINT('',#2316);
#2316 = CARTESIAN_POINT('',(-0.344262204903,-368.374454223,893.));
#2317 = LINE('',#2318,#2319);
#2318 = CARTESIAN_POINT('',(-0.344262204903,-368.374454223,835.));
#2319 = VECTOR('',#2320,1.);
#2320 = DIRECTION('',(0.,0.,1.));
#2321 = ORIENTED_EDGE('',*,*,#2274,.T.);
#2322 = ORIENTED_EDGE('',*,*,#2323,.T.);
#2323 = EDGE_CURVE('',#2277,#2324,#2326,.T.);
#2324 = VERTEX_POINT('',#2325);
#2325 = CARTESIAN_POINT('',(-4.485366926543,-352.9196410024,835.));
#2326 = LINE('',#2327,#2328);
#2327 = CARTESIAN_POINT('',(-0.344262204903,-368.374454223,835.));
#2328 = VECTOR('',#2329,1.);
#2329 = DIRECTION('',(-0.258819045103,0.965925826289,0.));
#2330 = ORIENTED_EDGE('',*,*,#2331,.T.);
#2331 = EDGE_CURVE('',#2324,#2332,#2334,.T.);
#2332 = VERTEX_POINT('',#2333);
#2333 = CARTESIAN_POINT('',(-4.485366926543,-352.9196410024,893.));
#2334 = LINE('',#2335,#2336);
#2335 = CARTESIAN_POINT('',(-4.485366926543,-352.9196410024,835.));
#2336 = VECTOR('',#2337,1.);
#2337 = DIRECTION('',(0.,0.,1.));
#2338 = ORIENTED_EDGE('',*,*,#2339,.F.);
#2339 = EDGE_CURVE('',#2315,#2332,#2340,.T.);
#2340 = LINE('',#2341,#2342);
#2341 = CARTESIAN_POINT('',(-0.344262204903,-368.374454223,893.));
#2342 = VECTOR('',#2343,1.);
#2343 = DIRECTION('',(-0.258819045103,0.965925826289,0.));
#2344 = PLANE('',#2345);
#2345 = AXIS2_PLACEMENT_3D('',#2346,#2347,#2348);
#2346 = CARTESIAN_POINT('',(-0.344262204903,-368.374454223,835.));
#2347 = DIRECTION('',(0.965925826289,0.258819045103,0.));
#2348 = DIRECTION('',(0.,0.,1.));
#2349 = ADVANCED_FACE('',(#2350),#2368,.F.);
#2350 = FACE_BOUND('',#2351,.F.);
#2351 = EDGE_LOOP('',(#2352,#2353,#2354,#2362));
#2352 = ORIENTED_EDGE('',*,*,#2323,.F.);
#2353 = ORIENTED_EDGE('',*,*,#2300,.T.);
#2354 = ORIENTED_EDGE('',*,*,#2355,.T.);
#2355 = EDGE_CURVE('',#2293,#2356,#2358,.T.);
#2356 = VERTEX_POINT('',#2357);
#2357 = CARTESIAN_POINT('',(0.344262204903,-351.6255457769,835.));
#2358 = LINE('',#2359,#2360);
#2359 = CARTESIAN_POINT('',(4.485366926543,-367.0803589975,835.));
#2360 = VECTOR('',#2361,1.);
#2361 = DIRECTION('',(-0.258819045103,0.965925826289,0.));
#2362 = ORIENTED_EDGE('',*,*,#2363,.F.);
#2363 = EDGE_CURVE('',#2324,#2356,#2364,.T.);
#2364 = LINE('',#2365,#2366);
#2365 = CARTESIAN_POINT('',(-4.485366926543,-352.9196410024,835.));
#2366 = VECTOR('',#2367,1.);
#2367 = DIRECTION('',(0.965925826289,0.258819045103,0.));
#2368 = PLANE('',#2369);
#2369 = AXIS2_PLACEMENT_3D('',#2370,#2371,#2372);
#2370 = CARTESIAN_POINT('',(-0.344262204903,-368.374454223,835.));
#2371 = DIRECTION('',(0.,0.,1.));
#2372 = DIRECTION('',(0.965925826289,0.258819045103,0.));
#2373 = ADVANCED_FACE('',(#2374),#2400,.T.);
#2374 = FACE_BOUND('',#2375,.T.);
#2375 = EDGE_LOOP('',(#2376,#2384,#2385,#2386,#2394));
#2376 = ORIENTED_EDGE('',*,*,#2377,.F.);
#2377 = EDGE_CURVE('',#2285,#2378,#2380,.T.);
#2378 = VERTEX_POINT('',#2379);
#2379 = CARTESIAN_POINT('',(4.485366926543,-367.0803589975,893.));
#2380 = LINE('',#2381,#2382);
#2381 = CARTESIAN_POINT('',(4.485366926543,-367.0803589975,835.));
#2382 = VECTOR('',#2383,1.);
#2383 = DIRECTION('',(0.,0.,1.));
#2384 = ORIENTED_EDGE('',*,*,#2292,.T.);
#2385 = ORIENTED_EDGE('',*,*,#2355,.T.);
#2386 = ORIENTED_EDGE('',*,*,#2387,.T.);
#2387 = EDGE_CURVE('',#2356,#2388,#2390,.T.);
#2388 = VERTEX_POINT('',#2389);
#2389 = CARTESIAN_POINT('',(0.344262204903,-351.6255457769,893.));
#2390 = LINE('',#2391,#2392);
#2391 = CARTESIAN_POINT('',(0.344262204903,-351.6255457769,835.));
#2392 = VECTOR('',#2393,1.);
#2393 = DIRECTION('',(0.,0.,1.));
#2394 = ORIENTED_EDGE('',*,*,#2395,.F.);
#2395 = EDGE_CURVE('',#2378,#2388,#2396,.T.);
#2396 = LINE('',#2397,#2398);
#2397 = CARTESIAN_POINT('',(4.485366926543,-367.0803589975,893.));
#2398 = VECTOR('',#2399,1.);
#2399 = DIRECTION('',(-0.258819045103,0.965925826289,0.));
#2400 = PLANE('',#2401);
#2401 = AXIS2_PLACEMENT_3D('',#2402,#2403,#2404);
#2402 = CARTESIAN_POINT('',(4.485366926543,-367.0803589975,835.));
#2403 = DIRECTION('',(0.965925826289,0.258819045103,0.));
#2404 = DIRECTION('',(0.,0.,1.));
#2405 = ADVANCED_FACE('',(#2406),#2417,.F.);
#2406 = FACE_BOUND('',#2407,.F.);
#2407 = EDGE_LOOP('',(#2408,#2409,#2410,#2416));
#2408 = ORIENTED_EDGE('',*,*,#2284,.F.);
#2409 = ORIENTED_EDGE('',*,*,#2314,.T.);
#2410 = ORIENTED_EDGE('',*,*,#2411,.T.);
#2411 = EDGE_CURVE('',#2315,#2378,#2412,.T.);
#2412 = LINE('',#2413,#2414);
#2413 = CARTESIAN_POINT('',(-0.344262204903,-368.374454223,893.));
#2414 = VECTOR('',#2415,1.);
#2415 = DIRECTION('',(0.965925826289,0.258819045103,0.));
#2416 = ORIENTED_EDGE('',*,*,#2377,.F.);
#2417 = PLANE('',#2418);
#2418 = AXIS2_PLACEMENT_3D('',#2419,#2420,#2421);
#2419 = CARTESIAN_POINT('',(-0.344262204903,-368.374454223,835.));
#2420 = DIRECTION('',(-0.258819045103,0.965925826289,0.));
#2421 = DIRECTION('',(0.,0.,1.));
#2422 = ADVANCED_FACE('',(#2423),#2434,.T.);
#2423 = FACE_BOUND('',#2424,.T.);
#2424 = EDGE_LOOP('',(#2425,#2426,#2427,#2428));
#2425 = ORIENTED_EDGE('',*,*,#2339,.F.);
#2426 = ORIENTED_EDGE('',*,*,#2411,.T.);
#2427 = ORIENTED_EDGE('',*,*,#2395,.T.);
#2428 = ORIENTED_EDGE('',*,*,#2429,.F.);
#2429 = EDGE_CURVE('',#2332,#2388,#2430,.T.);
#2430 = LINE('',#2431,#2432);
#2431 = CARTESIAN_POINT('',(-4.485366926543,-352.9196410024,893.));
#2432 = VECTOR('',#2433,1.);
#2433 = DIRECTION('',(0.965925826289,0.258819045103,0.));
#2434 = PLANE('',#2435);
#2435 = AXIS2_PLACEMENT_3D('',#2436,#2437,#2438);
#2436 = CARTESIAN_POINT('',(-0.344262204903,-368.374454223,893.));
#2437 = DIRECTION('',(0.,0.,1.));
#2438 = DIRECTION('',(0.965925826289,0.258819045103,0.));
#2439 = ADVANCED_FACE('',(#2440),#2446,.T.);
#2440 = FACE_BOUND('',#2441,.T.);
#2441 = EDGE_LOOP('',(#2442,#2443,#2444,#2445));
#2442 = ORIENTED_EDGE('',*,*,#2363,.F.);
#2443 = ORIENTED_EDGE('',*,*,#2331,.T.);
#2444 = ORIENTED_EDGE('',*,*,#2429,.T.);
#2445 = ORIENTED_EDGE('',*,*,#2387,.F.);
#2446 = PLANE('',#2447);
#2447 = AXIS2_PLACEMENT_3D('',#2448,#2449,#2450);
#2448 = CARTESIAN_POINT('',(-4.485366926543,-352.9196410024,835.));
#2449 = DIRECTION('',(-0.258819045103,0.965925826289,0.));
#2450 = DIRECTION('',(0.,0.,1.));
#2451 = MANIFOLD_SOLID_BREP('',#2452);
#2452 = CLOSED_SHELL('',(#2453,#2493,#2532,#2556,#2588,#2605,#2622));
#2453 = ADVANCED_FACE('',(#2454),#2488,.F.);
#2454 = FACE_BOUND('',#2455,.F.);
#2455 = EDGE_LOOP('',(#2456,#2466,#2474,#2482));
#2456 = ORIENTED_EDGE('',*,*,#2457,.F.);
#2457 = EDGE_CURVE('',#2458,#2460,#2462,.T.);
#2458 = VERTEX_POINT('',#2459);
#2459 = CARTESIAN_POINT('',(-0.344262204903,-351.6255457769,799.));
#2460 = VERTEX_POINT('',#2461);
#2461 = CARTESIAN_POINT('',(-2.588190451025,-360.,799.));
#2462 = LINE('',#2463,#2464);
#2463 = CARTESIAN_POINT('',(-0.344262204903,-351.6255457769,799.));
#2464 = VECTOR('',#2465,1.);
#2465 = DIRECTION('',(-0.258819045103,-0.965925826289,1.182917971379E-16
    ));
#2466 = ORIENTED_EDGE('',*,*,#2467,.T.);
#2467 = EDGE_CURVE('',#2458,#2468,#2470,.T.);
#2468 = VERTEX_POINT('',#2469);
#2469 = CARTESIAN_POINT('',(4.485366926543,-352.9196410024,799.));
#2470 = LINE('',#2471,#2472);
#2471 = CARTESIAN_POINT('',(-0.344262204903,-351.6255457769,799.));
#2472 = VECTOR('',#2473,1.);
#2473 = DIRECTION('',(0.965925826289,-0.258819045103,3.169619151432E-17)
  );
#2474 = ORIENTED_EDGE('',*,*,#2475,.T.);
#2475 = EDGE_CURVE('',#2468,#2476,#2478,.T.);
#2476 = VERTEX_POINT('',#2477);
#2477 = CARTESIAN_POINT('',(2.588190451025,-360.,799.));
#2478 = LINE('',#2479,#2480);
#2479 = CARTESIAN_POINT('',(4.485366926543,-352.9196410024,799.));
#2480 = VECTOR('',#2481,1.);
#2481 = DIRECTION('',(-0.258819045103,-0.965925826289,1.182917971379E-16
    ));
#2482 = ORIENTED_EDGE('',*,*,#2483,.F.);
#2483 = EDGE_CURVE('',#2460,#2476,#2484,.T.);
#2484 = LINE('',#2485,#2486);
#2485 = CARTESIAN_POINT('',(-20.,-360.,799.));
#2486 = VECTOR('',#2487,1.);
#2487 = DIRECTION('',(1.,0.,0.));
#2488 = PLANE('',#2489);
#2489 = AXIS2_PLACEMENT_3D('',#2490,#2491,#2492);
#2490 = CARTESIAN_POINT('',(-0.344262204903,-351.6255457769,799.));
#2491 = DIRECTION('',(0.,-1.224646799147E-16,-1.));
#2492 = DIRECTION('',(0.965925826289,-0.258819045103,3.169619151432E-17)
  );
#2493 = ADVANCED_FACE('',(#2494),#2527,.F.);
#2494 = FACE_BOUND('',#2495,.F.);
#2495 = EDGE_LOOP('',(#2496,#2504,#2505,#2513,#2521));
#2496 = ORIENTED_EDGE('',*,*,#2497,.F.);
#2497 = EDGE_CURVE('',#2458,#2498,#2500,.T.);
#2498 = VERTEX_POINT('',#2499);
#2499 = CARTESIAN_POINT('',(-0.344262204903,-351.6255457769,741.));
#2500 = LINE('',#2501,#2502);
#2501 = CARTESIAN_POINT('',(-0.344262204903,-351.6255457769,799.));
#2502 = VECTOR('',#2503,1.);
#2503 = DIRECTION('',(0.,-1.224646799147E-16,-1.));
#2504 = ORIENTED_EDGE('',*,*,#2457,.T.);
#2505 = ORIENTED_EDGE('',*,*,#2506,.T.);
#2506 = EDGE_CURVE('',#2460,#2507,#2509,.T.);
#2507 = VERTEX_POINT('',#2508);
#2508 = CARTESIAN_POINT('',(-4.485366926543,-367.0803589975,799.));
#2509 = LINE('',#2510,#2511);
#2510 = CARTESIAN_POINT('',(-0.344262204903,-351.6255457769,799.));
#2511 = VECTOR('',#2512,1.);
#2512 = DIRECTION('',(-0.258819045103,-0.965925826289,1.182917971379E-16
    ));
#2513 = ORIENTED_EDGE('',*,*,#2514,.T.);
#2514 = EDGE_CURVE('',#2507,#2515,#2517,.T.);
#2515 = VERTEX_POINT('',#2516);
#2516 = CARTESIAN_POINT('',(-4.485366926543,-367.0803589975,741.));
#2517 = LINE('',#2518,#2519);
#2518 = CARTESIAN_POINT('',(-4.485366926543,-367.0803589975,799.));
#2519 = VECTOR('',#2520,1.);
#2520 = DIRECTION('',(0.,-1.224646799147E-16,-1.));
#2521 = ORIENTED_EDGE('',*,*,#2522,.F.);
#2522 = EDGE_CURVE('',#2498,#2515,#2523,.T.);
#2523 = LINE('',#2524,#2525);
#2524 = CARTESIAN_POINT('',(-0.344262204903,-351.6255457769,741.));
#2525 = VECTOR('',#2526,1.);
#2526 = DIRECTION('',(-0.258819045103,-0.965925826289,1.182917971379E-16
    ));
#2527 = PLANE('',#2528);
#2528 = AXIS2_PLACEMENT_3D('',#2529,#2530,#2531);
#2529 = CARTESIAN_POINT('',(-0.344262204903,-351.6255457769,799.));
#2530 = DIRECTION('',(0.965925826289,-0.258819045103,3.169619151432E-17)
  );
#2531 = DIRECTION('',(0.,-1.224646799147E-16,-1.));
#2532 = ADVANCED_FACE('',(#2533),#2551,.F.);
#2533 = FACE_BOUND('',#2534,.F.);
#2534 = EDGE_LOOP('',(#2535,#2536,#2537,#2545));
#2535 = ORIENTED_EDGE('',*,*,#2506,.F.);
#2536 = ORIENTED_EDGE('',*,*,#2483,.T.);
#2537 = ORIENTED_EDGE('',*,*,#2538,.T.);
#2538 = EDGE_CURVE('',#2476,#2539,#2541,.T.);
#2539 = VERTEX_POINT('',#2540);
#2540 = CARTESIAN_POINT('',(0.344262204903,-368.374454223,799.));
#2541 = LINE('',#2542,#2543);
#2542 = CARTESIAN_POINT('',(4.485366926543,-352.9196410024,799.));
#2543 = VECTOR('',#2544,1.);
#2544 = DIRECTION('',(-0.258819045103,-0.965925826289,1.182917971379E-16
    ));
#2545 = ORIENTED_EDGE('',*,*,#2546,.F.);
#2546 = EDGE_CURVE('',#2507,#2539,#2547,.T.);
#2547 = LINE('',#2548,#2549);
#2548 = CARTESIAN_POINT('',(-4.485366926543,-367.0803589975,799.));
#2549 = VECTOR('',#2550,1.);
#2550 = DIRECTION('',(0.965925826289,-0.258819045103,3.169619151432E-17)
  );
#2551 = PLANE('',#2552);
#2552 = AXIS2_PLACEMENT_3D('',#2553,#2554,#2555);
#2553 = CARTESIAN_POINT('',(-0.344262204903,-351.6255457769,799.));
#2554 = DIRECTION('',(0.,-1.224646799147E-16,-1.));
#2555 = DIRECTION('',(0.965925826289,-0.258819045103,3.169619151432E-17)
  );
#2556 = ADVANCED_FACE('',(#2557),#2583,.T.);
#2557 = FACE_BOUND('',#2558,.T.);
#2558 = EDGE_LOOP('',(#2559,#2567,#2568,#2569,#2577));
#2559 = ORIENTED_EDGE('',*,*,#2560,.F.);
#2560 = EDGE_CURVE('',#2468,#2561,#2563,.T.);
#2561 = VERTEX_POINT('',#2562);
#2562 = CARTESIAN_POINT('',(4.485366926543,-352.9196410024,741.));
#2563 = LINE('',#2564,#2565);
#2564 = CARTESIAN_POINT('',(4.485366926543,-352.9196410024,799.));
#2565 = VECTOR('',#2566,1.);
#2566 = DIRECTION('',(0.,-1.224646799147E-16,-1.));
#2567 = ORIENTED_EDGE('',*,*,#2475,.T.);
#2568 = ORIENTED_EDGE('',*,*,#2538,.T.);
#2569 = ORIENTED_EDGE('',*,*,#2570,.T.);
#2570 = EDGE_CURVE('',#2539,#2571,#2573,.T.);
#2571 = VERTEX_POINT('',#2572);
#2572 = CARTESIAN_POINT('',(0.344262204903,-368.374454223,741.));
#2573 = LINE('',#2574,#2575);
#2574 = CARTESIAN_POINT('',(0.344262204903,-368.374454223,799.));
#2575 = VECTOR('',#2576,1.);
#2576 = DIRECTION('',(0.,-1.224646799147E-16,-1.));
#2577 = ORIENTED_EDGE('',*,*,#2578,.F.);
#2578 = EDGE_CURVE('',#2561,#2571,#2579,.T.);
#2579 = LINE('',#2580,#2581);
#2580 = CARTESIAN_POINT('',(4.485366926543,-352.9196410024,741.));
#2581 = VECTOR('',#2582,1.);
#2582 = DIRECTION('',(-0.258819045103,-0.965925826289,1.182917971379E-16
    ));
#2583 = PLANE('',#2584);
#2584 = AXIS2_PLACEMENT_3D('',#2585,#2586,#2587);
#2585 = CARTESIAN_POINT('',(4.485366926543,-352.9196410024,799.));
#2586 = DIRECTION('',(0.965925826289,-0.258819045103,3.169619151432E-17)
  );
#2587 = DIRECTION('',(0.,-1.224646799147E-16,-1.));
#2588 = ADVANCED_FACE('',(#2589),#2600,.F.);
#2589 = FACE_BOUND('',#2590,.F.);
#2590 = EDGE_LOOP('',(#2591,#2592,#2593,#2599));
#2591 = ORIENTED_EDGE('',*,*,#2467,.F.);
#2592 = ORIENTED_EDGE('',*,*,#2497,.T.);
#2593 = ORIENTED_EDGE('',*,*,#2594,.T.);
#2594 = EDGE_CURVE('',#2498,#2561,#2595,.T.);
#2595 = LINE('',#2596,#2597);
#2596 = CARTESIAN_POINT('',(-0.344262204903,-351.6255457769,741.));
#2597 = VECTOR('',#2598,1.);
#2598 = DIRECTION('',(0.965925826289,-0.258819045103,3.169619151432E-17)
  );
#2599 = ORIENTED_EDGE('',*,*,#2560,.F.);
#2600 = PLANE('',#2601);
#2601 = AXIS2_PLACEMENT_3D('',#2602,#2603,#2604);
#2602 = CARTESIAN_POINT('',(-0.344262204903,-351.6255457769,799.));
#2603 = DIRECTION('',(-0.258819045103,-0.965925826289,1.182917971379E-16
    ));
#2604 = DIRECTION('',(0.,-1.224646799147E-16,-1.));
#2605 = ADVANCED_FACE('',(#2606),#2617,.T.);
#2606 = FACE_BOUND('',#2607,.T.);
#2607 = EDGE_LOOP('',(#2608,#2609,#2610,#2611));
#2608 = ORIENTED_EDGE('',*,*,#2522,.F.);
#2609 = ORIENTED_EDGE('',*,*,#2594,.T.);
#2610 = ORIENTED_EDGE('',*,*,#2578,.T.);
#2611 = ORIENTED_EDGE('',*,*,#2612,.F.);
#2612 = EDGE_CURVE('',#2515,#2571,#2613,.T.);
#2613 = LINE('',#2614,#2615);
#2614 = CARTESIAN_POINT('',(-4.485366926543,-367.0803589975,741.));
#2615 = VECTOR('',#2616,1.);
#2616 = DIRECTION('',(0.965925826289,-0.258819045103,3.169619151432E-17)
  );
#2617 = PLANE('',#2618);
#2618 = AXIS2_PLACEMENT_3D('',#2619,#2620,#2621);
#2619 = CARTESIAN_POINT('',(-0.344262204903,-351.6255457769,741.));
#2620 = DIRECTION('',(0.,-1.224646799147E-16,-1.));
#2621 = DIRECTION('',(0.965925826289,-0.258819045103,3.169619151432E-17)
  );
#2622 = ADVANCED_FACE('',(#2623),#2629,.T.);
#2623 = FACE_BOUND('',#2624,.T.);
#2624 = EDGE_LOOP('',(#2625,#2626,#2627,#2628));
#2625 = ORIENTED_EDGE('',*,*,#2546,.F.);
#2626 = ORIENTED_EDGE('',*,*,#2514,.T.);
#2627 = ORIENTED_EDGE('',*,*,#2612,.T.);
#2628 = ORIENTED_EDGE('',*,*,#2570,.F.);
#2629 = PLANE('',#2630);
#2630 = AXIS2_PLACEMENT_3D('',#2631,#2632,#2633);
#2631 = CARTESIAN_POINT('',(-4.485366926543,-367.0803589975,799.));
#2632 = DIRECTION('',(-0.258819045103,-0.965925826289,1.182917971379E-16
    ));
#2633 = DIRECTION('',(0.,-1.224646799147E-16,-1.));
#2634 = MANIFOLD_SOLID_BREP('',#2635);
#2635 = CLOSED_SHELL('',(#2636,#2737,#2753,#2901,#2917,#2941,#3085,#3096
    ,#3112,#3128,#3176,#3204,#3232,#3248,#3285,#3318,#3361,#3371,#3388,
    #3405,#3417,#3437,#3457,#3477,#3497,#3514));
#2636 = ADVANCED_FACE('',(#2637),#2732,.T.);
#2637 = FACE_BOUND('',#2638,.T.);
#2638 = EDGE_LOOP('',(#2639,#2650,#2658,#2667,#2675,#2684,#2692,#2701,
    #2709,#2716,#2717,#2726));
#2639 = ORIENTED_EDGE('',*,*,#2640,.F.);
#2640 = EDGE_CURVE('',#2641,#2643,#2645,.T.);
#2641 = VERTEX_POINT('',#2642);
#2642 = CARTESIAN_POINT('',(11.754880738316,230.,862.41304347826));
#2643 = VERTEX_POINT('',#2644);
#2644 = CARTESIAN_POINT('',(-11.75488073831,230.,862.41304347826));
#2645 = CIRCLE('',#2646,28.);
#2646 = AXIS2_PLACEMENT_3D('',#2647,#2648,#2649);
#2647 = CARTESIAN_POINT('',(0.,230.,837.));
#2648 = DIRECTION('',(0.,1.,0.));
#2649 = DIRECTION('',(0.,0.,1.));
#2650 = ORIENTED_EDGE('',*,*,#2651,.F.);
#2651 = EDGE_CURVE('',#2652,#2641,#2654,.T.);
#2652 = VERTEX_POINT('',#2653);
#2653 = CARTESIAN_POINT('',(11.754880738316,130.,862.41304347826));
#2654 = LINE('',#2655,#2656);
#2655 = CARTESIAN_POINT('',(11.754880738316,-230.,862.41304347826));
#2656 = VECTOR('',#2657,1.);
#2657 = DIRECTION('',(0.,1.,0.));
#2658 = ORIENTED_EDGE('',*,*,#2659,.F.);
#2659 = EDGE_CURVE('',#2660,#2652,#2662,.T.);
#2660 = VERTEX_POINT('',#2661);
#2661 = CARTESIAN_POINT('',(-6.858022075225E-15,130.,865.));
#2662 = CIRCLE('',#2663,28.);
#2663 = AXIS2_PLACEMENT_3D('',#2664,#2665,#2666);
#2664 = CARTESIAN_POINT('',(0.,130.,837.));
#2665 = DIRECTION('',(0.,1.,0.));
#2666 = DIRECTION('',(0.,0.,1.));
#2667 = ORIENTED_EDGE('',*,*,#2668,.F.);
#2668 = EDGE_CURVE('',#2669,#2660,#2671,.T.);
#2669 = VERTEX_POINT('',#2670);
#2670 = CARTESIAN_POINT('',(-6.858022075225E-15,-130.,865.));
#2671 = LINE('',#2672,#2673);
#2672 = CARTESIAN_POINT('',(-6.858022075225E-15,-230.,865.));
#2673 = VECTOR('',#2674,1.);
#2674 = DIRECTION('',(0.,1.,0.));
#2675 = ORIENTED_EDGE('',*,*,#2676,.T.);
#2676 = EDGE_CURVE('',#2669,#2677,#2679,.T.);
#2677 = VERTEX_POINT('',#2678);
#2678 = CARTESIAN_POINT('',(11.754880738316,-130.,862.41304347826));
#2679 = CIRCLE('',#2680,28.);
#2680 = AXIS2_PLACEMENT_3D('',#2681,#2682,#2683);
#2681 = CARTESIAN_POINT('',(0.,-130.,837.));
#2682 = DIRECTION('',(0.,1.,0.));
#2683 = DIRECTION('',(0.,0.,1.));
#2684 = ORIENTED_EDGE('',*,*,#2685,.F.);
#2685 = EDGE_CURVE('',#2686,#2677,#2688,.T.);
#2686 = VERTEX_POINT('',#2687);
#2687 = CARTESIAN_POINT('',(11.754880738316,-230.,862.41304347826));
#2688 = LINE('',#2689,#2690);
#2689 = CARTESIAN_POINT('',(11.754880738316,-230.,862.41304347826));
#2690 = VECTOR('',#2691,1.);
#2691 = DIRECTION('',(0.,1.,0.));
#2692 = ORIENTED_EDGE('',*,*,#2693,.T.);
#2693 = EDGE_CURVE('',#2686,#2694,#2696,.T.);
#2694 = VERTEX_POINT('',#2695);
#2695 = CARTESIAN_POINT('',(-11.75488073831,-230.,862.41304347826));
#2696 = CIRCLE('',#2697,28.);
#2697 = AXIS2_PLACEMENT_3D('',#2698,#2699,#2700);
#2698 = CARTESIAN_POINT('',(0.,-230.,837.));
#2699 = DIRECTION('',(0.,1.,0.));
#2700 = DIRECTION('',(0.,0.,1.));
#2701 = ORIENTED_EDGE('',*,*,#2702,.T.);
#2702 = EDGE_CURVE('',#2694,#2703,#2705,.T.);
#2703 = VERTEX_POINT('',#2704);
#2704 = CARTESIAN_POINT('',(-11.75488073831,-130.,862.41304347826));
#2705 = LINE('',#2706,#2707);
#2706 = CARTESIAN_POINT('',(-11.75488073831,-230.,862.41304347826));
#2707 = VECTOR('',#2708,1.);
#2708 = DIRECTION('',(0.,1.,0.));
#2709 = ORIENTED_EDGE('',*,*,#2710,.T.);
#2710 = EDGE_CURVE('',#2703,#2669,#2711,.T.);
#2711 = CIRCLE('',#2712,28.);
#2712 = AXIS2_PLACEMENT_3D('',#2713,#2714,#2715);
#2713 = CARTESIAN_POINT('',(0.,-130.,837.));
#2714 = DIRECTION('',(0.,1.,0.));
#2715 = DIRECTION('',(0.,0.,1.));
#2716 = ORIENTED_EDGE('',*,*,#2668,.T.);
#2717 = ORIENTED_EDGE('',*,*,#2718,.F.);
#2718 = EDGE_CURVE('',#2719,#2660,#2721,.T.);
#2719 = VERTEX_POINT('',#2720);
#2720 = CARTESIAN_POINT('',(-11.75488073831,130.,862.41304347826));
#2721 = CIRCLE('',#2722,28.);
#2722 = AXIS2_PLACEMENT_3D('',#2723,#2724,#2725);
#2723 = CARTESIAN_POINT('',(0.,130.,837.));
#2724 = DIRECTION('',(0.,1.,0.));
#2725 = DIRECTION('',(0.,0.,1.));
#2726 = ORIENTED_EDGE('',*,*,#2727,.T.);
#2727 = EDGE_CURVE('',#2719,#2643,#2728,.T.);
#2728 = LINE('',#2729,#2730);
#2729 = CARTESIAN_POINT('',(-11.75488073831,-230.,862.41304347826));
#2730 = VECTOR('',#2731,1.);
#2731 = DIRECTION('',(0.,1.,0.));
#2732 = CYLINDRICAL_SURFACE('',#2733,28.);
#2733 = AXIS2_PLACEMENT_3D('',#2734,#2735,#2736);
#2734 = CARTESIAN_POINT('',(0.,-230.,837.));
#2735 = DIRECTION('',(0.,1.,0.));
#2736 = DIRECTION('',(0.,0.,1.));
#2737 = ADVANCED_FACE('',(#2738),#2748,.T.);
#2738 = FACE_BOUND('',#2739,.T.);
#2739 = EDGE_LOOP('',(#2740,#2747));
#2740 = ORIENTED_EDGE('',*,*,#2741,.F.);
#2741 = EDGE_CURVE('',#2641,#2643,#2742,.T.);
#2742 = CIRCLE('',#2743,12.);
#2743 = AXIS2_PLACEMENT_3D('',#2744,#2745,#2746);
#2744 = CARTESIAN_POINT('',(0.,230.,860.));
#2745 = DIRECTION('',(0.,1.,0.));
#2746 = DIRECTION('',(0.,0.,1.));
#2747 = ORIENTED_EDGE('',*,*,#2640,.T.);
#2748 = PLANE('',#2749);
#2749 = AXIS2_PLACEMENT_3D('',#2750,#2751,#2752);
#2750 = CARTESIAN_POINT('',(0.,230.,837.));
#2751 = DIRECTION('',(0.,1.,0.));
#2752 = DIRECTION('',(0.,0.,1.));
#2753 = ADVANCED_FACE('',(#2754),#2896,.T.);
#2754 = FACE_BOUND('',#2755,.T.);
#2755 = EDGE_LOOP('',(#2756,#2767,#2775,#2784,#2846,#2853,#2854,#2863,
    #2871,#2878,#2879,#2880,#2881,#2890));
#2756 = ORIENTED_EDGE('',*,*,#2757,.T.);
#2757 = EDGE_CURVE('',#2758,#2760,#2762,.T.);
#2758 = VERTEX_POINT('',#2759);
#2759 = CARTESIAN_POINT('',(-10.90871211463,150.,865.));
#2760 = VERTEX_POINT('',#2761);
#2761 = CARTESIAN_POINT('',(-2.939152317954E-15,150.,872.));
#2762 = CIRCLE('',#2763,12.);
#2763 = AXIS2_PLACEMENT_3D('',#2764,#2765,#2766);
#2764 = CARTESIAN_POINT('',(0.,150.,860.));
#2765 = DIRECTION('',(0.,1.,0.));
#2766 = DIRECTION('',(0.,0.,1.));
#2767 = ORIENTED_EDGE('',*,*,#2768,.T.);
#2768 = EDGE_CURVE('',#2760,#2769,#2771,.T.);
#2769 = VERTEX_POINT('',#2770);
#2770 = CARTESIAN_POINT('',(-2.939152317954E-15,270.,872.));
#2771 = LINE('',#2772,#2773);
#2772 = CARTESIAN_POINT('',(-2.939152317954E-15,130.,872.));
#2773 = VECTOR('',#2774,1.);
#2774 = DIRECTION('',(0.,1.,0.));
#2775 = ORIENTED_EDGE('',*,*,#2776,.F.);
#2776 = EDGE_CURVE('',#2777,#2769,#2779,.T.);
#2777 = VERTEX_POINT('',#2778);
#2778 = CARTESIAN_POINT('',(-11.65990235421,270.,862.83666654546));
#2779 = CIRCLE('',#2780,12.);
#2780 = AXIS2_PLACEMENT_3D('',#2781,#2782,#2783);
#2781 = CARTESIAN_POINT('',(0.,270.,860.));
#2782 = DIRECTION('',(0.,1.,0.));
#2783 = DIRECTION('',(0.,0.,1.));
#2784 = ORIENTED_EDGE('',*,*,#2785,.F.);
#2785 = EDGE_CURVE('',#2786,#2777,#2788,.T.);
#2786 = VERTEX_POINT('',#2787);
#2787 = CARTESIAN_POINT('',(11.659902354216,270.,862.83666654546));
#2788 = B_SPLINE_CURVE_WITH_KNOTS('',6,(#2789,#2790,#2791,#2792,#2793,
    #2794,#2795,#2796,#2797,#2798,#2799,#2800,#2801,#2802,#2803,#2804,
    #2805,#2806,#2807,#2808,#2809,#2810,#2811,#2812,#2813,#2814,#2815,
    #2816,#2817,#2818,#2819,#2820,#2821,#2822,#2823,#2824,#2825,#2826,
    #2827,#2828,#2829,#2830,#2831,#2832,#2833,#2834,#2835,#2836,#2837,
    #2838,#2839,#2840,#2841,#2842,#2843,#2844,#2845),.UNSPECIFIED.,.F.,
  .F.,(7,5,5,5,5,5,5,5,5,5,5,7),(0.,6.575637519214E-02,0.114471534099,
    0.180479978023,0.269960174562,0.336163281496,0.499955993119,
    0.618005892144,0.729963647519,0.787250919643,0.885460211063,1.),
  .UNSPECIFIED.);
#2789 = CARTESIAN_POINT('',(11.659902067604,270.0000006,862.83666772355)
  );
#2790 = CARTESIAN_POINT('',(11.77572923263,269.75752536263,
    862.36056916969));
#2791 = CARTESIAN_POINT('',(11.869269863497,269.51378505568,
    861.87451378698));
#2792 = CARTESIAN_POINT('',(11.9392785439,269.26989626398,
    861.38019590246));
#2793 = CARTESIAN_POINT('',(11.984747955111,269.02694922593,
    860.87943708565));
#2794 = CARTESIAN_POINT('',(12.004913071606,268.78598001223,
    860.37415261952));
#2795 = CARTESIAN_POINT('',(11.995063877468,268.37159440012,
    859.49009216053));
#2796 = CARTESIAN_POINT('',(11.976700363844,268.19689741963,
    859.1125563968));
#2797 = CARTESIAN_POINT('',(11.943970189569,268.0243427282,
    858.73473653725));
#2798 = CARTESIAN_POINT('',(11.896805778927,267.85437818155,
    858.35765511145));
#2799 = CARTESIAN_POINT('',(11.835266817083,267.68741004803,
    857.98232917763));
#2800 = CARTESIAN_POINT('',(11.656932174266,267.30212105775,
    857.10495258635));
#2801 = CARTESIAN_POINT('',(11.528312860707,267.08669013498,
    856.60539333505));
#2802 = CARTESIAN_POINT('',(11.374179886951,266.87840307083,
    856.11356465285));
#2803 = CARTESIAN_POINT('',(11.195447337248,266.67798955454,
    855.63185478752));
#2804 = CARTESIAN_POINT('',(10.993434335822,266.48602244435,
    855.16250159697));
#2805 = CARTESIAN_POINT('',(10.466769891444,266.05471470455,
    854.09077197977));
#2806 = CARTESIAN_POINT('',(10.124331670955,265.82303022245,
    853.50100698884));
#2807 = CARTESIAN_POINT('',(9.746062271486,265.60814319436,
    852.94139348704));
#2808 = CARTESIAN_POINT('',(9.335921963765,265.41005609355,
    852.41463737775));
#2809 = CARTESIAN_POINT('',(8.898279730359,265.22855338258,
    851.92287963559));
#2810 = CARTESIAN_POINT('',(8.097256338917,264.94095700421,
    851.13073062444));
#2811 = CARTESIAN_POINT('',(7.743899966422,264.827430919,850.81356554209
    ));
#2812 = CARTESIAN_POINT('',(7.379198519049,264.72236841641,
    850.51624752233));
#2813 = CARTESIAN_POINT('',(7.004480458051,264.62547307849,
    850.23886751392));
#2814 = CARTESIAN_POINT('',(6.621020613255,264.53646228014,
    849.98144929489));
#2815 = CARTESIAN_POINT('',(5.262718786506,264.25369422396,
    849.15634860275));
#2816 = CARTESIAN_POINT('',(4.24969116433,264.09901552953,
    848.69086454571));
#2817 = CARTESIAN_POINT('',(3.206013368921,263.98620303324,
    848.34456304134));
#2818 = CARTESIAN_POINT('',(2.143310562024,263.91210597533,
    848.11480730005));
#2819 = CARTESIAN_POINT('',(1.071482787689,263.87508127441,848.));
#2820 = CARTESIAN_POINT('',(-0.772247028823,263.87508127441,848.));
#2821 = CARTESIAN_POINT('',(-1.544545438266,263.89431388865,
    848.05963662628));
#2822 = CARTESIAN_POINT('',(-2.313387315167,263.93278390102,
    848.17892427907));
#2823 = CARTESIAN_POINT('',(-3.075200235027,263.99093679757,
    848.35829591901));
#2824 = CARTESIAN_POINT('',(-3.826044241165,264.06964138877,
    848.59853974968));
#2825 = CARTESIAN_POINT('',(-5.258623963594,264.26562156178,
    849.18726464179));
#2826 = CARTESIAN_POINT('',(-5.942415276928,264.38076401506,
    849.52972152982));
#2827 = CARTESIAN_POINT('',(-6.607806750826,264.51671615284,
    849.9287337302));
#2828 = CARTESIAN_POINT('',(-7.249514102981,264.67475971257,
    850.38472958707));
#2829 = CARTESIAN_POINT('',(-7.861710796845,264.85638763262,
    850.897794645));
#2830 = CARTESIAN_POINT('',(-8.732705970133,265.16910641224,
    851.75914023442));
#2831 = CARTESIAN_POINT('',(-9.018016184351,265.28153774085,
    852.06546893143));
#2832 = CARTESIAN_POINT('',(-9.292687302719,265.40066868221,
    852.3862484456));
#2833 = CARTESIAN_POINT('',(-9.555628681401,265.52660031518,
    852.72106491234));
#2834 = CARTESIAN_POINT('',(-9.805787340576,265.65940925934,
    853.06941933758));
#2835 = CARTESIAN_POINT('',(-10.44734726203,266.03868927164,
    854.05014357369));
#2836 = CARTESIAN_POINT('',(-10.81249690349,266.29888140789,
    854.7084076107));
#2837 = CARTESIAN_POINT('',(-11.13068449672,266.57909352847,
    855.40032983664));
#2838 = CARTESIAN_POINT('',(-11.39664450023,266.87808539224,
    856.11944843064));
#2839 = CARTESIAN_POINT('',(-11.60683717192,267.19389164946,
    856.85849356022));
#2840 = CARTESIAN_POINT('',(-11.93763565065,267.90857618771,
    858.4859667033));
#2841 = CARTESIAN_POINT('',(-12.03690462121,268.31117626992,
    859.37570343865));
#2842 = CARTESIAN_POINT('',(-12.05580291401,268.72739330908,
    860.26731255342));
#2843 = CARTESIAN_POINT('',(-11.9958010928,269.15187305683,
    861.14876909387));
#2844 = CARTESIAN_POINT('',(-11.86134734422,269.57829044891,
    862.00864258058));
#2845 = CARTESIAN_POINT('',(-11.6599020676,270.0000006,862.83666772355)
  );
#2846 = ORIENTED_EDGE('',*,*,#2847,.F.);
#2847 = EDGE_CURVE('',#2769,#2786,#2848,.T.);
#2848 = CIRCLE('',#2849,12.);
#2849 = AXIS2_PLACEMENT_3D('',#2850,#2851,#2852);
#2850 = CARTESIAN_POINT('',(0.,270.,860.));
#2851 = DIRECTION('',(0.,1.,0.));
#2852 = DIRECTION('',(0.,0.,1.));
#2853 = ORIENTED_EDGE('',*,*,#2768,.F.);
#2854 = ORIENTED_EDGE('',*,*,#2855,.T.);
#2855 = EDGE_CURVE('',#2760,#2856,#2858,.T.);
#2856 = VERTEX_POINT('',#2857);
#2857 = CARTESIAN_POINT('',(10.908712114636,150.,865.));
#2858 = CIRCLE('',#2859,12.);
#2859 = AXIS2_PLACEMENT_3D('',#2860,#2861,#2862);
#2860 = CARTESIAN_POINT('',(0.,150.,860.));
#2861 = DIRECTION('',(0.,1.,0.));
#2862 = DIRECTION('',(0.,0.,1.));
#2863 = ORIENTED_EDGE('',*,*,#2864,.F.);
#2864 = EDGE_CURVE('',#2865,#2856,#2867,.T.);
#2865 = VERTEX_POINT('',#2866);
#2866 = CARTESIAN_POINT('',(10.908712114636,130.,865.));
#2867 = LINE('',#2868,#2869);
#2868 = CARTESIAN_POINT('',(10.908712114636,130.,865.));
#2869 = VECTOR('',#2870,1.);
#2870 = DIRECTION('',(0.,1.,0.));
#2871 = ORIENTED_EDGE('',*,*,#2872,.T.);
#2872 = EDGE_CURVE('',#2865,#2652,#2873,.T.);
#2873 = CIRCLE('',#2874,12.);
#2874 = AXIS2_PLACEMENT_3D('',#2875,#2876,#2877);
#2875 = CARTESIAN_POINT('',(0.,130.,860.));
#2876 = DIRECTION('',(0.,1.,0.));
#2877 = DIRECTION('',(0.,0.,1.));
#2878 = ORIENTED_EDGE('',*,*,#2651,.T.);
#2879 = ORIENTED_EDGE('',*,*,#2741,.T.);
#2880 = ORIENTED_EDGE('',*,*,#2727,.F.);
#2881 = ORIENTED_EDGE('',*,*,#2882,.T.);
#2882 = EDGE_CURVE('',#2719,#2883,#2885,.T.);
#2883 = VERTEX_POINT('',#2884);
#2884 = CARTESIAN_POINT('',(-10.90871211463,130.,865.));
#2885 = CIRCLE('',#2886,12.);
#2886 = AXIS2_PLACEMENT_3D('',#2887,#2888,#2889);
#2887 = CARTESIAN_POINT('',(0.,130.,860.));
#2888 = DIRECTION('',(0.,1.,0.));
#2889 = DIRECTION('',(0.,0.,1.));
#2890 = ORIENTED_EDGE('',*,*,#2891,.T.);
#2891 = EDGE_CURVE('',#2883,#2758,#2892,.T.);
#2892 = LINE('',#2893,#2894);
#2893 = CARTESIAN_POINT('',(-10.90871211463,130.,865.));
#2894 = VECTOR('',#2895,1.);
#2895 = DIRECTION('',(0.,1.,0.));
#2896 = CYLINDRICAL_SURFACE('',#2897,12.);
#2897 = AXIS2_PLACEMENT_3D('',#2898,#2899,#2900);
#2898 = CARTESIAN_POINT('',(0.,130.,860.));
#2899 = DIRECTION('',(0.,1.,0.));
#2900 = DIRECTION('',(0.,0.,1.));
#2901 = ADVANCED_FACE('',(#2902),#2912,.F.);
#2902 = FACE_BOUND('',#2903,.F.);
#2903 = EDGE_LOOP('',(#2904,#2905,#2911));
#2904 = ORIENTED_EDGE('',*,*,#2882,.T.);
#2905 = ORIENTED_EDGE('',*,*,#2906,.F.);
#2906 = EDGE_CURVE('',#2660,#2883,#2907,.T.);
#2907 = LINE('',#2908,#2909);
#2908 = CARTESIAN_POINT('',(-65.,130.,865.));
#2909 = VECTOR('',#2910,1.);
#2910 = DIRECTION('',(-1.,0.,0.));
#2911 = ORIENTED_EDGE('',*,*,#2718,.F.);
#2912 = PLANE('',#2913);
#2913 = AXIS2_PLACEMENT_3D('',#2914,#2915,#2916);
#2914 = CARTESIAN_POINT('',(0.,130.,860.));
#2915 = DIRECTION('',(0.,1.,0.));
#2916 = DIRECTION('',(0.,0.,1.));
#2917 = ADVANCED_FACE('',(#2918),#2936,.F.);
#2918 = FACE_BOUND('',#2919,.F.);
#2919 = EDGE_LOOP('',(#2920,#2929,#2930));
#2920 = ORIENTED_EDGE('',*,*,#2921,.T.);
#2921 = EDGE_CURVE('',#2922,#2703,#2924,.T.);
#2922 = VERTEX_POINT('',#2923);
#2923 = CARTESIAN_POINT('',(-10.90871211463,-130.,865.));
#2924 = CIRCLE('',#2925,12.);
#2925 = AXIS2_PLACEMENT_3D('',#2926,#2927,#2928);
#2926 = CARTESIAN_POINT('',(0.,-130.,860.));
#2927 = DIRECTION('',(0.,-1.,0.));
#2928 = DIRECTION('',(0.,0.,-1.));
#2929 = ORIENTED_EDGE('',*,*,#2710,.T.);
#2930 = ORIENTED_EDGE('',*,*,#2931,.F.);
#2931 = EDGE_CURVE('',#2922,#2669,#2932,.T.);
#2932 = LINE('',#2933,#2934);
#2933 = CARTESIAN_POINT('',(-65.,-130.,865.));
#2934 = VECTOR('',#2935,1.);
#2935 = DIRECTION('',(1.,0.,0.));
#2936 = PLANE('',#2937);
#2937 = AXIS2_PLACEMENT_3D('',#2938,#2939,#2940);
#2938 = CARTESIAN_POINT('',(0.,-130.,860.));
#2939 = DIRECTION('',(0.,-1.,0.));
#2940 = DIRECTION('',(0.,0.,-1.));
#2941 = ADVANCED_FACE('',(#2942),#3080,.T.);
#2942 = FACE_BOUND('',#2943,.T.);
#2943 = EDGE_LOOP('',(#2944,#2953,#2961,#2998,#3007,#3037,#3038,#3045,
    #3046,#3055,#3063,#3072,#3078,#3079));
#2944 = ORIENTED_EDGE('',*,*,#2945,.T.);
#2945 = EDGE_CURVE('',#2694,#2946,#2948,.T.);
#2946 = VERTEX_POINT('',#2947);
#2947 = CARTESIAN_POINT('',(-2.939152317954E-15,-230.,848.));
#2948 = CIRCLE('',#2949,12.);
#2949 = AXIS2_PLACEMENT_3D('',#2950,#2951,#2952);
#2950 = CARTESIAN_POINT('',(0.,-230.,860.));
#2951 = DIRECTION('',(0.,-1.,0.));
#2952 = DIRECTION('',(0.,0.,-1.));
#2953 = ORIENTED_EDGE('',*,*,#2954,.T.);
#2954 = EDGE_CURVE('',#2946,#2955,#2957,.T.);
#2955 = VERTEX_POINT('',#2956);
#2956 = CARTESIAN_POINT('',(-2.939152317954E-15,-263.8750812744,848.));
#2957 = LINE('',#2958,#2959);
#2958 = CARTESIAN_POINT('',(-2.939152317954E-15,-130.,848.));
#2959 = VECTOR('',#2960,1.);
#2960 = DIRECTION('',(0.,-1.,0.));
#2961 = ORIENTED_EDGE('',*,*,#2962,.F.);
#2962 = EDGE_CURVE('',#2963,#2955,#2965,.T.);
#2963 = VERTEX_POINT('',#2964);
#2964 = CARTESIAN_POINT('',(-11.65990235421,-270.,862.83666654546));
#2965 = B_SPLINE_CURVE_WITH_KNOTS('',6,(#2966,#2967,#2968,#2969,#2970,
    #2971,#2972,#2973,#2974,#2975,#2976,#2977,#2978,#2979,#2980,#2981,
    #2982,#2983,#2984,#2985,#2986,#2987,#2988,#2989,#2990,#2991,#2992,
    #2993,#2994,#2995,#2996,#2997),.UNSPECIFIED.,.F.,.F.,(7,5,5,5,5,5,7)
  ,(0.,0.13152432605,0.228963219632,0.360991728504,0.539967873585,
    0.672385741754,1.),.UNSPECIFIED.);
#2966 = CARTESIAN_POINT('',(-11.6599020676,-270.0000006,862.83666772355)
  );
#2967 = CARTESIAN_POINT('',(-11.77572923263,-269.7575253626,
    862.36056916969));
#2968 = CARTESIAN_POINT('',(-11.86926986349,-269.5137850556,
    861.87451378698));
#2969 = CARTESIAN_POINT('',(-11.9392785439,-269.2698962639,
    861.38019590246));
#2970 = CARTESIAN_POINT('',(-11.98474795511,-269.0269492259,
    860.87943708566));
#2971 = CARTESIAN_POINT('',(-12.0049130716,-268.7859800122,
    860.37415261952));
#2972 = CARTESIAN_POINT('',(-11.99506387746,-268.3715944001,
    859.49009216047));
#2973 = CARTESIAN_POINT('',(-11.97670036383,-268.1968974196,
    859.11255639682));
#2974 = CARTESIAN_POINT('',(-11.94397018957,-268.0243427282,
    858.73473653731));
#2975 = CARTESIAN_POINT('',(-11.89680577893,-267.8543781815,
    858.35765511147));
#2976 = CARTESIAN_POINT('',(-11.83526681707,-267.687410048,
    857.98232917757));
#2977 = CARTESIAN_POINT('',(-11.65693217353,-267.3021210561,
    857.10495258274));
#2978 = CARTESIAN_POINT('',(-11.52831286248,-267.0866901373,
    856.60539334061));
#2979 = CARTESIAN_POINT('',(-11.37417988655,-266.8784030709,
    856.11356465302));
#2980 = CARTESIAN_POINT('',(-11.19544733527,-266.6779895522,
    855.63185478204));
#2981 = CARTESIAN_POINT('',(-10.99343433741,-266.4860224456,
    855.16250160021));
#2982 = CARTESIAN_POINT('',(-10.46676989149,-266.0547147045,
    854.09077197988));
#2983 = CARTESIAN_POINT('',(-10.12433167096,-265.8230302224,
    853.50100698881));
#2984 = CARTESIAN_POINT('',(-9.746062271412,-265.6081431943,
    852.94139348694));
#2985 = CARTESIAN_POINT('',(-9.335921963721,-265.4100560935,
    852.41463737773));
#2986 = CARTESIAN_POINT('',(-8.898279730452,-265.2285533826,
    851.92287963568));
#2987 = CARTESIAN_POINT('',(-8.097256338919,-264.9409570042,
    851.13073062444));
#2988 = CARTESIAN_POINT('',(-7.743899966421,-264.827430919,
    850.81356554209));
#2989 = CARTESIAN_POINT('',(-7.379198519046,-264.7223684164,
    850.51624752233));
#2990 = CARTESIAN_POINT('',(-7.00448045805,-264.6254730784,
    850.23886751392));
#2991 = CARTESIAN_POINT('',(-6.621020613257,-264.5364622801,
    849.98144929489));
#2992 = CARTESIAN_POINT('',(-5.262718783065,-264.2536942232,
    849.15634860066));
#2993 = CARTESIAN_POINT('',(-4.249691175766,-264.0990155312,
    848.69086455062));
#2994 = CARTESIAN_POINT('',(-3.206013352462,-263.9862030316,
    848.34456303658));
#2995 = CARTESIAN_POINT('',(-2.143310573909,-263.9121059759,
    848.11480730189));
#2996 = CARTESIAN_POINT('',(-1.071482783937,-263.8750812744,848.));
#2997 = CARTESIAN_POINT('',(-3.552713678801E-15,-263.8750812744,848.));
#2998 = ORIENTED_EDGE('',*,*,#2999,.F.);
#2999 = EDGE_CURVE('',#3000,#2963,#3002,.T.);
#3000 = VERTEX_POINT('',#3001);
#3001 = CARTESIAN_POINT('',(11.659902354216,-270.,862.83666654546));
#3002 = CIRCLE('',#3003,12.);
#3003 = AXIS2_PLACEMENT_3D('',#3004,#3005,#3006);
#3004 = CARTESIAN_POINT('',(0.,-270.,860.));
#3005 = DIRECTION('',(0.,-1.,0.));
#3006 = DIRECTION('',(0.,0.,-1.));
#3007 = ORIENTED_EDGE('',*,*,#3008,.F.);
#3008 = EDGE_CURVE('',#2955,#3000,#3009,.T.);
#3009 = B_SPLINE_CURVE_WITH_KNOTS('',6,(#3010,#3011,#3012,#3013,#3014,
    #3015,#3016,#3017,#3018,#3019,#3020,#3021,#3022,#3023,#3024,#3025,
    #3026,#3027,#3028,#3029,#3030,#3031,#3032,#3033,#3034,#3035,#3036),
  .UNSPECIFIED.,.F.,.F.,(7,5,5,5,5,7),(0.,0.327524971469,0.459906751433,
    0.574485653891,0.770911708172,1.),.UNSPECIFIED.);
#3010 = CARTESIAN_POINT('',(0.,-263.8750812744,848.));
#3011 = CARTESIAN_POINT('',(1.071482787688,-263.8750812744,848.));
#3012 = CARTESIAN_POINT('',(2.143310562024,-263.9121059753,
    848.11480730005));
#3013 = CARTESIAN_POINT('',(3.206013368923,-263.9862030332,
    848.34456304134));
#3014 = CARTESIAN_POINT('',(4.24969116433,-264.0990155295,
    848.69086454571));
#3015 = CARTESIAN_POINT('',(5.262718786504,-264.2536942239,
    849.15634860274));
#3016 = CARTESIAN_POINT('',(6.621020613257,-264.5364622801,
    849.98144929489));
#3017 = CARTESIAN_POINT('',(7.00448045805,-264.6254730784,
    850.23886751392));
#3018 = CARTESIAN_POINT('',(7.379198519046,-264.7223684164,
    850.51624752233));
#3019 = CARTESIAN_POINT('',(7.743899966422,-264.827430919,
    850.81356554208));
#3020 = CARTESIAN_POINT('',(8.097256338919,-264.9409570042,
    851.13073062444));
#3021 = CARTESIAN_POINT('',(8.732705970136,-265.1691064122,
    851.75914023443));
#3022 = CARTESIAN_POINT('',(9.01801618435,-265.2815377408,
    852.06546893143));
#3023 = CARTESIAN_POINT('',(9.292687302717,-265.4006686822,
    852.38624844559));
#3024 = CARTESIAN_POINT('',(9.5556286814,-265.5266003151,852.72106491234
    ));
#3025 = CARTESIAN_POINT('',(9.805787340578,-265.6594092593,
    853.06941933758));
#3026 = CARTESIAN_POINT('',(10.447347262101,-266.0386892716,
    854.05014357379));
#3027 = CARTESIAN_POINT('',(10.812496903438,-266.2988814078,
    854.70840761065));
#3028 = CARTESIAN_POINT('',(11.130684496701,-266.5790935284,
    855.40032983655));
#3029 = CARTESIAN_POINT('',(11.39664450025,-266.8780853922,
    856.11944843066));
#3030 = CARTESIAN_POINT('',(11.606837171939,-267.1938916494,
    856.85849356028));
#3031 = CARTESIAN_POINT('',(11.937635650748,-267.9085761879,
    858.48596670378));
#3032 = CARTESIAN_POINT('',(12.03690462111,-268.3111762698,
    859.37570343854));
#3033 = CARTESIAN_POINT('',(12.055802914023,-268.7273933088,
    860.26731255295));
#3034 = CARTESIAN_POINT('',(11.995801092921,-269.1518730567,
    861.14876909374));
#3035 = CARTESIAN_POINT('',(11.861347344111,-269.5782904491,
    862.00864258105));
#3036 = CARTESIAN_POINT('',(11.659902067604,-270.0000006,862.83666772355
    ));
#3037 = ORIENTED_EDGE('',*,*,#2954,.F.);
#3038 = ORIENTED_EDGE('',*,*,#3039,.T.);
#3039 = EDGE_CURVE('',#2946,#2686,#3040,.T.);
#3040 = CIRCLE('',#3041,12.);
#3041 = AXIS2_PLACEMENT_3D('',#3042,#3043,#3044);
#3042 = CARTESIAN_POINT('',(0.,-230.,860.));
#3043 = DIRECTION('',(0.,-1.,0.));
#3044 = DIRECTION('',(0.,0.,-1.));
#3045 = ORIENTED_EDGE('',*,*,#2685,.T.);
#3046 = ORIENTED_EDGE('',*,*,#3047,.T.);
#3047 = EDGE_CURVE('',#2677,#3048,#3050,.T.);
#3048 = VERTEX_POINT('',#3049);
#3049 = CARTESIAN_POINT('',(10.908712114636,-130.,865.));
#3050 = CIRCLE('',#3051,12.);
#3051 = AXIS2_PLACEMENT_3D('',#3052,#3053,#3054);
#3052 = CARTESIAN_POINT('',(0.,-130.,860.));
#3053 = DIRECTION('',(0.,-1.,0.));
#3054 = DIRECTION('',(0.,0.,-1.));
#3055 = ORIENTED_EDGE('',*,*,#3056,.T.);
#3056 = EDGE_CURVE('',#3048,#3057,#3059,.T.);
#3057 = VERTEX_POINT('',#3058);
#3058 = CARTESIAN_POINT('',(10.908712114636,-150.,865.));
#3059 = LINE('',#3060,#3061);
#3060 = CARTESIAN_POINT('',(10.908712114636,-130.,865.));
#3061 = VECTOR('',#3062,1.);
#3062 = DIRECTION('',(0.,-1.,0.));
#3063 = ORIENTED_EDGE('',*,*,#3064,.T.);
#3064 = EDGE_CURVE('',#3057,#3065,#3067,.T.);
#3065 = VERTEX_POINT('',#3066);
#3066 = CARTESIAN_POINT('',(-10.90871211463,-150.,865.));
#3067 = CIRCLE('',#3068,12.);
#3068 = AXIS2_PLACEMENT_3D('',#3069,#3070,#3071);
#3069 = CARTESIAN_POINT('',(0.,-150.,860.));
#3070 = DIRECTION('',(0.,-1.,0.));
#3071 = DIRECTION('',(0.,0.,-1.));
#3072 = ORIENTED_EDGE('',*,*,#3073,.F.);
#3073 = EDGE_CURVE('',#2922,#3065,#3074,.T.);
#3074 = LINE('',#3075,#3076);
#3075 = CARTESIAN_POINT('',(-10.90871211463,-130.,865.));
#3076 = VECTOR('',#3077,1.);
#3077 = DIRECTION('',(0.,-1.,0.));
#3078 = ORIENTED_EDGE('',*,*,#2921,.T.);
#3079 = ORIENTED_EDGE('',*,*,#2702,.F.);
#3080 = CYLINDRICAL_SURFACE('',#3081,12.);
#3081 = AXIS2_PLACEMENT_3D('',#3082,#3083,#3084);
#3082 = CARTESIAN_POINT('',(0.,-130.,860.));
#3083 = DIRECTION('',(0.,-1.,0.));
#3084 = DIRECTION('',(0.,0.,-1.));
#3085 = ADVANCED_FACE('',(#3086),#3091,.F.);
#3086 = FACE_BOUND('',#3087,.F.);
#3087 = EDGE_LOOP('',(#3088,#3089,#3090));
#3088 = ORIENTED_EDGE('',*,*,#3039,.T.);
#3089 = ORIENTED_EDGE('',*,*,#2693,.T.);
#3090 = ORIENTED_EDGE('',*,*,#2945,.T.);
#3091 = PLANE('',#3092);
#3092 = AXIS2_PLACEMENT_3D('',#3093,#3094,#3095);
#3093 = CARTESIAN_POINT('',(0.,-230.,837.));
#3094 = DIRECTION('',(0.,1.,0.));
#3095 = DIRECTION('',(0.,0.,1.));
#3096 = ADVANCED_FACE('',(#3097),#3107,.F.);
#3097 = FACE_BOUND('',#3098,.F.);
#3098 = EDGE_LOOP('',(#3099,#3100,#3101));
#3099 = ORIENTED_EDGE('',*,*,#2676,.T.);
#3100 = ORIENTED_EDGE('',*,*,#3047,.T.);
#3101 = ORIENTED_EDGE('',*,*,#3102,.F.);
#3102 = EDGE_CURVE('',#2669,#3048,#3103,.T.);
#3103 = LINE('',#3104,#3105);
#3104 = CARTESIAN_POINT('',(-65.,-130.,865.));
#3105 = VECTOR('',#3106,1.);
#3106 = DIRECTION('',(1.,0.,0.));
#3107 = PLANE('',#3108);
#3108 = AXIS2_PLACEMENT_3D('',#3109,#3110,#3111);
#3109 = CARTESIAN_POINT('',(0.,-130.,860.));
#3110 = DIRECTION('',(0.,-1.,0.));
#3111 = DIRECTION('',(0.,0.,-1.));
#3112 = ADVANCED_FACE('',(#3113),#3123,.F.);
#3113 = FACE_BOUND('',#3114,.F.);
#3114 = EDGE_LOOP('',(#3115,#3121,#3122));
#3115 = ORIENTED_EDGE('',*,*,#3116,.F.);
#3116 = EDGE_CURVE('',#2865,#2660,#3117,.T.);
#3117 = LINE('',#3118,#3119);
#3118 = CARTESIAN_POINT('',(-65.,130.,865.));
#3119 = VECTOR('',#3120,1.);
#3120 = DIRECTION('',(-1.,0.,0.));
#3121 = ORIENTED_EDGE('',*,*,#2872,.T.);
#3122 = ORIENTED_EDGE('',*,*,#2659,.F.);
#3123 = PLANE('',#3124);
#3124 = AXIS2_PLACEMENT_3D('',#3125,#3126,#3127);
#3125 = CARTESIAN_POINT('',(0.,130.,860.));
#3126 = DIRECTION('',(0.,1.,0.));
#3127 = DIRECTION('',(0.,0.,1.));
#3128 = ADVANCED_FACE('',(#3129),#3171,.T.);
#3129 = FACE_BOUND('',#3130,.T.);
#3130 = EDGE_LOOP('',(#3131,#3139,#3147,#3155,#3163,#3169,#3170));
#3131 = ORIENTED_EDGE('',*,*,#3132,.F.);
#3132 = EDGE_CURVE('',#3133,#2758,#3135,.T.);
#3133 = VERTEX_POINT('',#3134);
#3134 = CARTESIAN_POINT('',(-130.,150.,865.));
#3135 = LINE('',#3136,#3137);
#3136 = CARTESIAN_POINT('',(-130.,150.,865.));
#3137 = VECTOR('',#3138,1.);
#3138 = DIRECTION('',(1.,0.,0.));
#3139 = ORIENTED_EDGE('',*,*,#3140,.T.);
#3140 = EDGE_CURVE('',#3133,#3141,#3143,.T.);
#3141 = VERTEX_POINT('',#3142);
#3142 = CARTESIAN_POINT('',(-130.,150.,910.));
#3143 = LINE('',#3144,#3145);
#3144 = CARTESIAN_POINT('',(-130.,150.,865.));
#3145 = VECTOR('',#3146,1.);
#3146 = DIRECTION('',(0.,0.,1.));
#3147 = ORIENTED_EDGE('',*,*,#3148,.T.);
#3148 = EDGE_CURVE('',#3141,#3149,#3151,.T.);
#3149 = VERTEX_POINT('',#3150);
#3150 = CARTESIAN_POINT('',(130.,150.,910.));
#3151 = LINE('',#3152,#3153);
#3152 = CARTESIAN_POINT('',(-130.,150.,910.));
#3153 = VECTOR('',#3154,1.);
#3154 = DIRECTION('',(1.,0.,0.));
#3155 = ORIENTED_EDGE('',*,*,#3156,.F.);
#3156 = EDGE_CURVE('',#3157,#3149,#3159,.T.);
#3157 = VERTEX_POINT('',#3158);
#3158 = CARTESIAN_POINT('',(130.,150.,865.));
#3159 = LINE('',#3160,#3161);
#3160 = CARTESIAN_POINT('',(130.,150.,865.));
#3161 = VECTOR('',#3162,1.);
#3162 = DIRECTION('',(0.,0.,1.));
#3163 = ORIENTED_EDGE('',*,*,#3164,.F.);
#3164 = EDGE_CURVE('',#2856,#3157,#3165,.T.);
#3165 = LINE('',#3166,#3167);
#3166 = CARTESIAN_POINT('',(-130.,150.,865.));
#3167 = VECTOR('',#3168,1.);
#3168 = DIRECTION('',(1.,0.,0.));
#3169 = ORIENTED_EDGE('',*,*,#2855,.F.);
#3170 = ORIENTED_EDGE('',*,*,#2757,.F.);
#3171 = PLANE('',#3172);
#3172 = AXIS2_PLACEMENT_3D('',#3173,#3174,#3175);
#3173 = CARTESIAN_POINT('',(-130.,150.,865.));
#3174 = DIRECTION('',(0.,1.,0.));
#3175 = DIRECTION('',(0.,0.,1.));
#3176 = ADVANCED_FACE('',(#3177),#3199,.F.);
#3177 = FACE_BOUND('',#3178,.F.);
#3178 = EDGE_LOOP('',(#3179,#3180,#3188,#3194,#3195,#3196,#3197,#3198));
#3179 = ORIENTED_EDGE('',*,*,#3132,.F.);
#3180 = ORIENTED_EDGE('',*,*,#3181,.F.);
#3181 = EDGE_CURVE('',#3182,#3133,#3184,.T.);
#3182 = VERTEX_POINT('',#3183);
#3183 = CARTESIAN_POINT('',(-130.,-150.,865.));
#3184 = LINE('',#3185,#3186);
#3185 = CARTESIAN_POINT('',(-130.,-150.,865.));
#3186 = VECTOR('',#3187,1.);
#3187 = DIRECTION('',(0.,1.,0.));
#3188 = ORIENTED_EDGE('',*,*,#3189,.T.);
#3189 = EDGE_CURVE('',#3182,#3065,#3190,.T.);
#3190 = LINE('',#3191,#3192);
#3191 = CARTESIAN_POINT('',(-130.,-150.,865.));
#3192 = VECTOR('',#3193,1.);
#3193 = DIRECTION('',(1.,0.,0.));
#3194 = ORIENTED_EDGE('',*,*,#3073,.F.);
#3195 = ORIENTED_EDGE('',*,*,#2931,.T.);
#3196 = ORIENTED_EDGE('',*,*,#2668,.T.);
#3197 = ORIENTED_EDGE('',*,*,#2906,.T.);
#3198 = ORIENTED_EDGE('',*,*,#2891,.T.);
#3199 = PLANE('',#3200);
#3200 = AXIS2_PLACEMENT_3D('',#3201,#3202,#3203);
#3201 = CARTESIAN_POINT('',(-130.,-150.,865.));
#3202 = DIRECTION('',(0.,0.,1.));
#3203 = DIRECTION('',(1.,0.,0.));
#3204 = ADVANCED_FACE('',(#3205),#3227,.F.);
#3205 = FACE_BOUND('',#3206,.F.);
#3206 = EDGE_LOOP('',(#3207,#3208,#3209,#3210,#3211,#3212,#3213,#3221));
#3207 = ORIENTED_EDGE('',*,*,#3164,.F.);
#3208 = ORIENTED_EDGE('',*,*,#2864,.F.);
#3209 = ORIENTED_EDGE('',*,*,#3116,.T.);
#3210 = ORIENTED_EDGE('',*,*,#2668,.F.);
#3211 = ORIENTED_EDGE('',*,*,#3102,.T.);
#3212 = ORIENTED_EDGE('',*,*,#3056,.T.);
#3213 = ORIENTED_EDGE('',*,*,#3214,.T.);
#3214 = EDGE_CURVE('',#3057,#3215,#3217,.T.);
#3215 = VERTEX_POINT('',#3216);
#3216 = CARTESIAN_POINT('',(130.,-150.,865.));
#3217 = LINE('',#3218,#3219);
#3218 = CARTESIAN_POINT('',(-130.,-150.,865.));
#3219 = VECTOR('',#3220,1.);
#3220 = DIRECTION('',(1.,0.,0.));
#3221 = ORIENTED_EDGE('',*,*,#3222,.T.);
#3222 = EDGE_CURVE('',#3215,#3157,#3223,.T.);
#3223 = LINE('',#3224,#3225);
#3224 = CARTESIAN_POINT('',(130.,-150.,865.));
#3225 = VECTOR('',#3226,1.);
#3226 = DIRECTION('',(0.,1.,0.));
#3227 = PLANE('',#3228);
#3228 = AXIS2_PLACEMENT_3D('',#3229,#3230,#3231);
#3229 = CARTESIAN_POINT('',(-130.,-150.,865.));
#3230 = DIRECTION('',(0.,0.,1.));
#3231 = DIRECTION('',(1.,0.,0.));
#3232 = ADVANCED_FACE('',(#3233),#3243,.T.);
#3233 = FACE_BOUND('',#3234,.T.);
#3234 = EDGE_LOOP('',(#3235,#3236,#3237));
#3235 = ORIENTED_EDGE('',*,*,#2776,.T.);
#3236 = ORIENTED_EDGE('',*,*,#2847,.T.);
#3237 = ORIENTED_EDGE('',*,*,#3238,.F.);
#3238 = EDGE_CURVE('',#2777,#2786,#3239,.T.);
#3239 = LINE('',#3240,#3241);
#3240 = CARTESIAN_POINT('',(-28.,270.,862.83666654546));
#3241 = VECTOR('',#3242,1.);
#3242 = DIRECTION('',(1.,0.,0.));
#3243 = PLANE('',#3244);
#3244 = AXIS2_PLACEMENT_3D('',#3245,#3246,#3247);
#3245 = CARTESIAN_POINT('',(0.,270.,860.));
#3246 = DIRECTION('',(0.,1.,0.));
#3247 = DIRECTION('',(0.,0.,1.));
#3248 = ADVANCED_FACE('',(#3249,#3276),#3280,.T.);
#3249 = FACE_BOUND('',#3250,.T.);
#3250 = EDGE_LOOP('',(#3251,#3261,#3268,#3269));
#3251 = ORIENTED_EDGE('',*,*,#3252,.T.);
#3252 = EDGE_CURVE('',#3253,#3255,#3257,.T.);
#3253 = VERTEX_POINT('',#3254);
#3254 = CARTESIAN_POINT('',(-28.,360.,918.));
#3255 = VERTEX_POINT('',#3256);
#3256 = CARTESIAN_POINT('',(28.,360.,918.));
#3257 = LINE('',#3258,#3259);
#3258 = CARTESIAN_POINT('',(-28.,360.,918.));
#3259 = VECTOR('',#3260,1.);
#3260 = DIRECTION('',(1.,0.,0.));
#3261 = ORIENTED_EDGE('',*,*,#3262,.F.);
#3262 = EDGE_CURVE('',#3255,#3255,#3263,.T.);
#3263 = CIRCLE('',#3264,101.);
#3264 = AXIS2_PLACEMENT_3D('',#3265,#3266,#3267);
#3265 = CARTESIAN_POINT('',(28.,360.,817.));
#3266 = DIRECTION('',(1.,0.,-0.));
#3267 = DIRECTION('',(0.,0.,1.));
#3268 = ORIENTED_EDGE('',*,*,#3252,.F.);
#3269 = ORIENTED_EDGE('',*,*,#3270,.T.);
#3270 = EDGE_CURVE('',#3253,#3253,#3271,.T.);
#3271 = CIRCLE('',#3272,101.);
#3272 = AXIS2_PLACEMENT_3D('',#3273,#3274,#3275);
#3273 = CARTESIAN_POINT('',(-28.,360.,817.));
#3274 = DIRECTION('',(1.,0.,-0.));
#3275 = DIRECTION('',(0.,0.,1.));
#3276 = FACE_BOUND('',#3277,.T.);
#3277 = EDGE_LOOP('',(#3278,#3279));
#3278 = ORIENTED_EDGE('',*,*,#3238,.T.);
#3279 = ORIENTED_EDGE('',*,*,#2785,.T.);
#3280 = CYLINDRICAL_SURFACE('',#3281,101.);
#3281 = AXIS2_PLACEMENT_3D('',#3282,#3283,#3284);
#3282 = CARTESIAN_POINT('',(-28.,360.,817.));
#3283 = DIRECTION('',(1.,0.,0.));
#3284 = DIRECTION('',(0.,0.,1.));
#3285 = ADVANCED_FACE('',(#3286),#3313,.F.);
#3286 = FACE_BOUND('',#3287,.F.);
#3287 = EDGE_LOOP('',(#3288,#3289,#3297,#3305,#3311,#3312));
#3288 = ORIENTED_EDGE('',*,*,#3189,.F.);
#3289 = ORIENTED_EDGE('',*,*,#3290,.T.);
#3290 = EDGE_CURVE('',#3182,#3291,#3293,.T.);
#3291 = VERTEX_POINT('',#3292);
#3292 = CARTESIAN_POINT('',(-130.,-150.,910.));
#3293 = LINE('',#3294,#3295);
#3294 = CARTESIAN_POINT('',(-130.,-150.,865.));
#3295 = VECTOR('',#3296,1.);
#3296 = DIRECTION('',(0.,0.,1.));
#3297 = ORIENTED_EDGE('',*,*,#3298,.T.);
#3298 = EDGE_CURVE('',#3291,#3299,#3301,.T.);
#3299 = VERTEX_POINT('',#3300);
#3300 = CARTESIAN_POINT('',(130.,-150.,910.));
#3301 = LINE('',#3302,#3303);
#3302 = CARTESIAN_POINT('',(-130.,-150.,910.));
#3303 = VECTOR('',#3304,1.);
#3304 = DIRECTION('',(1.,0.,0.));
#3305 = ORIENTED_EDGE('',*,*,#3306,.F.);
#3306 = EDGE_CURVE('',#3215,#3299,#3307,.T.);
#3307 = LINE('',#3308,#3309);
#3308 = CARTESIAN_POINT('',(130.,-150.,865.));
#3309 = VECTOR('',#3310,1.);
#3310 = DIRECTION('',(0.,0.,1.));
#3311 = ORIENTED_EDGE('',*,*,#3214,.F.);
#3312 = ORIENTED_EDGE('',*,*,#3064,.T.);
#3313 = PLANE('',#3314);
#3314 = AXIS2_PLACEMENT_3D('',#3315,#3316,#3317);
#3315 = CARTESIAN_POINT('',(-130.,-150.,865.));
#3316 = DIRECTION('',(0.,1.,0.));
#3317 = DIRECTION('',(0.,0.,1.));
#3318 = ADVANCED_FACE('',(#3319,#3346),#3356,.T.);
#3319 = FACE_BOUND('',#3320,.T.);
#3320 = EDGE_LOOP('',(#3321,#3331,#3338,#3339));
#3321 = ORIENTED_EDGE('',*,*,#3322,.T.);
#3322 = EDGE_CURVE('',#3323,#3325,#3327,.T.);
#3323 = VERTEX_POINT('',#3324);
#3324 = CARTESIAN_POINT('',(-28.,-360.,918.));
#3325 = VERTEX_POINT('',#3326);
#3326 = CARTESIAN_POINT('',(28.,-360.,918.));
#3327 = LINE('',#3328,#3329);
#3328 = CARTESIAN_POINT('',(-28.,-360.,918.));
#3329 = VECTOR('',#3330,1.);
#3330 = DIRECTION('',(1.,0.,0.));
#3331 = ORIENTED_EDGE('',*,*,#3332,.F.);
#3332 = EDGE_CURVE('',#3325,#3325,#3333,.T.);
#3333 = CIRCLE('',#3334,101.);
#3334 = AXIS2_PLACEMENT_3D('',#3335,#3336,#3337);
#3335 = CARTESIAN_POINT('',(28.,-360.,817.));
#3336 = DIRECTION('',(1.,0.,-0.));
#3337 = DIRECTION('',(0.,0.,1.));
#3338 = ORIENTED_EDGE('',*,*,#3322,.F.);
#3339 = ORIENTED_EDGE('',*,*,#3340,.T.);
#3340 = EDGE_CURVE('',#3323,#3323,#3341,.T.);
#3341 = CIRCLE('',#3342,101.);
#3342 = AXIS2_PLACEMENT_3D('',#3343,#3344,#3345);
#3343 = CARTESIAN_POINT('',(-28.,-360.,817.));
#3344 = DIRECTION('',(1.,0.,-0.));
#3345 = DIRECTION('',(0.,0.,1.));
#3346 = FACE_BOUND('',#3347,.T.);
#3347 = EDGE_LOOP('',(#3348,#3349,#3350));
#3348 = ORIENTED_EDGE('',*,*,#2962,.T.);
#3349 = ORIENTED_EDGE('',*,*,#3008,.T.);
#3350 = ORIENTED_EDGE('',*,*,#3351,.F.);
#3351 = EDGE_CURVE('',#2963,#3000,#3352,.T.);
#3352 = LINE('',#3353,#3354);
#3353 = CARTESIAN_POINT('',(-28.,-270.,862.83666654546));
#3354 = VECTOR('',#3355,1.);
#3355 = DIRECTION('',(1.,0.,0.));
#3356 = CYLINDRICAL_SURFACE('',#3357,101.);
#3357 = AXIS2_PLACEMENT_3D('',#3358,#3359,#3360);
#3358 = CARTESIAN_POINT('',(-28.,-360.,817.));
#3359 = DIRECTION('',(1.,0.,0.));
#3360 = DIRECTION('',(0.,0.,1.));
#3361 = ADVANCED_FACE('',(#3362),#3366,.T.);
#3362 = FACE_BOUND('',#3363,.T.);
#3363 = EDGE_LOOP('',(#3364,#3365));
#3364 = ORIENTED_EDGE('',*,*,#3351,.T.);
#3365 = ORIENTED_EDGE('',*,*,#2999,.T.);
#3366 = PLANE('',#3367);
#3367 = AXIS2_PLACEMENT_3D('',#3368,#3369,#3370);
#3368 = CARTESIAN_POINT('',(0.,-270.,860.));
#3369 = DIRECTION('',(0.,-1.,0.));
#3370 = DIRECTION('',(0.,0.,-1.));
#3371 = ADVANCED_FACE('',(#3372),#3383,.T.);
#3372 = FACE_BOUND('',#3373,.T.);
#3373 = EDGE_LOOP('',(#3374,#3375,#3376,#3377));
#3374 = ORIENTED_EDGE('',*,*,#3306,.F.);
#3375 = ORIENTED_EDGE('',*,*,#3222,.T.);
#3376 = ORIENTED_EDGE('',*,*,#3156,.T.);
#3377 = ORIENTED_EDGE('',*,*,#3378,.F.);
#3378 = EDGE_CURVE('',#3299,#3149,#3379,.T.);
#3379 = LINE('',#3380,#3381);
#3380 = CARTESIAN_POINT('',(130.,-150.,910.));
#3381 = VECTOR('',#3382,1.);
#3382 = DIRECTION('',(0.,1.,0.));
#3383 = PLANE('',#3384);
#3384 = AXIS2_PLACEMENT_3D('',#3385,#3386,#3387);
#3385 = CARTESIAN_POINT('',(130.,-150.,865.));
#3386 = DIRECTION('',(1.,0.,0.));
#3387 = DIRECTION('',(0.,0.,1.));
#3388 = ADVANCED_FACE('',(#3389),#3400,.T.);
#3389 = FACE_BOUND('',#3390,.T.);
#3390 = EDGE_LOOP('',(#3391,#3397,#3398,#3399));
#3391 = ORIENTED_EDGE('',*,*,#3392,.F.);
#3392 = EDGE_CURVE('',#3291,#3141,#3393,.T.);
#3393 = LINE('',#3394,#3395);
#3394 = CARTESIAN_POINT('',(-130.,-150.,910.));
#3395 = VECTOR('',#3396,1.);
#3396 = DIRECTION('',(0.,1.,0.));
#3397 = ORIENTED_EDGE('',*,*,#3298,.T.);
#3398 = ORIENTED_EDGE('',*,*,#3378,.T.);
#3399 = ORIENTED_EDGE('',*,*,#3148,.F.);
#3400 = PLANE('',#3401);
#3401 = AXIS2_PLACEMENT_3D('',#3402,#3403,#3404);
#3402 = CARTESIAN_POINT('',(-130.,-150.,910.));
#3403 = DIRECTION('',(0.,0.,1.));
#3404 = DIRECTION('',(1.,0.,0.));
#3405 = ADVANCED_FACE('',(#3406),#3412,.F.);
#3406 = FACE_BOUND('',#3407,.F.);
#3407 = EDGE_LOOP('',(#3408,#3409,#3410,#3411));
#3408 = ORIENTED_EDGE('',*,*,#3290,.F.);
#3409 = ORIENTED_EDGE('',*,*,#3181,.T.);
#3410 = ORIENTED_EDGE('',*,*,#3140,.T.);
#3411 = ORIENTED_EDGE('',*,*,#3392,.F.);
#3412 = PLANE('',#3413);
#3413 = AXIS2_PLACEMENT_3D('',#3414,#3415,#3416);
#3414 = CARTESIAN_POINT('',(-130.,-150.,865.));
#3415 = DIRECTION('',(1.,0.,0.));
#3416 = DIRECTION('',(0.,0.,1.));
#3417 = ADVANCED_FACE('',(#3418,#3421),#3432,.F.);
#3418 = FACE_BOUND('',#3419,.F.);
#3419 = EDGE_LOOP('',(#3420));
#3420 = ORIENTED_EDGE('',*,*,#3270,.T.);
#3421 = FACE_BOUND('',#3422,.F.);
#3422 = EDGE_LOOP('',(#3423));
#3423 = ORIENTED_EDGE('',*,*,#3424,.F.);
#3424 = EDGE_CURVE('',#3425,#3425,#3427,.T.);
#3425 = VERTEX_POINT('',#3426);
#3426 = CARTESIAN_POINT('',(-28.,360.,897.));
#3427 = CIRCLE('',#3428,80.);
#3428 = AXIS2_PLACEMENT_3D('',#3429,#3430,#3431);
#3429 = CARTESIAN_POINT('',(-28.,360.,817.));
#3430 = DIRECTION('',(1.,0.,-0.));
#3431 = DIRECTION('',(0.,0.,1.));
#3432 = PLANE('',#3433);
#3433 = AXIS2_PLACEMENT_3D('',#3434,#3435,#3436);
#3434 = CARTESIAN_POINT('',(-28.,360.,817.));
#3435 = DIRECTION('',(1.,0.,0.));
#3436 = DIRECTION('',(0.,0.,1.));
#3437 = ADVANCED_FACE('',(#3438,#3441),#3452,.T.);
#3438 = FACE_BOUND('',#3439,.T.);
#3439 = EDGE_LOOP('',(#3440));
#3440 = ORIENTED_EDGE('',*,*,#3262,.T.);
#3441 = FACE_BOUND('',#3442,.T.);
#3442 = EDGE_LOOP('',(#3443));
#3443 = ORIENTED_EDGE('',*,*,#3444,.F.);
#3444 = EDGE_CURVE('',#3445,#3445,#3447,.T.);
#3445 = VERTEX_POINT('',#3446);
#3446 = CARTESIAN_POINT('',(28.,360.,897.));
#3447 = CIRCLE('',#3448,80.);
#3448 = AXIS2_PLACEMENT_3D('',#3449,#3450,#3451);
#3449 = CARTESIAN_POINT('',(28.,360.,817.));
#3450 = DIRECTION('',(1.,0.,-0.));
#3451 = DIRECTION('',(0.,0.,1.));
#3452 = PLANE('',#3453);
#3453 = AXIS2_PLACEMENT_3D('',#3454,#3455,#3456);
#3454 = CARTESIAN_POINT('',(28.,360.,817.));
#3455 = DIRECTION('',(1.,0.,0.));
#3456 = DIRECTION('',(0.,0.,1.));
#3457 = ADVANCED_FACE('',(#3458,#3461),#3472,.F.);
#3458 = FACE_BOUND('',#3459,.F.);
#3459 = EDGE_LOOP('',(#3460));
#3460 = ORIENTED_EDGE('',*,*,#3340,.T.);
#3461 = FACE_BOUND('',#3462,.F.);
#3462 = EDGE_LOOP('',(#3463));
#3463 = ORIENTED_EDGE('',*,*,#3464,.F.);
#3464 = EDGE_CURVE('',#3465,#3465,#3467,.T.);
#3465 = VERTEX_POINT('',#3466);
#3466 = CARTESIAN_POINT('',(-28.,-360.,897.));
#3467 = CIRCLE('',#3468,80.);
#3468 = AXIS2_PLACEMENT_3D('',#3469,#3470,#3471);
#3469 = CARTESIAN_POINT('',(-28.,-360.,817.));
#3470 = DIRECTION('',(1.,0.,-0.));
#3471 = DIRECTION('',(0.,0.,1.));
#3472 = PLANE('',#3473);
#3473 = AXIS2_PLACEMENT_3D('',#3474,#3475,#3476);
#3474 = CARTESIAN_POINT('',(-28.,-360.,817.));
#3475 = DIRECTION('',(1.,0.,0.));
#3476 = DIRECTION('',(0.,0.,1.));
#3477 = ADVANCED_FACE('',(#3478,#3481),#3492,.T.);
#3478 = FACE_BOUND('',#3479,.T.);
#3479 = EDGE_LOOP('',(#3480));
#3480 = ORIENTED_EDGE('',*,*,#3332,.T.);
#3481 = FACE_BOUND('',#3482,.T.);
#3482 = EDGE_LOOP('',(#3483));
#3483 = ORIENTED_EDGE('',*,*,#3484,.F.);
#3484 = EDGE_CURVE('',#3485,#3485,#3487,.T.);
#3485 = VERTEX_POINT('',#3486);
#3486 = CARTESIAN_POINT('',(28.,-360.,897.));
#3487 = CIRCLE('',#3488,80.);
#3488 = AXIS2_PLACEMENT_3D('',#3489,#3490,#3491);
#3489 = CARTESIAN_POINT('',(28.,-360.,817.));
#3490 = DIRECTION('',(1.,0.,-0.));
#3491 = DIRECTION('',(0.,0.,1.));
#3492 = PLANE('',#3493);
#3493 = AXIS2_PLACEMENT_3D('',#3494,#3495,#3496);
#3494 = CARTESIAN_POINT('',(28.,-360.,817.));
#3495 = DIRECTION('',(1.,0.,0.));
#3496 = DIRECTION('',(0.,0.,1.));
#3497 = ADVANCED_FACE('',(#3498),#3509,.F.);
#3498 = FACE_BOUND('',#3499,.F.);
#3499 = EDGE_LOOP('',(#3500,#3501,#3507,#3508));
#3500 = ORIENTED_EDGE('',*,*,#3444,.F.);
#3501 = ORIENTED_EDGE('',*,*,#3502,.F.);
#3502 = EDGE_CURVE('',#3425,#3445,#3503,.T.);
#3503 = LINE('',#3504,#3505);
#3504 = CARTESIAN_POINT('',(-28.,360.,897.));
#3505 = VECTOR('',#3506,1.);
#3506 = DIRECTION('',(1.,0.,0.));
#3507 = ORIENTED_EDGE('',*,*,#3424,.T.);
#3508 = ORIENTED_EDGE('',*,*,#3502,.T.);
#3509 = CYLINDRICAL_SURFACE('',#3510,80.);
#3510 = AXIS2_PLACEMENT_3D('',#3511,#3512,#3513);
#3511 = CARTESIAN_POINT('',(-28.,360.,817.));
#3512 = DIRECTION('',(1.,0.,0.));
#3513 = DIRECTION('',(0.,0.,1.));
#3514 = ADVANCED_FACE('',(#3515),#3526,.F.);
#3515 = FACE_BOUND('',#3516,.F.);
#3516 = EDGE_LOOP('',(#3517,#3518,#3524,#3525));
#3517 = ORIENTED_EDGE('',*,*,#3484,.F.);
#3518 = ORIENTED_EDGE('',*,*,#3519,.F.);
#3519 = EDGE_CURVE('',#3465,#3485,#3520,.T.);
#3520 = LINE('',#3521,#3522);
#3521 = CARTESIAN_POINT('',(-28.,-360.,897.));
#3522 = VECTOR('',#3523,1.);
#3523 = DIRECTION('',(1.,0.,0.));
#3524 = ORIENTED_EDGE('',*,*,#3464,.T.);
#3525 = ORIENTED_EDGE('',*,*,#3519,.T.);
#3526 = CYLINDRICAL_SURFACE('',#3527,80.);
#3527 = AXIS2_PLACEMENT_3D('',#3528,#3529,#3530);
#3528 = CARTESIAN_POINT('',(-28.,-360.,817.));
#3529 = DIRECTION('',(1.,0.,0.));
#3530 = DIRECTION('',(0.,0.,1.));
#3531 = MANIFOLD_SOLID_BREP('',#3532);
#3532 = CLOSED_SHELL('',(#3533,#3566,#3575));
#3533 = ADVANCED_FACE('',(#3534),#3561,.T.);
#3534 = FACE_BOUND('',#3535,.T.);
#3535 = EDGE_LOOP('',(#3536,#3545,#3553,#3560));
#3536 = ORIENTED_EDGE('',*,*,#3537,.F.);
#3537 = EDGE_CURVE('',#3538,#3538,#3540,.T.);
#3538 = VERTEX_POINT('',#3539);
#3539 = CARTESIAN_POINT('',(15.,-3.673940397442E-15,1.962E+03));
#3540 = CIRCLE('',#3541,15.);
#3541 = AXIS2_PLACEMENT_3D('',#3542,#3543,#3544);
#3542 = CARTESIAN_POINT('',(0.,0.,1.962E+03));
#3543 = DIRECTION('',(0.,0.,1.));
#3544 = DIRECTION('',(1.,0.,0.));
#3545 = ORIENTED_EDGE('',*,*,#3546,.F.);
#3546 = EDGE_CURVE('',#3547,#3538,#3549,.T.);
#3547 = VERTEX_POINT('',#3548);
#3548 = CARTESIAN_POINT('',(15.,-3.673940397442E-15,910.));
#3549 = LINE('',#3550,#3551);
#3550 = CARTESIAN_POINT('',(15.,-3.673940397442E-15,910.));
#3551 = VECTOR('',#3552,1.);
#3552 = DIRECTION('',(0.,0.,1.));
#3553 = ORIENTED_EDGE('',*,*,#3554,.T.);
#3554 = EDGE_CURVE('',#3547,#3547,#3555,.T.);
#3555 = CIRCLE('',#3556,15.);
#3556 = AXIS2_PLACEMENT_3D('',#3557,#3558,#3559);
#3557 = CARTESIAN_POINT('',(0.,0.,910.));
#3558 = DIRECTION('',(0.,0.,1.));
#3559 = DIRECTION('',(1.,0.,0.));
#3560 = ORIENTED_EDGE('',*,*,#3546,.T.);
#3561 = CYLINDRICAL_SURFACE('',#3562,15.);
#3562 = AXIS2_PLACEMENT_3D('',#3563,#3564,#3565);
#3563 = CARTESIAN_POINT('',(0.,0.,910.));
#3564 = DIRECTION('',(0.,0.,1.));
#3565 = DIRECTION('',(1.,0.,0.));
#3566 = ADVANCED_FACE('',(#3567),#3570,.T.);
#3567 = FACE_BOUND('',#3568,.T.);
#3568 = EDGE_LOOP('',(#3569));
#3569 = ORIENTED_EDGE('',*,*,#3537,.T.);
#3570 = PLANE('',#3571);
#3571 = AXIS2_PLACEMENT_3D('',#3572,#3573,#3574);
#3572 = CARTESIAN_POINT('',(0.,0.,1.962E+03));
#3573 = DIRECTION('',(0.,0.,1.));
#3574 = DIRECTION('',(1.,0.,0.));
#3575 = ADVANCED_FACE('',(#3576),#3579,.F.);
#3576 = FACE_BOUND('',#3577,.T.);
#3577 = EDGE_LOOP('',(#3578));
#3578 = ORIENTED_EDGE('',*,*,#3554,.F.);
#3579 = PLANE('',#3580);
#3580 = AXIS2_PLACEMENT_3D('',#3581,#3582,#3583);
#3581 = CARTESIAN_POINT('',(0.,0.,910.));
#3582 = DIRECTION('',(0.,0.,1.));
#3583 = DIRECTION('',(1.,0.,0.));
#3584 = MANIFOLD_SOLID_BREP('',#3585);
#3585 = CLOSED_SHELL('',(#3586));
#3586 = ADVANCED_FACE('',(#3587),#3591,.T.);
#3587 = FACE_BOUND('',#3588,.T.);
#3588 = VERTEX_LOOP('',#3589);
#3589 = VERTEX_POINT('',#3590);
#3590 = CARTESIAN_POINT('',(3.061616997868E-14,-7.498798913309E-30,
    1.962E+03));
#3591 = SPHERICAL_SURFACE('',#3592,500.);
#3592 = AXIS2_PLACEMENT_3D('',#3593,#3594,#3595);
#3593 = CARTESIAN_POINT('',(0.,0.,2.462E+03));
#3594 = DIRECTION('',(0.,0.,1.));
#3595 = DIRECTION('',(1.,0.,0.));
#3596 = ( GEOMETRIC_REPRESENTATION_CONTEXT(3) 
GLOBAL_UNCERTAINTY_ASSIGNED_CONTEXT((#3600)) 
GLOBAL_UNIT_ASSIGNED_CONTEXT((#3597,#3598,#3599)) REPRESENTATION_CONTEXT
('Context #1','3D Context with UNIT and UNCERTAINTY') );
#3597 = ( LENGTH_UNIT() NAMED_UNIT(*) SI_UNIT(.MILLI.,.METRE.) );
#3598 = ( NAMED_UNIT(*) PLANE_ANGLE_UNIT() SI_UNIT($,.RADIAN.) );
#3599 = ( NAMED_UNIT(*) SI_UNIT($,.STERADIAN.) SOLID_ANGLE_UNIT() );
#3600 = UNCERTAINTY_MEASURE_WITH_UNIT(LENGTH_MEASURE(1.E-07),#3597,
  'distance_accuracy_value','confusion accuracy');
#3601 = PRODUCT_RELATED_PRODUCT_CATEGORY('part',$,(#7));
ENDSEC;
END-ISO-10303-21;
