ISO-10303-21;
HEADER;
FILE_DESCRIPTION(('FreeCAD Model'),'2;1');
FILE_NAME('Open CASCADE Shape Model','2026-07-27T17:13:11',('FreeCAD'),(
    'FreeCAD'),'Open CASCADE STEP processor 7.9','FreeCAD','Unknown');
FILE_SCHEMA(('AUTOMOTIVE_DESIGN { 1 0 10303 214 1 1 1 1 }'));
ENDSEC;
DATA;
#1 = APPLICATION_PROTOCOL_DEFINITION('international standard',
  'automotive_design',2000,#2);
#2 = APPLICATION_CONTEXT(
  'core data for automotive mechanical design processes');
#3 = SHAPE_DEFINITION_REPRESENTATION(#4,#10);
#4 = PRODUCT_DEFINITION_SHAPE('','',#5);
#5 = PRODUCT_DEFINITION('design','',#6,#9);
#6 = PRODUCT_DEFINITION_FORMATION('','',#7);
#7 = PRODUCT('Open CASCADE STEP translator 7.9 3',
  'Open CASCADE STEP translator 7.9 3','',(#8));
#8 = PRODUCT_CONTEXT('',#2,'mechanical');
#9 = PRODUCT_DEFINITION_CONTEXT('part definition',#2,'design');
#10 = SHAPE_REPRESENTATION('',(#11,#15,#430,#839,#1436,#1598,#1760,#1831
    ,#2014,#2197,#2268,#2451,#2634,#3531,#4339),#5611);
#11 = AXIS2_PLACEMENT_3D('',#12,#13,#14);
#12 = CARTESIAN_POINT('',(0.,0.,0.));
#13 = DIRECTION('',(0.,0.,1.));
#14 = DIRECTION('',(1.,0.,-0.));
#15 = MANIFOLD_SOLID_BREP('',#16);
#16 = CLOSED_SHELL('',(#17,#197,#206,#215,#376,#412,#421));
#17 = ADVANCED_FACE('',(#18,#45),#192,.T.);
#18 = FACE_BOUND('',#19,.T.);
#19 = EDGE_LOOP('',(#20,#30,#37,#38));
#20 = ORIENTED_EDGE('',*,*,#21,.T.);
#21 = EDGE_CURVE('',#22,#24,#26,.T.);
#22 = VERTEX_POINT('',#23);
#23 = CARTESIAN_POINT('',(21.,-75.,447.));
#24 = VERTEX_POINT('',#25);
#25 = CARTESIAN_POINT('',(21.,-75.,827.));
#26 = LINE('',#27,#28);
#27 = CARTESIAN_POINT('',(21.,-75.,447.));
#28 = VECTOR('',#29,1.);
#29 = DIRECTION('',(0.,0.,1.));
#30 = ORIENTED_EDGE('',*,*,#31,.F.);
#31 = EDGE_CURVE('',#24,#24,#32,.T.);
#32 = CIRCLE('',#33,21.);
#33 = AXIS2_PLACEMENT_3D('',#34,#35,#36);
#34 = CARTESIAN_POINT('',(0.,-75.,827.));
#35 = DIRECTION('',(0.,0.,1.));
#36 = DIRECTION('',(1.,0.,0.));
#37 = ORIENTED_EDGE('',*,*,#21,.F.);
#38 = ORIENTED_EDGE('',*,*,#39,.T.);
#39 = EDGE_CURVE('',#22,#22,#40,.T.);
#40 = CIRCLE('',#41,21.);
#41 = AXIS2_PLACEMENT_3D('',#42,#43,#44);
#42 = CARTESIAN_POINT('',(0.,-75.,447.));
#43 = DIRECTION('',(0.,0.,1.));
#44 = DIRECTION('',(1.,0.,0.));
#45 = FACE_BOUND('',#46,.T.);
#46 = EDGE_LOOP('',(#47));
#47 = ORIENTED_EDGE('',*,*,#48,.F.);
#48 = EDGE_CURVE('',#49,#49,#51,.T.);
#49 = VERTEX_POINT('',#50);
#50 = CARTESIAN_POINT('',(-2.939152317954E-15,-54.,712.));
#51 = B_SPLINE_CURVE_WITH_KNOTS('',7,(#52,#53,#54,#55,#56,#57,#58,#59,
    #60,#61,#62,#63,#64,#65,#66,#67,#68,#69,#70,#71,#72,#73,#74,#75,#76,
    #77,#78,#79,#80,#81,#82,#83,#84,#85,#86,#87,#88,#89,#90,#91,#92,#93,
    #94,#95,#96,#97,#98,#99,#100,#101,#102,#103,#104,#105,#106,#107,#108
    ,#109,#110,#111,#112,#113,#114,#115,#116,#117,#118,#119,#120,#121,
    #122,#123,#124,#125,#126,#127,#128,#129,#130,#131,#132,#133,#134,
    #135,#136,#137,#138,#139,#140,#141,#142,#143,#144,#145,#146,#147,
    #148,#149,#150,#151,#152,#153,#154,#155,#156,#157,#158,#159,#160,
    #161,#162,#163,#164,#165,#166,#167,#168,#169,#170,#171,#172,#173,
    #174,#175,#176,#177,#178,#179,#180,#181,#182,#183,#184,#185,#186,
    #187,#188,#189,#190,#191),.UNSPECIFIED.,.T.,.F.,(8,6,6,6,6,6,6,6,6,6
    ,6,6,6,6,6,6,6,6,6,6,6,6,6,8),(0.,3.372414566067E-02,
    8.106903192501E-02,9.99070584857E-02,0.114879059452,0.154528866746,
    0.20055146926,0.249811788083,0.298072614269,0.344654254937,
    0.418996697759,0.46598934348,0.499749009586,0.533508675693,
    0.580903428576,0.613782349183,0.653588185112,0.700506767664,
    0.749815507575,0.798897244477,0.845599543207,0.919166230658,
    0.966206279411,1.),.UNSPECIFIED.);
#52 = CARTESIAN_POINT('',(0.,-54.,712.));
#53 = CARTESIAN_POINT('',(0.457261264042,-54.,712.));
#54 = CARTESIAN_POINT('',(0.913830765308,-54.01161602146,711.97967196284
    ));
#55 = CARTESIAN_POINT('',(1.367382180347,-54.03478464642,711.93912686681
    ));
#56 = CARTESIAN_POINT('',(1.815602110545,-54.0691289908,711.87887816168)
  );
#57 = CARTESIAN_POINT('',(2.256213963731,-54.11396230499,711.799839883)
  );
#58 = CARTESIAN_POINT('',(2.687000999926,-54.16830864053,711.70333441692
    ));
#59 = CARTESIAN_POINT('',(3.693815039301,-54.31886874614,711.43355940815
    ));
#60 = CARTESIAN_POINT('',(4.258092904667,-54.42310652676,711.24506532162
    ));
#61 = CARTESIAN_POINT('',(4.797790525867,-54.54099425669,711.02914433511
    ));
#62 = CARTESIAN_POINT('',(5.312332865814,-54.66991715425,710.78905747818
    ));
#63 = CARTESIAN_POINT('',(5.801398452815,-54.80735827084,710.52785573895
    ));
#64 = CARTESIAN_POINT('',(6.264879313115,-54.95093871827,710.24841867716
    ));
#65 = CARTESIAN_POINT('',(6.877105272848,-55.15713642706,709.83613548426
    ));
#66 = CARTESIAN_POINT('',(7.047484647832,-55.21650223282,709.71622560586
    ));
#67 = CARTESIAN_POINT('',(7.214033157319,-55.27642560973,709.59388071529
    ));
#68 = CARTESIAN_POINT('',(7.376802849575,-55.33679524983,709.46921487379
    ));
#69 = CARTESIAN_POINT('',(7.535846633727,-55.3975055214,709.34233189548)
  );
#70 = CARTESIAN_POINT('',(7.691218279761,-55.45845646891,709.21332534729
    ));
#71 = CARTESIAN_POINT('',(7.963582881874,-55.56811248201,708.97812577147
    ));
#72 = CARTESIAN_POINT('',(8.081907337872,-55.61676314037,708.87268505943
    ));
#73 = CARTESIAN_POINT('',(8.197972562054,-55.66545823836,708.76599857695
    ));
#74 = CARTESIAN_POINT('',(8.311804373669,-55.71415166827,708.65810568745
    ));
#75 = CARTESIAN_POINT('',(8.423427635677,-55.76279876446,708.54904295372
    ));
#76 = CARTESIAN_POINT('',(8.532866254747,-55.81135630341,708.4388441379)
  );
#77 = CARTESIAN_POINT('',(8.924240776029,-55.98802785388,708.03277802239
    ));
#78 = CARTESIAN_POINT('',(9.1932342198,-56.11537705017,707.7302072604));
#79 = CARTESIAN_POINT('',(9.447483501469,-56.24102615439,707.42045744195
    ));
#80 = CARTESIAN_POINT('',(9.687318121189,-56.36423170612,707.10404192972
    ));
#81 = CARTESIAN_POINT('',(9.913027637542,-56.484298476,706.78137328115)
  );
#82 = CARTESIAN_POINT('',(10.124852214704,-56.60056721914,
    706.45277860687));
#83 = CARTESIAN_POINT('',(10.552937514478,-56.84221257723,
    705.73052604804));
#84 = CARTESIAN_POINT('',(10.764493982546,-56.96608038809,
    705.33480702676));
#85 = CARTESIAN_POINT('',(10.957717914632,-57.08289981534,
    704.93207710895));
#86 = CARTESIAN_POINT('',(11.132667410895,-57.19163388912,
    704.52297499931));
#87 = CARTESIAN_POINT('',(11.289369682004,-57.29132292368,
    704.10806788093));
#88 = CARTESIAN_POINT('',(11.427807400304,-57.38109272559,
    703.68786043248));
#89 = CARTESIAN_POINT('',(11.676451639805,-57.54479550326,
    702.80784428524));
#90 = CARTESIAN_POINT('',(11.783994416679,-57.61717521706,702.3473019573
    ));
#91 = CARTESIAN_POINT('',(11.870259025953,-57.67622651462,
    701.88235562185));
#92 = CARTESIAN_POINT('',(11.935078501752,-57.72110652241,
    701.41411208312));
#93 = CARTESIAN_POINT('',(11.978347998838,-57.75123554629,
    700.94362572304));
#94 = CARTESIAN_POINT('',(12.,-57.76631206038,700.47191844106));
#95 = CARTESIAN_POINT('',(12.,-57.76631206038,699.53765679147));
#96 = CARTESIAN_POINT('',(11.979217716818,-57.75184113948,
    699.07550519741));
#97 = CARTESIAN_POINT('',(11.937683838239,-57.72292064736,
    698.61450044119));
#98 = CARTESIAN_POINT('',(11.875460925429,-57.67982861947,
    698.15560860071));
#99 = CARTESIAN_POINT('',(11.792647209122,-57.62310041024,
    697.69982517046));
#100 = CARTESIAN_POINT('',(11.689398710154,-57.55351537018,
    697.2481932804));
#101 = CARTESIAN_POINT('',(11.446835243799,-57.39345758646,
    696.37098090433));
#102 = CARTESIAN_POINT('',(11.308899566345,-57.30379526448,
    695.9450378528));
#103 = CARTESIAN_POINT('',(11.152245142055,-57.20388264036,
    695.5244630871));
#104 = CARTESIAN_POINT('',(10.976894197839,-57.09462027426,
    695.10978283157));
#105 = CARTESIAN_POINT('',(10.782823422754,-56.9770001365,
    694.70158820748));
#106 = CARTESIAN_POINT('',(10.569978693312,-56.85209649668,
    694.30054457581));
#107 = CARTESIAN_POINT('',(9.968523552983,-56.5119226979,693.27995920341
    ));
#108 = CARTESIAN_POINT('',(9.551035037572,-56.28731580343,
    692.67310698431));
#109 = CARTESIAN_POINT('',(9.084504805085,-56.05128834544,
    692.08786637803));
#110 = CARTESIAN_POINT('',(8.566721379422,-55.80811602427,
    691.52635310748));
#111 = CARTESIAN_POINT('',(7.994868941684,-55.56264879718,
    690.99210025113));
#112 = CARTESIAN_POINT('',(7.365867405248,-55.32077010464,690.4904485775
    ));
#113 = CARTESIAN_POINT('',(6.241359679065,-54.94366843694,
    689.73743902351));
#114 = CARTESIAN_POINT('',(5.780729839821,-54.80156118338,
    689.46113058374));
#115 = CARTESIAN_POINT('',(5.294935157084,-54.66556482918,
    689.20283865529));
#116 = CARTESIAN_POINT('',(4.78409459512,-54.53800573941,688.96538228066
    ));
#117 = CARTESIAN_POINT('',(4.248534439229,-54.42134165929,
    688.75174333928));
#118 = CARTESIAN_POINT('',(3.688826436069,-54.31812274479,
    688.56510389964));
#119 = CARTESIAN_POINT('',(2.687000999839,-54.16830864052,
    688.29666558304));
#120 = CARTESIAN_POINT('',(2.256213963722,-54.11396230499,688.200160117)
  );
#121 = CARTESIAN_POINT('',(1.815602110615,-54.0691289908,688.12112183833
    ));
#122 = CARTESIAN_POINT('',(1.367382180417,-54.03478464642,
    688.06087313319));
#123 = CARTESIAN_POINT('',(0.913830765297,-54.01161602145,
    688.02032803715));
#124 = CARTESIAN_POINT('',(0.457261263952,-54.,688.));
#125 = CARTESIAN_POINT('',(-0.457261263951,-54.,688.));
#126 = CARTESIAN_POINT('',(-0.913830765298,-54.01161602145,
    688.02032803715));
#127 = CARTESIAN_POINT('',(-1.367382180417,-54.03478464642,
    688.06087313319));
#128 = CARTESIAN_POINT('',(-1.815602110616,-54.0691289908,
    688.12112183833));
#129 = CARTESIAN_POINT('',(-2.256213963723,-54.11396230499,688.200160117
    ));
#130 = CARTESIAN_POINT('',(-2.687000999839,-54.16830864052,
    688.29666558304));
#131 = CARTESIAN_POINT('',(-3.693815038555,-54.31886874603,
    688.56644059165));
#132 = CARTESIAN_POINT('',(-4.258092904536,-54.42310652669,
    688.75493467825));
#133 = CARTESIAN_POINT('',(-4.797790526379,-54.54099425679,
    688.97085566504));
#134 = CARTESIAN_POINT('',(-5.31233286636,-54.66991715442,
    689.21094252213));
#135 = CARTESIAN_POINT('',(-5.801398452798,-54.80735827087,
    689.47214426111));
#136 = CARTESIAN_POINT('',(-6.264879312538,-54.95093871807,
    689.75158132244));
#137 = CARTESIAN_POINT('',(-7.006670750142,-55.20077408098,
    690.25111607346));
#138 = CARTESIAN_POINT('',(-7.298699283081,-55.30515468346,
    690.46349958989));
#139 = CARTESIAN_POINT('',(-7.579199537074,-55.41096529796,
    690.68300571695));
#140 = CARTESIAN_POINT('',(-7.848453202529,-55.51764107694,
    690.90907247157));
#141 = CARTESIAN_POINT('',(-8.106744422604,-55.62466687689,
    691.14122750796));
#142 = CARTESIAN_POINT('',(-8.354350648848,-55.73157012387,
    691.37908094776));
#143 = CARTESIAN_POINT('',(-8.878685914184,-55.96666164367,
    691.91680058294));
#144 = CARTESIAN_POINT('',(-9.150594137528,-56.09460412213,
    692.21920888564));
#145 = CARTESIAN_POINT('',(-9.407627347721,-56.22092480335,
    692.52889761445));
#146 = CARTESIAN_POINT('',(-9.650124571069,-56.34487006549,
    692.84534121386));
#147 = CARTESIAN_POINT('',(-9.878384768714,-56.46573617949,
    693.16811824733));
#148 = CARTESIAN_POINT('',(-10.09265692601,-56.58285651255,
    693.49689556792));
#149 = CARTESIAN_POINT('',(-10.52942512012,-56.82846462296,
    694.22570290927));
#150 = CARTESIAN_POINT('',(-10.74661023565,-56.95527832533,
    694.62806897246));
#151 = CARTESIAN_POINT('',(-10.94477119572,-57.07485801805,
    695.03774797132));
#152 = CARTESIAN_POINT('',(-11.1239745235,-57.18610556369,
    695.45406485216));
#153 = CARTESIAN_POINT('',(-11.28425274223,-57.28800525137,
    695.87642217206));
#154 = CARTESIAN_POINT('',(-11.42558955941,-57.37963254008,
    696.30429005611));
#155 = CARTESIAN_POINT('',(-11.67645161893,-57.54479548952,
    697.1921556409));
#156 = CARTESIAN_POINT('',(-11.78399440652,-57.61717520986,
    697.65269798086));
#157 = CARTESIAN_POINT('',(-11.87025903151,-57.67622651827,
    698.11764437542));
#158 = CARTESIAN_POINT('',(-11.93507851469,-57.72110653143,
    698.58588798361));
#159 = CARTESIAN_POINT('',(-11.97834800794,-57.75123555263,
    699.05637438853));
#160 = CARTESIAN_POINT('',(-12.,-57.76631206038,699.52808165806));
#161 = CARTESIAN_POINT('',(-12.,-57.76631206038,700.46974576798));
#162 = CARTESIAN_POINT('',(-11.9785469062,-57.75137404744,
    700.93928492575));
#163 = CARTESIAN_POINT('',(-11.93567432794,-57.72152140287,
    701.40762024148));
#164 = CARTESIAN_POINT('',(-11.87144863524,-57.67705019816,
    701.87374264718));
#165 = CARTESIAN_POINT('',(-11.78597315198,-57.61852983924,
    702.33661130882));
#166 = CARTESIAN_POINT('',(-11.67941232086,-57.54678846995,
    702.79513408704));
#167 = CARTESIAN_POINT('',(-11.43083445537,-57.38304545374,
    703.67920096688));
#168 = CARTESIAN_POINT('',(-11.29078284994,-57.29219183293,
    704.10528084859));
#169 = CARTESIAN_POINT('',(-11.13196076183,-57.19113342943,
    704.52591985094));
#170 = CARTESIAN_POINT('',(-10.95438604986,-57.08078033582,
    704.94059344334));
#171 = CARTESIAN_POINT('',(-10.75802927686,-56.96213284554,
    705.34871105374));
#172 = CARTESIAN_POINT('',(-10.54282829302,-56.83627271864,
    705.74960637486));
#173 = CARTESIAN_POINT('',(-9.93990222444,-56.49655332228,
    706.76146761446));
#174 = CARTESIAN_POINT('',(-9.524397731131,-56.27386360594,
    707.36019453074));
#175 = CARTESIAN_POINT('',(-9.060868525343,-56.04020574724,
    707.93770010898));
#176 = CARTESIAN_POINT('',(-8.547148600032,-55.79972446539,
    708.4919029009));
#177 = CARTESIAN_POINT('',(-7.980509652599,-55.55712996221,
    709.01934416076));
#178 = CARTESIAN_POINT('',(-7.35799080842,-55.31812870189,
    709.51482586617));
#179 = CARTESIAN_POINT('',(-6.241359679064,-54.94366843694,
    710.26256097648));
#180 = CARTESIAN_POINT('',(-5.780729839822,-54.80156118338,
    710.53886941625));
#181 = CARTESIAN_POINT('',(-5.294935157084,-54.66556482918,
    710.7971613447));
#182 = CARTESIAN_POINT('',(-4.78409459512,-54.53800573941,
    711.03461771933));
#183 = CARTESIAN_POINT('',(-4.24853443923,-54.42134165929,
    711.24825666071));
#184 = CARTESIAN_POINT('',(-3.688826436068,-54.31812274479,
    711.43489610035));
#185 = CARTESIAN_POINT('',(-2.687000999926,-54.16830864053,
    711.70333441692));
#186 = CARTESIAN_POINT('',(-2.256213963732,-54.11396230499,711.799839883
    ));
#187 = CARTESIAN_POINT('',(-1.815602110543,-54.0691289908,
    711.87887816168));
#188 = CARTESIAN_POINT('',(-1.367382180346,-54.03478464642,
    711.93912686681));
#189 = CARTESIAN_POINT('',(-0.913830765309,-54.01161602146,
    711.97967196284));
#190 = CARTESIAN_POINT('',(-0.457261264041,-54.,712.));
#191 = CARTESIAN_POINT('',(0.,-54.,712.));
#192 = CYLINDRICAL_SURFACE('',#193,21.);
#193 = AXIS2_PLACEMENT_3D('',#194,#195,#196);
#194 = CARTESIAN_POINT('',(0.,-75.,447.));
#195 = DIRECTION('',(0.,0.,1.));
#196 = DIRECTION('',(1.,0.,0.));
#197 = ADVANCED_FACE('',(#198),#201,.F.);
#198 = FACE_BOUND('',#199,.T.);
#199 = EDGE_LOOP('',(#200));
#200 = ORIENTED_EDGE('',*,*,#39,.F.);
#201 = PLANE('',#202);
#202 = AXIS2_PLACEMENT_3D('',#203,#204,#205);
#203 = CARTESIAN_POINT('',(0.,-75.,447.));
#204 = DIRECTION('',(0.,0.,1.));
#205 = DIRECTION('',(1.,0.,0.));
#206 = ADVANCED_FACE('',(#207),#210,.T.);
#207 = FACE_BOUND('',#208,.T.);
#208 = EDGE_LOOP('',(#209));
#209 = ORIENTED_EDGE('',*,*,#31,.T.);
#210 = PLANE('',#211);
#211 = AXIS2_PLACEMENT_3D('',#212,#213,#214);
#212 = CARTESIAN_POINT('',(0.,-75.,827.));
#213 = DIRECTION('',(0.,0.,1.));
#214 = DIRECTION('',(1.,0.,0.));
#215 = ADVANCED_FACE('',(#216),#371,.T.);
#216 = FACE_BOUND('',#217,.T.);
#217 = EDGE_LOOP('',(#218,#363,#369,#370));
#218 = ORIENTED_EDGE('',*,*,#219,.F.);
#219 = EDGE_CURVE('',#220,#220,#222,.T.);
#220 = VERTEX_POINT('',#221);
#221 = CARTESIAN_POINT('',(-2.939152317954E-15,54.,712.));
#222 = B_SPLINE_CURVE_WITH_KNOTS('',7,(#223,#224,#225,#226,#227,#228,
    #229,#230,#231,#232,#233,#234,#235,#236,#237,#238,#239,#240,#241,
    #242,#243,#244,#245,#246,#247,#248,#249,#250,#251,#252,#253,#254,
    #255,#256,#257,#258,#259,#260,#261,#262,#263,#264,#265,#266,#267,
    #268,#269,#270,#271,#272,#273,#274,#275,#276,#277,#278,#279,#280,
    #281,#282,#283,#284,#285,#286,#287,#288,#289,#290,#291,#292,#293,
    #294,#295,#296,#297,#298,#299,#300,#301,#302,#303,#304,#305,#306,
    #307,#308,#309,#310,#311,#312,#313,#314,#315,#316,#317,#318,#319,
    #320,#321,#322,#323,#324,#325,#326,#327,#328,#329,#330,#331,#332,
    #333,#334,#335,#336,#337,#338,#339,#340,#341,#342,#343,#344,#345,
    #346,#347,#348,#349,#350,#351,#352,#353,#354,#355,#356,#357,#358,
    #359,#360,#361,#362),.UNSPECIFIED.,.T.,.F.,(8,6,6,6,6,6,6,6,6,6,6,6,
    6,6,6,6,6,6,6,6,6,6,6,8),(0.,3.372414575323E-02,8.106903213292E-02,
    9.990705871465E-02,0.114879059697,0.154528866004,0.200551468512,
    0.249811787331,0.298072613512,0.344654254178,0.418996697,
    0.465989342659,0.499749008677,0.533508674695,0.580903427454,
    0.613782347442,0.653588184462,0.700506767105,0.749815507106,
    0.798897244098,0.845599542915,0.919166230501,0.966206279341,1.),
  .UNSPECIFIED.);
#223 = CARTESIAN_POINT('',(-3.552713678801E-15,54.,712.));
#224 = CARTESIAN_POINT('',(0.457261264456,54.,712.));
#225 = CARTESIAN_POINT('',(0.913830765359,54.011616021483,711.9796719628
    ));
#226 = CARTESIAN_POINT('',(1.36738218002,54.034784646414,711.93912686682
    ));
#227 = CARTESIAN_POINT('',(1.815602110214,54.069128990759,
    711.87887816175));
#228 = CARTESIAN_POINT('',(2.256213963771,54.113962304977,
    711.79983988302));
#229 = CARTESIAN_POINT('',(2.687001000328,54.168308640597,
    711.70333441682));
#230 = CARTESIAN_POINT('',(3.693815038554,54.318868746032,
    711.43355940835));
#231 = CARTESIAN_POINT('',(4.258092904537,54.423106526692,
    711.24506532175));
#232 = CARTESIAN_POINT('',(4.797790526378,54.540994256791,
    711.02914433495));
#233 = CARTESIAN_POINT('',(5.31233286636,54.669917154424,710.78905747786
    ));
#234 = CARTESIAN_POINT('',(5.8013984528,54.807358270872,710.52785573888)
  );
#235 = CARTESIAN_POINT('',(6.264879312538,54.950938718077,
    710.24841867755));
#236 = CARTESIAN_POINT('',(6.877105272848,55.15713642706,709.83613548426
    ));
#237 = CARTESIAN_POINT('',(7.047484647832,55.216502232829,
    709.71622560586));
#238 = CARTESIAN_POINT('',(7.214033157319,55.276425609733,
    709.59388071529));
#239 = CARTESIAN_POINT('',(7.376802849575,55.336795249834,
    709.46921487379));
#240 = CARTESIAN_POINT('',(7.535846633727,55.397505521404,
    709.34233189548));
#241 = CARTESIAN_POINT('',(7.691218279761,55.458456468918,
    709.21332534729));
#242 = CARTESIAN_POINT('',(7.963582881873,55.568112482012,
    708.97812577147));
#243 = CARTESIAN_POINT('',(8.081907337872,55.616763140378,
    708.87268505943));
#244 = CARTESIAN_POINT('',(8.197972562054,55.665458238366,
    708.76599857695));
#245 = CARTESIAN_POINT('',(8.311804373669,55.714151668271,
    708.65810568745));
#246 = CARTESIAN_POINT('',(8.423427635677,55.762798764468,
    708.54904295372));
#247 = CARTESIAN_POINT('',(8.532866254747,55.811356303416,708.4388441379
    ));
#248 = CARTESIAN_POINT('',(8.924240768635,55.988027850547,
    708.03277803006));
#249 = CARTESIAN_POINT('',(9.193234225729,56.115377053195,
    707.73020725235));
#250 = CARTESIAN_POINT('',(9.447483507285,56.241026157057,
    707.42045743576));
#251 = CARTESIAN_POINT('',(9.687318117212,56.364231703892,
    707.10404193631));
#252 = CARTESIAN_POINT('',(9.913027631245,56.484298472907,
    706.78137328909));
#253 = CARTESIAN_POINT('',(10.124852219599,56.600567221908,
    706.45277859861));
#254 = CARTESIAN_POINT('',(10.552937514491,56.842212577247,
    705.73052604802));
#255 = CARTESIAN_POINT('',(10.764493982545,56.966080388098,
    705.33480702676));
#256 = CARTESIAN_POINT('',(10.957717914622,57.082899815335,
    704.93207710897));
#257 = CARTESIAN_POINT('',(11.132667410889,57.191633889121,
    704.52297499933));
#258 = CARTESIAN_POINT('',(11.289369682007,57.291322923689,
    704.10806788093));
#259 = CARTESIAN_POINT('',(11.427807400311,57.381092725595,
    703.68786043245));
#260 = CARTESIAN_POINT('',(11.676451639805,57.544795503263,
    702.80784428524));
#261 = CARTESIAN_POINT('',(11.783994416679,57.617175217061,
    702.3473019573));
#262 = CARTESIAN_POINT('',(11.870259025953,57.676226514629,
    701.88235562185));
#263 = CARTESIAN_POINT('',(11.935078501752,57.721106522414,
    701.41411208312));
#264 = CARTESIAN_POINT('',(11.978347998838,57.751235546295,
    700.94362572304));
#265 = CARTESIAN_POINT('',(12.,57.766312060386,700.47191844106));
#266 = CARTESIAN_POINT('',(12.,57.766312060386,699.53765679147));
#267 = CARTESIAN_POINT('',(11.979217716818,57.751841139484,
    699.07550519741));
#268 = CARTESIAN_POINT('',(11.937683838239,57.722920647362,
    698.61450044119));
#269 = CARTESIAN_POINT('',(11.875460925429,57.679828619477,
    698.15560860071));
#270 = CARTESIAN_POINT('',(11.792647209122,57.623100410242,
    697.69982517046));
#271 = CARTESIAN_POINT('',(11.689398710154,57.553515370187,
    697.2481932804));
#272 = CARTESIAN_POINT('',(11.446835243795,57.393457586458,
    696.37098090431));
#273 = CARTESIAN_POINT('',(11.308899566343,57.303795264488,
    695.9450378528));
#274 = CARTESIAN_POINT('',(11.152245142059,57.203882640371,
    695.52446308711));
#275 = CARTESIAN_POINT('',(10.976894197846,57.094620274272,
    695.10978283158));
#276 = CARTESIAN_POINT('',(10.782823422754,56.977000136501,
    694.70158820748));
#277 = CARTESIAN_POINT('',(10.569978693303,56.852096496684,
    694.30054457579));
#278 = CARTESIAN_POINT('',(9.968523552984,56.511922697906,
    693.27995920341));
#279 = CARTESIAN_POINT('',(9.551035037568,56.287315803438,
    692.67310698431));
#280 = CARTESIAN_POINT('',(9.084504805095,56.051288345446,
    692.08786637803));
#281 = CARTESIAN_POINT('',(8.56672137941,55.808116024271,691.52635310747
    ));
#282 = CARTESIAN_POINT('',(7.99486894169,55.562648797183,690.99210025113
    ));
#283 = CARTESIAN_POINT('',(7.365867405247,55.32077010464,690.4904485775)
  );
#284 = CARTESIAN_POINT('',(6.241359679638,54.943668437138,
    689.73743902389));
#285 = CARTESIAN_POINT('',(5.780729839818,54.801561183352,
    689.46113058366));
#286 = CARTESIAN_POINT('',(5.29493515651,54.665564829009,689.20283865496
    ));
#287 = CARTESIAN_POINT('',(4.784094594587,54.538005739321,688.9653822805
    ));
#288 = CARTESIAN_POINT('',(4.248534439357,54.421341659363,
    688.75174333941));
#289 = CARTESIAN_POINT('',(3.688826436826,54.31812274491,688.56510389984
    ));
#290 = CARTESIAN_POINT('',(2.687000999839,54.168308640523,
    688.29666558304));
#291 = CARTESIAN_POINT('',(2.256213963722,54.113962304993,688.200160117)
  );
#292 = CARTESIAN_POINT('',(1.815602110616,54.069128990809,
    688.12112183833));
#293 = CARTESIAN_POINT('',(1.367382180417,54.034784646425,
    688.06087313319));
#294 = CARTESIAN_POINT('',(0.913830765297,54.011616021457,
    688.02032803715));
#295 = CARTESIAN_POINT('',(0.457261263951,54.,688.));
#296 = CARTESIAN_POINT('',(-0.457261263951,54.,688.));
#297 = CARTESIAN_POINT('',(-0.913830765298,54.011616021457,
    688.02032803715));
#298 = CARTESIAN_POINT('',(-1.367382180417,54.034784646424,
    688.06087313319));
#299 = CARTESIAN_POINT('',(-1.815602110616,54.069128990809,
    688.12112183833));
#300 = CARTESIAN_POINT('',(-2.256213963723,54.113962304993,688.200160117
    ));
#301 = CARTESIAN_POINT('',(-2.687000999839,54.168308640523,
    688.29666558304));
#302 = CARTESIAN_POINT('',(-3.693815038555,54.318868746032,
    688.56644059165));
#303 = CARTESIAN_POINT('',(-4.258092904536,54.423106526692,
    688.75493467825));
#304 = CARTESIAN_POINT('',(-4.797790526379,54.540994256791,
    688.97085566504));
#305 = CARTESIAN_POINT('',(-5.31233286636,54.669917154424,
    689.21094252213));
#306 = CARTESIAN_POINT('',(-5.801398452798,54.807358270872,
    689.47214426111));
#307 = CARTESIAN_POINT('',(-6.264879312538,54.950938718077,
    689.75158132244));
#308 = CARTESIAN_POINT('',(-7.006670745209,55.200774079326,
    690.25111607014));
#309 = CARTESIAN_POINT('',(-7.298699287781,55.305154685312,
    690.46349959389));
#310 = CARTESIAN_POINT('',(-7.579199540834,55.410965299225,
    690.68300571947));
#311 = CARTESIAN_POINT('',(-7.848453198565,55.517641075227,
    690.90907246771));
#312 = CARTESIAN_POINT('',(-8.106744417612,55.624666875022,691.141227504
    ));
#313 = CARTESIAN_POINT('',(-8.35435065346,55.731570125942,
    691.37908095249));
#314 = CARTESIAN_POINT('',(-8.878685921894,55.966661647129,
    691.91680059084));
#315 = CARTESIAN_POINT('',(-9.150594131348,56.094604119005,
    692.21920887734));
#316 = CARTESIAN_POINT('',(-9.407627341658,56.220924800596,
    692.52889760806));
#317 = CARTESIAN_POINT('',(-9.650124575214,56.34487006781,
    692.84534122066));
#318 = CARTESIAN_POINT('',(-9.878384775276,56.465736182707,
    693.16811825552));
#319 = CARTESIAN_POINT('',(-10.09265692091,56.582856509683,
    693.4968955594));
#320 = CARTESIAN_POINT('',(-10.5294251201,56.828464622952,
    694.22570290924));
#321 = CARTESIAN_POINT('',(-10.74661023565,56.955278325333,
    694.62806897245));
#322 = CARTESIAN_POINT('',(-10.94477119574,57.074858018062,
    695.03774797134));
#323 = CARTESIAN_POINT('',(-11.12397452351,57.186105563696,
    695.45406485218));
#324 = CARTESIAN_POINT('',(-11.28425274222,57.288005251371,
    695.87642217206));
#325 = CARTESIAN_POINT('',(-11.4255895594,57.379632540082,
    696.30429005608));
#326 = CARTESIAN_POINT('',(-11.67645161893,57.544795489524,
    697.1921556409));
#327 = CARTESIAN_POINT('',(-11.78399440652,57.617175209869,
    697.65269798085));
#328 = CARTESIAN_POINT('',(-11.87025903151,57.676226518277,
    698.11764437542));
#329 = CARTESIAN_POINT('',(-11.93507851469,57.721106531432,
    698.58588798361));
#330 = CARTESIAN_POINT('',(-11.97834800794,57.751235552633,
    699.05637438853));
#331 = CARTESIAN_POINT('',(-12.,57.766312060386,699.52808165806));
#332 = CARTESIAN_POINT('',(-12.,57.766312060386,700.46974576798));
#333 = CARTESIAN_POINT('',(-11.9785469062,57.751374047446,
    700.93928492575));
#334 = CARTESIAN_POINT('',(-11.93567432794,57.72152140288,
    701.40762024147));
#335 = CARTESIAN_POINT('',(-11.87144863524,57.677050198162,
    701.87374264718));
#336 = CARTESIAN_POINT('',(-11.78597315198,57.618529839244,
    702.33661130882));
#337 = CARTESIAN_POINT('',(-11.67941232086,57.546788469955,
    702.79513408704));
#338 = CARTESIAN_POINT('',(-11.43083445537,57.383045453748,
    703.67920096688));
#339 = CARTESIAN_POINT('',(-11.29078284994,57.292191832932,
    704.10528084859));
#340 = CARTESIAN_POINT('',(-11.13196076183,57.191133429439,
    704.52591985093));
#341 = CARTESIAN_POINT('',(-10.95438604986,57.080780335829,
    704.94059344334));
#342 = CARTESIAN_POINT('',(-10.75802927686,56.962132845548,
    705.34871105374));
#343 = CARTESIAN_POINT('',(-10.54282829302,56.836272718643,
    705.74960637486));
#344 = CARTESIAN_POINT('',(-9.939902224438,56.496553322286,
    706.76146761446));
#345 = CARTESIAN_POINT('',(-9.524397731136,56.273863605942,
    707.36019453073));
#346 = CARTESIAN_POINT('',(-9.060868525334,56.040205747244,
    707.93770010899));
#347 = CARTESIAN_POINT('',(-8.547148600042,55.799724465399,
    708.49190290089));
#348 = CARTESIAN_POINT('',(-7.980509652591,55.557129962216,
    709.01934416076));
#349 = CARTESIAN_POINT('',(-7.357990808424,55.318128701893,
    709.51482586616));
#350 = CARTESIAN_POINT('',(-6.241359679064,54.943668436946,
    710.26256097648));
#351 = CARTESIAN_POINT('',(-5.780729839822,54.801561183385,
    710.53886941625));
#352 = CARTESIAN_POINT('',(-5.294935157085,54.665564829184,
    710.7971613447));
#353 = CARTESIAN_POINT('',(-4.78409459512,54.538005739418,
    711.03461771933));
#354 = CARTESIAN_POINT('',(-4.248534439229,54.421341659294,
    711.24825666071));
#355 = CARTESIAN_POINT('',(-3.688826436068,54.318122744796,
    711.43489610035));
#356 = CARTESIAN_POINT('',(-2.687000999838,54.168308640523,
    711.70333441695));
#357 = CARTESIAN_POINT('',(-2.256213963724,54.113962304993,
    711.79983988299));
#358 = CARTESIAN_POINT('',(-1.815602110614,54.069128990809,
    711.87887816166));
#359 = CARTESIAN_POINT('',(-1.367382180416,54.034784646424,
    711.93912686681));
#360 = CARTESIAN_POINT('',(-0.913830765299,54.011616021458,
    711.97967196284));
#361 = CARTESIAN_POINT('',(-0.457261263951,54.,712.));
#362 = CARTESIAN_POINT('',(-3.552713678801E-15,54.,712.));
#363 = ORIENTED_EDGE('',*,*,#364,.F.);
#364 = EDGE_CURVE('',#49,#220,#365,.T.);
#365 = LINE('',#366,#367);
#366 = CARTESIAN_POINT('',(-2.939152317954E-15,-75.,712.));
#367 = VECTOR('',#368,1.);
#368 = DIRECTION('',(0.,1.,0.));
#369 = ORIENTED_EDGE('',*,*,#48,.T.);
#370 = ORIENTED_EDGE('',*,*,#364,.T.);
#371 = CYLINDRICAL_SURFACE('',#372,12.);
#372 = AXIS2_PLACEMENT_3D('',#373,#374,#375);
#373 = CARTESIAN_POINT('',(0.,-75.,700.));
#374 = DIRECTION('',(0.,1.,0.));
#375 = DIRECTION('',(0.,0.,1.));
#376 = ADVANCED_FACE('',(#377,#404),#407,.T.);
#377 = FACE_BOUND('',#378,.T.);
#378 = EDGE_LOOP('',(#379,#389,#396,#397));
#379 = ORIENTED_EDGE('',*,*,#380,.T.);
#380 = EDGE_CURVE('',#381,#383,#385,.T.);
#381 = VERTEX_POINT('',#382);
#382 = CARTESIAN_POINT('',(21.,75.,447.));
#383 = VERTEX_POINT('',#384);
#384 = CARTESIAN_POINT('',(21.,75.,827.));
#385 = LINE('',#386,#387);
#386 = CARTESIAN_POINT('',(21.,75.,447.));
#387 = VECTOR('',#388,1.);
#388 = DIRECTION('',(0.,0.,1.));
#389 = ORIENTED_EDGE('',*,*,#390,.F.);
#390 = EDGE_CURVE('',#383,#383,#391,.T.);
#391 = CIRCLE('',#392,21.);
#392 = AXIS2_PLACEMENT_3D('',#393,#394,#395);
#393 = CARTESIAN_POINT('',(0.,75.,827.));
#394 = DIRECTION('',(0.,0.,1.));
#395 = DIRECTION('',(1.,0.,0.));
#396 = ORIENTED_EDGE('',*,*,#380,.F.);
#397 = ORIENTED_EDGE('',*,*,#398,.T.);
#398 = EDGE_CURVE('',#381,#381,#399,.T.);
#399 = CIRCLE('',#400,21.);
#400 = AXIS2_PLACEMENT_3D('',#401,#402,#403);
#401 = CARTESIAN_POINT('',(0.,75.,447.));
#402 = DIRECTION('',(0.,0.,1.));
#403 = DIRECTION('',(1.,0.,0.));
#404 = FACE_BOUND('',#405,.T.);
#405 = EDGE_LOOP('',(#406));
#406 = ORIENTED_EDGE('',*,*,#219,.T.);
#407 = CYLINDRICAL_SURFACE('',#408,21.);
#408 = AXIS2_PLACEMENT_3D('',#409,#410,#411);
#409 = CARTESIAN_POINT('',(0.,75.,447.));
#410 = DIRECTION('',(0.,0.,1.));
#411 = DIRECTION('',(1.,0.,0.));
#412 = ADVANCED_FACE('',(#413),#416,.F.);
#413 = FACE_BOUND('',#414,.T.);
#414 = EDGE_LOOP('',(#415));
#415 = ORIENTED_EDGE('',*,*,#398,.F.);
#416 = PLANE('',#417);
#417 = AXIS2_PLACEMENT_3D('',#418,#419,#420);
#418 = CARTESIAN_POINT('',(0.,75.,447.));
#419 = DIRECTION('',(0.,0.,1.));
#420 = DIRECTION('',(1.,0.,0.));
#421 = ADVANCED_FACE('',(#422),#425,.T.);
#422 = FACE_BOUND('',#423,.T.);
#423 = EDGE_LOOP('',(#424));
#424 = ORIENTED_EDGE('',*,*,#390,.T.);
#425 = PLANE('',#426);
#426 = AXIS2_PLACEMENT_3D('',#427,#428,#429);
#427 = CARTESIAN_POINT('',(0.,75.,827.));
#428 = DIRECTION('',(0.,0.,1.));
#429 = DIRECTION('',(1.,0.,0.));
#430 = MANIFOLD_SOLID_BREP('',#431);
#431 = CLOSED_SHELL('',(#432,#553,#562,#594,#749,#760,#776,#803,#830));
#432 = ADVANCED_FACE('',(#433),#548,.T.);
#433 = FACE_BOUND('',#434,.T.);
#434 = EDGE_LOOP('',(#435,#445,#454,#533,#540,#541));
#435 = ORIENTED_EDGE('',*,*,#436,.T.);
#436 = EDGE_CURVE('',#437,#439,#441,.T.);
#437 = VERTEX_POINT('',#438);
#438 = CARTESIAN_POINT('',(21.,-200.,437.));
#439 = VERTEX_POINT('',#440);
#440 = CARTESIAN_POINT('',(21.,-200.,960.));
#441 = LINE('',#442,#443);
#442 = CARTESIAN_POINT('',(21.,-200.,437.));
#443 = VECTOR('',#444,1.);
#444 = DIRECTION('',(0.,0.,1.));
#445 = ORIENTED_EDGE('',*,*,#446,.F.);
#446 = EDGE_CURVE('',#447,#439,#449,.T.);
#447 = VERTEX_POINT('',#448);
#448 = CARTESIAN_POINT('',(-12.,-182.7663120603,960.));
#449 = CIRCLE('',#450,21.);
#450 = AXIS2_PLACEMENT_3D('',#451,#452,#453);
#451 = CARTESIAN_POINT('',(0.,-200.,960.));
#452 = DIRECTION('',(0.,0.,1.));
#453 = DIRECTION('',(1.,0.,0.));
#454 = ORIENTED_EDGE('',*,*,#455,.F.);
#455 = EDGE_CURVE('',#456,#447,#458,.T.);
#456 = VERTEX_POINT('',#457);
#457 = CARTESIAN_POINT('',(12.,-182.7663120603,960.));
#458 = B_SPLINE_CURVE_WITH_KNOTS('',7,(#459,#460,#461,#462,#463,#464,
    #465,#466,#467,#468,#469,#470,#471,#472,#473,#474,#475,#476,#477,
    #478,#479,#480,#481,#482,#483,#484,#485,#486,#487,#488,#489,#490,
    #491,#492,#493,#494,#495,#496,#497,#498,#499,#500,#501,#502,#503,
    #504,#505,#506,#507,#508,#509,#510,#511,#512,#513,#514,#515,#516,
    #517,#518,#519,#520,#521,#522,#523,#524,#525,#526,#527,#528,#529,
    #530,#531,#532),.UNSPECIFIED.,.F.,.F.,(8,6,6,6,6,6,6,6,6,6,6,6,8),(
    0.,9.81734817903E-02,0.191658022491,0.270629830348,0.300342239756,
    0.339222012811,0.390140838203,0.456290409547,0.547118787959,
    0.610158210351,0.81001268273,0.97299302379,1.),.UNSPECIFIED.);
#459 = CARTESIAN_POINT('',(12.,-182.7663120603,960.0000006));
#460 = CARTESIAN_POINT('',(12.000000023494,-182.7663120767,
    959.53012056195));
#461 = CARTESIAN_POINT('',(11.978534687416,-182.7513655393,
    959.06044740416));
#462 = CARTESIAN_POINT('',(11.93563765459,-182.7214958666,
    958.59197913337));
#463 = CARTESIAN_POINT('',(11.871375365023,-182.6769994643,
    958.12572561096));
#464 = CARTESIAN_POINT('',(11.785851236614,-182.6184463705,
    957.66272850837));
#465 = CARTESIAN_POINT('',(11.679229868581,-182.5466656347,
    957.20408087099));
#466 = CARTESIAN_POINT('',(11.430419800721,-182.3827748417,
    956.31945422796));
#467 = CARTESIAN_POINT('',(11.290169241484,-182.2917967465,
    955.89294673197));
#468 = CARTESIAN_POINT('',(11.131109506943,-182.1905949729,
    955.47189313039));
#469 = CARTESIAN_POINT('',(10.953258319744,-182.0800826057,
    955.05681934039));
#470 = CARTESIAN_POINT('',(10.756585835253,-181.9612632298,
    954.64831762639));
#471 = CARTESIAN_POINT('',(10.541029288685,-181.8352221726,
    954.24705635793));
#472 = CARTESIAN_POINT('',(10.108393619707,-181.5915214827,
    953.52157469361));
#473 = CARTESIAN_POINT('',(9.896702354354,-181.4755738841,
    953.19499203011));
#474 = CARTESIAN_POINT('',(9.671252075367,-181.3559018958,952.8742964093
    ));
#475 = CARTESIAN_POINT('',(9.431803235918,-181.2331559318,
    952.55981188901));
#476 = CARTESIAN_POINT('',(9.178067871344,-181.1080219758,
    952.25194705242));
#477 = CARTESIAN_POINT('',(8.909718957341,-180.981233684,951.95121010768
    ));
#478 = CARTESIAN_POINT('',(8.519803554009,-180.8055576603,
    951.54799068055));
#479 = CARTESIAN_POINT('',(8.411080358863,-180.7574055086,
    951.43884652856));
#480 = CARTESIAN_POINT('',(8.300207728556,-180.7091688354,
    951.33082187676));
#481 = CARTESIAN_POINT('',(8.187162294031,-180.660889848,951.22394979072
    ));
#482 = CARTESIAN_POINT('',(8.071919771334,-180.6126121556,
    951.11826605648));
#483 = CARTESIAN_POINT('',(7.95445496162,-180.5643807701,951.01380918059
    ));
#484 = CARTESIAN_POINT('',(7.678092642317,-180.4532509042,
    950.77559408842));
#485 = CARTESIAN_POINT('',(7.517595507632,-180.3904193731,
    950.64274064815));
#486 = CARTESIAN_POINT('',(7.353190089772,-180.3278509005,
    950.51215148415));
#487 = CARTESIAN_POINT('',(7.184817343567,-180.2656553855,
    950.38392975428));
#488 = CARTESIAN_POINT('',(7.012419435997,-180.2039492374,
    950.25819035938));
#489 = CARTESIAN_POINT('',(6.835939746192,-180.1428553758,
    950.13505994326));
#490 = CARTESIAN_POINT('',(6.418778289902,-180.0034631514,
    949.85701744541));
#491 = CARTESIAN_POINT('',(6.175094784948,-179.9256810235,949.7040413567
    ));
#492 = CARTESIAN_POINT('',(5.924189902084,-179.849464482,949.55609392262
    ));
#493 = CARTESIAN_POINT('',(5.665994654464,-179.7751404635,
    949.41354975759));
#494 = CARTESIAN_POINT('',(5.400453669799,-179.7030543829,
    949.27681318266));
#495 = CARTESIAN_POINT('',(5.127525343286,-179.6335693099,949.1463186137
    ));
#496 = CARTESIAN_POINT('',(4.482982846669,-179.4806683779,
    948.86171614592));
#497 = CARTESIAN_POINT('',(4.105755766285,-179.3991805904,
    948.71199448857));
#498 = CARTESIAN_POINT('',(3.716218308797,-179.3236606383,
    948.57481428344));
#499 = CARTESIAN_POINT('',(3.315159164709,-179.2551219033,
    948.45151100199));
#500 = CARTESIAN_POINT('',(2.903437818615,-179.1945147129,948.3433162228
    ));
#501 = CARTESIAN_POINT('',(2.481984212191,-179.1427087606,
    948.25136657297));
#502 = CARTESIAN_POINT('',(1.461120670516,-179.0424860885,
    948.07420719841));
#503 = CARTESIAN_POINT('',(0.854603867156,-179.0026058645,
    948.00441761072));
#504 = CARTESIAN_POINT('',(0.238678365877,-178.9831356323,
    947.97059266064));
#505 = CARTESIAN_POINT('',(-0.380045472148,-178.9852496415,
    947.97426708262));
#506 = CARTESIAN_POINT('',(-0.994902369773,-179.0088669081,
    948.01533515499));
#507 = CARTESIAN_POINT('',(-1.599296666306,-179.0526558832,
    948.09204892696));
#508 = CARTESIAN_POINT('',(-2.594601164008,-179.1568680844,
    948.27651771198));
#509 = CARTESIAN_POINT('',(-2.994183913927,-179.2080959825,
    948.36758246071));
#510 = CARTESIAN_POINT('',(-3.384737388413,-179.2671702844,
    948.47320686251));
#511 = CARTESIAN_POINT('',(-3.765482586473,-179.3333286477,
    948.59239497451));
#512 = CARTESIAN_POINT('',(-4.135698847872,-179.4057459911,
    948.72407644587));
#513 = CARTESIAN_POINT('',(-4.49472402764,-179.4835481956,
    948.86709955971));
#514 = CARTESIAN_POINT('',(-5.942783236336,-179.8266712884,
    949.50567699741));
#515 = CARTESIAN_POINT('',(-6.927890459716,-180.13316957,950.09390167291
    ));
#516 = CARTESIAN_POINT('',(-7.801327302399,-180.4625370928,
    950.75704458695));
#517 = CARTESIAN_POINT('',(-8.57084111704,-180.7971680444,
    951.47681895167));
#518 = CARTESIAN_POINT('',(-9.244424596631,-181.1241587558,
    952.24178972987));
#519 = CARTESIAN_POINT('',(-9.828846382823,-181.4333126645,
    953.04636527033));
#520 = CARTESIAN_POINT('',(-10.7343152296,-181.944732804,954.57667873908
    ));
#521 = CARTESIAN_POINT('',(-11.0842792485,-182.1563181759,
    955.28994055406));
#522 = CARTESIAN_POINT('',(-11.37673628664,-182.3430881,956.02416342623)
  );
#523 = CARTESIAN_POINT('',(-11.61141077081,-182.4991383375,
    956.77502831649));
#524 = CARTESIAN_POINT('',(-11.78813093202,-182.6197110816,
    957.53885715331));
#525 = CARTESIAN_POINT('',(-11.90650940059,-182.7014388798,
    958.3124887423));
#526 = CARTESIAN_POINT('',(-11.97547569274,-182.7492572841,
    959.22230799953));
#527 = CARTESIAN_POINT('',(-11.98364828318,-182.7549334543,
    959.35176115869));
#528 = CARTESIAN_POINT('',(-11.99018808917,-182.7594813782,
    959.48131147726));
#529 = CARTESIAN_POINT('',(-11.99509381938,-182.7628958287,
    959.61093490995));
#530 = CARTESIAN_POINT('',(-11.99836460636,-182.7651733114,
    959.74060722215));
#531 = CARTESIAN_POINT('',(-12.00000000648,-182.7663120649,
    959.87030398991));
#532 = CARTESIAN_POINT('',(-12.,-182.7663120603,960.0000006));
#533 = ORIENTED_EDGE('',*,*,#534,.F.);
#534 = EDGE_CURVE('',#439,#456,#535,.T.);
#535 = CIRCLE('',#536,21.);
#536 = AXIS2_PLACEMENT_3D('',#537,#538,#539);
#537 = CARTESIAN_POINT('',(0.,-200.,960.));
#538 = DIRECTION('',(0.,0.,1.));
#539 = DIRECTION('',(1.,0.,0.));
#540 = ORIENTED_EDGE('',*,*,#436,.F.);
#541 = ORIENTED_EDGE('',*,*,#542,.T.);
#542 = EDGE_CURVE('',#437,#437,#543,.T.);
#543 = CIRCLE('',#544,21.);
#544 = AXIS2_PLACEMENT_3D('',#545,#546,#547);
#545 = CARTESIAN_POINT('',(0.,-200.,437.));
#546 = DIRECTION('',(0.,0.,1.));
#547 = DIRECTION('',(1.,0.,0.));
#548 = CYLINDRICAL_SURFACE('',#549,21.);
#549 = AXIS2_PLACEMENT_3D('',#550,#551,#552);
#550 = CARTESIAN_POINT('',(0.,-200.,437.));
#551 = DIRECTION('',(0.,0.,1.));
#552 = DIRECTION('',(1.,0.,0.));
#553 = ADVANCED_FACE('',(#554),#557,.F.);
#554 = FACE_BOUND('',#555,.T.);
#555 = EDGE_LOOP('',(#556));
#556 = ORIENTED_EDGE('',*,*,#542,.F.);
#557 = PLANE('',#558);
#558 = AXIS2_PLACEMENT_3D('',#559,#560,#561);
#559 = CARTESIAN_POINT('',(0.,-200.,437.));
#560 = DIRECTION('',(0.,0.,1.));
#561 = DIRECTION('',(1.,0.,0.));
#562 = ADVANCED_FACE('',(#563),#589,.T.);
#563 = FACE_BOUND('',#564,.T.);
#564 = EDGE_LOOP('',(#565,#566,#567,#575,#583));
#565 = ORIENTED_EDGE('',*,*,#446,.T.);
#566 = ORIENTED_EDGE('',*,*,#534,.T.);
#567 = ORIENTED_EDGE('',*,*,#568,.F.);
#568 = EDGE_CURVE('',#569,#456,#571,.T.);
#569 = VERTEX_POINT('',#570);
#570 = CARTESIAN_POINT('',(12.,-210.,960.));
#571 = LINE('',#572,#573);
#572 = CARTESIAN_POINT('',(12.,-210.,960.));
#573 = VECTOR('',#574,1.);
#574 = DIRECTION('',(0.,1.,0.));
#575 = ORIENTED_EDGE('',*,*,#576,.T.);
#576 = EDGE_CURVE('',#569,#577,#579,.T.);
#577 = VERTEX_POINT('',#578);
#578 = CARTESIAN_POINT('',(-12.,-210.,960.));
#579 = LINE('',#580,#581);
#580 = CARTESIAN_POINT('',(0.,-210.,960.));
#581 = VECTOR('',#582,1.);
#582 = DIRECTION('',(-1.,0.,0.));
#583 = ORIENTED_EDGE('',*,*,#584,.T.);
#584 = EDGE_CURVE('',#577,#447,#585,.T.);
#585 = LINE('',#586,#587);
#586 = CARTESIAN_POINT('',(-12.,-210.,960.));
#587 = VECTOR('',#588,1.);
#588 = DIRECTION('',(0.,1.,0.));
#589 = PLANE('',#590);
#590 = AXIS2_PLACEMENT_3D('',#591,#592,#593);
#591 = CARTESIAN_POINT('',(0.,-200.,960.));
#592 = DIRECTION('',(0.,0.,1.));
#593 = DIRECTION('',(1.,0.,0.));
#594 = ADVANCED_FACE('',(#595),#744,.T.);
#595 = FACE_BOUND('',#596,.T.);
#596 = EDGE_LOOP('',(#597,#607,#616,#624,#711,#719,#726,#727,#734,#735,
    #736,#737));
#597 = ORIENTED_EDGE('',*,*,#598,.T.);
#598 = EDGE_CURVE('',#599,#601,#603,.T.);
#599 = VERTEX_POINT('',#600);
#600 = CARTESIAN_POINT('',(-2.939152317954E-15,-210.,972.));
#601 = VERTEX_POINT('',#602);
#602 = CARTESIAN_POINT('',(-2.939152317954E-15,210.,972.));
#603 = LINE('',#604,#605);
#604 = CARTESIAN_POINT('',(-2.939152317954E-15,-210.,972.));
#605 = VECTOR('',#606,1.);
#606 = DIRECTION('',(0.,1.,0.));
#607 = ORIENTED_EDGE('',*,*,#608,.F.);
#608 = EDGE_CURVE('',#609,#601,#611,.T.);
#609 = VERTEX_POINT('',#610);
#610 = CARTESIAN_POINT('',(-12.,210.,960.));
#611 = CIRCLE('',#612,12.);
#612 = AXIS2_PLACEMENT_3D('',#613,#614,#615);
#613 = CARTESIAN_POINT('',(0.,210.,960.));
#614 = DIRECTION('',(0.,1.,0.));
#615 = DIRECTION('',(0.,0.,1.));
#616 = ORIENTED_EDGE('',*,*,#617,.F.);
#617 = EDGE_CURVE('',#618,#609,#620,.T.);
#618 = VERTEX_POINT('',#619);
#619 = CARTESIAN_POINT('',(-12.,182.76631206038,960.));
#620 = LINE('',#621,#622);
#621 = CARTESIAN_POINT('',(-12.,-210.,960.));
#622 = VECTOR('',#623,1.);
#623 = DIRECTION('',(0.,1.,0.));
#624 = ORIENTED_EDGE('',*,*,#625,.F.);
#625 = EDGE_CURVE('',#626,#618,#628,.T.);
#626 = VERTEX_POINT('',#627);
#627 = CARTESIAN_POINT('',(12.,182.76631206038,960.));
#628 = B_SPLINE_CURVE_WITH_KNOTS('',6,(#629,#630,#631,#632,#633,#634,
    #635,#636,#637,#638,#639,#640,#641,#642,#643,#644,#645,#646,#647,
    #648,#649,#650,#651,#652,#653,#654,#655,#656,#657,#658,#659,#660,
    #661,#662,#663,#664,#665,#666,#667,#668,#669,#670,#671,#672,#673,
    #674,#675,#676,#677,#678,#679,#680,#681,#682,#683,#684,#685,#686,
    #687,#688,#689,#690,#691,#692,#693,#694,#695,#696,#697,#698,#699,
    #700,#701,#702,#703,#704,#705,#706,#707,#708,#709,#710),
  .UNSPECIFIED.,.F.,.F.,(7,5,5,5,5,5,5,5,5,5,5,5,5,5,5,5,7),(0.,
    9.81297452935E-02,0.191572638431,0.270509264178,0.300208436644,
    0.339070888677,0.389967029643,0.456087131258,0.546875045486,
    0.609886383717,0.66154571921,0.700674445725,0.73050071129,
    0.809616401202,0.901580804238,0.97290549334,1.),.UNSPECIFIED.);
#629 = CARTESIAN_POINT('',(12.,182.76631206038,960.0000006));
#630 = CARTESIAN_POINT('',(12.00000002741,182.76631207947,
    959.45180722227));
#631 = CARTESIAN_POINT('',(11.969948551419,182.74538692334,
    958.90390347692));
#632 = CARTESIAN_POINT('',(11.909904481968,182.70357757408,
    958.35803587572));
#633 = CARTESIAN_POINT('',(11.820003209096,182.6415619847,
    957.81597859129));
#634 = CARTESIAN_POINT('',(11.700471305411,182.56065733518,
    957.27960330108));
#635 = CARTESIAN_POINT('',(11.410192892908,182.36945140993,
    956.24753888421));
#636 = CARTESIAN_POINT('',(11.242159780915,182.26073488116,
    955.75110987108));
#637 = CARTESIAN_POINT('',(11.047821801464,182.13799004184,
    955.26248057487));
#638 = CARTESIAN_POINT('',(10.82717367745,182.00287269089,
    954.78260436109));
#639 = CARTESIAN_POINT('',(10.580116229761,181.85723957709,
    954.31260078965));
#640 = CARTESIAN_POINT('',(10.075374615953,181.57292210553,
    953.46620551461));
#641 = CARTESIAN_POINT('',(9.825233449714,181.4366345956,953.08650663631
    ));
#642 = CARTESIAN_POINT('',(9.555766044608,181.2953523711,952.71513873904
    ));
#643 = CARTESIAN_POINT('',(9.266519490999,181.1502273461,952.35270942231
    ));
#644 = CARTESIAN_POINT('',(8.956938822204,181.00250855037,
    952.00004112768));
#645 = CARTESIAN_POINT('',(8.502037518317,180.79755318943,951.5296184627
    ));
#646 = CARTESIAN_POINT('',(8.374697495081,180.74134643629,
    951.40253775491));
#647 = CARTESIAN_POINT('',(8.244340403663,180.68503563485,
    951.27703496816));
#648 = CARTESIAN_POINT('',(8.110924814522,180.62869546557,
    951.15316955413));
#649 = CARTESIAN_POINT('',(7.974407163366,180.57240388094,
    951.03100731234));
#650 = CARTESIAN_POINT('',(7.651984457512,180.44275237075,
    950.75308970481));
#651 = CARTESIAN_POINT('',(7.46383992768,180.36948617406,950.59860102548
    ));
#652 = CARTESIAN_POINT('',(7.270202711341,180.29662444545,
    950.44731432814));
#653 = CARTESIAN_POINT('',(7.070970186535,180.22436330576,
    950.29941698913));
#654 = CARTESIAN_POINT('',(6.866042559652,180.15291406668,
    950.15512378502));
#655 = CARTESIAN_POINT('',(6.379354193872,179.99028980488,
    949.83074087079));
#656 = CARTESIAN_POINT('',(6.09339102136,179.89983751097,949.65336155107
    ));
#657 = CARTESIAN_POINT('',(5.797289062769,179.81168471036,
    949.48314320137));
#658 = CARTESIAN_POINT('',(5.490935443593,179.72641480125,
    949.32075849931));
#659 = CARTESIAN_POINT('',(5.174249235274,179.64465333723,
    949.16694989098));
#660 = CARTESIAN_POINT('',(4.422282989405,179.46626891666,
    948.83491367865));
#661 = CARTESIAN_POINT('',(3.979144877045,179.37234525996,
    948.66282681253));
#662 = CARTESIAN_POINT('',(3.519023382552,179.28714717213,
    948.50880488659));
#663 = CARTESIAN_POINT('',(3.043340207504,179.21242154484,
    948.37511915584));
#664 = CARTESIAN_POINT('',(2.553681846416,179.14974763331,
    948.26380889021));
#665 = CARTESIAN_POINT('',(1.36267438107,179.03282118251,948.0571229532)
  );
#666 = CARTESIAN_POINT('',(0.651375661589,178.99051973731,
    947.98333547372));
#667 = CARTESIAN_POINT('',(-7.084460590607E-02,178.97759755369,
    947.96103555082));
#668 = CARTESIAN_POINT('',(-0.792313293802,178.99545242528,
    947.99190912503));
#669 = CARTESIAN_POINT('',(-1.501375059705,179.04240311523,
    948.07390022991));
#670 = CARTESIAN_POINT('',(-2.662563640359,179.1639840166,
    948.28911381243));
#671 = CARTESIAN_POINT('',(-3.126832023355,179.22574076894,
    948.39896992002));
#672 = CARTESIAN_POINT('',(-3.578166412208,179.29824242105,
    948.52888456937));
#673 = CARTESIAN_POINT('',(-4.015237485494,179.38011028341,
    948.67707551469));
#674 = CARTESIAN_POINT('',(-4.436852253817,179.4698352605,
    948.84157877381));
#675 = CARTESIAN_POINT('',(-5.174074607147,179.64452287856,
    949.16668534305));
#676 = CARTESIAN_POINT('',(-5.495497343837,179.72752647856,
    949.3228285396));
#677 = CARTESIAN_POINT('',(-5.80627443211,179.81414120773,
    949.48780278453));
#678 = CARTESIAN_POINT('',(-6.106491743912,179.90371345899,
    949.6608326952));
#679 = CARTESIAN_POINT('',(-6.396268887953,179.99563447176,
    949.84121713882));
#680 = CARTESIAN_POINT('',(-6.887454680896,180.16032204876,
    950.17005243579));
#681 = CARTESIAN_POINT('',(-7.093284783335,180.23233843563,
    950.31566033689));
#682 = CARTESIAN_POINT('',(-7.293348512204,180.30516229187,
    950.46490594254));
#683 = CARTESIAN_POINT('',(-7.487748040543,180.37857883862,
    950.61757165896));
#684 = CARTESIAN_POINT('',(-7.676588135529,180.4523887738,
    950.77346784408));
#685 = CARTESIAN_POINT('',(-7.999765524528,180.58283037943,
    951.05360545085));
#686 = CARTESIAN_POINT('',(-8.136385498674,180.63937349251,
    951.17655987226));
#687 = CARTESIAN_POINT('',(-8.269882249352,180.69595570404,
    951.30122368354));
#688 = CARTESIAN_POINT('',(-8.400299723031,180.75249838718,
    951.42753087579));
#689 = CARTESIAN_POINT('',(-8.527679644202,180.80892619547,
    951.55542181952));
#690 = CARTESIAN_POINT('',(-8.981990769499,181.01434883052,
    952.02814024543));
#691 = CARTESIAN_POINT('',(-9.290903887972,181.16224992985,
    952.3822865307));
#692 = CARTESIAN_POINT('',(-9.579423482445,181.30747696051,
    952.74619369338));
#693 = CARTESIAN_POINT('',(-9.848101409303,181.44877536613,
    953.11904026983));
#694 = CARTESIAN_POINT('',(-10.09738632542,181.58498738579,
    953.50021886509));
#695 = CARTESIAN_POINT('',(-10.59518238707,181.86614883292,
    954.34153330738));
#696 = CARTESIAN_POINT('',(-10.83706967924,182.00896791771,
    954.80456797192));
#697 = CARTESIAN_POINT('',(-11.05338231562,182.14153938902,
    955.27713335931));
#698 = CARTESIAN_POINT('',(-11.24420995218,182.26209604031,
    955.75816217192));
#699 = CARTESIAN_POINT('',(-11.40955511972,182.3690600718,
    956.24674245841));
#700 = CARTESIAN_POINT('',(-11.65765621876,182.5324332513,
    957.12625946865));
#701 = CARTESIAN_POINT('',(-11.75059756881,182.59478693433,
    957.51442407762));
#702 = CARTESIAN_POINT('',(-11.82795925066,182.6474380898,
    957.90585415554));
#703 = CARTESIAN_POINT('',(-11.88963869551,182.68983515172,
    958.29985713624));
#704 = CARTESIAN_POINT('',(-11.93556321835,182.72158360792,
    958.69577341765));
#705 = CARTESIAN_POINT('',(-11.97710963603,182.75039019351,
    959.24386335683));
#706 = CARTESIAN_POINT('',(-11.98626374205,182.75675075864,
    959.39492027944));
#707 = CARTESIAN_POINT('',(-11.99313134951,182.761529343,959.54610487563
    ));
#708 = CARTESIAN_POINT('',(-11.99771044587,182.76471780982,
    959.69737495571));
#709 = CARTESIAN_POINT('',(-12.00000000756,182.76631206565,
    959.84868788823));
#710 = CARTESIAN_POINT('',(-12.,182.76631206038,960.0000006));
#711 = ORIENTED_EDGE('',*,*,#712,.T.);
#712 = EDGE_CURVE('',#626,#713,#715,.T.);
#713 = VERTEX_POINT('',#714);
#714 = CARTESIAN_POINT('',(12.,210.,960.));
#715 = LINE('',#716,#717);
#716 = CARTESIAN_POINT('',(12.,-210.,960.));
#717 = VECTOR('',#718,1.);
#718 = DIRECTION('',(0.,1.,0.));
#719 = ORIENTED_EDGE('',*,*,#720,.F.);
#720 = EDGE_CURVE('',#601,#713,#721,.T.);
#721 = CIRCLE('',#722,12.);
#722 = AXIS2_PLACEMENT_3D('',#723,#724,#725);
#723 = CARTESIAN_POINT('',(0.,210.,960.));
#724 = DIRECTION('',(0.,1.,0.));
#725 = DIRECTION('',(0.,0.,1.));
#726 = ORIENTED_EDGE('',*,*,#598,.F.);
#727 = ORIENTED_EDGE('',*,*,#728,.T.);
#728 = EDGE_CURVE('',#599,#569,#729,.T.);
#729 = CIRCLE('',#730,12.);
#730 = AXIS2_PLACEMENT_3D('',#731,#732,#733);
#731 = CARTESIAN_POINT('',(0.,-210.,960.));
#732 = DIRECTION('',(0.,1.,0.));
#733 = DIRECTION('',(0.,0.,1.));
#734 = ORIENTED_EDGE('',*,*,#568,.T.);
#735 = ORIENTED_EDGE('',*,*,#455,.T.);
#736 = ORIENTED_EDGE('',*,*,#584,.F.);
#737 = ORIENTED_EDGE('',*,*,#738,.T.);
#738 = EDGE_CURVE('',#577,#599,#739,.T.);
#739 = CIRCLE('',#740,12.);
#740 = AXIS2_PLACEMENT_3D('',#741,#742,#743);
#741 = CARTESIAN_POINT('',(0.,-210.,960.));
#742 = DIRECTION('',(0.,1.,0.));
#743 = DIRECTION('',(0.,0.,1.));
#744 = CYLINDRICAL_SURFACE('',#745,12.);
#745 = AXIS2_PLACEMENT_3D('',#746,#747,#748);
#746 = CARTESIAN_POINT('',(0.,-210.,960.));
#747 = DIRECTION('',(0.,1.,0.));
#748 = DIRECTION('',(0.,0.,1.));
#749 = ADVANCED_FACE('',(#750),#755,.F.);
#750 = FACE_BOUND('',#751,.F.);
#751 = EDGE_LOOP('',(#752,#753,#754));
#752 = ORIENTED_EDGE('',*,*,#738,.T.);
#753 = ORIENTED_EDGE('',*,*,#728,.T.);
#754 = ORIENTED_EDGE('',*,*,#576,.T.);
#755 = PLANE('',#756);
#756 = AXIS2_PLACEMENT_3D('',#757,#758,#759);
#757 = CARTESIAN_POINT('',(0.,-210.,960.));
#758 = DIRECTION('',(0.,1.,0.));
#759 = DIRECTION('',(0.,0.,1.));
#760 = ADVANCED_FACE('',(#761),#771,.T.);
#761 = FACE_BOUND('',#762,.T.);
#762 = EDGE_LOOP('',(#763,#764,#765));
#763 = ORIENTED_EDGE('',*,*,#608,.T.);
#764 = ORIENTED_EDGE('',*,*,#720,.T.);
#765 = ORIENTED_EDGE('',*,*,#766,.T.);
#766 = EDGE_CURVE('',#713,#609,#767,.T.);
#767 = LINE('',#768,#769);
#768 = CARTESIAN_POINT('',(0.,210.,960.));
#769 = VECTOR('',#770,1.);
#770 = DIRECTION('',(-1.,0.,0.));
#771 = PLANE('',#772);
#772 = AXIS2_PLACEMENT_3D('',#773,#774,#775);
#773 = CARTESIAN_POINT('',(0.,210.,960.));
#774 = DIRECTION('',(0.,1.,0.));
#775 = DIRECTION('',(0.,0.,1.));
#776 = ADVANCED_FACE('',(#777),#798,.T.);
#777 = FACE_BOUND('',#778,.T.);
#778 = EDGE_LOOP('',(#779,#788,#795,#796,#797));
#779 = ORIENTED_EDGE('',*,*,#780,.T.);
#780 = EDGE_CURVE('',#626,#781,#783,.T.);
#781 = VERTEX_POINT('',#782);
#782 = CARTESIAN_POINT('',(21.,200.,960.));
#783 = CIRCLE('',#784,21.);
#784 = AXIS2_PLACEMENT_3D('',#785,#786,#787);
#785 = CARTESIAN_POINT('',(0.,200.,960.));
#786 = DIRECTION('',(0.,0.,1.));
#787 = DIRECTION('',(1.,0.,0.));
#788 = ORIENTED_EDGE('',*,*,#789,.T.);
#789 = EDGE_CURVE('',#781,#618,#790,.T.);
#790 = CIRCLE('',#791,21.);
#791 = AXIS2_PLACEMENT_3D('',#792,#793,#794);
#792 = CARTESIAN_POINT('',(0.,200.,960.));
#793 = DIRECTION('',(0.,0.,1.));
#794 = DIRECTION('',(1.,0.,0.));
#795 = ORIENTED_EDGE('',*,*,#617,.T.);
#796 = ORIENTED_EDGE('',*,*,#766,.F.);
#797 = ORIENTED_EDGE('',*,*,#712,.F.);
#798 = PLANE('',#799);
#799 = AXIS2_PLACEMENT_3D('',#800,#801,#802);
#800 = CARTESIAN_POINT('',(0.,200.,960.));
#801 = DIRECTION('',(0.,0.,1.));
#802 = DIRECTION('',(1.,0.,0.));
#803 = ADVANCED_FACE('',(#804),#825,.T.);
#804 = FACE_BOUND('',#805,.T.);
#805 = EDGE_LOOP('',(#806,#814,#815,#816,#817,#818));
#806 = ORIENTED_EDGE('',*,*,#807,.T.);
#807 = EDGE_CURVE('',#808,#781,#810,.T.);
#808 = VERTEX_POINT('',#809);
#809 = CARTESIAN_POINT('',(21.,200.,437.));
#810 = LINE('',#811,#812);
#811 = CARTESIAN_POINT('',(21.,200.,437.));
#812 = VECTOR('',#813,1.);
#813 = DIRECTION('',(0.,0.,1.));
#814 = ORIENTED_EDGE('',*,*,#780,.F.);
#815 = ORIENTED_EDGE('',*,*,#625,.T.);
#816 = ORIENTED_EDGE('',*,*,#789,.F.);
#817 = ORIENTED_EDGE('',*,*,#807,.F.);
#818 = ORIENTED_EDGE('',*,*,#819,.T.);
#819 = EDGE_CURVE('',#808,#808,#820,.T.);
#820 = CIRCLE('',#821,21.);
#821 = AXIS2_PLACEMENT_3D('',#822,#823,#824);
#822 = CARTESIAN_POINT('',(0.,200.,437.));
#823 = DIRECTION('',(0.,0.,1.));
#824 = DIRECTION('',(1.,0.,0.));
#825 = CYLINDRICAL_SURFACE('',#826,21.);
#826 = AXIS2_PLACEMENT_3D('',#827,#828,#829);
#827 = CARTESIAN_POINT('',(0.,200.,437.));
#828 = DIRECTION('',(0.,0.,1.));
#829 = DIRECTION('',(1.,0.,0.));
#830 = ADVANCED_FACE('',(#831),#834,.F.);
#831 = FACE_BOUND('',#832,.T.);
#832 = EDGE_LOOP('',(#833));
#833 = ORIENTED_EDGE('',*,*,#819,.F.);
#834 = PLANE('',#835);
#835 = AXIS2_PLACEMENT_3D('',#836,#837,#838);
#836 = CARTESIAN_POINT('',(0.,200.,437.));
#837 = DIRECTION('',(0.,0.,1.));
#838 = DIRECTION('',(1.,0.,0.));
#839 = MANIFOLD_SOLID_BREP('',#840);
#840 = CLOSED_SHELL('',(#841,#1067,#1103,#1112,#1255,#1264,#1273,#1373,
    #1409,#1418,#1427));
#841 = ADVANCED_FACE('',(#842,#933),#1062,.T.);
#842 = FACE_BOUND('',#843,.T.);
#843 = EDGE_LOOP('',(#844,#917,#925,#932));
#844 = ORIENTED_EDGE('',*,*,#845,.T.);
#845 = EDGE_CURVE('',#846,#846,#848,.T.);
#846 = VERTEX_POINT('',#847);
#847 = CARTESIAN_POINT('',(18.,75.,239.96609682446));
#848 = B_SPLINE_CURVE_WITH_KNOTS('',7,(#849,#850,#851,#852,#853,#854,
    #855,#856,#857,#858,#859,#860,#861,#862,#863,#864,#865,#866,#867,
    #868,#869,#870,#871,#872,#873,#874,#875,#876,#877,#878,#879,#880,
    #881,#882,#883,#884,#885,#886,#887,#888,#889,#890,#891,#892,#893,
    #894,#895,#896,#897,#898,#899,#900,#901,#902,#903,#904,#905,#906,
    #907,#908,#909,#910,#911,#912,#913,#914,#915,#916),.UNSPECIFIED.,.T.
  ,.F.,(8,6,6,6,6,6,6,6,6,6,6,8),(0.,0.103611773637,0.191332529898,
    0.275220849001,0.372162684739,0.452553886836,0.562478219788,
    0.656453877687,0.740152510005,0.824221604612,0.90726114385,1.),
  .UNSPECIFIED.);
#849 = CARTESIAN_POINT('',(18.,75.,239.96609682446));
#850 = CARTESIAN_POINT('',(18.,76.506311838673,239.96609682446));
#851 = CARTESIAN_POINT('',(17.852937956967,78.012353212191,
    239.93867059321));
#852 = CARTESIAN_POINT('',(17.558900406057,79.509406110856,
    239.88383429971));
#853 = CARTESIAN_POINT('',(17.115549967513,80.988200890824,
    239.79995676932));
#854 = CARTESIAN_POINT('',(16.518540769986,82.437691028303,239.68384111)
  );
#855 = CARTESIAN_POINT('',(15.762130297476,83.843661807574,
    239.53048624097));
#856 = CARTESIAN_POINT('',(14.059201669528,86.324397461561,
    239.16532155784));
#857 = CARTESIAN_POINT('',(13.155120170947,87.423461212093,
    238.96511685269));
#858 = CARTESIAN_POINT('',(12.126331648062,88.464482471829,
    238.72818661141));
#859 = CARTESIAN_POINT('',(10.97461341215,89.427541162397,
    238.45029360919));
#860 = CARTESIAN_POINT('',(9.704574633047,90.292740353528,
    238.12697569383));
#861 = CARTESIAN_POINT('',(8.323586420958,91.040070572153,
    237.75396970993));
#862 = CARTESIAN_POINT('',(5.425063237979,92.231231330243,
    236.92061301307));
#863 = CARTESIAN_POINT('',(3.925418677866,92.683076952193,
    236.46746050933));
#864 = CARTESIAN_POINT('',(2.369718723256,92.983100855485,
    235.97125939405));
#865 = CARTESIAN_POINT('',(0.788985405602,93.120246865056,
    235.43783462307));
#866 = CARTESIAN_POINT('',(-0.783994950758,93.093694391826,
    234.87691990699));
#867 = CARTESIAN_POINT('',(-2.317226917818,92.912955087578,
    234.30194154243));
#868 = CARTESIAN_POINT('',(-5.4739031541,92.234628250614,233.06497046228
    ));
#869 = CARTESIAN_POINT('',(-7.075779385227,91.691787956856,
    232.40276573647));
#870 = CARTESIAN_POINT('',(-8.572452237467,90.993886120417,
    231.75306422255));
#871 = CARTESIAN_POINT('',(-9.953745549839,90.16313155348,
    231.12721647806));
#872 = CARTESIAN_POINT('',(-11.2128145743,89.220219110261,
    230.53560273661));
#873 = CARTESIAN_POINT('',(-12.34544647236,88.184518417369,
    229.98708856316));
#874 = CARTESIAN_POINT('',(-14.18256920347,86.153306494015,
    229.07527103717));
#875 = CARTESIAN_POINT('',(-14.92967213993,85.178324539073,
    228.69507902423));
#876 = CARTESIAN_POINT('',(-15.59027026182,84.15752033141,228.3517653173
    ));
#877 = CARTESIAN_POINT('',(-16.16392649312,83.098337403972,
    228.04851663467));
#878 = CARTESIAN_POINT('',(-16.65036621236,82.007514925629,
    227.78797557407));
#879 = CARTESIAN_POINT('',(-17.04932844272,80.891276875325,
    227.57224817055));
#880 = CARTESIAN_POINT('',(-17.78585608815,78.202516186997,
    227.17142866378));
#881 = CARTESIAN_POINT('',(-18.04678766992,76.613876955995,
    227.02683300121));
#882 = CARTESIAN_POINT('',(-18.14213252438,75.0065523042,226.973342964)
  );
#883 = CARTESIAN_POINT('',(-18.07148890606,73.396869505527,
    227.01279592787));
#884 = CARTESIAN_POINT('',(-17.83499515546,71.80103664647,
    227.14448310355));
#885 = CARTESIAN_POINT('',(-17.4333870732,70.235647611321,
    227.36516449895));
#886 = CARTESIAN_POINT('',(-16.38515972299,67.420889029294,
    227.92929135504));
#887 = CARTESIAN_POINT('',(-15.78265851388,66.158931387313,
    228.25021743587));
#888 = CARTESIAN_POINT('',(-15.0613198379,64.941692464074,
    228.62885343406));
#889 = CARTESIAN_POINT('',(-14.22143046154,63.7795260112,229.06112379127
    ));
#890 = CARTESIAN_POINT('',(-13.263358397,62.684132446478,229.5420119716)
  );
#891 = CARTESIAN_POINT('',(-12.18798878187,61.669036688587,
    230.06546009156));
#892 = CARTESIAN_POINT('',(-9.93707900876,59.931871372604,
    231.12222652149));
#893 = CARTESIAN_POINT('',(-8.780399805429,59.186073280429,
    231.65053128424));
#894 = CARTESIAN_POINT('',(-7.53205869251,58.529025100997,
    232.20259645908));
#895 = CARTESIAN_POINT('',(-6.199249179668,57.976362252374,
    232.77044997751));
#896 = CARTESIAN_POINT('',(-4.791531073304,57.543029993007,
    233.34552099411));
#897 = CARTESIAN_POINT('',(-3.320853717846,57.243225343916,
    233.91930175411));
#898 = CARTESIAN_POINT('',(-0.275867285247,56.936896882783,
    235.05089246944));
#899 = CARTESIAN_POINT('',(1.291262162335,56.93244319322,235.60579195599
    ));
#900 = CARTESIAN_POINT('',(2.868382932737,57.089586807909,
    236.13483151581));
#901 = CARTESIAN_POINT('',(4.42280578581,57.410032829565,236.62709981281
    ));
#902 = CARTESIAN_POINT('',(5.92262917067,57.885201156975,237.07580982014
    ));
#903 = CARTESIAN_POINT('',(7.339394716674,58.496411437482,
    237.47783204555));
#904 = CARTESIAN_POINT('',(9.94549231714,59.924592133705,238.18315923765
    ));
#905 = CARTESIAN_POINT('',(11.138534359337,60.739573648017,
    238.48792119629));
#906 = CARTESIAN_POINT('',(12.225312783026,61.6422452286,238.75116459016
    ));
#907 = CARTESIAN_POINT('',(13.203524991758,62.616645765327,
    238.97720160639));
#908 = CARTESIAN_POINT('',(14.072502276479,63.647972116787,
    239.17002150129));
#909 = CARTESIAN_POINT('',(14.833010592693,64.722364179031,
    239.33315508514));
#910 = CARTESIAN_POINT('',(16.217861257191,67.060450495666,
    239.62213629357));
#911 = CARTESIAN_POINT('',(16.818645140062,68.336193059303,
    239.74197080053));
#912 = CARTESIAN_POINT('',(17.293997007767,69.641986880745,
    239.83366997723));
#913 = CARTESIAN_POINT('',(17.647705866061,70.96842262606,
    239.90039504333));
#914 = CARTESIAN_POINT('',(17.882550362283,72.307909068367,
    239.94419351549));
#915 = CARTESIAN_POINT('',(18.,73.653862591518,239.96609682446));
#916 = CARTESIAN_POINT('',(18.,75.,239.96609682446));
#917 = ORIENTED_EDGE('',*,*,#918,.T.);
#918 = EDGE_CURVE('',#846,#919,#921,.T.);
#919 = VERTEX_POINT('',#920);
#920 = CARTESIAN_POINT('',(18.,75.,460.));
#921 = LINE('',#922,#923);
#922 = CARTESIAN_POINT('',(18.,75.,100.));
#923 = VECTOR('',#924,1.);
#924 = DIRECTION('',(0.,0.,1.));
#925 = ORIENTED_EDGE('',*,*,#926,.F.);
#926 = EDGE_CURVE('',#919,#919,#927,.T.);
#927 = CIRCLE('',#928,18.);
#928 = AXIS2_PLACEMENT_3D('',#929,#930,#931);
#929 = CARTESIAN_POINT('',(0.,75.,460.));
#930 = DIRECTION('',(0.,0.,1.));
#931 = DIRECTION('',(1.,0.,0.));
#932 = ORIENTED_EDGE('',*,*,#918,.F.);
#933 = FACE_BOUND('',#934,.T.);
#934 = EDGE_LOOP('',(#935));
#935 = ORIENTED_EDGE('',*,*,#936,.T.);
#936 = EDGE_CURVE('',#937,#937,#939,.T.);
#937 = VERTEX_POINT('',#938);
#938 = CARTESIAN_POINT('',(-2.939152317954E-15,57.,312.));
#939 = B_SPLINE_CURVE_WITH_KNOTS('',6,(#940,#941,#942,#943,#944,#945,
    #946,#947,#948,#949,#950,#951,#952,#953,#954,#955,#956,#957,#958,
    #959,#960,#961,#962,#963,#964,#965,#966,#967,#968,#969,#970,#971,
    #972,#973,#974,#975,#976,#977,#978,#979,#980,#981,#982,#983,#984,
    #985,#986,#987,#988,#989,#990,#991,#992,#993,#994,#995,#996,#997,
    #998,#999,#1000,#1001,#1002,#1003,#1004,#1005,#1006,#1007,#1008,
    #1009,#1010,#1011,#1012,#1013,#1014,#1015,#1016,#1017,#1018,#1019,
    #1020,#1021,#1022,#1023,#1024,#1025,#1026,#1027,#1028,#1029,#1030,
    #1031,#1032,#1033,#1034,#1035,#1036,#1037,#1038,#1039,#1040,#1041,
    #1042,#1043,#1044,#1045,#1046,#1047,#1048,#1049,#1050,#1051,#1052,
    #1053,#1054,#1055,#1056,#1057,#1058,#1059,#1060,#1061),
  .UNSPECIFIED.,.T.,.F.,(7,5,5,5,5,5,5,5,5,5,5,5,5,5,5,5,5,5,5,5,5,5,5,5
    ,7),(0.,3.159908913603E-02,7.778156760212E-02,9.655032091875E-02,
    0.145378017839,0.198713433928,0.216238928824,0.24971672799,
    0.300512089993,0.354508285958,0.422437072377,0.468130051836,
    0.499793755059,0.531457458286,0.577734371129,0.596541502985,
    0.645469092786,0.699687351134,0.749982858768,0.783298368189,
    0.800795161747,0.854770751412,0.922670527264,0.968347434372,1.),
  .UNSPECIFIED.);
#940 = CARTESIAN_POINT('',(-3.552713678801E-15,57.,312.));
#941 = CARTESIAN_POINT('',(0.507097397927,57.,312.));
#942 = CARTESIAN_POINT('',(1.013255635976,57.017143241814,311.9742851516
    ));
#943 = CARTESIAN_POINT('',(1.514704177615,57.051310283979,
    311.92303451984));
#944 = CARTESIAN_POINT('',(2.007697650658,57.101656322839,
    311.84728602971));
#945 = CARTESIAN_POINT('',(2.488579525706,57.166620357315,311.7489319013
    ));
#946 = CARTESIAN_POINT('',(3.633823024938,57.357140141061,
    311.45807710516));
#947 = CARTESIAN_POINT('',(4.28011720643,57.49676964361,311.24315710402)
  );
#948 = CARTESIAN_POINT('',(4.891462322181,57.657652665265,
    310.99236978514));
#949 = CARTESIAN_POINT('',(5.467320971934,57.834777631511,
    310.71136734567));
#950 = CARTESIAN_POINT('',(6.00769849198,58.02350641773,310.40526252507)
  );
#951 = CARTESIAN_POINT('',(6.718334408716,58.299326240451,
    309.94604245988));
#952 = CARTESIAN_POINT('',(6.918133259367,58.380343982276,
    309.80981317458));
#953 = CARTESIAN_POINT('',(7.112499003032,58.462445723373,
    309.67027720689));
#954 = CARTESIAN_POINT('',(7.301550528869,58.5454167788,309.5276300106)
  );
#955 = CARTESIAN_POINT('',(7.485407345393,58.629058733916,
    309.38203926931));
#956 = CARTESIAN_POINT('',(8.12929904415,58.932059007156,308.84759072771
    ));
#957 = CARTESIAN_POINT('',(8.560266017844,59.154330816852,
    308.44239333761));
#958 = CARTESIAN_POINT('',(8.958871361388,59.376658200219,
    308.02071080792));
#959 = CARTESIAN_POINT('',(9.326768446168,59.596232415915,
    307.58424015187));
#960 = CARTESIAN_POINT('',(9.665316717704,59.810515524014,
    307.13392515196));
#961 = CARTESIAN_POINT('',(10.31414175427,60.242490937264,
    306.16358934347));
#962 = CARTESIAN_POINT('',(10.619102818306,60.45879076175,
    305.64070317643));
#963 = CARTESIAN_POINT('',(10.890642063069,60.662042033609,
    305.10313210995));
#964 = CARTESIAN_POINT('',(11.128874419408,60.848476096649,
    304.55211838301));
#965 = CARTESIAN_POINT('',(11.333658962042,61.014383806922,
    303.98855345507));
#966 = CARTESIAN_POINT('',(11.560505574678,61.202897684042,
    303.22391409307));
#967 = CARTESIAN_POINT('',(11.612911385994,61.2469091984,303.03358712861
    ));
#968 = CARTESIAN_POINT('',(11.661584564459,61.288173029164,
    302.84213172581));
#969 = CARTESIAN_POINT('',(11.706495121606,61.326563640775,
    302.64962895023));
#970 = CARTESIAN_POINT('',(11.74761575556,61.361966425681,
    302.45615491823));
#971 = CARTESIAN_POINT('',(11.856180844748,61.456002669607,
    301.89048077453));
#972 = CARTESIAN_POINT('',(11.913539610733,61.506469227786,
    301.51577655106));
#973 = CARTESIAN_POINT('',(11.956719432092,61.544880809206,
    301.13856935656));
#974 = CARTESIAN_POINT('',(11.985567278677,61.570683119271,
    300.75968463519));
#975 = CARTESIAN_POINT('',(12.,61.583592135001,300.37990439838));
#976 = CARTESIAN_POINT('',(12.,61.583592135001,299.42357676061));
#977 = CARTESIAN_POINT('',(11.966773951154,61.553873915441,
    298.84803619259));
#978 = CARTESIAN_POINT('',(11.900510468519,61.494605772026,
    298.27561241621));
#979 = CARTESIAN_POINT('',(11.801575533801,61.407227149843,
    297.70864094187));
#980 = CARTESIAN_POINT('',(11.670570327873,61.294453068885,
    297.14975488824));
#981 = CARTESIAN_POINT('',(11.336977183242,61.017048720735,
    296.01986793053));
#982 = CARTESIAN_POINT('',(11.130270384335,60.849491943731,
    295.44988684619));
#983 = CARTESIAN_POINT('',(10.889368158765,60.660922894029,
    294.89272803985));
#984 = CARTESIAN_POINT('',(10.614414042473,60.455176063273,
    294.34931047658));
#985 = CARTESIAN_POINT('',(10.305284607972,60.236146816545,
    293.82092021145));
#986 = CARTESIAN_POINT('',(9.529273001392,59.720523480661,
    292.66554512872));
#987 = CARTESIAN_POINT('',(9.042378377745,59.418571002244,
    292.04846575279));
#988 = CARTESIAN_POINT('',(8.498285862024,59.108529932143,291.4583996612
    ));
#989 = CARTESIAN_POINT('',(7.892489067552,58.796925369959,
    290.89817817315));
#990 = CARTESIAN_POINT('',(7.219627510064,58.491993043965,
    290.37400892453));
#991 = CARTESIAN_POINT('',(5.973688916023,58.011668485743,
    289.57554789168));
#992 = CARTESIAN_POINT('',(5.438352142995,57.825893152278,
    289.27454165724));
#993 = CARTESIAN_POINT('',(4.868392006188,57.651593918388,
    288.99818666001));
#994 = CARTESIAN_POINT('',(4.263838874828,57.493256294577,
    288.75143526625));
#995 = CARTESIAN_POINT('',(3.62524282765,57.355712761353,288.53974380232
    ));
#996 = CARTESIAN_POINT('',(2.4885795258,57.166620357331,288.25106809872)
  );
#997 = CARTESIAN_POINT('',(2.007697650629,57.101656322829,
    288.15271397026));
#998 = CARTESIAN_POINT('',(1.514704177522,57.051310283971,
    288.07696548014));
#999 = CARTESIAN_POINT('',(1.01325563595,57.017143241821,288.0257148484)
  );
#1000 = CARTESIAN_POINT('',(0.507097398023,57.,288.));
#1001 = CARTESIAN_POINT('',(-0.507097398107,57.,288.));
#1002 = CARTESIAN_POINT('',(-1.01325563593,57.017143241827,
    288.02571484841));
#1003 = CARTESIAN_POINT('',(-1.514704177437,57.051310283964,
    288.07696548013));
#1004 = CARTESIAN_POINT('',(-2.007697650608,57.101656322819,
    288.15271397025));
#1005 = CARTESIAN_POINT('',(-2.488579525882,57.166620357344,
    288.25106809874));
#1006 = CARTESIAN_POINT('',(-3.633823025339,57.357140141128,
    288.54192289493));
#1007 = CARTESIAN_POINT('',(-4.280117206354,57.496769643635,
    288.75684289601));
#1008 = CARTESIAN_POINT('',(-4.891462321824,57.657652665162,
    289.00763021469));
#1009 = CARTESIAN_POINT('',(-5.467320971812,57.834777631438,
    289.28863265419));
#1010 = CARTESIAN_POINT('',(-6.007698492293,58.023506417852,
    289.59473747512));
#1011 = CARTESIAN_POINT('',(-6.718334408716,58.299326240451,
    290.05395754011));
#1012 = CARTESIAN_POINT('',(-6.918133259367,58.380343982276,
    290.19018682541));
#1013 = CARTESIAN_POINT('',(-7.112499003032,58.462445723373,
    290.3297227931));
#1014 = CARTESIAN_POINT('',(-7.301550528869,58.5454167788,
    290.47236998939));
#1015 = CARTESIAN_POINT('',(-7.485407345393,58.629058733916,
    290.61796073068));
#1016 = CARTESIAN_POINT('',(-8.129299514753,58.932059228611,
    291.15240966289));
#1017 = CARTESIAN_POINT('',(-8.56026666281,59.154331159514,
    291.55760729375));
#1018 = CARTESIAN_POINT('',(-8.958871987383,59.376658565084,
    291.97928990059));
#1019 = CARTESIAN_POINT('',(-9.32676893008,59.596232718879,
    292.41576047618));
#1020 = CARTESIAN_POINT('',(-9.665316982643,59.810515700406,
    292.86607524425));
#1021 = CARTESIAN_POINT('',(-10.31904527326,60.245755607283,
    293.84374400496));
#1022 = CARTESIAN_POINT('',(-10.62794149158,60.465062147325,
    294.37446359141));
#1023 = CARTESIAN_POINT('',(-10.90244537069,60.670884316711,
    294.92028282917));
#1024 = CARTESIAN_POINT('',(-11.14266504037,60.859280206615,
    295.47989448192));
#1025 = CARTESIAN_POINT('',(-11.34844389583,61.026375894725,
    296.05236221467));
#1026 = CARTESIAN_POINT('',(-11.67749610332,61.300417831262,
    297.17947486306));
#1027 = CARTESIAN_POINT('',(-11.80575906294,61.410922345416,
    297.73274747847));
#1028 = CARTESIAN_POINT('',(-11.9026141725,61.496487399319,
    298.29387133081));
#1029 = CARTESIAN_POINT('',(-11.96747884551,61.554504387377,
    298.86028834547));
#1030 = CARTESIAN_POINT('',(-12.,61.583592135001,299.42972413792));
#1031 = CARTESIAN_POINT('',(-12.,61.583592135001,300.37774806834));
#1032 = CARTESIAN_POINT('',(-11.98573065296,61.570829245558,
    300.75537534128));
#1033 = CARTESIAN_POINT('',(-11.95720898167,61.545318676055,
    301.13212227813));
#1034 = CARTESIAN_POINT('',(-11.91451639392,61.507338170182,
    301.50721899866));
#1035 = CARTESIAN_POINT('',(-11.85780285948,61.457429926231,
    301.8798533444));
#1036 = CARTESIAN_POINT('',(-11.75033320296,61.364309065044,
    302.44308270512));
#1037 = CARTESIAN_POINT('',(-11.70952835158,61.329163777037,
    302.63613451314));
#1038 = CARTESIAN_POINT('',(-11.6649508409,61.291040173992,
    302.82822376159));
#1039 = CARTESIAN_POINT('',(-11.61662778907,61.250051706817,
    303.01927454226));
#1040 = CARTESIAN_POINT('',(-11.56458901282,61.206322727809,
    303.20920604234));
#1041 = CARTESIAN_POINT('',(-11.33697722103,61.017048752158,
    303.98013194147));
#1042 = CARTESIAN_POINT('',(-11.1302704491,60.849491995782,
    304.55011299164));
#1043 = CARTESIAN_POINT('',(-10.88936822167,60.6609229407,
    305.10727184354));
#1044 = CARTESIAN_POINT('',(-10.61441407382,60.455176084225,
    305.65068947564));
#1045 = CARTESIAN_POINT('',(-10.3052846108,60.236146818424,
    306.17907978433));
#1046 = CARTESIAN_POINT('',(-9.529292654595,59.720536539292,
    307.33442561034));
#1047 = CARTESIAN_POINT('',(-9.042395269327,59.418580302661,
    307.95151902682));
#1048 = CARTESIAN_POINT('',(-8.498276124566,59.108521466899,
    308.54161884764));
#1049 = CARTESIAN_POINT('',(-7.892444493621,58.796901391255,
    309.10186448342));
#1050 = CARTESIAN_POINT('',(-7.219571380685,58.491971405403,
    309.62602704603));
#1051 = CARTESIAN_POINT('',(-5.973688916023,58.011668485743,
    310.42445210831));
#1052 = CARTESIAN_POINT('',(-5.438352142994,57.825893152278,
    310.72545834275));
#1053 = CARTESIAN_POINT('',(-4.868392006189,57.651593918388,
    311.00181333998));
#1054 = CARTESIAN_POINT('',(-4.263838874827,57.493256294577,
    311.24856473375));
#1055 = CARTESIAN_POINT('',(-3.62524282765,57.355712761353,
    311.46025619767));
#1056 = CARTESIAN_POINT('',(-2.488579525706,57.166620357315,
    311.7489319013));
#1057 = CARTESIAN_POINT('',(-2.007697650657,57.101656322839,
    311.84728602971));
#1058 = CARTESIAN_POINT('',(-1.514704177616,57.051310283979,
    311.92303451984));
#1059 = CARTESIAN_POINT('',(-1.013255635975,57.017143241814,
    311.9742851516));
#1060 = CARTESIAN_POINT('',(-0.507097397926,57.,312.));
#1061 = CARTESIAN_POINT('',(-3.552713678801E-15,57.,312.));
#1062 = CYLINDRICAL_SURFACE('',#1063,18.);
#1063 = AXIS2_PLACEMENT_3D('',#1064,#1065,#1066);
#1064 = CARTESIAN_POINT('',(0.,75.,100.));
#1065 = DIRECTION('',(0.,0.,1.));
#1066 = DIRECTION('',(1.,0.,0.));
#1067 = ADVANCED_FACE('',(#1068,#1095),#1098,.T.);
#1068 = FACE_BOUND('',#1069,.T.);
#1069 = EDGE_LOOP('',(#1070,#1080,#1087,#1088));
#1070 = ORIENTED_EDGE('',*,*,#1071,.T.);
#1071 = EDGE_CURVE('',#1072,#1074,#1076,.T.);
#1072 = VERTEX_POINT('',#1073);
#1073 = CARTESIAN_POINT('',(40.,35.,242.));
#1074 = VERTEX_POINT('',#1075);
#1075 = CARTESIAN_POINT('',(40.,115.,242.));
#1076 = LINE('',#1077,#1078);
#1077 = CARTESIAN_POINT('',(40.,35.,242.));
#1078 = VECTOR('',#1079,1.);
#1079 = DIRECTION('',(0.,1.,0.));
#1080 = ORIENTED_EDGE('',*,*,#1081,.F.);
#1081 = EDGE_CURVE('',#1074,#1074,#1082,.T.);
#1082 = CIRCLE('',#1083,120.);
#1083 = AXIS2_PLACEMENT_3D('',#1084,#1085,#1086);
#1084 = CARTESIAN_POINT('',(40.,115.,122.));
#1085 = DIRECTION('',(0.,1.,0.));
#1086 = DIRECTION('',(0.,0.,1.));
#1087 = ORIENTED_EDGE('',*,*,#1071,.F.);
#1088 = ORIENTED_EDGE('',*,*,#1089,.T.);
#1089 = EDGE_CURVE('',#1072,#1072,#1090,.T.);
#1090 = CIRCLE('',#1091,120.);
#1091 = AXIS2_PLACEMENT_3D('',#1092,#1093,#1094);
#1092 = CARTESIAN_POINT('',(40.,35.,122.));
#1093 = DIRECTION('',(0.,1.,0.));
#1094 = DIRECTION('',(0.,0.,1.));
#1095 = FACE_BOUND('',#1096,.T.);
#1096 = EDGE_LOOP('',(#1097));
#1097 = ORIENTED_EDGE('',*,*,#845,.F.);
#1098 = CYLINDRICAL_SURFACE('',#1099,120.);
#1099 = AXIS2_PLACEMENT_3D('',#1100,#1101,#1102);
#1100 = CARTESIAN_POINT('',(40.,35.,122.));
#1101 = DIRECTION('',(0.,1.,0.));
#1102 = DIRECTION('',(0.,0.,1.));
#1103 = ADVANCED_FACE('',(#1104),#1107,.T.);
#1104 = FACE_BOUND('',#1105,.T.);
#1105 = EDGE_LOOP('',(#1106));
#1106 = ORIENTED_EDGE('',*,*,#926,.T.);
#1107 = PLANE('',#1108);
#1108 = AXIS2_PLACEMENT_3D('',#1109,#1110,#1111);
#1109 = CARTESIAN_POINT('',(0.,75.,460.));
#1110 = DIRECTION('',(0.,0.,1.));
#1111 = DIRECTION('',(1.,0.,0.));
#1112 = ADVANCED_FACE('',(#1113),#1250,.T.);
#1113 = FACE_BOUND('',#1114,.T.);
#1114 = EDGE_LOOP('',(#1115,#1116,#1124,#1249));
#1115 = ORIENTED_EDGE('',*,*,#936,.F.);
#1116 = ORIENTED_EDGE('',*,*,#1117,.F.);
#1117 = EDGE_CURVE('',#1118,#937,#1120,.T.);
#1118 = VERTEX_POINT('',#1119);
#1119 = CARTESIAN_POINT('',(-2.939152317954E-15,-57.,312.));
#1120 = LINE('',#1121,#1122);
#1121 = CARTESIAN_POINT('',(-2.939152317954E-15,-75.,312.));
#1122 = VECTOR('',#1123,1.);
#1123 = DIRECTION('',(0.,1.,0.));
#1124 = ORIENTED_EDGE('',*,*,#1125,.T.);
#1125 = EDGE_CURVE('',#1118,#1118,#1126,.T.);
#1126 = B_SPLINE_CURVE_WITH_KNOTS('',6,(#1127,#1128,#1129,#1130,#1131,
    #1132,#1133,#1134,#1135,#1136,#1137,#1138,#1139,#1140,#1141,#1142,
    #1143,#1144,#1145,#1146,#1147,#1148,#1149,#1150,#1151,#1152,#1153,
    #1154,#1155,#1156,#1157,#1158,#1159,#1160,#1161,#1162,#1163,#1164,
    #1165,#1166,#1167,#1168,#1169,#1170,#1171,#1172,#1173,#1174,#1175,
    #1176,#1177,#1178,#1179,#1180,#1181,#1182,#1183,#1184,#1185,#1186,
    #1187,#1188,#1189,#1190,#1191,#1192,#1193,#1194,#1195,#1196,#1197,
    #1198,#1199,#1200,#1201,#1202,#1203,#1204,#1205,#1206,#1207,#1208,
    #1209,#1210,#1211,#1212,#1213,#1214,#1215,#1216,#1217,#1218,#1219,
    #1220,#1221,#1222,#1223,#1224,#1225,#1226,#1227,#1228,#1229,#1230,
    #1231,#1232,#1233,#1234,#1235,#1236,#1237,#1238,#1239,#1240,#1241,
    #1242,#1243,#1244,#1245,#1246,#1247,#1248),.UNSPECIFIED.,.T.,.F.,(7,
    5,5,5,5,5,5,5,5,5,5,5,5,5,5,5,5,5,5,5,5,5,5,5,7),(0.,
    3.159908910215E-02,7.778156754545E-02,9.655032086425E-02,
    0.14537801779,0.198713433886,0.216238928784,0.249716727953,
    0.300512089962,0.354508285921,0.422437072314,0.468130051757,
    0.499793754974,0.531457458196,0.577734371024,0.596541502873,
    0.645469092657,0.699687351002,0.749982858645,0.783298368071,
    0.800795161632,0.854770751319,0.922670527214,0.968347434352,1.),
  .UNSPECIFIED.);
#1127 = CARTESIAN_POINT('',(-1.7763568394E-15,-57.,312.));
#1128 = CARTESIAN_POINT('',(0.507097397927,-57.,312.));
#1129 = CARTESIAN_POINT('',(1.013255635976,-57.01714324181,
    311.9742851516));
#1130 = CARTESIAN_POINT('',(1.514704177615,-57.05131028397,
    311.92303451984));
#1131 = CARTESIAN_POINT('',(2.007697650658,-57.10165632283,
    311.84728602971));
#1132 = CARTESIAN_POINT('',(2.488579525706,-57.16662035731,
    311.7489319013));
#1133 = CARTESIAN_POINT('',(3.633823025331,-57.35714014112,
    311.45807710506));
#1134 = CARTESIAN_POINT('',(4.280117206358,-57.49676964363,
    311.24315710398));
#1135 = CARTESIAN_POINT('',(4.891462321825,-57.65765266516,
    310.9923697853));
#1136 = CARTESIAN_POINT('',(5.467320971816,-57.83477763144,
    310.7113673458));
#1137 = CARTESIAN_POINT('',(6.007698492288,-58.02350641785,
    310.40526252487));
#1138 = CARTESIAN_POINT('',(6.718334408716,-58.29932624045,
    309.94604245988));
#1139 = CARTESIAN_POINT('',(6.918133259367,-58.38034398227,
    309.80981317458));
#1140 = CARTESIAN_POINT('',(7.112499003032,-58.46244572337,
    309.67027720689));
#1141 = CARTESIAN_POINT('',(7.301550528869,-58.5454167788,309.5276300106
    ));
#1142 = CARTESIAN_POINT('',(7.485407345393,-58.62905873391,
    309.38203926931));
#1143 = CARTESIAN_POINT('',(8.129299044149,-58.93205900715,
    308.84759072772));
#1144 = CARTESIAN_POINT('',(8.560266017844,-59.15433081685,
    308.44239333761));
#1145 = CARTESIAN_POINT('',(8.958871361388,-59.37665820021,
    308.02071080792));
#1146 = CARTESIAN_POINT('',(9.326768446168,-59.59623241591,
    307.58424015187));
#1147 = CARTESIAN_POINT('',(9.665316717704,-59.81051552401,
    307.13392515196));
#1148 = CARTESIAN_POINT('',(10.314141754271,-60.24249093726,
    306.16358934347));
#1149 = CARTESIAN_POINT('',(10.619102818305,-60.45879076174,
    305.64070317643));
#1150 = CARTESIAN_POINT('',(10.89064206307,-60.66204203361,
    305.10313210995));
#1151 = CARTESIAN_POINT('',(11.128874419408,-60.84847609664,
    304.55211838301));
#1152 = CARTESIAN_POINT('',(11.333658962042,-61.01438380692,
    303.98855345507));
#1153 = CARTESIAN_POINT('',(11.560505574678,-61.20289768404,
    303.22391409307));
#1154 = CARTESIAN_POINT('',(11.612911385994,-61.2469091984,
    303.03358712861));
#1155 = CARTESIAN_POINT('',(11.661584564459,-61.28817302916,
    302.84213172581));
#1156 = CARTESIAN_POINT('',(11.706495121606,-61.32656364077,
    302.64962895023));
#1157 = CARTESIAN_POINT('',(11.74761575556,-61.36196642568,
    302.45615491823));
#1158 = CARTESIAN_POINT('',(11.856180844748,-61.4560026696,
    301.89048077453));
#1159 = CARTESIAN_POINT('',(11.913539610733,-61.50646922778,
    301.51577655106));
#1160 = CARTESIAN_POINT('',(11.956719432092,-61.5448808092,
    301.13856935656));
#1161 = CARTESIAN_POINT('',(11.985567278677,-61.57068311927,
    300.75968463519));
#1162 = CARTESIAN_POINT('',(12.,-61.583592135,300.37990439839));
#1163 = CARTESIAN_POINT('',(12.,-61.583592135,299.42357676061));
#1164 = CARTESIAN_POINT('',(11.966773951154,-61.55387391544,
    298.84803619259));
#1165 = CARTESIAN_POINT('',(11.900510468518,-61.49460577202,
    298.27561241621));
#1166 = CARTESIAN_POINT('',(11.801575533801,-61.40722714984,
    297.70864094187));
#1167 = CARTESIAN_POINT('',(11.670570327873,-61.29445306888,
    297.14975488824));
#1168 = CARTESIAN_POINT('',(11.336977183283,-61.01704872076,
    296.01986793067));
#1169 = CARTESIAN_POINT('',(11.130270384342,-60.84949194373,
    295.44988684615));
#1170 = CARTESIAN_POINT('',(10.889368158707,-60.66092289397,
    294.89272803971));
#1171 = CARTESIAN_POINT('',(10.614414042427,-60.45517606324,
    294.34931047654));
#1172 = CARTESIAN_POINT('',(10.305284608059,-60.2361468166,
    293.82092021158));
#1173 = CARTESIAN_POINT('',(9.529273001393,-59.72052348066,
    292.66554512872));
#1174 = CARTESIAN_POINT('',(9.042378377745,-59.41857100224,
    292.04846575279));
#1175 = CARTESIAN_POINT('',(8.498285862024,-59.10852993214,
    291.4583996612));
#1176 = CARTESIAN_POINT('',(7.892489067552,-58.79692536995,
    290.89817817315));
#1177 = CARTESIAN_POINT('',(7.219627510064,-58.49199304396,
    290.37400892453));
#1178 = CARTESIAN_POINT('',(5.973688916023,-58.01166848574,
    289.57554789168));
#1179 = CARTESIAN_POINT('',(5.438352142996,-57.82589315227,
    289.27454165724));
#1180 = CARTESIAN_POINT('',(4.868392006186,-57.65159391838,
    288.99818666001));
#1181 = CARTESIAN_POINT('',(4.263838874829,-57.49325629457,
    288.75143526625));
#1182 = CARTESIAN_POINT('',(3.62524282765,-57.35571276135,
    288.53974380232));
#1183 = CARTESIAN_POINT('',(2.488579525706,-57.16662035731,
    288.25106809869));
#1184 = CARTESIAN_POINT('',(2.007697650657,-57.10165632283,
    288.15271397028));
#1185 = CARTESIAN_POINT('',(1.514704177616,-57.05131028397,
    288.07696548015));
#1186 = CARTESIAN_POINT('',(1.013255635975,-57.01714324181,
    288.0257148484));
#1187 = CARTESIAN_POINT('',(0.507097397926,-57.,288.));
#1188 = CARTESIAN_POINT('',(-0.507097398022,-57.,288.));
#1189 = CARTESIAN_POINT('',(-1.013255635951,-57.01714324182,
    288.02571484841));
#1190 = CARTESIAN_POINT('',(-1.51470417752,-57.05131028397,
    288.07696548014));
#1191 = CARTESIAN_POINT('',(-2.007697650631,-57.10165632282,
    288.15271397026));
#1192 = CARTESIAN_POINT('',(-2.4885795258,-57.16662035733,
    288.25106809872));
#1193 = CARTESIAN_POINT('',(-3.633823025332,-57.35714014112,
    288.54192289493));
#1194 = CARTESIAN_POINT('',(-4.280117206356,-57.49676964363,
    288.75684289601));
#1195 = CARTESIAN_POINT('',(-4.891462321828,-57.65765266516,
    289.0076302147));
#1196 = CARTESIAN_POINT('',(-5.467320971814,-57.83477763143,
    289.28863265419));
#1197 = CARTESIAN_POINT('',(-6.007698492289,-58.02350641785,
    289.59473747512));
#1198 = CARTESIAN_POINT('',(-6.718334408716,-58.29932624045,
    290.05395754011));
#1199 = CARTESIAN_POINT('',(-6.918133259367,-58.38034398227,
    290.19018682541));
#1200 = CARTESIAN_POINT('',(-7.112499003032,-58.46244572337,
    290.3297227931));
#1201 = CARTESIAN_POINT('',(-7.301550528869,-58.5454167788,
    290.47236998939));
#1202 = CARTESIAN_POINT('',(-7.485407345393,-58.62905873391,
    290.61796073068));
#1203 = CARTESIAN_POINT('',(-8.129299514753,-58.93205922861,
    291.15240966289));
#1204 = CARTESIAN_POINT('',(-8.56026666281,-59.15433115951,
    291.55760729375));
#1205 = CARTESIAN_POINT('',(-8.958871987384,-59.37665856508,
    291.97928990059));
#1206 = CARTESIAN_POINT('',(-9.32676893008,-59.59623271887,
    292.41576047618));
#1207 = CARTESIAN_POINT('',(-9.665316982643,-59.8105157004,
    292.86607524425));
#1208 = CARTESIAN_POINT('',(-10.31904527335,-60.24575560734,
    293.8437440051));
#1209 = CARTESIAN_POINT('',(-10.62794149153,-60.4650621473,
    294.37446359138));
#1210 = CARTESIAN_POINT('',(-10.90244537063,-60.67088431665,
    294.92028282903));
#1211 = CARTESIAN_POINT('',(-11.14266504038,-60.85928020662,
    295.47989448188));
#1212 = CARTESIAN_POINT('',(-11.34844389588,-61.02637589476,
    296.05236221482));
#1213 = CARTESIAN_POINT('',(-11.67749610332,-61.30041783126,
    297.17947486306));
#1214 = CARTESIAN_POINT('',(-11.80575906294,-61.41092234541,
    297.73274747847));
#1215 = CARTESIAN_POINT('',(-11.9026141725,-61.49648739931,
    298.29387133081));
#1216 = CARTESIAN_POINT('',(-11.96747884551,-61.55450438737,
    298.86028834547));
#1217 = CARTESIAN_POINT('',(-12.,-61.583592135,299.42972413792));
#1218 = CARTESIAN_POINT('',(-12.,-61.583592135,300.37774806834));
#1219 = CARTESIAN_POINT('',(-11.98573065296,-61.57082924555,
    300.75537534128));
#1220 = CARTESIAN_POINT('',(-11.95720898167,-61.54531867605,
    301.13212227814));
#1221 = CARTESIAN_POINT('',(-11.91451639392,-61.50733817018,
    301.50721899866));
#1222 = CARTESIAN_POINT('',(-11.85780285948,-61.45742992623,
    301.8798533444));
#1223 = CARTESIAN_POINT('',(-11.75033320296,-61.36430906504,
    302.44308270511));
#1224 = CARTESIAN_POINT('',(-11.70952835158,-61.32916377703,
    302.63613451314));
#1225 = CARTESIAN_POINT('',(-11.6649508409,-61.29104017399,
    302.82822376159));
#1226 = CARTESIAN_POINT('',(-11.61662778907,-61.25005170681,
    303.01927454226));
#1227 = CARTESIAN_POINT('',(-11.56458901282,-61.2063227278,
    303.20920604234));
#1228 = CARTESIAN_POINT('',(-11.33697722099,-61.01704875212,
    303.9801319416));
#1229 = CARTESIAN_POINT('',(-11.1302704491,-60.84949199577,
    304.5501129916));
#1230 = CARTESIAN_POINT('',(-10.88936822173,-60.66092294074,
    305.10727184341));
#1231 = CARTESIAN_POINT('',(-10.61441407386,-60.45517608424,
    305.65068947561));
#1232 = CARTESIAN_POINT('',(-10.30528461071,-60.23614681836,
    306.17907978445));
#1233 = CARTESIAN_POINT('',(-9.529292654595,-59.72053653929,
    307.33442561034));
#1234 = CARTESIAN_POINT('',(-9.042395269325,-59.41858030265,
    307.95151902682));
#1235 = CARTESIAN_POINT('',(-8.498276124569,-59.1085214669,
    308.54161884764));
#1236 = CARTESIAN_POINT('',(-7.892444493618,-58.79690139125,
    309.10186448342));
#1237 = CARTESIAN_POINT('',(-7.219571380686,-58.4919714054,
    309.62602704603));
#1238 = CARTESIAN_POINT('',(-5.973688916023,-58.01166848574,
    310.42445210831));
#1239 = CARTESIAN_POINT('',(-5.438352142995,-57.82589315227,
    310.72545834275));
#1240 = CARTESIAN_POINT('',(-4.868392006188,-57.65159391838,
    311.00181333998));
#1241 = CARTESIAN_POINT('',(-4.263838874827,-57.49325629457,
    311.24856473375));
#1242 = CARTESIAN_POINT('',(-3.625242827649,-57.35571276135,
    311.46025619767));
#1243 = CARTESIAN_POINT('',(-2.488579525705,-57.16662035731,
    311.7489319013));
#1244 = CARTESIAN_POINT('',(-2.007697650658,-57.10165632283,
    311.84728602971));
#1245 = CARTESIAN_POINT('',(-1.514704177615,-57.05131028397,
    311.92303451984));
#1246 = CARTESIAN_POINT('',(-1.013255635976,-57.01714324181,
    311.9742851516));
#1247 = CARTESIAN_POINT('',(-0.507097397926,-57.,312.));
#1248 = CARTESIAN_POINT('',(-1.7763568394E-15,-57.,312.));
#1249 = ORIENTED_EDGE('',*,*,#1117,.T.);
#1250 = CYLINDRICAL_SURFACE('',#1251,12.);
#1251 = AXIS2_PLACEMENT_3D('',#1252,#1253,#1254);
#1252 = CARTESIAN_POINT('',(0.,-75.,300.));
#1253 = DIRECTION('',(0.,1.,0.));
#1254 = DIRECTION('',(0.,0.,1.));
#1255 = ADVANCED_FACE('',(#1256),#1259,.F.);
#1256 = FACE_BOUND('',#1257,.T.);
#1257 = EDGE_LOOP('',(#1258));
#1258 = ORIENTED_EDGE('',*,*,#1089,.F.);
#1259 = PLANE('',#1260);
#1260 = AXIS2_PLACEMENT_3D('',#1261,#1262,#1263);
#1261 = CARTESIAN_POINT('',(40.,35.,122.));
#1262 = DIRECTION('',(0.,1.,0.));
#1263 = DIRECTION('',(0.,0.,1.));
#1264 = ADVANCED_FACE('',(#1265),#1268,.T.);
#1265 = FACE_BOUND('',#1266,.T.);
#1266 = EDGE_LOOP('',(#1267));
#1267 = ORIENTED_EDGE('',*,*,#1081,.T.);
#1268 = PLANE('',#1269);
#1269 = AXIS2_PLACEMENT_3D('',#1270,#1271,#1272);
#1270 = CARTESIAN_POINT('',(40.,115.,122.));
#1271 = DIRECTION('',(0.,1.,0.));
#1272 = DIRECTION('',(0.,0.,1.));
#1273 = ADVANCED_FACE('',(#1274,#1365),#1368,.T.);
#1274 = FACE_BOUND('',#1275,.T.);
#1275 = EDGE_LOOP('',(#1276,#1349,#1357,#1364));
#1276 = ORIENTED_EDGE('',*,*,#1277,.T.);
#1277 = EDGE_CURVE('',#1278,#1278,#1280,.T.);
#1278 = VERTEX_POINT('',#1279);
#1279 = CARTESIAN_POINT('',(18.,-75.,239.96609682446));
#1280 = B_SPLINE_CURVE_WITH_KNOTS('',7,(#1281,#1282,#1283,#1284,#1285,
    #1286,#1287,#1288,#1289,#1290,#1291,#1292,#1293,#1294,#1295,#1296,
    #1297,#1298,#1299,#1300,#1301,#1302,#1303,#1304,#1305,#1306,#1307,
    #1308,#1309,#1310,#1311,#1312,#1313,#1314,#1315,#1316,#1317,#1318,
    #1319,#1320,#1321,#1322,#1323,#1324,#1325,#1326,#1327,#1328,#1329,
    #1330,#1331,#1332,#1333,#1334,#1335,#1336,#1337,#1338,#1339,#1340,
    #1341,#1342,#1343,#1344,#1345,#1346,#1347,#1348),.UNSPECIFIED.,.T.,
  .F.,(8,6,6,6,6,6,6,6,6,6,6,8),(0.,0.103611773584,0.191332529821,
    0.275220848922,0.372162684656,0.45255388675,0.562478219698,
    0.656453877594,0.740152509925,0.824221604558,0.907261143821,1.),
  .UNSPECIFIED.);
#1281 = CARTESIAN_POINT('',(18.,-75.,239.96609682446));
#1282 = CARTESIAN_POINT('',(18.,-73.49368816132,239.96609682446));
#1283 = CARTESIAN_POINT('',(17.852937956967,-71.9876467878,
    239.93867059321));
#1284 = CARTESIAN_POINT('',(17.558900406057,-70.49059388914,
    239.88383429971));
#1285 = CARTESIAN_POINT('',(17.115549967513,-69.01179910917,
    239.79995676932));
#1286 = CARTESIAN_POINT('',(16.518540769986,-67.56230897169,239.68384111
    ));
#1287 = CARTESIAN_POINT('',(15.762130297476,-66.15633819242,
    239.53048624097));
#1288 = CARTESIAN_POINT('',(14.059201669326,-63.67560253814,
    239.1653215578));
#1289 = CARTESIAN_POINT('',(13.155120170889,-62.57653878793,
    238.96511685267));
#1290 = CARTESIAN_POINT('',(12.12633164826,-61.5355175284,
    238.72818661145));
#1291 = CARTESIAN_POINT('',(10.974613412394,-60.57245883773,
    238.45029360925));
#1292 = CARTESIAN_POINT('',(9.704574633025,-59.70725964638,
    238.12697569383));
#1293 = CARTESIAN_POINT('',(8.323586420632,-58.95992942771,
    237.75396970984));
#1294 = CARTESIAN_POINT('',(5.42506323798,-57.76876866975,
    236.92061301307));
#1295 = CARTESIAN_POINT('',(3.925418677864,-57.3169230478,
    236.46746050933));
#1296 = CARTESIAN_POINT('',(2.369718723263,-57.01689914451,
    235.97125939405));
#1297 = CARTESIAN_POINT('',(0.788985405591,-56.87975313494,
    235.43783462307));
#1298 = CARTESIAN_POINT('',(-0.78399495075,-56.90630560817,234.876919907
    ));
#1299 = CARTESIAN_POINT('',(-2.317226917821,-57.08704491242,
    234.30194154243));
#1300 = CARTESIAN_POINT('',(-5.4739031541,-57.76537174938,
    233.06497046228));
#1301 = CARTESIAN_POINT('',(-7.075779385228,-58.30821204314,
    232.40276573647));
#1302 = CARTESIAN_POINT('',(-8.572452237465,-59.00611387957,
    231.75306422255));
#1303 = CARTESIAN_POINT('',(-9.953745549843,-59.83686844653,
    231.12721647806));
#1304 = CARTESIAN_POINT('',(-11.2128145743,-60.77978088973,
    230.53560273661));
#1305 = CARTESIAN_POINT('',(-12.34544647236,-61.81548158263,
    229.98708856316));
#1306 = CARTESIAN_POINT('',(-14.18256920347,-63.84669350598,
    229.07527103717));
#1307 = CARTESIAN_POINT('',(-14.92967213993,-64.82167546092,
    228.69507902424));
#1308 = CARTESIAN_POINT('',(-15.59027026182,-65.84247966859,
    228.3517653173));
#1309 = CARTESIAN_POINT('',(-16.16392649312,-66.90166259602,
    228.04851663467));
#1310 = CARTESIAN_POINT('',(-16.65036621236,-67.99248507436,
    227.78797557407));
#1311 = CARTESIAN_POINT('',(-17.04932844272,-69.10872312467,
    227.57224817055));
#1312 = CARTESIAN_POINT('',(-17.78585608815,-71.797483813,
    227.17142866378));
#1313 = CARTESIAN_POINT('',(-18.04678766992,-73.386123044,
    227.02683300121));
#1314 = CARTESIAN_POINT('',(-18.14213252438,-74.9934476958,226.973342964
    ));
#1315 = CARTESIAN_POINT('',(-18.07148890606,-76.60313049447,
    227.01279592787));
#1316 = CARTESIAN_POINT('',(-17.83499515546,-78.19896335353,
    227.14448310355));
#1317 = CARTESIAN_POINT('',(-17.4333870732,-79.76435238867,
    227.36516449895));
#1318 = CARTESIAN_POINT('',(-16.38515972299,-82.5791109707,
    227.92929135504));
#1319 = CARTESIAN_POINT('',(-15.78265851388,-83.84106861268,
    228.25021743587));
#1320 = CARTESIAN_POINT('',(-15.0613198379,-85.05830753593,
    228.62885343406));
#1321 = CARTESIAN_POINT('',(-14.22143046154,-86.22047398879,
    229.06112379127));
#1322 = CARTESIAN_POINT('',(-13.263358397,-87.31586755352,229.5420119716
    ));
#1323 = CARTESIAN_POINT('',(-12.18798878187,-88.33096331141,
    230.06546009156));
#1324 = CARTESIAN_POINT('',(-9.937079008556,-90.06812862755,
    231.12222652158));
#1325 = CARTESIAN_POINT('',(-8.780399805407,-90.81392671953,
    231.65053128425));
#1326 = CARTESIAN_POINT('',(-7.532058692691,-91.47097489889,
    232.202596459));
#1327 = CARTESIAN_POINT('',(-6.19924917985,-92.02363774759,
    232.77044997744));
#1328 = CARTESIAN_POINT('',(-4.791531073259,-92.45697000704,
    233.34552099414));
#1329 = CARTESIAN_POINT('',(-3.32085371762,-92.7567746561,
    233.91930175419));
#1330 = CARTESIAN_POINT('',(-0.275867285245,-93.06310311721,
    235.05089246944));
#1331 = CARTESIAN_POINT('',(1.291262162332,-93.06755680678,
    235.60579195599));
#1332 = CARTESIAN_POINT('',(2.86838293274,-92.91041319209,
    236.13483151581));
#1333 = CARTESIAN_POINT('',(4.422805785807,-92.58996717043,
    236.62709981281));
#1334 = CARTESIAN_POINT('',(5.922629170673,-92.11479884302,
    237.07580982014));
#1335 = CARTESIAN_POINT('',(7.339394716673,-91.50358856251,
    237.47783204555));
#1336 = CARTESIAN_POINT('',(9.945492317138,-90.07540786629,
    238.18315923765));
#1337 = CARTESIAN_POINT('',(11.138534359337,-89.26042635198,
    238.48792119629));
#1338 = CARTESIAN_POINT('',(12.225312783028,-88.3577547714,
    238.75116459016));
#1339 = CARTESIAN_POINT('',(13.203524991757,-87.38335423467,
    238.97720160639));
#1340 = CARTESIAN_POINT('',(14.072502276479,-86.35202788321,
    239.17002150129));
#1341 = CARTESIAN_POINT('',(14.833010592693,-85.27763582096,
    239.33315508514));
#1342 = CARTESIAN_POINT('',(16.217861257191,-82.93954950433,
    239.62213629357));
#1343 = CARTESIAN_POINT('',(16.818645140062,-81.66380694069,
    239.74197080053));
#1344 = CARTESIAN_POINT('',(17.293997007767,-80.35801311925,
    239.83366997723));
#1345 = CARTESIAN_POINT('',(17.647705866061,-79.03157737394,
    239.90039504333));
#1346 = CARTESIAN_POINT('',(17.882550362283,-77.69209093163,
    239.94419351549));
#1347 = CARTESIAN_POINT('',(18.,-76.34613740848,239.96609682446));
#1348 = CARTESIAN_POINT('',(18.,-75.,239.96609682446));
#1349 = ORIENTED_EDGE('',*,*,#1350,.T.);
#1350 = EDGE_CURVE('',#1278,#1351,#1353,.T.);
#1351 = VERTEX_POINT('',#1352);
#1352 = CARTESIAN_POINT('',(18.,-75.,460.));
#1353 = LINE('',#1354,#1355);
#1354 = CARTESIAN_POINT('',(18.,-75.,100.));
#1355 = VECTOR('',#1356,1.);
#1356 = DIRECTION('',(0.,0.,1.));
#1357 = ORIENTED_EDGE('',*,*,#1358,.F.);
#1358 = EDGE_CURVE('',#1351,#1351,#1359,.T.);
#1359 = CIRCLE('',#1360,18.);
#1360 = AXIS2_PLACEMENT_3D('',#1361,#1362,#1363);
#1361 = CARTESIAN_POINT('',(0.,-75.,460.));
#1362 = DIRECTION('',(0.,0.,1.));
#1363 = DIRECTION('',(1.,0.,0.));
#1364 = ORIENTED_EDGE('',*,*,#1350,.F.);
#1365 = FACE_BOUND('',#1366,.T.);
#1366 = EDGE_LOOP('',(#1367));
#1367 = ORIENTED_EDGE('',*,*,#1125,.F.);
#1368 = CYLINDRICAL_SURFACE('',#1369,18.);
#1369 = AXIS2_PLACEMENT_3D('',#1370,#1371,#1372);
#1370 = CARTESIAN_POINT('',(0.,-75.,100.));
#1371 = DIRECTION('',(0.,0.,1.));
#1372 = DIRECTION('',(1.,0.,0.));
#1373 = ADVANCED_FACE('',(#1374,#1401),#1404,.T.);
#1374 = FACE_BOUND('',#1375,.T.);
#1375 = EDGE_LOOP('',(#1376,#1386,#1393,#1394));
#1376 = ORIENTED_EDGE('',*,*,#1377,.T.);
#1377 = EDGE_CURVE('',#1378,#1380,#1382,.T.);
#1378 = VERTEX_POINT('',#1379);
#1379 = CARTESIAN_POINT('',(40.,-115.,242.));
#1380 = VERTEX_POINT('',#1381);
#1381 = CARTESIAN_POINT('',(40.,-35.,242.));
#1382 = LINE('',#1383,#1384);
#1383 = CARTESIAN_POINT('',(40.,-115.,242.));
#1384 = VECTOR('',#1385,1.);
#1385 = DIRECTION('',(0.,1.,0.));
#1386 = ORIENTED_EDGE('',*,*,#1387,.F.);
#1387 = EDGE_CURVE('',#1380,#1380,#1388,.T.);
#1388 = CIRCLE('',#1389,120.);
#1389 = AXIS2_PLACEMENT_3D('',#1390,#1391,#1392);
#1390 = CARTESIAN_POINT('',(40.,-35.,122.));
#1391 = DIRECTION('',(0.,1.,0.));
#1392 = DIRECTION('',(0.,0.,1.));
#1393 = ORIENTED_EDGE('',*,*,#1377,.F.);
#1394 = ORIENTED_EDGE('',*,*,#1395,.T.);
#1395 = EDGE_CURVE('',#1378,#1378,#1396,.T.);
#1396 = CIRCLE('',#1397,120.);
#1397 = AXIS2_PLACEMENT_3D('',#1398,#1399,#1400);
#1398 = CARTESIAN_POINT('',(40.,-115.,122.));
#1399 = DIRECTION('',(0.,1.,0.));
#1400 = DIRECTION('',(0.,0.,1.));
#1401 = FACE_BOUND('',#1402,.T.);
#1402 = EDGE_LOOP('',(#1403));
#1403 = ORIENTED_EDGE('',*,*,#1277,.F.);
#1404 = CYLINDRICAL_SURFACE('',#1405,120.);
#1405 = AXIS2_PLACEMENT_3D('',#1406,#1407,#1408);
#1406 = CARTESIAN_POINT('',(40.,-115.,122.));
#1407 = DIRECTION('',(0.,1.,0.));
#1408 = DIRECTION('',(0.,0.,1.));
#1409 = ADVANCED_FACE('',(#1410),#1413,.T.);
#1410 = FACE_BOUND('',#1411,.T.);
#1411 = EDGE_LOOP('',(#1412));
#1412 = ORIENTED_EDGE('',*,*,#1358,.T.);
#1413 = PLANE('',#1414);
#1414 = AXIS2_PLACEMENT_3D('',#1415,#1416,#1417);
#1415 = CARTESIAN_POINT('',(0.,-75.,460.));
#1416 = DIRECTION('',(0.,0.,1.));
#1417 = DIRECTION('',(1.,0.,0.));
#1418 = ADVANCED_FACE('',(#1419),#1422,.F.);
#1419 = FACE_BOUND('',#1420,.T.);
#1420 = EDGE_LOOP('',(#1421));
#1421 = ORIENTED_EDGE('',*,*,#1395,.F.);
#1422 = PLANE('',#1423);
#1423 = AXIS2_PLACEMENT_3D('',#1424,#1425,#1426);
#1424 = CARTESIAN_POINT('',(40.,-115.,122.));
#1425 = DIRECTION('',(0.,1.,0.));
#1426 = DIRECTION('',(0.,0.,1.));
#1427 = ADVANCED_FACE('',(#1428),#1431,.T.);
#1428 = FACE_BOUND('',#1429,.T.);
#1429 = EDGE_LOOP('',(#1430));
#1430 = ORIENTED_EDGE('',*,*,#1387,.T.);
#1431 = PLANE('',#1432);
#1432 = AXIS2_PLACEMENT_3D('',#1433,#1434,#1435);
#1433 = CARTESIAN_POINT('',(40.,-35.,122.));
#1434 = DIRECTION('',(0.,1.,0.));
#1435 = DIRECTION('',(0.,0.,1.));
#1436 = MANIFOLD_SOLID_BREP('',#1437);
#1437 = CLOSED_SHELL('',(#1438,#1535,#1571,#1580,#1589));
#1438 = ADVANCED_FACE('',(#1439),#1530,.T.);
#1439 = FACE_BOUND('',#1440,.T.);
#1440 = EDGE_LOOP('',(#1441,#1451,#1458,#1459));
#1441 = ORIENTED_EDGE('',*,*,#1442,.T.);
#1442 = EDGE_CURVE('',#1443,#1445,#1447,.T.);
#1443 = VERTEX_POINT('',#1444);
#1444 = CARTESIAN_POINT('',(18.,200.,239.96609682446));
#1445 = VERTEX_POINT('',#1446);
#1446 = CARTESIAN_POINT('',(18.,200.,460.));
#1447 = LINE('',#1448,#1449);
#1448 = CARTESIAN_POINT('',(18.,200.,100.));
#1449 = VECTOR('',#1450,1.);
#1450 = DIRECTION('',(0.,0.,1.));
#1451 = ORIENTED_EDGE('',*,*,#1452,.F.);
#1452 = EDGE_CURVE('',#1445,#1445,#1453,.T.);
#1453 = CIRCLE('',#1454,18.);
#1454 = AXIS2_PLACEMENT_3D('',#1455,#1456,#1457);
#1455 = CARTESIAN_POINT('',(0.,200.,460.));
#1456 = DIRECTION('',(0.,0.,1.));
#1457 = DIRECTION('',(1.,0.,0.));
#1458 = ORIENTED_EDGE('',*,*,#1442,.F.);
#1459 = ORIENTED_EDGE('',*,*,#1460,.T.);
#1460 = EDGE_CURVE('',#1443,#1443,#1461,.T.);
#1461 = B_SPLINE_CURVE_WITH_KNOTS('',7,(#1462,#1463,#1464,#1465,#1466,
    #1467,#1468,#1469,#1470,#1471,#1472,#1473,#1474,#1475,#1476,#1477,
    #1478,#1479,#1480,#1481,#1482,#1483,#1484,#1485,#1486,#1487,#1488,
    #1489,#1490,#1491,#1492,#1493,#1494,#1495,#1496,#1497,#1498,#1499,
    #1500,#1501,#1502,#1503,#1504,#1505,#1506,#1507,#1508,#1509,#1510,
    #1511,#1512,#1513,#1514,#1515,#1516,#1517,#1518,#1519,#1520,#1521,
    #1522,#1523,#1524,#1525,#1526,#1527,#1528,#1529),.UNSPECIFIED.,.T.,
  .F.,(8,6,6,6,6,6,6,6,6,6,6,8),(0.,0.103611773553,0.191332529764,
    0.27522084884,0.372162684545,0.452553886608,0.562478219523,
    0.65645387739,0.740152509678,0.824221604256,0.907261143466,1.),
  .UNSPECIFIED.);
#1462 = CARTESIAN_POINT('',(18.,200.,239.96609682446));
#1463 = CARTESIAN_POINT('',(18.,201.50631183867,239.96609682446));
#1464 = CARTESIAN_POINT('',(17.852937956969,203.01235321218,
    239.93867059321));
#1465 = CARTESIAN_POINT('',(17.558900406053,204.50940611086,
    239.88383429971));
#1466 = CARTESIAN_POINT('',(17.115549967518,205.98820089081,
    239.79995676932));
#1467 = CARTESIAN_POINT('',(16.518540769982,207.4376910283,239.68384111)
  );
#1468 = CARTESIAN_POINT('',(15.762130297478,208.84366180757,
    239.53048624097));
#1469 = CARTESIAN_POINT('',(14.059201669326,211.32439746185,
    239.1653215578));
#1470 = CARTESIAN_POINT('',(13.155120170889,212.42346121206,
    238.96511685267));
#1471 = CARTESIAN_POINT('',(12.12633164826,213.46448247159,
    238.72818661145));
#1472 = CARTESIAN_POINT('',(10.974613412394,214.42754116226,
    238.45029360925));
#1473 = CARTESIAN_POINT('',(9.704574633025,215.29274035361,
    238.12697569383));
#1474 = CARTESIAN_POINT('',(8.323586420632,216.04007057228,
    237.75396970984));
#1475 = CARTESIAN_POINT('',(5.42506323798,217.23123133024,
    236.92061301307));
#1476 = CARTESIAN_POINT('',(3.925418677862,217.68307695219,
    236.46746050933));
#1477 = CARTESIAN_POINT('',(2.369718723265,217.98310085548,
    235.97125939406));
#1478 = CARTESIAN_POINT('',(0.788985405594,218.12024686505,
    235.43783462307));
#1479 = CARTESIAN_POINT('',(-0.783994950755,218.09369439182,
    234.87691990699));
#1480 = CARTESIAN_POINT('',(-2.317226917819,217.91295508757,
    234.30194154243));
#1481 = CARTESIAN_POINT('',(-5.473903154099,217.23462825061,
    233.06497046228));
#1482 = CARTESIAN_POINT('',(-7.07577938523,216.69178795685,
    232.40276573647));
#1483 = CARTESIAN_POINT('',(-8.572452237462,215.99388612042,
    231.75306422255));
#1484 = CARTESIAN_POINT('',(-9.953745549845,215.16313155347,
    231.12721647806));
#1485 = CARTESIAN_POINT('',(-11.2128145743,214.22021911026,
    230.53560273661));
#1486 = CARTESIAN_POINT('',(-12.34544647236,213.18451841736,
    229.98708856316));
#1487 = CARTESIAN_POINT('',(-14.18256920339,211.15330649409,
    229.07527103721));
#1488 = CARTESIAN_POINT('',(-14.92967214002,210.17832453899,
    228.69507902419));
#1489 = CARTESIAN_POINT('',(-15.59027026184,209.15752033132,
    228.35176531729));
#1490 = CARTESIAN_POINT('',(-16.16392649306,208.09833740403,
    228.0485166347));
#1491 = CARTESIAN_POINT('',(-16.65036621235,207.00751492573,
    227.78797557408));
#1492 = CARTESIAN_POINT('',(-17.04932844275,205.89127687522,
    227.57224817053));
#1493 = CARTESIAN_POINT('',(-17.78585608815,203.20251618699,
    227.17142866378));
#1494 = CARTESIAN_POINT('',(-18.04678766992,201.61387695599,
    227.02683300121));
#1495 = CARTESIAN_POINT('',(-18.14213252438,200.0065523042,226.973342964
    ));
#1496 = CARTESIAN_POINT('',(-18.07148890606,198.39686950552,
    227.01279592787));
#1497 = CARTESIAN_POINT('',(-17.83499515546,196.80103664646,
    227.14448310355));
#1498 = CARTESIAN_POINT('',(-17.4333870732,195.23564761132,
    227.36516449895));
#1499 = CARTESIAN_POINT('',(-16.38515972299,192.42088902929,
    227.92929135504));
#1500 = CARTESIAN_POINT('',(-15.78265851388,191.15893138731,
    228.25021743587));
#1501 = CARTESIAN_POINT('',(-15.0613198379,189.94169246407,
    228.62885343406));
#1502 = CARTESIAN_POINT('',(-14.22143046153,188.77952601119,
    229.06112379127));
#1503 = CARTESIAN_POINT('',(-13.263358397,187.68413244647,229.5420119716
    ));
#1504 = CARTESIAN_POINT('',(-12.18798878187,186.66903668858,
    230.06546009156));
#1505 = CARTESIAN_POINT('',(-9.937079008791,184.93187137262,
    231.12222652147));
#1506 = CARTESIAN_POINT('',(-8.780399805398,184.18607328039,
    231.65053128426));
#1507 = CARTESIAN_POINT('',(-7.532058692482,183.52902510099,
    232.20259645909));
#1508 = CARTESIAN_POINT('',(-6.199249179692,182.97636225239,
    232.7704499775));
#1509 = CARTESIAN_POINT('',(-4.791531073346,182.543029993,233.3455209941
    ));
#1510 = CARTESIAN_POINT('',(-3.320853717806,182.24322534391,
    233.91930175412));
#1511 = CARTESIAN_POINT('',(-0.275867285247,181.93689688278,
    235.05089246944));
#1512 = CARTESIAN_POINT('',(1.291262162336,181.93244319322,235.605791956
    ));
#1513 = CARTESIAN_POINT('',(2.868382932734,182.0895868079,
    236.13483151581));
#1514 = CARTESIAN_POINT('',(4.422805785813,182.41003282956,
    236.62709981281));
#1515 = CARTESIAN_POINT('',(5.922629170668,182.88520115697,
    237.07580982014));
#1516 = CARTESIAN_POINT('',(7.339394716674,183.49641143748,
    237.47783204555));
#1517 = CARTESIAN_POINT('',(9.945492317137,184.9245921337,
    238.18315923765));
#1518 = CARTESIAN_POINT('',(11.138534359343,185.73957364802,
    238.48792119629));
#1519 = CARTESIAN_POINT('',(12.225312783017,186.64224522859,
    238.75116459016));
#1520 = CARTESIAN_POINT('',(13.203524991766,187.61664576533,
    238.97720160639));
#1521 = CARTESIAN_POINT('',(14.072502276475,188.64797211678,
    239.17002150129));
#1522 = CARTESIAN_POINT('',(14.833010592694,189.72236417903,
    239.33315508514));
#1523 = CARTESIAN_POINT('',(16.217861260464,192.06045050119,
    239.62213629426));
#1524 = CARTESIAN_POINT('',(16.818645134757,193.33619304605,
    239.74197079943));
#1525 = CARTESIAN_POINT('',(17.29399700888,194.64198688883,
    239.83366997745));
#1526 = CARTESIAN_POINT('',(17.647705869577,195.96842263408,
    239.90039504406));
#1527 = CARTESIAN_POINT('',(17.882550359893,197.30790905503,
    239.944193515));
#1528 = CARTESIAN_POINT('',(18.,198.65386259711,239.96609682446));
#1529 = CARTESIAN_POINT('',(18.,200.,239.96609682446));
#1530 = CYLINDRICAL_SURFACE('',#1531,18.);
#1531 = AXIS2_PLACEMENT_3D('',#1532,#1533,#1534);
#1532 = CARTESIAN_POINT('',(0.,200.,100.));
#1533 = DIRECTION('',(0.,0.,1.));
#1534 = DIRECTION('',(1.,0.,0.));
#1535 = ADVANCED_FACE('',(#1536,#1563),#1566,.T.);
#1536 = FACE_BOUND('',#1537,.T.);
#1537 = EDGE_LOOP('',(#1538,#1548,#1555,#1556));
#1538 = ORIENTED_EDGE('',*,*,#1539,.T.);
#1539 = EDGE_CURVE('',#1540,#1542,#1544,.T.);
#1540 = VERTEX_POINT('',#1541);
#1541 = CARTESIAN_POINT('',(40.,160.,242.));
#1542 = VERTEX_POINT('',#1543);
#1543 = CARTESIAN_POINT('',(40.,240.,242.));
#1544 = LINE('',#1545,#1546);
#1545 = CARTESIAN_POINT('',(40.,160.,242.));
#1546 = VECTOR('',#1547,1.);
#1547 = DIRECTION('',(0.,1.,0.));
#1548 = ORIENTED_EDGE('',*,*,#1549,.F.);
#1549 = EDGE_CURVE('',#1542,#1542,#1550,.T.);
#1550 = CIRCLE('',#1551,120.);
#1551 = AXIS2_PLACEMENT_3D('',#1552,#1553,#1554);
#1552 = CARTESIAN_POINT('',(40.,240.,122.));
#1553 = DIRECTION('',(0.,1.,0.));
#1554 = DIRECTION('',(0.,0.,1.));
#1555 = ORIENTED_EDGE('',*,*,#1539,.F.);
#1556 = ORIENTED_EDGE('',*,*,#1557,.T.);
#1557 = EDGE_CURVE('',#1540,#1540,#1558,.T.);
#1558 = CIRCLE('',#1559,120.);
#1559 = AXIS2_PLACEMENT_3D('',#1560,#1561,#1562);
#1560 = CARTESIAN_POINT('',(40.,160.,122.));
#1561 = DIRECTION('',(0.,1.,0.));
#1562 = DIRECTION('',(0.,0.,1.));
#1563 = FACE_BOUND('',#1564,.T.);
#1564 = EDGE_LOOP('',(#1565));
#1565 = ORIENTED_EDGE('',*,*,#1460,.F.);
#1566 = CYLINDRICAL_SURFACE('',#1567,120.);
#1567 = AXIS2_PLACEMENT_3D('',#1568,#1569,#1570);
#1568 = CARTESIAN_POINT('',(40.,160.,122.));
#1569 = DIRECTION('',(0.,1.,0.));
#1570 = DIRECTION('',(0.,0.,1.));
#1571 = ADVANCED_FACE('',(#1572),#1575,.T.);
#1572 = FACE_BOUND('',#1573,.T.);
#1573 = EDGE_LOOP('',(#1574));
#1574 = ORIENTED_EDGE('',*,*,#1452,.T.);
#1575 = PLANE('',#1576);
#1576 = AXIS2_PLACEMENT_3D('',#1577,#1578,#1579);
#1577 = CARTESIAN_POINT('',(0.,200.,460.));
#1578 = DIRECTION('',(0.,0.,1.));
#1579 = DIRECTION('',(1.,0.,0.));
#1580 = ADVANCED_FACE('',(#1581),#1584,.F.);
#1581 = FACE_BOUND('',#1582,.T.);
#1582 = EDGE_LOOP('',(#1583));
#1583 = ORIENTED_EDGE('',*,*,#1557,.F.);
#1584 = PLANE('',#1585);
#1585 = AXIS2_PLACEMENT_3D('',#1586,#1587,#1588);
#1586 = CARTESIAN_POINT('',(40.,160.,122.));
#1587 = DIRECTION('',(0.,1.,0.));
#1588 = DIRECTION('',(0.,0.,1.));
#1589 = ADVANCED_FACE('',(#1590),#1593,.T.);
#1590 = FACE_BOUND('',#1591,.T.);
#1591 = EDGE_LOOP('',(#1592));
#1592 = ORIENTED_EDGE('',*,*,#1549,.T.);
#1593 = PLANE('',#1594);
#1594 = AXIS2_PLACEMENT_3D('',#1595,#1596,#1597);
#1595 = CARTESIAN_POINT('',(40.,240.,122.));
#1596 = DIRECTION('',(0.,1.,0.));
#1597 = DIRECTION('',(0.,0.,1.));
#1598 = MANIFOLD_SOLID_BREP('',#1599);
#1599 = CLOSED_SHELL('',(#1600,#1697,#1733,#1742,#1751));
#1600 = ADVANCED_FACE('',(#1601),#1692,.T.);
#1601 = FACE_BOUND('',#1602,.T.);
#1602 = EDGE_LOOP('',(#1603,#1613,#1620,#1621));
#1603 = ORIENTED_EDGE('',*,*,#1604,.T.);
#1604 = EDGE_CURVE('',#1605,#1607,#1609,.T.);
#1605 = VERTEX_POINT('',#1606);
#1606 = CARTESIAN_POINT('',(18.,-200.,239.96609682446));
#1607 = VERTEX_POINT('',#1608);
#1608 = CARTESIAN_POINT('',(18.,-200.,460.));
#1609 = LINE('',#1610,#1611);
#1610 = CARTESIAN_POINT('',(18.,-200.,100.));
#1611 = VECTOR('',#1612,1.);
#1612 = DIRECTION('',(0.,0.,1.));
#1613 = ORIENTED_EDGE('',*,*,#1614,.F.);
#1614 = EDGE_CURVE('',#1607,#1607,#1615,.T.);
#1615 = CIRCLE('',#1616,18.);
#1616 = AXIS2_PLACEMENT_3D('',#1617,#1618,#1619);
#1617 = CARTESIAN_POINT('',(0.,-200.,460.));
#1618 = DIRECTION('',(0.,0.,1.));
#1619 = DIRECTION('',(1.,0.,0.));
#1620 = ORIENTED_EDGE('',*,*,#1604,.F.);
#1621 = ORIENTED_EDGE('',*,*,#1622,.T.);
#1622 = EDGE_CURVE('',#1605,#1605,#1623,.T.);
#1623 = B_SPLINE_CURVE_WITH_KNOTS('',7,(#1624,#1625,#1626,#1627,#1628,
    #1629,#1630,#1631,#1632,#1633,#1634,#1635,#1636,#1637,#1638,#1639,
    #1640,#1641,#1642,#1643,#1644,#1645,#1646,#1647,#1648,#1649,#1650,
    #1651,#1652,#1653,#1654,#1655,#1656,#1657,#1658,#1659,#1660,#1661,
    #1662,#1663,#1664,#1665,#1666,#1667,#1668,#1669,#1670,#1671,#1672,
    #1673,#1674,#1675,#1676,#1677,#1678,#1679,#1680,#1681,#1682,#1683,
    #1684,#1685,#1686,#1687,#1688,#1689,#1690,#1691),.UNSPECIFIED.,.T.,
  .F.,(8,6,6,6,6,6,6,6,6,6,6,8),(0.,0.103611773553,0.191332529764,
    0.27522084884,0.372162684545,0.452553886608,0.562478219523,
    0.65645387739,0.740152509678,0.824221604256,0.907261143466,1.),
  .UNSPECIFIED.);
#1624 = CARTESIAN_POINT('',(18.,-200.,239.96609682446));
#1625 = CARTESIAN_POINT('',(18.,-198.4936881613,239.96609682446));
#1626 = CARTESIAN_POINT('',(17.852937956969,-196.9876467878,
    239.93867059321));
#1627 = CARTESIAN_POINT('',(17.558900406053,-195.4905938891,
    239.88383429971));
#1628 = CARTESIAN_POINT('',(17.115549967518,-194.0117991091,
    239.79995676932));
#1629 = CARTESIAN_POINT('',(16.518540769982,-192.5623089716,239.68384111
    ));
#1630 = CARTESIAN_POINT('',(15.762130297478,-191.1563381924,
    239.53048624097));
#1631 = CARTESIAN_POINT('',(14.059201669326,-188.6756025381,
    239.1653215578));
#1632 = CARTESIAN_POINT('',(13.155120170889,-187.5765387879,
    238.96511685267));
#1633 = CARTESIAN_POINT('',(12.12633164826,-186.5355175284,
    238.72818661145));
#1634 = CARTESIAN_POINT('',(10.974613412394,-185.5724588377,
    238.45029360925));
#1635 = CARTESIAN_POINT('',(9.704574633025,-184.7072596463,
    238.12697569383));
#1636 = CARTESIAN_POINT('',(8.323586420632,-183.9599294277,
    237.75396970984));
#1637 = CARTESIAN_POINT('',(5.42506323798,-182.7687686697,
    236.92061301307));
#1638 = CARTESIAN_POINT('',(3.925418677862,-182.3169230478,
    236.46746050933));
#1639 = CARTESIAN_POINT('',(2.369718723265,-182.0168991445,
    235.97125939406));
#1640 = CARTESIAN_POINT('',(0.788985405594,-181.8797531349,
    235.43783462307));
#1641 = CARTESIAN_POINT('',(-0.783994950755,-181.9063056081,
    234.87691990699));
#1642 = CARTESIAN_POINT('',(-2.317226917819,-182.0870449124,
    234.30194154243));
#1643 = CARTESIAN_POINT('',(-5.473903154099,-182.7653717493,
    233.06497046228));
#1644 = CARTESIAN_POINT('',(-7.07577938523,-183.3082120431,
    232.40276573647));
#1645 = CARTESIAN_POINT('',(-8.572452237462,-184.0061138795,
    231.75306422255));
#1646 = CARTESIAN_POINT('',(-9.953745549845,-184.8368684465,
    231.12721647806));
#1647 = CARTESIAN_POINT('',(-11.2128145743,-185.7797808897,
    230.53560273661));
#1648 = CARTESIAN_POINT('',(-12.34544647236,-186.8154815826,
    229.98708856316));
#1649 = CARTESIAN_POINT('',(-14.18256920339,-188.8466935059,
    229.07527103721));
#1650 = CARTESIAN_POINT('',(-14.92967214002,-189.821675461,
    228.69507902419));
#1651 = CARTESIAN_POINT('',(-15.59027026184,-190.8424796686,
    228.35176531729));
#1652 = CARTESIAN_POINT('',(-16.16392649306,-191.9016625959,
    228.0485166347));
#1653 = CARTESIAN_POINT('',(-16.65036621235,-192.9924850742,
    227.78797557408));
#1654 = CARTESIAN_POINT('',(-17.04932844275,-194.1087231247,
    227.57224817053));
#1655 = CARTESIAN_POINT('',(-17.78585608815,-196.797483813,
    227.17142866378));
#1656 = CARTESIAN_POINT('',(-18.04678766992,-198.386123044,
    227.02683300121));
#1657 = CARTESIAN_POINT('',(-18.14213252438,-199.9934476958,
    226.973342964));
#1658 = CARTESIAN_POINT('',(-18.07148890606,-201.6031304944,
    227.01279592787));
#1659 = CARTESIAN_POINT('',(-17.83499515546,-203.1989633535,
    227.14448310355));
#1660 = CARTESIAN_POINT('',(-17.4333870732,-204.7643523886,
    227.36516449895));
#1661 = CARTESIAN_POINT('',(-16.38515972299,-207.5791109707,
    227.92929135504));
#1662 = CARTESIAN_POINT('',(-15.78265851388,-208.8410686126,
    228.25021743587));
#1663 = CARTESIAN_POINT('',(-15.0613198379,-210.0583075359,
    228.62885343406));
#1664 = CARTESIAN_POINT('',(-14.22143046153,-211.2204739888,
    229.06112379127));
#1665 = CARTESIAN_POINT('',(-13.263358397,-212.3158675535,229.5420119716
    ));
#1666 = CARTESIAN_POINT('',(-12.18798878187,-213.3309633114,
    230.06546009156));
#1667 = CARTESIAN_POINT('',(-9.937079008791,-215.0681286273,
    231.12222652147));
#1668 = CARTESIAN_POINT('',(-8.780399805398,-215.8139267196,
    231.65053128426));
#1669 = CARTESIAN_POINT('',(-7.532058692482,-216.470974899,
    232.20259645909));
#1670 = CARTESIAN_POINT('',(-6.199249179692,-217.0236377476,
    232.7704499775));
#1671 = CARTESIAN_POINT('',(-4.791531073346,-217.4569700069,
    233.3455209941));
#1672 = CARTESIAN_POINT('',(-3.320853717806,-217.756774656,
    233.91930175412));
#1673 = CARTESIAN_POINT('',(-0.275867285247,-218.0631031172,
    235.05089246944));
#1674 = CARTESIAN_POINT('',(1.291262162336,-218.0675568067,235.605791956
    ));
#1675 = CARTESIAN_POINT('',(2.868382932734,-217.910413192,
    236.13483151581));
#1676 = CARTESIAN_POINT('',(4.422805785813,-217.5899671704,
    236.62709981281));
#1677 = CARTESIAN_POINT('',(5.922629170668,-217.114798843,
    237.07580982014));
#1678 = CARTESIAN_POINT('',(7.339394716674,-216.5035885625,
    237.47783204555));
#1679 = CARTESIAN_POINT('',(9.945492317137,-215.0754078662,
    238.18315923765));
#1680 = CARTESIAN_POINT('',(11.138534359343,-214.2604263519,
    238.48792119629));
#1681 = CARTESIAN_POINT('',(12.225312783017,-213.3577547714,
    238.75116459016));
#1682 = CARTESIAN_POINT('',(13.203524991766,-212.3833542346,
    238.97720160639));
#1683 = CARTESIAN_POINT('',(14.072502276475,-211.3520278832,
    239.17002150129));
#1684 = CARTESIAN_POINT('',(14.833010592694,-210.2776358209,
    239.33315508514));
#1685 = CARTESIAN_POINT('',(16.217861260464,-207.9395494988,
    239.62213629426));
#1686 = CARTESIAN_POINT('',(16.818645134757,-206.6638069539,
    239.74197079943));
#1687 = CARTESIAN_POINT('',(17.29399700888,-205.3580131111,
    239.83366997745));
#1688 = CARTESIAN_POINT('',(17.647705869577,-204.0315773659,
    239.90039504406));
#1689 = CARTESIAN_POINT('',(17.882550359893,-202.6920909449,
    239.944193515));
#1690 = CARTESIAN_POINT('',(18.,-201.3461374028,239.96609682446));
#1691 = CARTESIAN_POINT('',(18.,-200.,239.96609682446));
#1692 = CYLINDRICAL_SURFACE('',#1693,18.);
#1693 = AXIS2_PLACEMENT_3D('',#1694,#1695,#1696);
#1694 = CARTESIAN_POINT('',(0.,-200.,100.));
#1695 = DIRECTION('',(0.,0.,1.));
#1696 = DIRECTION('',(1.,0.,0.));
#1697 = ADVANCED_FACE('',(#1698,#1725),#1728,.T.);
#1698 = FACE_BOUND('',#1699,.T.);
#1699 = EDGE_LOOP('',(#1700,#1710,#1717,#1718));
#1700 = ORIENTED_EDGE('',*,*,#1701,.T.);
#1701 = EDGE_CURVE('',#1702,#1704,#1706,.T.);
#1702 = VERTEX_POINT('',#1703);
#1703 = CARTESIAN_POINT('',(40.,-240.,242.));
#1704 = VERTEX_POINT('',#1705);
#1705 = CARTESIAN_POINT('',(40.,-160.,242.));
#1706 = LINE('',#1707,#1708);
#1707 = CARTESIAN_POINT('',(40.,-240.,242.));
#1708 = VECTOR('',#1709,1.);
#1709 = DIRECTION('',(0.,1.,0.));
#1710 = ORIENTED_EDGE('',*,*,#1711,.F.);
#1711 = EDGE_CURVE('',#1704,#1704,#1712,.T.);
#1712 = CIRCLE('',#1713,120.);
#1713 = AXIS2_PLACEMENT_3D('',#1714,#1715,#1716);
#1714 = CARTESIAN_POINT('',(40.,-160.,122.));
#1715 = DIRECTION('',(0.,1.,0.));
#1716 = DIRECTION('',(0.,0.,1.));
#1717 = ORIENTED_EDGE('',*,*,#1701,.F.);
#1718 = ORIENTED_EDGE('',*,*,#1719,.T.);
#1719 = EDGE_CURVE('',#1702,#1702,#1720,.T.);
#1720 = CIRCLE('',#1721,120.);
#1721 = AXIS2_PLACEMENT_3D('',#1722,#1723,#1724);
#1722 = CARTESIAN_POINT('',(40.,-240.,122.));
#1723 = DIRECTION('',(0.,1.,0.));
#1724 = DIRECTION('',(0.,0.,1.));
#1725 = FACE_BOUND('',#1726,.T.);
#1726 = EDGE_LOOP('',(#1727));
#1727 = ORIENTED_EDGE('',*,*,#1622,.F.);
#1728 = CYLINDRICAL_SURFACE('',#1729,120.);
#1729 = AXIS2_PLACEMENT_3D('',#1730,#1731,#1732);
#1730 = CARTESIAN_POINT('',(40.,-240.,122.));
#1731 = DIRECTION('',(0.,1.,0.));
#1732 = DIRECTION('',(0.,0.,1.));
#1733 = ADVANCED_FACE('',(#1734),#1737,.T.);
#1734 = FACE_BOUND('',#1735,.T.);
#1735 = EDGE_LOOP('',(#1736));
#1736 = ORIENTED_EDGE('',*,*,#1614,.T.);
#1737 = PLANE('',#1738);
#1738 = AXIS2_PLACEMENT_3D('',#1739,#1740,#1741);
#1739 = CARTESIAN_POINT('',(0.,-200.,460.));
#1740 = DIRECTION('',(0.,0.,1.));
#1741 = DIRECTION('',(1.,0.,0.));
#1742 = ADVANCED_FACE('',(#1743),#1746,.F.);
#1743 = FACE_BOUND('',#1744,.T.);
#1744 = EDGE_LOOP('',(#1745));
#1745 = ORIENTED_EDGE('',*,*,#1719,.F.);
#1746 = PLANE('',#1747);
#1747 = AXIS2_PLACEMENT_3D('',#1748,#1749,#1750);
#1748 = CARTESIAN_POINT('',(40.,-240.,122.));
#1749 = DIRECTION('',(0.,1.,0.));
#1750 = DIRECTION('',(0.,0.,1.));
#1751 = ADVANCED_FACE('',(#1752),#1755,.T.);
#1752 = FACE_BOUND('',#1753,.T.);
#1753 = EDGE_LOOP('',(#1754));
#1754 = ORIENTED_EDGE('',*,*,#1711,.T.);
#1755 = PLANE('',#1756);
#1756 = AXIS2_PLACEMENT_3D('',#1757,#1758,#1759);
#1757 = CARTESIAN_POINT('',(40.,-160.,122.));
#1758 = DIRECTION('',(0.,1.,0.));
#1759 = DIRECTION('',(0.,0.,1.));
#1760 = MANIFOLD_SOLID_BREP('',#1761);
#1761 = CLOSED_SHELL('',(#1762,#1813,#1822));
#1762 = ADVANCED_FACE('',(#1763),#1808,.T.);
#1763 = FACE_BOUND('',#1764,.T.);
#1764 = EDGE_LOOP('',(#1765,#1774,#1782,#1790,#1798,#1805,#1806,#1807));
#1765 = ORIENTED_EDGE('',*,*,#1766,.T.);
#1766 = EDGE_CURVE('',#1767,#1767,#1769,.T.);
#1767 = VERTEX_POINT('',#1768);
#1768 = CARTESIAN_POINT('',(-20.,360.,835.));
#1769 = CIRCLE('',#1770,18.);
#1770 = AXIS2_PLACEMENT_3D('',#1771,#1772,#1773);
#1771 = CARTESIAN_POINT('',(-20.,360.,817.));
#1772 = DIRECTION('',(1.,0.,-0.));
#1773 = DIRECTION('',(0.,0.,1.));
#1774 = ORIENTED_EDGE('',*,*,#1775,.T.);
#1775 = EDGE_CURVE('',#1767,#1776,#1778,.T.);
#1776 = VERTEX_POINT('',#1777);
#1777 = CARTESIAN_POINT('',(-2.588190451025,360.,835.));
#1778 = LINE('',#1779,#1780);
#1779 = CARTESIAN_POINT('',(-20.,360.,835.));
#1780 = VECTOR('',#1781,1.);
#1781 = DIRECTION('',(1.,0.,0.));
#1782 = ORIENTED_EDGE('',*,*,#1783,.T.);
#1783 = EDGE_CURVE('',#1776,#1784,#1786,.T.);
#1784 = VERTEX_POINT('',#1785);
#1785 = CARTESIAN_POINT('',(2.588190451025,360.,835.));
#1786 = LINE('',#1787,#1788);
#1787 = CARTESIAN_POINT('',(-20.,360.,835.));
#1788 = VECTOR('',#1789,1.);
#1789 = DIRECTION('',(1.,0.,0.));
#1790 = ORIENTED_EDGE('',*,*,#1791,.T.);
#1791 = EDGE_CURVE('',#1784,#1792,#1794,.T.);
#1792 = VERTEX_POINT('',#1793);
#1793 = CARTESIAN_POINT('',(20.,360.,835.));
#1794 = LINE('',#1795,#1796);
#1795 = CARTESIAN_POINT('',(-20.,360.,835.));
#1796 = VECTOR('',#1797,1.);
#1797 = DIRECTION('',(1.,0.,0.));
#1798 = ORIENTED_EDGE('',*,*,#1799,.F.);
#1799 = EDGE_CURVE('',#1792,#1792,#1800,.T.);
#1800 = CIRCLE('',#1801,18.);
#1801 = AXIS2_PLACEMENT_3D('',#1802,#1803,#1804);
#1802 = CARTESIAN_POINT('',(20.,360.,817.));
#1803 = DIRECTION('',(1.,0.,-0.));
#1804 = DIRECTION('',(0.,0.,1.));
#1805 = ORIENTED_EDGE('',*,*,#1791,.F.);
#1806 = ORIENTED_EDGE('',*,*,#1783,.F.);
#1807 = ORIENTED_EDGE('',*,*,#1775,.F.);
#1808 = CYLINDRICAL_SURFACE('',#1809,18.);
#1809 = AXIS2_PLACEMENT_3D('',#1810,#1811,#1812);
#1810 = CARTESIAN_POINT('',(-20.,360.,817.));
#1811 = DIRECTION('',(1.,0.,0.));
#1812 = DIRECTION('',(0.,0.,1.));
#1813 = ADVANCED_FACE('',(#1814),#1817,.F.);
#1814 = FACE_BOUND('',#1815,.T.);
#1815 = EDGE_LOOP('',(#1816));
#1816 = ORIENTED_EDGE('',*,*,#1766,.F.);
#1817 = PLANE('',#1818);
#1818 = AXIS2_PLACEMENT_3D('',#1819,#1820,#1821);
#1819 = CARTESIAN_POINT('',(-20.,360.,817.));
#1820 = DIRECTION('',(1.,0.,0.));
#1821 = DIRECTION('',(0.,0.,1.));
#1822 = ADVANCED_FACE('',(#1823),#1826,.T.);
#1823 = FACE_BOUND('',#1824,.T.);
#1824 = EDGE_LOOP('',(#1825));
#1825 = ORIENTED_EDGE('',*,*,#1799,.T.);
#1826 = PLANE('',#1827);
#1827 = AXIS2_PLACEMENT_3D('',#1828,#1829,#1830);
#1828 = CARTESIAN_POINT('',(20.,360.,817.));
#1829 = DIRECTION('',(1.,0.,0.));
#1830 = DIRECTION('',(0.,0.,1.));
#1831 = MANIFOLD_SOLID_BREP('',#1832);
#1832 = CLOSED_SHELL('',(#1833,#1873,#1912,#1936,#1968,#1985,#2002));
#1833 = ADVANCED_FACE('',(#1834),#1868,.F.);
#1834 = FACE_BOUND('',#1835,.F.);
#1835 = EDGE_LOOP('',(#1836,#1846,#1854,#1862));
#1836 = ORIENTED_EDGE('',*,*,#1837,.F.);
#1837 = EDGE_CURVE('',#1838,#1840,#1842,.T.);
#1838 = VERTEX_POINT('',#1839);
#1839 = CARTESIAN_POINT('',(-0.344262204903,351.62554577693,835.));
#1840 = VERTEX_POINT('',#1841);
#1841 = CARTESIAN_POINT('',(-2.588190451025,360.,835.));
#1842 = LINE('',#1843,#1844);
#1843 = CARTESIAN_POINT('',(-0.344262204903,351.62554577693,835.));
#1844 = VECTOR('',#1845,1.);
#1845 = DIRECTION('',(-0.258819045103,0.965925826289,0.));
#1846 = ORIENTED_EDGE('',*,*,#1847,.T.);
#1847 = EDGE_CURVE('',#1838,#1848,#1850,.T.);
#1848 = VERTEX_POINT('',#1849);
#1849 = CARTESIAN_POINT('',(4.485366926543,352.91964100244,835.));
#1850 = LINE('',#1851,#1852);
#1851 = CARTESIAN_POINT('',(-0.344262204903,351.62554577693,835.));
#1852 = VECTOR('',#1853,1.);
#1853 = DIRECTION('',(0.965925826289,0.258819045103,0.));
#1854 = ORIENTED_EDGE('',*,*,#1855,.T.);
#1855 = EDGE_CURVE('',#1848,#1856,#1858,.T.);
#1856 = VERTEX_POINT('',#1857);
#1857 = CARTESIAN_POINT('',(2.588190451025,360.,835.));
#1858 = LINE('',#1859,#1860);
#1859 = CARTESIAN_POINT('',(4.485366926543,352.91964100244,835.));
#1860 = VECTOR('',#1861,1.);
#1861 = DIRECTION('',(-0.258819045103,0.965925826289,0.));
#1862 = ORIENTED_EDGE('',*,*,#1863,.F.);
#1863 = EDGE_CURVE('',#1840,#1856,#1864,.T.);
#1864 = LINE('',#1865,#1866);
#1865 = CARTESIAN_POINT('',(-20.,360.,835.));
#1866 = VECTOR('',#1867,1.);
#1867 = DIRECTION('',(1.,0.,0.));
#1868 = PLANE('',#1869);
#1869 = AXIS2_PLACEMENT_3D('',#1870,#1871,#1872);
#1870 = CARTESIAN_POINT('',(-0.344262204903,351.62554577693,835.));
#1871 = DIRECTION('',(0.,0.,1.));
#1872 = DIRECTION('',(0.965925826289,0.258819045103,0.));
#1873 = ADVANCED_FACE('',(#1874),#1907,.F.);
#1874 = FACE_BOUND('',#1875,.F.);
#1875 = EDGE_LOOP('',(#1876,#1884,#1885,#1893,#1901));
#1876 = ORIENTED_EDGE('',*,*,#1877,.F.);
#1877 = EDGE_CURVE('',#1838,#1878,#1880,.T.);
#1878 = VERTEX_POINT('',#1879);
#1879 = CARTESIAN_POINT('',(-0.344262204903,351.62554577693,893.));
#1880 = LINE('',#1881,#1882);
#1881 = CARTESIAN_POINT('',(-0.344262204903,351.62554577693,835.));
#1882 = VECTOR('',#1883,1.);
#1883 = DIRECTION('',(0.,0.,1.));
#1884 = ORIENTED_EDGE('',*,*,#1837,.T.);
#1885 = ORIENTED_EDGE('',*,*,#1886,.T.);
#1886 = EDGE_CURVE('',#1840,#1887,#1889,.T.);
#1887 = VERTEX_POINT('',#1888);
#1888 = CARTESIAN_POINT('',(-4.485366926543,367.08035899755,835.));
#1889 = LINE('',#1890,#1891);
#1890 = CARTESIAN_POINT('',(-0.344262204903,351.62554577693,835.));
#1891 = VECTOR('',#1892,1.);
#1892 = DIRECTION('',(-0.258819045103,0.965925826289,0.));
#1893 = ORIENTED_EDGE('',*,*,#1894,.T.);
#1894 = EDGE_CURVE('',#1887,#1895,#1897,.T.);
#1895 = VERTEX_POINT('',#1896);
#1896 = CARTESIAN_POINT('',(-4.485366926543,367.08035899755,893.));
#1897 = LINE('',#1898,#1899);
#1898 = CARTESIAN_POINT('',(-4.485366926543,367.08035899755,835.));
#1899 = VECTOR('',#1900,1.);
#1900 = DIRECTION('',(0.,0.,1.));
#1901 = ORIENTED_EDGE('',*,*,#1902,.F.);
#1902 = EDGE_CURVE('',#1878,#1895,#1903,.T.);
#1903 = LINE('',#1904,#1905);
#1904 = CARTESIAN_POINT('',(-0.344262204903,351.62554577693,893.));
#1905 = VECTOR('',#1906,1.);
#1906 = DIRECTION('',(-0.258819045103,0.965925826289,0.));
#1907 = PLANE('',#1908);
#1908 = AXIS2_PLACEMENT_3D('',#1909,#1910,#1911);
#1909 = CARTESIAN_POINT('',(-0.344262204903,351.62554577693,835.));
#1910 = DIRECTION('',(0.965925826289,0.258819045103,0.));
#1911 = DIRECTION('',(0.,0.,1.));
#1912 = ADVANCED_FACE('',(#1913),#1931,.F.);
#1913 = FACE_BOUND('',#1914,.F.);
#1914 = EDGE_LOOP('',(#1915,#1916,#1917,#1925));
#1915 = ORIENTED_EDGE('',*,*,#1886,.F.);
#1916 = ORIENTED_EDGE('',*,*,#1863,.T.);
#1917 = ORIENTED_EDGE('',*,*,#1918,.T.);
#1918 = EDGE_CURVE('',#1856,#1919,#1921,.T.);
#1919 = VERTEX_POINT('',#1920);
#1920 = CARTESIAN_POINT('',(0.344262204903,368.37445422306,835.));
#1921 = LINE('',#1922,#1923);
#1922 = CARTESIAN_POINT('',(4.485366926543,352.91964100244,835.));
#1923 = VECTOR('',#1924,1.);
#1924 = DIRECTION('',(-0.258819045103,0.965925826289,0.));
#1925 = ORIENTED_EDGE('',*,*,#1926,.F.);
#1926 = EDGE_CURVE('',#1887,#1919,#1927,.T.);
#1927 = LINE('',#1928,#1929);
#1928 = CARTESIAN_POINT('',(-4.485366926543,367.08035899755,835.));
#1929 = VECTOR('',#1930,1.);
#1930 = DIRECTION('',(0.965925826289,0.258819045103,0.));
#1931 = PLANE('',#1932);
#1932 = AXIS2_PLACEMENT_3D('',#1933,#1934,#1935);
#1933 = CARTESIAN_POINT('',(-0.344262204903,351.62554577693,835.));
#1934 = DIRECTION('',(0.,0.,1.));
#1935 = DIRECTION('',(0.965925826289,0.258819045103,0.));
#1936 = ADVANCED_FACE('',(#1937),#1963,.T.);
#1937 = FACE_BOUND('',#1938,.T.);
#1938 = EDGE_LOOP('',(#1939,#1947,#1948,#1949,#1957));
#1939 = ORIENTED_EDGE('',*,*,#1940,.F.);
#1940 = EDGE_CURVE('',#1848,#1941,#1943,.T.);
#1941 = VERTEX_POINT('',#1942);
#1942 = CARTESIAN_POINT('',(4.485366926543,352.91964100244,893.));
#1943 = LINE('',#1944,#1945);
#1944 = CARTESIAN_POINT('',(4.485366926543,352.91964100244,835.));
#1945 = VECTOR('',#1946,1.);
#1946 = DIRECTION('',(0.,0.,1.));
#1947 = ORIENTED_EDGE('',*,*,#1855,.T.);
#1948 = ORIENTED_EDGE('',*,*,#1918,.T.);
#1949 = ORIENTED_EDGE('',*,*,#1950,.T.);
#1950 = EDGE_CURVE('',#1919,#1951,#1953,.T.);
#1951 = VERTEX_POINT('',#1952);
#1952 = CARTESIAN_POINT('',(0.344262204903,368.37445422306,893.));
#1953 = LINE('',#1954,#1955);
#1954 = CARTESIAN_POINT('',(0.344262204903,368.37445422306,835.));
#1955 = VECTOR('',#1956,1.);
#1956 = DIRECTION('',(0.,0.,1.));
#1957 = ORIENTED_EDGE('',*,*,#1958,.F.);
#1958 = EDGE_CURVE('',#1941,#1951,#1959,.T.);
#1959 = LINE('',#1960,#1961);
#1960 = CARTESIAN_POINT('',(4.485366926543,352.91964100244,893.));
#1961 = VECTOR('',#1962,1.);
#1962 = DIRECTION('',(-0.258819045103,0.965925826289,0.));
#1963 = PLANE('',#1964);
#1964 = AXIS2_PLACEMENT_3D('',#1965,#1966,#1967);
#1965 = CARTESIAN_POINT('',(4.485366926543,352.91964100244,835.));
#1966 = DIRECTION('',(0.965925826289,0.258819045103,0.));
#1967 = DIRECTION('',(0.,0.,1.));
#1968 = ADVANCED_FACE('',(#1969),#1980,.F.);
#1969 = FACE_BOUND('',#1970,.F.);
#1970 = EDGE_LOOP('',(#1971,#1972,#1973,#1979));
#1971 = ORIENTED_EDGE('',*,*,#1847,.F.);
#1972 = ORIENTED_EDGE('',*,*,#1877,.T.);
#1973 = ORIENTED_EDGE('',*,*,#1974,.T.);
#1974 = EDGE_CURVE('',#1878,#1941,#1975,.T.);
#1975 = LINE('',#1976,#1977);
#1976 = CARTESIAN_POINT('',(-0.344262204903,351.62554577693,893.));
#1977 = VECTOR('',#1978,1.);
#1978 = DIRECTION('',(0.965925826289,0.258819045103,0.));
#1979 = ORIENTED_EDGE('',*,*,#1940,.F.);
#1980 = PLANE('',#1981);
#1981 = AXIS2_PLACEMENT_3D('',#1982,#1983,#1984);
#1982 = CARTESIAN_POINT('',(-0.344262204903,351.62554577693,835.));
#1983 = DIRECTION('',(-0.258819045103,0.965925826289,0.));
#1984 = DIRECTION('',(0.,0.,1.));
#1985 = ADVANCED_FACE('',(#1986),#1997,.T.);
#1986 = FACE_BOUND('',#1987,.T.);
#1987 = EDGE_LOOP('',(#1988,#1989,#1990,#1991));
#1988 = ORIENTED_EDGE('',*,*,#1902,.F.);
#1989 = ORIENTED_EDGE('',*,*,#1974,.T.);
#1990 = ORIENTED_EDGE('',*,*,#1958,.T.);
#1991 = ORIENTED_EDGE('',*,*,#1992,.F.);
#1992 = EDGE_CURVE('',#1895,#1951,#1993,.T.);
#1993 = LINE('',#1994,#1995);
#1994 = CARTESIAN_POINT('',(-4.485366926543,367.08035899755,893.));
#1995 = VECTOR('',#1996,1.);
#1996 = DIRECTION('',(0.965925826289,0.258819045103,0.));
#1997 = PLANE('',#1998);
#1998 = AXIS2_PLACEMENT_3D('',#1999,#2000,#2001);
#1999 = CARTESIAN_POINT('',(-0.344262204903,351.62554577693,893.));
#2000 = DIRECTION('',(0.,0.,1.));
#2001 = DIRECTION('',(0.965925826289,0.258819045103,0.));
#2002 = ADVANCED_FACE('',(#2003),#2009,.T.);
#2003 = FACE_BOUND('',#2004,.T.);
#2004 = EDGE_LOOP('',(#2005,#2006,#2007,#2008));
#2005 = ORIENTED_EDGE('',*,*,#1926,.F.);
#2006 = ORIENTED_EDGE('',*,*,#1894,.T.);
#2007 = ORIENTED_EDGE('',*,*,#1992,.T.);
#2008 = ORIENTED_EDGE('',*,*,#1950,.F.);
#2009 = PLANE('',#2010);
#2010 = AXIS2_PLACEMENT_3D('',#2011,#2012,#2013);
#2011 = CARTESIAN_POINT('',(-4.485366926543,367.08035899755,835.));
#2012 = DIRECTION('',(-0.258819045103,0.965925826289,0.));
#2013 = DIRECTION('',(0.,0.,1.));
#2014 = MANIFOLD_SOLID_BREP('',#2015);
#2015 = CLOSED_SHELL('',(#2016,#2056,#2095,#2119,#2151,#2168,#2185));
#2016 = ADVANCED_FACE('',(#2017),#2051,.F.);
#2017 = FACE_BOUND('',#2018,.F.);
#2018 = EDGE_LOOP('',(#2019,#2029,#2037,#2045));
#2019 = ORIENTED_EDGE('',*,*,#2020,.F.);
#2020 = EDGE_CURVE('',#2021,#2023,#2025,.T.);
#2021 = VERTEX_POINT('',#2022);
#2022 = CARTESIAN_POINT('',(-0.344262204903,368.37445422306,799.));
#2023 = VERTEX_POINT('',#2024);
#2024 = CARTESIAN_POINT('',(-2.588190451025,360.,799.));
#2025 = LINE('',#2026,#2027);
#2026 = CARTESIAN_POINT('',(-0.344262204903,368.37445422306,799.));
#2027 = VECTOR('',#2028,1.);
#2028 = DIRECTION('',(-0.258819045103,-0.965925826289,1.182917971379E-16
    ));
#2029 = ORIENTED_EDGE('',*,*,#2030,.T.);
#2030 = EDGE_CURVE('',#2021,#2031,#2033,.T.);
#2031 = VERTEX_POINT('',#2032);
#2032 = CARTESIAN_POINT('',(4.485366926543,367.08035899755,799.));
#2033 = LINE('',#2034,#2035);
#2034 = CARTESIAN_POINT('',(-0.344262204903,368.37445422306,799.));
#2035 = VECTOR('',#2036,1.);
#2036 = DIRECTION('',(0.965925826289,-0.258819045103,3.169619151432E-17)
  );
#2037 = ORIENTED_EDGE('',*,*,#2038,.T.);
#2038 = EDGE_CURVE('',#2031,#2039,#2041,.T.);
#2039 = VERTEX_POINT('',#2040);
#2040 = CARTESIAN_POINT('',(2.588190451025,360.,799.));
#2041 = LINE('',#2042,#2043);
#2042 = CARTESIAN_POINT('',(4.485366926543,367.08035899755,799.));
#2043 = VECTOR('',#2044,1.);
#2044 = DIRECTION('',(-0.258819045103,-0.965925826289,1.182917971379E-16
    ));
#2045 = ORIENTED_EDGE('',*,*,#2046,.F.);
#2046 = EDGE_CURVE('',#2023,#2039,#2047,.T.);
#2047 = LINE('',#2048,#2049);
#2048 = CARTESIAN_POINT('',(-20.,360.,799.));
#2049 = VECTOR('',#2050,1.);
#2050 = DIRECTION('',(1.,0.,0.));
#2051 = PLANE('',#2052);
#2052 = AXIS2_PLACEMENT_3D('',#2053,#2054,#2055);
#2053 = CARTESIAN_POINT('',(-0.344262204903,368.37445422306,799.));
#2054 = DIRECTION('',(0.,-1.224646799147E-16,-1.));
#2055 = DIRECTION('',(0.965925826289,-0.258819045103,3.169619151432E-17)
  );
#2056 = ADVANCED_FACE('',(#2057),#2090,.F.);
#2057 = FACE_BOUND('',#2058,.F.);
#2058 = EDGE_LOOP('',(#2059,#2067,#2068,#2076,#2084));
#2059 = ORIENTED_EDGE('',*,*,#2060,.F.);
#2060 = EDGE_CURVE('',#2021,#2061,#2063,.T.);
#2061 = VERTEX_POINT('',#2062);
#2062 = CARTESIAN_POINT('',(-0.344262204903,368.37445422306,741.));
#2063 = LINE('',#2064,#2065);
#2064 = CARTESIAN_POINT('',(-0.344262204903,368.37445422306,799.));
#2065 = VECTOR('',#2066,1.);
#2066 = DIRECTION('',(0.,-1.224646799147E-16,-1.));
#2067 = ORIENTED_EDGE('',*,*,#2020,.T.);
#2068 = ORIENTED_EDGE('',*,*,#2069,.T.);
#2069 = EDGE_CURVE('',#2023,#2070,#2072,.T.);
#2070 = VERTEX_POINT('',#2071);
#2071 = CARTESIAN_POINT('',(-4.485366926543,352.91964100244,799.));
#2072 = LINE('',#2073,#2074);
#2073 = CARTESIAN_POINT('',(-0.344262204903,368.37445422306,799.));
#2074 = VECTOR('',#2075,1.);
#2075 = DIRECTION('',(-0.258819045103,-0.965925826289,1.182917971379E-16
    ));
#2076 = ORIENTED_EDGE('',*,*,#2077,.T.);
#2077 = EDGE_CURVE('',#2070,#2078,#2080,.T.);
#2078 = VERTEX_POINT('',#2079);
#2079 = CARTESIAN_POINT('',(-4.485366926543,352.91964100244,741.));
#2080 = LINE('',#2081,#2082);
#2081 = CARTESIAN_POINT('',(-4.485366926543,352.91964100244,799.));
#2082 = VECTOR('',#2083,1.);
#2083 = DIRECTION('',(0.,-1.224646799147E-16,-1.));
#2084 = ORIENTED_EDGE('',*,*,#2085,.F.);
#2085 = EDGE_CURVE('',#2061,#2078,#2086,.T.);
#2086 = LINE('',#2087,#2088);
#2087 = CARTESIAN_POINT('',(-0.344262204903,368.37445422306,741.));
#2088 = VECTOR('',#2089,1.);
#2089 = DIRECTION('',(-0.258819045103,-0.965925826289,1.182917971379E-16
    ));
#2090 = PLANE('',#2091);
#2091 = AXIS2_PLACEMENT_3D('',#2092,#2093,#2094);
#2092 = CARTESIAN_POINT('',(-0.344262204903,368.37445422306,799.));
#2093 = DIRECTION('',(0.965925826289,-0.258819045103,3.169619151432E-17)
  );
#2094 = DIRECTION('',(0.,-1.224646799147E-16,-1.));
#2095 = ADVANCED_FACE('',(#2096),#2114,.F.);
#2096 = FACE_BOUND('',#2097,.F.);
#2097 = EDGE_LOOP('',(#2098,#2099,#2100,#2108));
#2098 = ORIENTED_EDGE('',*,*,#2069,.F.);
#2099 = ORIENTED_EDGE('',*,*,#2046,.T.);
#2100 = ORIENTED_EDGE('',*,*,#2101,.T.);
#2101 = EDGE_CURVE('',#2039,#2102,#2104,.T.);
#2102 = VERTEX_POINT('',#2103);
#2103 = CARTESIAN_POINT('',(0.344262204903,351.62554577693,799.));
#2104 = LINE('',#2105,#2106);
#2105 = CARTESIAN_POINT('',(4.485366926543,367.08035899755,799.));
#2106 = VECTOR('',#2107,1.);
#2107 = DIRECTION('',(-0.258819045103,-0.965925826289,1.182917971379E-16
    ));
#2108 = ORIENTED_EDGE('',*,*,#2109,.F.);
#2109 = EDGE_CURVE('',#2070,#2102,#2110,.T.);
#2110 = LINE('',#2111,#2112);
#2111 = CARTESIAN_POINT('',(-4.485366926543,352.91964100244,799.));
#2112 = VECTOR('',#2113,1.);
#2113 = DIRECTION('',(0.965925826289,-0.258819045103,3.169619151432E-17)
  );
#2114 = PLANE('',#2115);
#2115 = AXIS2_PLACEMENT_3D('',#2116,#2117,#2118);
#2116 = CARTESIAN_POINT('',(-0.344262204903,368.37445422306,799.));
#2117 = DIRECTION('',(0.,-1.224646799147E-16,-1.));
#2118 = DIRECTION('',(0.965925826289,-0.258819045103,3.169619151432E-17)
  );
#2119 = ADVANCED_FACE('',(#2120),#2146,.T.);
#2120 = FACE_BOUND('',#2121,.T.);
#2121 = EDGE_LOOP('',(#2122,#2130,#2131,#2132,#2140));
#2122 = ORIENTED_EDGE('',*,*,#2123,.F.);
#2123 = EDGE_CURVE('',#2031,#2124,#2126,.T.);
#2124 = VERTEX_POINT('',#2125);
#2125 = CARTESIAN_POINT('',(4.485366926543,367.08035899755,741.));
#2126 = LINE('',#2127,#2128);
#2127 = CARTESIAN_POINT('',(4.485366926543,367.08035899755,799.));
#2128 = VECTOR('',#2129,1.);
#2129 = DIRECTION('',(0.,-1.224646799147E-16,-1.));
#2130 = ORIENTED_EDGE('',*,*,#2038,.T.);
#2131 = ORIENTED_EDGE('',*,*,#2101,.T.);
#2132 = ORIENTED_EDGE('',*,*,#2133,.T.);
#2133 = EDGE_CURVE('',#2102,#2134,#2136,.T.);
#2134 = VERTEX_POINT('',#2135);
#2135 = CARTESIAN_POINT('',(0.344262204903,351.62554577693,741.));
#2136 = LINE('',#2137,#2138);
#2137 = CARTESIAN_POINT('',(0.344262204903,351.62554577693,799.));
#2138 = VECTOR('',#2139,1.);
#2139 = DIRECTION('',(0.,-1.224646799147E-16,-1.));
#2140 = ORIENTED_EDGE('',*,*,#2141,.F.);
#2141 = EDGE_CURVE('',#2124,#2134,#2142,.T.);
#2142 = LINE('',#2143,#2144);
#2143 = CARTESIAN_POINT('',(4.485366926543,367.08035899755,741.));
#2144 = VECTOR('',#2145,1.);
#2145 = DIRECTION('',(-0.258819045103,-0.965925826289,1.182917971379E-16
    ));
#2146 = PLANE('',#2147);
#2147 = AXIS2_PLACEMENT_3D('',#2148,#2149,#2150);
#2148 = CARTESIAN_POINT('',(4.485366926543,367.08035899755,799.));
#2149 = DIRECTION('',(0.965925826289,-0.258819045103,3.169619151432E-17)
  );
#2150 = DIRECTION('',(0.,-1.224646799147E-16,-1.));
#2151 = ADVANCED_FACE('',(#2152),#2163,.F.);
#2152 = FACE_BOUND('',#2153,.F.);
#2153 = EDGE_LOOP('',(#2154,#2155,#2156,#2162));
#2154 = ORIENTED_EDGE('',*,*,#2030,.F.);
#2155 = ORIENTED_EDGE('',*,*,#2060,.T.);
#2156 = ORIENTED_EDGE('',*,*,#2157,.T.);
#2157 = EDGE_CURVE('',#2061,#2124,#2158,.T.);
#2158 = LINE('',#2159,#2160);
#2159 = CARTESIAN_POINT('',(-0.344262204903,368.37445422306,741.));
#2160 = VECTOR('',#2161,1.);
#2161 = DIRECTION('',(0.965925826289,-0.258819045103,3.169619151432E-17)
  );
#2162 = ORIENTED_EDGE('',*,*,#2123,.F.);
#2163 = PLANE('',#2164);
#2164 = AXIS2_PLACEMENT_3D('',#2165,#2166,#2167);
#2165 = CARTESIAN_POINT('',(-0.344262204903,368.37445422306,799.));
#2166 = DIRECTION('',(-0.258819045103,-0.965925826289,1.182917971379E-16
    ));
#2167 = DIRECTION('',(0.,-1.224646799147E-16,-1.));
#2168 = ADVANCED_FACE('',(#2169),#2180,.T.);
#2169 = FACE_BOUND('',#2170,.T.);
#2170 = EDGE_LOOP('',(#2171,#2172,#2173,#2174));
#2171 = ORIENTED_EDGE('',*,*,#2085,.F.);
#2172 = ORIENTED_EDGE('',*,*,#2157,.T.);
#2173 = ORIENTED_EDGE('',*,*,#2141,.T.);
#2174 = ORIENTED_EDGE('',*,*,#2175,.F.);
#2175 = EDGE_CURVE('',#2078,#2134,#2176,.T.);
#2176 = LINE('',#2177,#2178);
#2177 = CARTESIAN_POINT('',(-4.485366926543,352.91964100244,741.));
#2178 = VECTOR('',#2179,1.);
#2179 = DIRECTION('',(0.965925826289,-0.258819045103,3.169619151432E-17)
  );
#2180 = PLANE('',#2181);
#2181 = AXIS2_PLACEMENT_3D('',#2182,#2183,#2184);
#2182 = CARTESIAN_POINT('',(-0.344262204903,368.37445422306,741.));
#2183 = DIRECTION('',(0.,-1.224646799147E-16,-1.));
#2184 = DIRECTION('',(0.965925826289,-0.258819045103,3.169619151432E-17)
  );
#2185 = ADVANCED_FACE('',(#2186),#2192,.T.);
#2186 = FACE_BOUND('',#2187,.T.);
#2187 = EDGE_LOOP('',(#2188,#2189,#2190,#2191));
#2188 = ORIENTED_EDGE('',*,*,#2109,.F.);
#2189 = ORIENTED_EDGE('',*,*,#2077,.T.);
#2190 = ORIENTED_EDGE('',*,*,#2175,.T.);
#2191 = ORIENTED_EDGE('',*,*,#2133,.F.);
#2192 = PLANE('',#2193);
#2193 = AXIS2_PLACEMENT_3D('',#2194,#2195,#2196);
#2194 = CARTESIAN_POINT('',(-4.485366926543,352.91964100244,799.));
#2195 = DIRECTION('',(-0.258819045103,-0.965925826289,1.182917971379E-16
    ));
#2196 = DIRECTION('',(0.,-1.224646799147E-16,-1.));
#2197 = MANIFOLD_SOLID_BREP('',#2198);
#2198 = CLOSED_SHELL('',(#2199,#2250,#2259));
#2199 = ADVANCED_FACE('',(#2200),#2245,.T.);
#2200 = FACE_BOUND('',#2201,.T.);
#2201 = EDGE_LOOP('',(#2202,#2212,#2219,#2220,#2228,#2236,#2243,#2244));
#2202 = ORIENTED_EDGE('',*,*,#2203,.T.);
#2203 = EDGE_CURVE('',#2204,#2206,#2208,.T.);
#2204 = VERTEX_POINT('',#2205);
#2205 = CARTESIAN_POINT('',(2.588190451025,-360.,835.));
#2206 = VERTEX_POINT('',#2207);
#2207 = CARTESIAN_POINT('',(20.,-360.,835.));
#2208 = LINE('',#2209,#2210);
#2209 = CARTESIAN_POINT('',(-20.,-360.,835.));
#2210 = VECTOR('',#2211,1.);
#2211 = DIRECTION('',(1.,0.,0.));
#2212 = ORIENTED_EDGE('',*,*,#2213,.F.);
#2213 = EDGE_CURVE('',#2206,#2206,#2214,.T.);
#2214 = CIRCLE('',#2215,18.);
#2215 = AXIS2_PLACEMENT_3D('',#2216,#2217,#2218);
#2216 = CARTESIAN_POINT('',(20.,-360.,817.));
#2217 = DIRECTION('',(1.,0.,-0.));
#2218 = DIRECTION('',(0.,0.,1.));
#2219 = ORIENTED_EDGE('',*,*,#2203,.F.);
#2220 = ORIENTED_EDGE('',*,*,#2221,.F.);
#2221 = EDGE_CURVE('',#2222,#2204,#2224,.T.);
#2222 = VERTEX_POINT('',#2223);
#2223 = CARTESIAN_POINT('',(-2.588190451025,-360.,835.));
#2224 = LINE('',#2225,#2226);
#2225 = CARTESIAN_POINT('',(-20.,-360.,835.));
#2226 = VECTOR('',#2227,1.);
#2227 = DIRECTION('',(1.,0.,0.));
#2228 = ORIENTED_EDGE('',*,*,#2229,.F.);
#2229 = EDGE_CURVE('',#2230,#2222,#2232,.T.);
#2230 = VERTEX_POINT('',#2231);
#2231 = CARTESIAN_POINT('',(-20.,-360.,835.));
#2232 = LINE('',#2233,#2234);
#2233 = CARTESIAN_POINT('',(-20.,-360.,835.));
#2234 = VECTOR('',#2235,1.);
#2235 = DIRECTION('',(1.,0.,0.));
#2236 = ORIENTED_EDGE('',*,*,#2237,.T.);
#2237 = EDGE_CURVE('',#2230,#2230,#2238,.T.);
#2238 = CIRCLE('',#2239,18.);
#2239 = AXIS2_PLACEMENT_3D('',#2240,#2241,#2242);
#2240 = CARTESIAN_POINT('',(-20.,-360.,817.));
#2241 = DIRECTION('',(1.,0.,-0.));
#2242 = DIRECTION('',(0.,0.,1.));
#2243 = ORIENTED_EDGE('',*,*,#2229,.T.);
#2244 = ORIENTED_EDGE('',*,*,#2221,.T.);
#2245 = CYLINDRICAL_SURFACE('',#2246,18.);
#2246 = AXIS2_PLACEMENT_3D('',#2247,#2248,#2249);
#2247 = CARTESIAN_POINT('',(-20.,-360.,817.));
#2248 = DIRECTION('',(1.,0.,0.));
#2249 = DIRECTION('',(0.,0.,1.));
#2250 = ADVANCED_FACE('',(#2251),#2254,.F.);
#2251 = FACE_BOUND('',#2252,.T.);
#2252 = EDGE_LOOP('',(#2253));
#2253 = ORIENTED_EDGE('',*,*,#2237,.F.);
#2254 = PLANE('',#2255);
#2255 = AXIS2_PLACEMENT_3D('',#2256,#2257,#2258);
#2256 = CARTESIAN_POINT('',(-20.,-360.,817.));
#2257 = DIRECTION('',(1.,0.,0.));
#2258 = DIRECTION('',(0.,0.,1.));
#2259 = ADVANCED_FACE('',(#2260),#2263,.T.);
#2260 = FACE_BOUND('',#2261,.T.);
#2261 = EDGE_LOOP('',(#2262));
#2262 = ORIENTED_EDGE('',*,*,#2213,.T.);
#2263 = PLANE('',#2264);
#2264 = AXIS2_PLACEMENT_3D('',#2265,#2266,#2267);
#2265 = CARTESIAN_POINT('',(20.,-360.,817.));
#2266 = DIRECTION('',(1.,0.,0.));
#2267 = DIRECTION('',(0.,0.,1.));
#2268 = MANIFOLD_SOLID_BREP('',#2269);
#2269 = CLOSED_SHELL('',(#2270,#2310,#2349,#2373,#2405,#2422,#2439));
#2270 = ADVANCED_FACE('',(#2271),#2305,.F.);
#2271 = FACE_BOUND('',#2272,.F.);
#2272 = EDGE_LOOP('',(#2273,#2283,#2291,#2299));
#2273 = ORIENTED_EDGE('',*,*,#2274,.F.);
#2274 = EDGE_CURVE('',#2275,#2277,#2279,.T.);
#2275 = VERTEX_POINT('',#2276);
#2276 = CARTESIAN_POINT('',(-0.344262204903,-368.374454223,835.));
#2277 = VERTEX_POINT('',#2278);
#2278 = CARTESIAN_POINT('',(-2.588190451025,-360.,835.));
#2279 = LINE('',#2280,#2281);
#2280 = CARTESIAN_POINT('',(-0.344262204903,-368.374454223,835.));
#2281 = VECTOR('',#2282,1.);
#2282 = DIRECTION('',(-0.258819045103,0.965925826289,0.));
#2283 = ORIENTED_EDGE('',*,*,#2284,.T.);
#2284 = EDGE_CURVE('',#2275,#2285,#2287,.T.);
#2285 = VERTEX_POINT('',#2286);
#2286 = CARTESIAN_POINT('',(4.485366926543,-367.0803589975,835.));
#2287 = LINE('',#2288,#2289);
#2288 = CARTESIAN_POINT('',(-0.344262204903,-368.374454223,835.));
#2289 = VECTOR('',#2290,1.);
#2290 = DIRECTION('',(0.965925826289,0.258819045103,0.));
#2291 = ORIENTED_EDGE('',*,*,#2292,.T.);
#2292 = EDGE_CURVE('',#2285,#2293,#2295,.T.);
#2293 = VERTEX_POINT('',#2294);
#2294 = CARTESIAN_POINT('',(2.588190451025,-360.,835.));
#2295 = LINE('',#2296,#2297);
#2296 = CARTESIAN_POINT('',(4.485366926543,-367.0803589975,835.));
#2297 = VECTOR('',#2298,1.);
#2298 = DIRECTION('',(-0.258819045103,0.965925826289,0.));
#2299 = ORIENTED_EDGE('',*,*,#2300,.F.);
#2300 = EDGE_CURVE('',#2277,#2293,#2301,.T.);
#2301 = LINE('',#2302,#2303);
#2302 = CARTESIAN_POINT('',(-20.,-360.,835.));
#2303 = VECTOR('',#2304,1.);
#2304 = DIRECTION('',(1.,0.,0.));
#2305 = PLANE('',#2306);
#2306 = AXIS2_PLACEMENT_3D('',#2307,#2308,#2309);
#2307 = CARTESIAN_POINT('',(-0.344262204903,-368.374454223,835.));
#2308 = DIRECTION('',(0.,0.,1.));
#2309 = DIRECTION('',(0.965925826289,0.258819045103,0.));
#2310 = ADVANCED_FACE('',(#2311),#2344,.F.);
#2311 = FACE_BOUND('',#2312,.F.);
#2312 = EDGE_LOOP('',(#2313,#2321,#2322,#2330,#2338));
#2313 = ORIENTED_EDGE('',*,*,#2314,.F.);
#2314 = EDGE_CURVE('',#2275,#2315,#2317,.T.);
#2315 = VERTEX_POINT('',#2316);
#2316 = CARTESIAN_POINT('',(-0.344262204903,-368.374454223,893.));
#2317 = LINE('',#2318,#2319);
#2318 = CARTESIAN_POINT('',(-0.344262204903,-368.374454223,835.));
#2319 = VECTOR('',#2320,1.);
#2320 = DIRECTION('',(0.,0.,1.));
#2321 = ORIENTED_EDGE('',*,*,#2274,.T.);
#2322 = ORIENTED_EDGE('',*,*,#2323,.T.);
#2323 = EDGE_CURVE('',#2277,#2324,#2326,.T.);
#2324 = VERTEX_POINT('',#2325);
#2325 = CARTESIAN_POINT('',(-4.485366926543,-352.9196410024,835.));
#2326 = LINE('',#2327,#2328);
#2327 = CARTESIAN_POINT('',(-0.344262204903,-368.374454223,835.));
#2328 = VECTOR('',#2329,1.);
#2329 = DIRECTION('',(-0.258819045103,0.965925826289,0.));
#2330 = ORIENTED_EDGE('',*,*,#2331,.T.);
#2331 = EDGE_CURVE('',#2324,#2332,#2334,.T.);
#2332 = VERTEX_POINT('',#2333);
#2333 = CARTESIAN_POINT('',(-4.485366926543,-352.9196410024,893.));
#2334 = LINE('',#2335,#2336);
#2335 = CARTESIAN_POINT('',(-4.485366926543,-352.9196410024,835.));
#2336 = VECTOR('',#2337,1.);
#2337 = DIRECTION('',(0.,0.,1.));
#2338 = ORIENTED_EDGE('',*,*,#2339,.F.);
#2339 = EDGE_CURVE('',#2315,#2332,#2340,.T.);
#2340 = LINE('',#2341,#2342);
#2341 = CARTESIAN_POINT('',(-0.344262204903,-368.374454223,893.));
#2342 = VECTOR('',#2343,1.);
#2343 = DIRECTION('',(-0.258819045103,0.965925826289,0.));
#2344 = PLANE('',#2345);
#2345 = AXIS2_PLACEMENT_3D('',#2346,#2347,#2348);
#2346 = CARTESIAN_POINT('',(-0.344262204903,-368.374454223,835.));
#2347 = DIRECTION('',(0.965925826289,0.258819045103,0.));
#2348 = DIRECTION('',(0.,0.,1.));
#2349 = ADVANCED_FACE('',(#2350),#2368,.F.);
#2350 = FACE_BOUND('',#2351,.F.);
#2351 = EDGE_LOOP('',(#2352,#2353,#2354,#2362));
#2352 = ORIENTED_EDGE('',*,*,#2323,.F.);
#2353 = ORIENTED_EDGE('',*,*,#2300,.T.);
#2354 = ORIENTED_EDGE('',*,*,#2355,.T.);
#2355 = EDGE_CURVE('',#2293,#2356,#2358,.T.);
#2356 = VERTEX_POINT('',#2357);
#2357 = CARTESIAN_POINT('',(0.344262204903,-351.6255457769,835.));
#2358 = LINE('',#2359,#2360);
#2359 = CARTESIAN_POINT('',(4.485366926543,-367.0803589975,835.));
#2360 = VECTOR('',#2361,1.);
#2361 = DIRECTION('',(-0.258819045103,0.965925826289,0.));
#2362 = ORIENTED_EDGE('',*,*,#2363,.F.);
#2363 = EDGE_CURVE('',#2324,#2356,#2364,.T.);
#2364 = LINE('',#2365,#2366);
#2365 = CARTESIAN_POINT('',(-4.485366926543,-352.9196410024,835.));
#2366 = VECTOR('',#2367,1.);
#2367 = DIRECTION('',(0.965925826289,0.258819045103,0.));
#2368 = PLANE('',#2369);
#2369 = AXIS2_PLACEMENT_3D('',#2370,#2371,#2372);
#2370 = CARTESIAN_POINT('',(-0.344262204903,-368.374454223,835.));
#2371 = DIRECTION('',(0.,0.,1.));
#2372 = DIRECTION('',(0.965925826289,0.258819045103,0.));
#2373 = ADVANCED_FACE('',(#2374),#2400,.T.);
#2374 = FACE_BOUND('',#2375,.T.);
#2375 = EDGE_LOOP('',(#2376,#2384,#2385,#2386,#2394));
#2376 = ORIENTED_EDGE('',*,*,#2377,.F.);
#2377 = EDGE_CURVE('',#2285,#2378,#2380,.T.);
#2378 = VERTEX_POINT('',#2379);
#2379 = CARTESIAN_POINT('',(4.485366926543,-367.0803589975,893.));
#2380 = LINE('',#2381,#2382);
#2381 = CARTESIAN_POINT('',(4.485366926543,-367.0803589975,835.));
#2382 = VECTOR('',#2383,1.);
#2383 = DIRECTION('',(0.,0.,1.));
#2384 = ORIENTED_EDGE('',*,*,#2292,.T.);
#2385 = ORIENTED_EDGE('',*,*,#2355,.T.);
#2386 = ORIENTED_EDGE('',*,*,#2387,.T.);
#2387 = EDGE_CURVE('',#2356,#2388,#2390,.T.);
#2388 = VERTEX_POINT('',#2389);
#2389 = CARTESIAN_POINT('',(0.344262204903,-351.6255457769,893.));
#2390 = LINE('',#2391,#2392);
#2391 = CARTESIAN_POINT('',(0.344262204903,-351.6255457769,835.));
#2392 = VECTOR('',#2393,1.);
#2393 = DIRECTION('',(0.,0.,1.));
#2394 = ORIENTED_EDGE('',*,*,#2395,.F.);
#2395 = EDGE_CURVE('',#2378,#2388,#2396,.T.);
#2396 = LINE('',#2397,#2398);
#2397 = CARTESIAN_POINT('',(4.485366926543,-367.0803589975,893.));
#2398 = VECTOR('',#2399,1.);
#2399 = DIRECTION('',(-0.258819045103,0.965925826289,0.));
#2400 = PLANE('',#2401);
#2401 = AXIS2_PLACEMENT_3D('',#2402,#2403,#2404);
#2402 = CARTESIAN_POINT('',(4.485366926543,-367.0803589975,835.));
#2403 = DIRECTION('',(0.965925826289,0.258819045103,0.));
#2404 = DIRECTION('',(0.,0.,1.));
#2405 = ADVANCED_FACE('',(#2406),#2417,.F.);
#2406 = FACE_BOUND('',#2407,.F.);
#2407 = EDGE_LOOP('',(#2408,#2409,#2410,#2416));
#2408 = ORIENTED_EDGE('',*,*,#2284,.F.);
#2409 = ORIENTED_EDGE('',*,*,#2314,.T.);
#2410 = ORIENTED_EDGE('',*,*,#2411,.T.);
#2411 = EDGE_CURVE('',#2315,#2378,#2412,.T.);
#2412 = LINE('',#2413,#2414);
#2413 = CARTESIAN_POINT('',(-0.344262204903,-368.374454223,893.));
#2414 = VECTOR('',#2415,1.);
#2415 = DIRECTION('',(0.965925826289,0.258819045103,0.));
#2416 = ORIENTED_EDGE('',*,*,#2377,.F.);
#2417 = PLANE('',#2418);
#2418 = AXIS2_PLACEMENT_3D('',#2419,#2420,#2421);
#2419 = CARTESIAN_POINT('',(-0.344262204903,-368.374454223,835.));
#2420 = DIRECTION('',(-0.258819045103,0.965925826289,0.));
#2421 = DIRECTION('',(0.,0.,1.));
#2422 = ADVANCED_FACE('',(#2423),#2434,.T.);
#2423 = FACE_BOUND('',#2424,.T.);
#2424 = EDGE_LOOP('',(#2425,#2426,#2427,#2428));
#2425 = ORIENTED_EDGE('',*,*,#2339,.F.);
#2426 = ORIENTED_EDGE('',*,*,#2411,.T.);
#2427 = ORIENTED_EDGE('',*,*,#2395,.T.);
#2428 = ORIENTED_EDGE('',*,*,#2429,.F.);
#2429 = EDGE_CURVE('',#2332,#2388,#2430,.T.);
#2430 = LINE('',#2431,#2432);
#2431 = CARTESIAN_POINT('',(-4.485366926543,-352.9196410024,893.));
#2432 = VECTOR('',#2433,1.);
#2433 = DIRECTION('',(0.965925826289,0.258819045103,0.));
#2434 = PLANE('',#2435);
#2435 = AXIS2_PLACEMENT_3D('',#2436,#2437,#2438);
#2436 = CARTESIAN_POINT('',(-0.344262204903,-368.374454223,893.));
#2437 = DIRECTION('',(0.,0.,1.));
#2438 = DIRECTION('',(0.965925826289,0.258819045103,0.));
#2439 = ADVANCED_FACE('',(#2440),#2446,.T.);
#2440 = FACE_BOUND('',#2441,.T.);
#2441 = EDGE_LOOP('',(#2442,#2443,#2444,#2445));
#2442 = ORIENTED_EDGE('',*,*,#2363,.F.);
#2443 = ORIENTED_EDGE('',*,*,#2331,.T.);
#2444 = ORIENTED_EDGE('',*,*,#2429,.T.);
#2445 = ORIENTED_EDGE('',*,*,#2387,.F.);
#2446 = PLANE('',#2447);
#2447 = AXIS2_PLACEMENT_3D('',#2448,#2449,#2450);
#2448 = CARTESIAN_POINT('',(-4.485366926543,-352.9196410024,835.));
#2449 = DIRECTION('',(-0.258819045103,0.965925826289,0.));
#2450 = DIRECTION('',(0.,0.,1.));
#2451 = MANIFOLD_SOLID_BREP('',#2452);
#2452 = CLOSED_SHELL('',(#2453,#2493,#2532,#2556,#2588,#2605,#2622));
#2453 = ADVANCED_FACE('',(#2454),#2488,.F.);
#2454 = FACE_BOUND('',#2455,.F.);
#2455 = EDGE_LOOP('',(#2456,#2466,#2474,#2482));
#2456 = ORIENTED_EDGE('',*,*,#2457,.F.);
#2457 = EDGE_CURVE('',#2458,#2460,#2462,.T.);
#2458 = VERTEX_POINT('',#2459);
#2459 = CARTESIAN_POINT('',(-0.344262204903,-351.6255457769,799.));
#2460 = VERTEX_POINT('',#2461);
#2461 = CARTESIAN_POINT('',(-2.588190451025,-360.,799.));
#2462 = LINE('',#2463,#2464);
#2463 = CARTESIAN_POINT('',(-0.344262204903,-351.6255457769,799.));
#2464 = VECTOR('',#2465,1.);
#2465 = DIRECTION('',(-0.258819045103,-0.965925826289,1.182917971379E-16
    ));
#2466 = ORIENTED_EDGE('',*,*,#2467,.T.);
#2467 = EDGE_CURVE('',#2458,#2468,#2470,.T.);
#2468 = VERTEX_POINT('',#2469);
#2469 = CARTESIAN_POINT('',(4.485366926543,-352.9196410024,799.));
#2470 = LINE('',#2471,#2472);
#2471 = CARTESIAN_POINT('',(-0.344262204903,-351.6255457769,799.));
#2472 = VECTOR('',#2473,1.);
#2473 = DIRECTION('',(0.965925826289,-0.258819045103,3.169619151432E-17)
  );
#2474 = ORIENTED_EDGE('',*,*,#2475,.T.);
#2475 = EDGE_CURVE('',#2468,#2476,#2478,.T.);
#2476 = VERTEX_POINT('',#2477);
#2477 = CARTESIAN_POINT('',(2.588190451025,-360.,799.));
#2478 = LINE('',#2479,#2480);
#2479 = CARTESIAN_POINT('',(4.485366926543,-352.9196410024,799.));
#2480 = VECTOR('',#2481,1.);
#2481 = DIRECTION('',(-0.258819045103,-0.965925826289,1.182917971379E-16
    ));
#2482 = ORIENTED_EDGE('',*,*,#2483,.F.);
#2483 = EDGE_CURVE('',#2460,#2476,#2484,.T.);
#2484 = LINE('',#2485,#2486);
#2485 = CARTESIAN_POINT('',(-20.,-360.,799.));
#2486 = VECTOR('',#2487,1.);
#2487 = DIRECTION('',(1.,0.,0.));
#2488 = PLANE('',#2489);
#2489 = AXIS2_PLACEMENT_3D('',#2490,#2491,#2492);
#2490 = CARTESIAN_POINT('',(-0.344262204903,-351.6255457769,799.));
#2491 = DIRECTION('',(0.,-1.224646799147E-16,-1.));
#2492 = DIRECTION('',(0.965925826289,-0.258819045103,3.169619151432E-17)
  );
#2493 = ADVANCED_FACE('',(#2494),#2527,.F.);
#2494 = FACE_BOUND('',#2495,.F.);
#2495 = EDGE_LOOP('',(#2496,#2504,#2505,#2513,#2521));
#2496 = ORIENTED_EDGE('',*,*,#2497,.F.);
#2497 = EDGE_CURVE('',#2458,#2498,#2500,.T.);
#2498 = VERTEX_POINT('',#2499);
#2499 = CARTESIAN_POINT('',(-0.344262204903,-351.6255457769,741.));
#2500 = LINE('',#2501,#2502);
#2501 = CARTESIAN_POINT('',(-0.344262204903,-351.6255457769,799.));
#2502 = VECTOR('',#2503,1.);
#2503 = DIRECTION('',(0.,-1.224646799147E-16,-1.));
#2504 = ORIENTED_EDGE('',*,*,#2457,.T.);
#2505 = ORIENTED_EDGE('',*,*,#2506,.T.);
#2506 = EDGE_CURVE('',#2460,#2507,#2509,.T.);
#2507 = VERTEX_POINT('',#2508);
#2508 = CARTESIAN_POINT('',(-4.485366926543,-367.0803589975,799.));
#2509 = LINE('',#2510,#2511);
#2510 = CARTESIAN_POINT('',(-0.344262204903,-351.6255457769,799.));
#2511 = VECTOR('',#2512,1.);
#2512 = DIRECTION('',(-0.258819045103,-0.965925826289,1.182917971379E-16
    ));
#2513 = ORIENTED_EDGE('',*,*,#2514,.T.);
#2514 = EDGE_CURVE('',#2507,#2515,#2517,.T.);
#2515 = VERTEX_POINT('',#2516);
#2516 = CARTESIAN_POINT('',(-4.485366926543,-367.0803589975,741.));
#2517 = LINE('',#2518,#2519);
#2518 = CARTESIAN_POINT('',(-4.485366926543,-367.0803589975,799.));
#2519 = VECTOR('',#2520,1.);
#2520 = DIRECTION('',(0.,-1.224646799147E-16,-1.));
#2521 = ORIENTED_EDGE('',*,*,#2522,.F.);
#2522 = EDGE_CURVE('',#2498,#2515,#2523,.T.);
#2523 = LINE('',#2524,#2525);
#2524 = CARTESIAN_POINT('',(-0.344262204903,-351.6255457769,741.));
#2525 = VECTOR('',#2526,1.);
#2526 = DIRECTION('',(-0.258819045103,-0.965925826289,1.182917971379E-16
    ));
#2527 = PLANE('',#2528);
#2528 = AXIS2_PLACEMENT_3D('',#2529,#2530,#2531);
#2529 = CARTESIAN_POINT('',(-0.344262204903,-351.6255457769,799.));
#2530 = DIRECTION('',(0.965925826289,-0.258819045103,3.169619151432E-17)
  );
#2531 = DIRECTION('',(0.,-1.224646799147E-16,-1.));
#2532 = ADVANCED_FACE('',(#2533),#2551,.F.);
#2533 = FACE_BOUND('',#2534,.F.);
#2534 = EDGE_LOOP('',(#2535,#2536,#2537,#2545));
#2535 = ORIENTED_EDGE('',*,*,#2506,.F.);
#2536 = ORIENTED_EDGE('',*,*,#2483,.T.);
#2537 = ORIENTED_EDGE('',*,*,#2538,.T.);
#2538 = EDGE_CURVE('',#2476,#2539,#2541,.T.);
#2539 = VERTEX_POINT('',#2540);
#2540 = CARTESIAN_POINT('',(0.344262204903,-368.374454223,799.));
#2541 = LINE('',#2542,#2543);
#2542 = CARTESIAN_POINT('',(4.485366926543,-352.9196410024,799.));
#2543 = VECTOR('',#2544,1.);
#2544 = DIRECTION('',(-0.258819045103,-0.965925826289,1.182917971379E-16
    ));
#2545 = ORIENTED_EDGE('',*,*,#2546,.F.);
#2546 = EDGE_CURVE('',#2507,#2539,#2547,.T.);
#2547 = LINE('',#2548,#2549);
#2548 = CARTESIAN_POINT('',(-4.485366926543,-367.0803589975,799.));
#2549 = VECTOR('',#2550,1.);
#2550 = DIRECTION('',(0.965925826289,-0.258819045103,3.169619151432E-17)
  );
#2551 = PLANE('',#2552);
#2552 = AXIS2_PLACEMENT_3D('',#2553,#2554,#2555);
#2553 = CARTESIAN_POINT('',(-0.344262204903,-351.6255457769,799.));
#2554 = DIRECTION('',(0.,-1.224646799147E-16,-1.));
#2555 = DIRECTION('',(0.965925826289,-0.258819045103,3.169619151432E-17)
  );
#2556 = ADVANCED_FACE('',(#2557),#2583,.T.);
#2557 = FACE_BOUND('',#2558,.T.);
#2558 = EDGE_LOOP('',(#2559,#2567,#2568,#2569,#2577));
#2559 = ORIENTED_EDGE('',*,*,#2560,.F.);
#2560 = EDGE_CURVE('',#2468,#2561,#2563,.T.);
#2561 = VERTEX_POINT('',#2562);
#2562 = CARTESIAN_POINT('',(4.485366926543,-352.9196410024,741.));
#2563 = LINE('',#2564,#2565);
#2564 = CARTESIAN_POINT('',(4.485366926543,-352.9196410024,799.));
#2565 = VECTOR('',#2566,1.);
#2566 = DIRECTION('',(0.,-1.224646799147E-16,-1.));
#2567 = ORIENTED_EDGE('',*,*,#2475,.T.);
#2568 = ORIENTED_EDGE('',*,*,#2538,.T.);
#2569 = ORIENTED_EDGE('',*,*,#2570,.T.);
#2570 = EDGE_CURVE('',#2539,#2571,#2573,.T.);
#2571 = VERTEX_POINT('',#2572);
#2572 = CARTESIAN_POINT('',(0.344262204903,-368.374454223,741.));
#2573 = LINE('',#2574,#2575);
#2574 = CARTESIAN_POINT('',(0.344262204903,-368.374454223,799.));
#2575 = VECTOR('',#2576,1.);
#2576 = DIRECTION('',(0.,-1.224646799147E-16,-1.));
#2577 = ORIENTED_EDGE('',*,*,#2578,.F.);
#2578 = EDGE_CURVE('',#2561,#2571,#2579,.T.);
#2579 = LINE('',#2580,#2581);
#2580 = CARTESIAN_POINT('',(4.485366926543,-352.9196410024,741.));
#2581 = VECTOR('',#2582,1.);
#2582 = DIRECTION('',(-0.258819045103,-0.965925826289,1.182917971379E-16
    ));
#2583 = PLANE('',#2584);
#2584 = AXIS2_PLACEMENT_3D('',#2585,#2586,#2587);
#2585 = CARTESIAN_POINT('',(4.485366926543,-352.9196410024,799.));
#2586 = DIRECTION('',(0.965925826289,-0.258819045103,3.169619151432E-17)
  );
#2587 = DIRECTION('',(0.,-1.224646799147E-16,-1.));
#2588 = ADVANCED_FACE('',(#2589),#2600,.F.);
#2589 = FACE_BOUND('',#2590,.F.);
#2590 = EDGE_LOOP('',(#2591,#2592,#2593,#2599));
#2591 = ORIENTED_EDGE('',*,*,#2467,.F.);
#2592 = ORIENTED_EDGE('',*,*,#2497,.T.);
#2593 = ORIENTED_EDGE('',*,*,#2594,.T.);
#2594 = EDGE_CURVE('',#2498,#2561,#2595,.T.);
#2595 = LINE('',#2596,#2597);
#2596 = CARTESIAN_POINT('',(-0.344262204903,-351.6255457769,741.));
#2597 = VECTOR('',#2598,1.);
#2598 = DIRECTION('',(0.965925826289,-0.258819045103,3.169619151432E-17)
  );
#2599 = ORIENTED_EDGE('',*,*,#2560,.F.);
#2600 = PLANE('',#2601);
#2601 = AXIS2_PLACEMENT_3D('',#2602,#2603,#2604);
#2602 = CARTESIAN_POINT('',(-0.344262204903,-351.6255457769,799.));
#2603 = DIRECTION('',(-0.258819045103,-0.965925826289,1.182917971379E-16
    ));
#2604 = DIRECTION('',(0.,-1.224646799147E-16,-1.));
#2605 = ADVANCED_FACE('',(#2606),#2617,.T.);
#2606 = FACE_BOUND('',#2607,.T.);
#2607 = EDGE_LOOP('',(#2608,#2609,#2610,#2611));
#2608 = ORIENTED_EDGE('',*,*,#2522,.F.);
#2609 = ORIENTED_EDGE('',*,*,#2594,.T.);
#2610 = ORIENTED_EDGE('',*,*,#2578,.T.);
#2611 = ORIENTED_EDGE('',*,*,#2612,.F.);
#2612 = EDGE_CURVE('',#2515,#2571,#2613,.T.);
#2613 = LINE('',#2614,#2615);
#2614 = CARTESIAN_POINT('',(-4.485366926543,-367.0803589975,741.));
#2615 = VECTOR('',#2616,1.);
#2616 = DIRECTION('',(0.965925826289,-0.258819045103,3.169619151432E-17)
  );
#2617 = PLANE('',#2618);
#2618 = AXIS2_PLACEMENT_3D('',#2619,#2620,#2621);
#2619 = CARTESIAN_POINT('',(-0.344262204903,-351.6255457769,741.));
#2620 = DIRECTION('',(0.,-1.224646799147E-16,-1.));
#2621 = DIRECTION('',(0.965925826289,-0.258819045103,3.169619151432E-17)
  );
#2622 = ADVANCED_FACE('',(#2623),#2629,.T.);
#2623 = FACE_BOUND('',#2624,.T.);
#2624 = EDGE_LOOP('',(#2625,#2626,#2627,#2628));
#2625 = ORIENTED_EDGE('',*,*,#2546,.F.);
#2626 = ORIENTED_EDGE('',*,*,#2514,.T.);
#2627 = ORIENTED_EDGE('',*,*,#2612,.T.);
#2628 = ORIENTED_EDGE('',*,*,#2570,.F.);
#2629 = PLANE('',#2630);
#2630 = AXIS2_PLACEMENT_3D('',#2631,#2632,#2633);
#2631 = CARTESIAN_POINT('',(-4.485366926543,-367.0803589975,799.));
#2632 = DIRECTION('',(-0.258819045103,-0.965925826289,1.182917971379E-16
    ));
#2633 = DIRECTION('',(0.,-1.224646799147E-16,-1.));
#2634 = MANIFOLD_SOLID_BREP('',#2635);
#2635 = CLOSED_SHELL('',(#2636,#2737,#2753,#2901,#2917,#2941,#3085,#3096
    ,#3112,#3128,#3176,#3204,#3232,#3248,#3285,#3318,#3361,#3371,#3388,
    #3405,#3417,#3437,#3457,#3477,#3497,#3514));
#2636 = ADVANCED_FACE('',(#2637),#2732,.T.);
#2637 = FACE_BOUND('',#2638,.T.);
#2638 = EDGE_LOOP('',(#2639,#2650,#2658,#2667,#2675,#2684,#2692,#2701,
    #2709,#2716,#2717,#2726));
#2639 = ORIENTED_EDGE('',*,*,#2640,.F.);
#2640 = EDGE_CURVE('',#2641,#2643,#2645,.T.);
#2641 = VERTEX_POINT('',#2642);
#2642 = CARTESIAN_POINT('',(11.754880738316,230.,862.41304347826));
#2643 = VERTEX_POINT('',#2644);
#2644 = CARTESIAN_POINT('',(-11.75488073831,230.,862.41304347826));
#2645 = CIRCLE('',#2646,28.);
#2646 = AXIS2_PLACEMENT_3D('',#2647,#2648,#2649);
#2647 = CARTESIAN_POINT('',(0.,230.,837.));
#2648 = DIRECTION('',(0.,1.,0.));
#2649 = DIRECTION('',(0.,0.,1.));
#2650 = ORIENTED_EDGE('',*,*,#2651,.F.);
#2651 = EDGE_CURVE('',#2652,#2641,#2654,.T.);
#2652 = VERTEX_POINT('',#2653);
#2653 = CARTESIAN_POINT('',(11.754880738316,130.,862.41304347826));
#2654 = LINE('',#2655,#2656);
#2655 = CARTESIAN_POINT('',(11.754880738316,-230.,862.41304347826));
#2656 = VECTOR('',#2657,1.);
#2657 = DIRECTION('',(0.,1.,0.));
#2658 = ORIENTED_EDGE('',*,*,#2659,.F.);
#2659 = EDGE_CURVE('',#2660,#2652,#2662,.T.);
#2660 = VERTEX_POINT('',#2661);
#2661 = CARTESIAN_POINT('',(-6.858022075225E-15,130.,865.));
#2662 = CIRCLE('',#2663,28.);
#2663 = AXIS2_PLACEMENT_3D('',#2664,#2665,#2666);
#2664 = CARTESIAN_POINT('',(0.,130.,837.));
#2665 = DIRECTION('',(0.,1.,0.));
#2666 = DIRECTION('',(0.,0.,1.));
#2667 = ORIENTED_EDGE('',*,*,#2668,.F.);
#2668 = EDGE_CURVE('',#2669,#2660,#2671,.T.);
#2669 = VERTEX_POINT('',#2670);
#2670 = CARTESIAN_POINT('',(-6.858022075225E-15,-130.,865.));
#2671 = LINE('',#2672,#2673);
#2672 = CARTESIAN_POINT('',(-6.858022075225E-15,-230.,865.));
#2673 = VECTOR('',#2674,1.);
#2674 = DIRECTION('',(0.,1.,0.));
#2675 = ORIENTED_EDGE('',*,*,#2676,.T.);
#2676 = EDGE_CURVE('',#2669,#2677,#2679,.T.);
#2677 = VERTEX_POINT('',#2678);
#2678 = CARTESIAN_POINT('',(11.754880738316,-130.,862.41304347826));
#2679 = CIRCLE('',#2680,28.);
#2680 = AXIS2_PLACEMENT_3D('',#2681,#2682,#2683);
#2681 = CARTESIAN_POINT('',(0.,-130.,837.));
#2682 = DIRECTION('',(0.,1.,0.));
#2683 = DIRECTION('',(0.,0.,1.));
#2684 = ORIENTED_EDGE('',*,*,#2685,.F.);
#2685 = EDGE_CURVE('',#2686,#2677,#2688,.T.);
#2686 = VERTEX_POINT('',#2687);
#2687 = CARTESIAN_POINT('',(11.754880738316,-230.,862.41304347826));
#2688 = LINE('',#2689,#2690);
#2689 = CARTESIAN_POINT('',(11.754880738316,-230.,862.41304347826));
#2690 = VECTOR('',#2691,1.);
#2691 = DIRECTION('',(0.,1.,0.));
#2692 = ORIENTED_EDGE('',*,*,#2693,.T.);
#2693 = EDGE_CURVE('',#2686,#2694,#2696,.T.);
#2694 = VERTEX_POINT('',#2695);
#2695 = CARTESIAN_POINT('',(-11.75488073831,-230.,862.41304347826));
#2696 = CIRCLE('',#2697,28.);
#2697 = AXIS2_PLACEMENT_3D('',#2698,#2699,#2700);
#2698 = CARTESIAN_POINT('',(0.,-230.,837.));
#2699 = DIRECTION('',(0.,1.,0.));
#2700 = DIRECTION('',(0.,0.,1.));
#2701 = ORIENTED_EDGE('',*,*,#2702,.T.);
#2702 = EDGE_CURVE('',#2694,#2703,#2705,.T.);
#2703 = VERTEX_POINT('',#2704);
#2704 = CARTESIAN_POINT('',(-11.75488073831,-130.,862.41304347826));
#2705 = LINE('',#2706,#2707);
#2706 = CARTESIAN_POINT('',(-11.75488073831,-230.,862.41304347826));
#2707 = VECTOR('',#2708,1.);
#2708 = DIRECTION('',(0.,1.,0.));
#2709 = ORIENTED_EDGE('',*,*,#2710,.T.);
#2710 = EDGE_CURVE('',#2703,#2669,#2711,.T.);
#2711 = CIRCLE('',#2712,28.);
#2712 = AXIS2_PLACEMENT_3D('',#2713,#2714,#2715);
#2713 = CARTESIAN_POINT('',(0.,-130.,837.));
#2714 = DIRECTION('',(0.,1.,0.));
#2715 = DIRECTION('',(0.,0.,1.));
#2716 = ORIENTED_EDGE('',*,*,#2668,.T.);
#2717 = ORIENTED_EDGE('',*,*,#2718,.F.);
#2718 = EDGE_CURVE('',#2719,#2660,#2721,.T.);
#2719 = VERTEX_POINT('',#2720);
#2720 = CARTESIAN_POINT('',(-11.75488073831,130.,862.41304347826));
#2721 = CIRCLE('',#2722,28.);
#2722 = AXIS2_PLACEMENT_3D('',#2723,#2724,#2725);
#2723 = CARTESIAN_POINT('',(0.,130.,837.));
#2724 = DIRECTION('',(0.,1.,0.));
#2725 = DIRECTION('',(0.,0.,1.));
#2726 = ORIENTED_EDGE('',*,*,#2727,.T.);
#2727 = EDGE_CURVE('',#2719,#2643,#2728,.T.);
#2728 = LINE('',#2729,#2730);
#2729 = CARTESIAN_POINT('',(-11.75488073831,-230.,862.41304347826));
#2730 = VECTOR('',#2731,1.);
#2731 = DIRECTION('',(0.,1.,0.));
#2732 = CYLINDRICAL_SURFACE('',#2733,28.);
#2733 = AXIS2_PLACEMENT_3D('',#2734,#2735,#2736);
#2734 = CARTESIAN_POINT('',(0.,-230.,837.));
#2735 = DIRECTION('',(0.,1.,0.));
#2736 = DIRECTION('',(0.,0.,1.));
#2737 = ADVANCED_FACE('',(#2738),#2748,.T.);
#2738 = FACE_BOUND('',#2739,.T.);
#2739 = EDGE_LOOP('',(#2740,#2747));
#2740 = ORIENTED_EDGE('',*,*,#2741,.F.);
#2741 = EDGE_CURVE('',#2641,#2643,#2742,.T.);
#2742 = CIRCLE('',#2743,12.);
#2743 = AXIS2_PLACEMENT_3D('',#2744,#2745,#2746);
#2744 = CARTESIAN_POINT('',(0.,230.,860.));
#2745 = DIRECTION('',(0.,1.,0.));
#2746 = DIRECTION('',(0.,0.,1.));
#2747 = ORIENTED_EDGE('',*,*,#2640,.T.);
#2748 = PLANE('',#2749);
#2749 = AXIS2_PLACEMENT_3D('',#2750,#2751,#2752);
#2750 = CARTESIAN_POINT('',(0.,230.,837.));
#2751 = DIRECTION('',(0.,1.,0.));
#2752 = DIRECTION('',(0.,0.,1.));
#2753 = ADVANCED_FACE('',(#2754),#2896,.T.);
#2754 = FACE_BOUND('',#2755,.T.);
#2755 = EDGE_LOOP('',(#2756,#2767,#2775,#2784,#2846,#2853,#2854,#2863,
    #2871,#2878,#2879,#2880,#2881,#2890));
#2756 = ORIENTED_EDGE('',*,*,#2757,.T.);
#2757 = EDGE_CURVE('',#2758,#2760,#2762,.T.);
#2758 = VERTEX_POINT('',#2759);
#2759 = CARTESIAN_POINT('',(-10.90871211463,150.,865.));
#2760 = VERTEX_POINT('',#2761);
#2761 = CARTESIAN_POINT('',(-2.939152317954E-15,150.,872.));
#2762 = CIRCLE('',#2763,12.);
#2763 = AXIS2_PLACEMENT_3D('',#2764,#2765,#2766);
#2764 = CARTESIAN_POINT('',(0.,150.,860.));
#2765 = DIRECTION('',(0.,1.,0.));
#2766 = DIRECTION('',(0.,0.,1.));
#2767 = ORIENTED_EDGE('',*,*,#2768,.T.);
#2768 = EDGE_CURVE('',#2760,#2769,#2771,.T.);
#2769 = VERTEX_POINT('',#2770);
#2770 = CARTESIAN_POINT('',(-2.939152317954E-15,270.,872.));
#2771 = LINE('',#2772,#2773);
#2772 = CARTESIAN_POINT('',(-2.939152317954E-15,130.,872.));
#2773 = VECTOR('',#2774,1.);
#2774 = DIRECTION('',(0.,1.,0.));
#2775 = ORIENTED_EDGE('',*,*,#2776,.F.);
#2776 = EDGE_CURVE('',#2777,#2769,#2779,.T.);
#2777 = VERTEX_POINT('',#2778);
#2778 = CARTESIAN_POINT('',(-11.65990235421,270.,862.83666654546));
#2779 = CIRCLE('',#2780,12.);
#2780 = AXIS2_PLACEMENT_3D('',#2781,#2782,#2783);
#2781 = CARTESIAN_POINT('',(0.,270.,860.));
#2782 = DIRECTION('',(0.,1.,0.));
#2783 = DIRECTION('',(0.,0.,1.));
#2784 = ORIENTED_EDGE('',*,*,#2785,.F.);
#2785 = EDGE_CURVE('',#2786,#2777,#2788,.T.);
#2786 = VERTEX_POINT('',#2787);
#2787 = CARTESIAN_POINT('',(11.659902354216,270.,862.83666654546));
#2788 = B_SPLINE_CURVE_WITH_KNOTS('',6,(#2789,#2790,#2791,#2792,#2793,
    #2794,#2795,#2796,#2797,#2798,#2799,#2800,#2801,#2802,#2803,#2804,
    #2805,#2806,#2807,#2808,#2809,#2810,#2811,#2812,#2813,#2814,#2815,
    #2816,#2817,#2818,#2819,#2820,#2821,#2822,#2823,#2824,#2825,#2826,
    #2827,#2828,#2829,#2830,#2831,#2832,#2833,#2834,#2835,#2836,#2837,
    #2838,#2839,#2840,#2841,#2842,#2843,#2844,#2845),.UNSPECIFIED.,.F.,
  .F.,(7,5,5,5,5,5,5,5,5,5,5,7),(0.,6.575637519214E-02,0.114471534099,
    0.180479978023,0.269960174562,0.336163281496,0.499955993119,
    0.618005892144,0.729963647519,0.787250919643,0.885460211063,1.),
  .UNSPECIFIED.);
#2789 = CARTESIAN_POINT('',(11.659902067604,270.0000006,862.83666772355)
  );
#2790 = CARTESIAN_POINT('',(11.77572923263,269.75752536263,
    862.36056916969));
#2791 = CARTESIAN_POINT('',(11.869269863497,269.51378505568,
    861.87451378698));
#2792 = CARTESIAN_POINT('',(11.9392785439,269.26989626398,
    861.38019590246));
#2793 = CARTESIAN_POINT('',(11.984747955111,269.02694922593,
    860.87943708565));
#2794 = CARTESIAN_POINT('',(12.004913071606,268.78598001223,
    860.37415261952));
#2795 = CARTESIAN_POINT('',(11.995063877468,268.37159440012,
    859.49009216053));
#2796 = CARTESIAN_POINT('',(11.976700363844,268.19689741963,
    859.1125563968));
#2797 = CARTESIAN_POINT('',(11.943970189569,268.0243427282,
    858.73473653725));
#2798 = CARTESIAN_POINT('',(11.896805778927,267.85437818155,
    858.35765511145));
#2799 = CARTESIAN_POINT('',(11.835266817083,267.68741004803,
    857.98232917763));
#2800 = CARTESIAN_POINT('',(11.656932174266,267.30212105775,
    857.10495258635));
#2801 = CARTESIAN_POINT('',(11.528312860707,267.08669013498,
    856.60539333505));
#2802 = CARTESIAN_POINT('',(11.374179886951,266.87840307083,
    856.11356465285));
#2803 = CARTESIAN_POINT('',(11.195447337248,266.67798955454,
    855.63185478752));
#2804 = CARTESIAN_POINT('',(10.993434335822,266.48602244435,
    855.16250159697));
#2805 = CARTESIAN_POINT('',(10.466769891444,266.05471470455,
    854.09077197977));
#2806 = CARTESIAN_POINT('',(10.124331670955,265.82303022245,
    853.50100698884));
#2807 = CARTESIAN_POINT('',(9.746062271486,265.60814319436,
    852.94139348704));
#2808 = CARTESIAN_POINT('',(9.335921963765,265.41005609355,
    852.41463737775));
#2809 = CARTESIAN_POINT('',(8.898279730359,265.22855338258,
    851.92287963559));
#2810 = CARTESIAN_POINT('',(8.097256338917,264.94095700421,
    851.13073062444));
#2811 = CARTESIAN_POINT('',(7.743899966422,264.827430919,850.81356554209
    ));
#2812 = CARTESIAN_POINT('',(7.379198519049,264.72236841641,
    850.51624752233));
#2813 = CARTESIAN_POINT('',(7.004480458051,264.62547307849,
    850.23886751392));
#2814 = CARTESIAN_POINT('',(6.621020613255,264.53646228014,
    849.98144929489));
#2815 = CARTESIAN_POINT('',(5.262718786506,264.25369422396,
    849.15634860275));
#2816 = CARTESIAN_POINT('',(4.24969116433,264.09901552953,
    848.69086454571));
#2817 = CARTESIAN_POINT('',(3.206013368921,263.98620303324,
    848.34456304134));
#2818 = CARTESIAN_POINT('',(2.143310562024,263.91210597533,
    848.11480730005));
#2819 = CARTESIAN_POINT('',(1.071482787689,263.87508127441,848.));
#2820 = CARTESIAN_POINT('',(-0.772247028823,263.87508127441,848.));
#2821 = CARTESIAN_POINT('',(-1.544545438266,263.89431388865,
    848.05963662628));
#2822 = CARTESIAN_POINT('',(-2.313387315167,263.93278390102,
    848.17892427907));
#2823 = CARTESIAN_POINT('',(-3.075200235027,263.99093679757,
    848.35829591901));
#2824 = CARTESIAN_POINT('',(-3.826044241165,264.06964138877,
    848.59853974968));
#2825 = CARTESIAN_POINT('',(-5.258623963594,264.26562156178,
    849.18726464179));
#2826 = CARTESIAN_POINT('',(-5.942415276928,264.38076401506,
    849.52972152982));
#2827 = CARTESIAN_POINT('',(-6.607806750826,264.51671615284,
    849.9287337302));
#2828 = CARTESIAN_POINT('',(-7.249514102981,264.67475971257,
    850.38472958707));
#2829 = CARTESIAN_POINT('',(-7.861710796845,264.85638763262,
    850.897794645));
#2830 = CARTESIAN_POINT('',(-8.732705970133,265.16910641224,
    851.75914023442));
#2831 = CARTESIAN_POINT('',(-9.018016184351,265.28153774085,
    852.06546893143));
#2832 = CARTESIAN_POINT('',(-9.292687302719,265.40066868221,
    852.3862484456));
#2833 = CARTESIAN_POINT('',(-9.555628681401,265.52660031518,
    852.72106491234));
#2834 = CARTESIAN_POINT('',(-9.805787340576,265.65940925934,
    853.06941933758));
#2835 = CARTESIAN_POINT('',(-10.44734726203,266.03868927164,
    854.05014357369));
#2836 = CARTESIAN_POINT('',(-10.81249690349,266.29888140789,
    854.7084076107));
#2837 = CARTESIAN_POINT('',(-11.13068449672,266.57909352847,
    855.40032983664));
#2838 = CARTESIAN_POINT('',(-11.39664450023,266.87808539224,
    856.11944843064));
#2839 = CARTESIAN_POINT('',(-11.60683717192,267.19389164946,
    856.85849356022));
#2840 = CARTESIAN_POINT('',(-11.93763565065,267.90857618771,
    858.4859667033));
#2841 = CARTESIAN_POINT('',(-12.03690462121,268.31117626992,
    859.37570343865));
#2842 = CARTESIAN_POINT('',(-12.05580291401,268.72739330908,
    860.26731255342));
#2843 = CARTESIAN_POINT('',(-11.9958010928,269.15187305683,
    861.14876909387));
#2844 = CARTESIAN_POINT('',(-11.86134734422,269.57829044891,
    862.00864258058));
#2845 = CARTESIAN_POINT('',(-11.6599020676,270.0000006,862.83666772355)
  );
#2846 = ORIENTED_EDGE('',*,*,#2847,.F.);
#2847 = EDGE_CURVE('',#2769,#2786,#2848,.T.);
#2848 = CIRCLE('',#2849,12.);
#2849 = AXIS2_PLACEMENT_3D('',#2850,#2851,#2852);
#2850 = CARTESIAN_POINT('',(0.,270.,860.));
#2851 = DIRECTION('',(0.,1.,0.));
#2852 = DIRECTION('',(0.,0.,1.));
#2853 = ORIENTED_EDGE('',*,*,#2768,.F.);
#2854 = ORIENTED_EDGE('',*,*,#2855,.T.);
#2855 = EDGE_CURVE('',#2760,#2856,#2858,.T.);
#2856 = VERTEX_POINT('',#2857);
#2857 = CARTESIAN_POINT('',(10.908712114636,150.,865.));
#2858 = CIRCLE('',#2859,12.);
#2859 = AXIS2_PLACEMENT_3D('',#2860,#2861,#2862);
#2860 = CARTESIAN_POINT('',(0.,150.,860.));
#2861 = DIRECTION('',(0.,1.,0.));
#2862 = DIRECTION('',(0.,0.,1.));
#2863 = ORIENTED_EDGE('',*,*,#2864,.F.);
#2864 = EDGE_CURVE('',#2865,#2856,#2867,.T.);
#2865 = VERTEX_POINT('',#2866);
#2866 = CARTESIAN_POINT('',(10.908712114636,130.,865.));
#2867 = LINE('',#2868,#2869);
#2868 = CARTESIAN_POINT('',(10.908712114636,130.,865.));
#2869 = VECTOR('',#2870,1.);
#2870 = DIRECTION('',(0.,1.,0.));
#2871 = ORIENTED_EDGE('',*,*,#2872,.T.);
#2872 = EDGE_CURVE('',#2865,#2652,#2873,.T.);
#2873 = CIRCLE('',#2874,12.);
#2874 = AXIS2_PLACEMENT_3D('',#2875,#2876,#2877);
#2875 = CARTESIAN_POINT('',(0.,130.,860.));
#2876 = DIRECTION('',(0.,1.,0.));
#2877 = DIRECTION('',(0.,0.,1.));
#2878 = ORIENTED_EDGE('',*,*,#2651,.T.);
#2879 = ORIENTED_EDGE('',*,*,#2741,.T.);
#2880 = ORIENTED_EDGE('',*,*,#2727,.F.);
#2881 = ORIENTED_EDGE('',*,*,#2882,.T.);
#2882 = EDGE_CURVE('',#2719,#2883,#2885,.T.);
#2883 = VERTEX_POINT('',#2884);
#2884 = CARTESIAN_POINT('',(-10.90871211463,130.,865.));
#2885 = CIRCLE('',#2886,12.);
#2886 = AXIS2_PLACEMENT_3D('',#2887,#2888,#2889);
#2887 = CARTESIAN_POINT('',(0.,130.,860.));
#2888 = DIRECTION('',(0.,1.,0.));
#2889 = DIRECTION('',(0.,0.,1.));
#2890 = ORIENTED_EDGE('',*,*,#2891,.T.);
#2891 = EDGE_CURVE('',#2883,#2758,#2892,.T.);
#2892 = LINE('',#2893,#2894);
#2893 = CARTESIAN_POINT('',(-10.90871211463,130.,865.));
#2894 = VECTOR('',#2895,1.);
#2895 = DIRECTION('',(0.,1.,0.));
#2896 = CYLINDRICAL_SURFACE('',#2897,12.);
#2897 = AXIS2_PLACEMENT_3D('',#2898,#2899,#2900);
#2898 = CARTESIAN_POINT('',(0.,130.,860.));
#2899 = DIRECTION('',(0.,1.,0.));
#2900 = DIRECTION('',(0.,0.,1.));
#2901 = ADVANCED_FACE('',(#2902),#2912,.F.);
#2902 = FACE_BOUND('',#2903,.F.);
#2903 = EDGE_LOOP('',(#2904,#2905,#2911));
#2904 = ORIENTED_EDGE('',*,*,#2882,.T.);
#2905 = ORIENTED_EDGE('',*,*,#2906,.F.);
#2906 = EDGE_CURVE('',#2660,#2883,#2907,.T.);
#2907 = LINE('',#2908,#2909);
#2908 = CARTESIAN_POINT('',(-65.,130.,865.));
#2909 = VECTOR('',#2910,1.);
#2910 = DIRECTION('',(-1.,0.,0.));
#2911 = ORIENTED_EDGE('',*,*,#2718,.F.);
#2912 = PLANE('',#2913);
#2913 = AXIS2_PLACEMENT_3D('',#2914,#2915,#2916);
#2914 = CARTESIAN_POINT('',(0.,130.,860.));
#2915 = DIRECTION('',(0.,1.,0.));
#2916 = DIRECTION('',(0.,0.,1.));
#2917 = ADVANCED_FACE('',(#2918),#2936,.F.);
#2918 = FACE_BOUND('',#2919,.F.);
#2919 = EDGE_LOOP('',(#2920,#2929,#2930));
#2920 = ORIENTED_EDGE('',*,*,#2921,.T.);
#2921 = EDGE_CURVE('',#2922,#2703,#2924,.T.);
#2922 = VERTEX_POINT('',#2923);
#2923 = CARTESIAN_POINT('',(-10.90871211463,-130.,865.));
#2924 = CIRCLE('',#2925,12.);
#2925 = AXIS2_PLACEMENT_3D('',#2926,#2927,#2928);
#2926 = CARTESIAN_POINT('',(0.,-130.,860.));
#2927 = DIRECTION('',(0.,-1.,0.));
#2928 = DIRECTION('',(0.,0.,-1.));
#2929 = ORIENTED_EDGE('',*,*,#2710,.T.);
#2930 = ORIENTED_EDGE('',*,*,#2931,.F.);
#2931 = EDGE_CURVE('',#2922,#2669,#2932,.T.);
#2932 = LINE('',#2933,#2934);
#2933 = CARTESIAN_POINT('',(-65.,-130.,865.));
#2934 = VECTOR('',#2935,1.);
#2935 = DIRECTION('',(1.,0.,0.));
#2936 = PLANE('',#2937);
#2937 = AXIS2_PLACEMENT_3D('',#2938,#2939,#2940);
#2938 = CARTESIAN_POINT('',(0.,-130.,860.));
#2939 = DIRECTION('',(0.,-1.,0.));
#2940 = DIRECTION('',(0.,0.,-1.));
#2941 = ADVANCED_FACE('',(#2942),#3080,.T.);
#2942 = FACE_BOUND('',#2943,.T.);
#2943 = EDGE_LOOP('',(#2944,#2953,#2961,#2998,#3007,#3037,#3038,#3045,
    #3046,#3055,#3063,#3072,#3078,#3079));
#2944 = ORIENTED_EDGE('',*,*,#2945,.T.);
#2945 = EDGE_CURVE('',#2694,#2946,#2948,.T.);
#2946 = VERTEX_POINT('',#2947);
#2947 = CARTESIAN_POINT('',(-2.939152317954E-15,-230.,848.));
#2948 = CIRCLE('',#2949,12.);
#2949 = AXIS2_PLACEMENT_3D('',#2950,#2951,#2952);
#2950 = CARTESIAN_POINT('',(0.,-230.,860.));
#2951 = DIRECTION('',(0.,-1.,0.));
#2952 = DIRECTION('',(0.,0.,-1.));
#2953 = ORIENTED_EDGE('',*,*,#2954,.T.);
#2954 = EDGE_CURVE('',#2946,#2955,#2957,.T.);
#2955 = VERTEX_POINT('',#2956);
#2956 = CARTESIAN_POINT('',(-2.939152317954E-15,-263.8750812744,848.));
#2957 = LINE('',#2958,#2959);
#2958 = CARTESIAN_POINT('',(-2.939152317954E-15,-130.,848.));
#2959 = VECTOR('',#2960,1.);
#2960 = DIRECTION('',(0.,-1.,0.));
#2961 = ORIENTED_EDGE('',*,*,#2962,.F.);
#2962 = EDGE_CURVE('',#2963,#2955,#2965,.T.);
#2963 = VERTEX_POINT('',#2964);
#2964 = CARTESIAN_POINT('',(-11.65990235421,-270.,862.83666654546));
#2965 = B_SPLINE_CURVE_WITH_KNOTS('',6,(#2966,#2967,#2968,#2969,#2970,
    #2971,#2972,#2973,#2974,#2975,#2976,#2977,#2978,#2979,#2980,#2981,
    #2982,#2983,#2984,#2985,#2986,#2987,#2988,#2989,#2990,#2991,#2992,
    #2993,#2994,#2995,#2996,#2997),.UNSPECIFIED.,.F.,.F.,(7,5,5,5,5,5,7)
  ,(0.,0.13152432605,0.228963219632,0.360991728504,0.539967873585,
    0.672385741754,1.),.UNSPECIFIED.);
#2966 = CARTESIAN_POINT('',(-11.6599020676,-270.0000006,862.83666772355)
  );
#2967 = CARTESIAN_POINT('',(-11.77572923263,-269.7575253626,
    862.36056916969));
#2968 = CARTESIAN_POINT('',(-11.86926986349,-269.5137850556,
    861.87451378698));
#2969 = CARTESIAN_POINT('',(-11.9392785439,-269.2698962639,
    861.38019590246));
#2970 = CARTESIAN_POINT('',(-11.98474795511,-269.0269492259,
    860.87943708566));
#2971 = CARTESIAN_POINT('',(-12.0049130716,-268.7859800122,
    860.37415261952));
#2972 = CARTESIAN_POINT('',(-11.99506387746,-268.3715944001,
    859.49009216047));
#2973 = CARTESIAN_POINT('',(-11.97670036383,-268.1968974196,
    859.11255639682));
#2974 = CARTESIAN_POINT('',(-11.94397018957,-268.0243427282,
    858.73473653731));
#2975 = CARTESIAN_POINT('',(-11.89680577893,-267.8543781815,
    858.35765511147));
#2976 = CARTESIAN_POINT('',(-11.83526681707,-267.687410048,
    857.98232917757));
#2977 = CARTESIAN_POINT('',(-11.65693217353,-267.3021210561,
    857.10495258274));
#2978 = CARTESIAN_POINT('',(-11.52831286248,-267.0866901373,
    856.60539334061));
#2979 = CARTESIAN_POINT('',(-11.37417988655,-266.8784030709,
    856.11356465302));
#2980 = CARTESIAN_POINT('',(-11.19544733527,-266.6779895522,
    855.63185478204));
#2981 = CARTESIAN_POINT('',(-10.99343433741,-266.4860224456,
    855.16250160021));
#2982 = CARTESIAN_POINT('',(-10.46676989149,-266.0547147045,
    854.09077197988));
#2983 = CARTESIAN_POINT('',(-10.12433167096,-265.8230302224,
    853.50100698881));
#2984 = CARTESIAN_POINT('',(-9.746062271412,-265.6081431943,
    852.94139348694));
#2985 = CARTESIAN_POINT('',(-9.335921963721,-265.4100560935,
    852.41463737773));
#2986 = CARTESIAN_POINT('',(-8.898279730452,-265.2285533826,
    851.92287963568));
#2987 = CARTESIAN_POINT('',(-8.097256338919,-264.9409570042,
    851.13073062444));
#2988 = CARTESIAN_POINT('',(-7.743899966421,-264.827430919,
    850.81356554209));
#2989 = CARTESIAN_POINT('',(-7.379198519046,-264.7223684164,
    850.51624752233));
#2990 = CARTESIAN_POINT('',(-7.00448045805,-264.6254730784,
    850.23886751392));
#2991 = CARTESIAN_POINT('',(-6.621020613257,-264.5364622801,
    849.98144929489));
#2992 = CARTESIAN_POINT('',(-5.262718783065,-264.2536942232,
    849.15634860066));
#2993 = CARTESIAN_POINT('',(-4.249691175766,-264.0990155312,
    848.69086455062));
#2994 = CARTESIAN_POINT('',(-3.206013352462,-263.9862030316,
    848.34456303658));
#2995 = CARTESIAN_POINT('',(-2.143310573909,-263.9121059759,
    848.11480730189));
#2996 = CARTESIAN_POINT('',(-1.071482783937,-263.8750812744,848.));
#2997 = CARTESIAN_POINT('',(-3.552713678801E-15,-263.8750812744,848.));
#2998 = ORIENTED_EDGE('',*,*,#2999,.F.);
#2999 = EDGE_CURVE('',#3000,#2963,#3002,.T.);
#3000 = VERTEX_POINT('',#3001);
#3001 = CARTESIAN_POINT('',(11.659902354216,-270.,862.83666654546));
#3002 = CIRCLE('',#3003,12.);
#3003 = AXIS2_PLACEMENT_3D('',#3004,#3005,#3006);
#3004 = CARTESIAN_POINT('',(0.,-270.,860.));
#3005 = DIRECTION('',(0.,-1.,0.));
#3006 = DIRECTION('',(0.,0.,-1.));
#3007 = ORIENTED_EDGE('',*,*,#3008,.F.);
#3008 = EDGE_CURVE('',#2955,#3000,#3009,.T.);
#3009 = B_SPLINE_CURVE_WITH_KNOTS('',6,(#3010,#3011,#3012,#3013,#3014,
    #3015,#3016,#3017,#3018,#3019,#3020,#3021,#3022,#3023,#3024,#3025,
    #3026,#3027,#3028,#3029,#3030,#3031,#3032,#3033,#3034,#3035,#3036),
  .UNSPECIFIED.,.F.,.F.,(7,5,5,5,5,7),(0.,0.327524971469,0.459906751433,
    0.574485653891,0.770911708172,1.),.UNSPECIFIED.);
#3010 = CARTESIAN_POINT('',(0.,-263.8750812744,848.));
#3011 = CARTESIAN_POINT('',(1.071482787688,-263.8750812744,848.));
#3012 = CARTESIAN_POINT('',(2.143310562024,-263.9121059753,
    848.11480730005));
#3013 = CARTESIAN_POINT('',(3.206013368923,-263.9862030332,
    848.34456304134));
#3014 = CARTESIAN_POINT('',(4.24969116433,-264.0990155295,
    848.69086454571));
#3015 = CARTESIAN_POINT('',(5.262718786504,-264.2536942239,
    849.15634860274));
#3016 = CARTESIAN_POINT('',(6.621020613257,-264.5364622801,
    849.98144929489));
#3017 = CARTESIAN_POINT('',(7.00448045805,-264.6254730784,
    850.23886751392));
#3018 = CARTESIAN_POINT('',(7.379198519046,-264.7223684164,
    850.51624752233));
#3019 = CARTESIAN_POINT('',(7.743899966422,-264.827430919,
    850.81356554208));
#3020 = CARTESIAN_POINT('',(8.097256338919,-264.9409570042,
    851.13073062444));
#3021 = CARTESIAN_POINT('',(8.732705970136,-265.1691064122,
    851.75914023443));
#3022 = CARTESIAN_POINT('',(9.01801618435,-265.2815377408,
    852.06546893143));
#3023 = CARTESIAN_POINT('',(9.292687302717,-265.4006686822,
    852.38624844559));
#3024 = CARTESIAN_POINT('',(9.5556286814,-265.5266003151,852.72106491234
    ));
#3025 = CARTESIAN_POINT('',(9.805787340578,-265.6594092593,
    853.06941933758));
#3026 = CARTESIAN_POINT('',(10.447347262101,-266.0386892716,
    854.05014357379));
#3027 = CARTESIAN_POINT('',(10.812496903438,-266.2988814078,
    854.70840761065));
#3028 = CARTESIAN_POINT('',(11.130684496701,-266.5790935284,
    855.40032983655));
#3029 = CARTESIAN_POINT('',(11.39664450025,-266.8780853922,
    856.11944843066));
#3030 = CARTESIAN_POINT('',(11.606837171939,-267.1938916494,
    856.85849356028));
#3031 = CARTESIAN_POINT('',(11.937635650748,-267.9085761879,
    858.48596670378));
#3032 = CARTESIAN_POINT('',(12.03690462111,-268.3111762698,
    859.37570343854));
#3033 = CARTESIAN_POINT('',(12.055802914023,-268.7273933088,
    860.26731255295));
#3034 = CARTESIAN_POINT('',(11.995801092921,-269.1518730567,
    861.14876909374));
#3035 = CARTESIAN_POINT('',(11.861347344111,-269.5782904491,
    862.00864258105));
#3036 = CARTESIAN_POINT('',(11.659902067604,-270.0000006,862.83666772355
    ));
#3037 = ORIENTED_EDGE('',*,*,#2954,.F.);
#3038 = ORIENTED_EDGE('',*,*,#3039,.T.);
#3039 = EDGE_CURVE('',#2946,#2686,#3040,.T.);
#3040 = CIRCLE('',#3041,12.);
#3041 = AXIS2_PLACEMENT_3D('',#3042,#3043,#3044);
#3042 = CARTESIAN_POINT('',(0.,-230.,860.));
#3043 = DIRECTION('',(0.,-1.,0.));
#3044 = DIRECTION('',(0.,0.,-1.));
#3045 = ORIENTED_EDGE('',*,*,#2685,.T.);
#3046 = ORIENTED_EDGE('',*,*,#3047,.T.);
#3047 = EDGE_CURVE('',#2677,#3048,#3050,.T.);
#3048 = VERTEX_POINT('',#3049);
#3049 = CARTESIAN_POINT('',(10.908712114636,-130.,865.));
#3050 = CIRCLE('',#3051,12.);
#3051 = AXIS2_PLACEMENT_3D('',#3052,#3053,#3054);
#3052 = CARTESIAN_POINT('',(0.,-130.,860.));
#3053 = DIRECTION('',(0.,-1.,0.));
#3054 = DIRECTION('',(0.,0.,-1.));
#3055 = ORIENTED_EDGE('',*,*,#3056,.T.);
#3056 = EDGE_CURVE('',#3048,#3057,#3059,.T.);
#3057 = VERTEX_POINT('',#3058);
#3058 = CARTESIAN_POINT('',(10.908712114636,-150.,865.));
#3059 = LINE('',#3060,#3061);
#3060 = CARTESIAN_POINT('',(10.908712114636,-130.,865.));
#3061 = VECTOR('',#3062,1.);
#3062 = DIRECTION('',(0.,-1.,0.));
#3063 = ORIENTED_EDGE('',*,*,#3064,.T.);
#3064 = EDGE_CURVE('',#3057,#3065,#3067,.T.);
#3065 = VERTEX_POINT('',#3066);
#3066 = CARTESIAN_POINT('',(-10.90871211463,-150.,865.));
#3067 = CIRCLE('',#3068,12.);
#3068 = AXIS2_PLACEMENT_3D('',#3069,#3070,#3071);
#3069 = CARTESIAN_POINT('',(0.,-150.,860.));
#3070 = DIRECTION('',(0.,-1.,0.));
#3071 = DIRECTION('',(0.,0.,-1.));
#3072 = ORIENTED_EDGE('',*,*,#3073,.F.);
#3073 = EDGE_CURVE('',#2922,#3065,#3074,.T.);
#3074 = LINE('',#3075,#3076);
#3075 = CARTESIAN_POINT('',(-10.90871211463,-130.,865.));
#3076 = VECTOR('',#3077,1.);
#3077 = DIRECTION('',(0.,-1.,0.));
#3078 = ORIENTED_EDGE('',*,*,#2921,.T.);
#3079 = ORIENTED_EDGE('',*,*,#2702,.F.);
#3080 = CYLINDRICAL_SURFACE('',#3081,12.);
#3081 = AXIS2_PLACEMENT_3D('',#3082,#3083,#3084);
#3082 = CARTESIAN_POINT('',(0.,-130.,860.));
#3083 = DIRECTION('',(0.,-1.,0.));
#3084 = DIRECTION('',(0.,0.,-1.));
#3085 = ADVANCED_FACE('',(#3086),#3091,.F.);
#3086 = FACE_BOUND('',#3087,.F.);
#3087 = EDGE_LOOP('',(#3088,#3089,#3090));
#3088 = ORIENTED_EDGE('',*,*,#3039,.T.);
#3089 = ORIENTED_EDGE('',*,*,#2693,.T.);
#3090 = ORIENTED_EDGE('',*,*,#2945,.T.);
#3091 = PLANE('',#3092);
#3092 = AXIS2_PLACEMENT_3D('',#3093,#3094,#3095);
#3093 = CARTESIAN_POINT('',(0.,-230.,837.));
#3094 = DIRECTION('',(0.,1.,0.));
#3095 = DIRECTION('',(0.,0.,1.));
#3096 = ADVANCED_FACE('',(#3097),#3107,.F.);
#3097 = FACE_BOUND('',#3098,.F.);
#3098 = EDGE_LOOP('',(#3099,#3100,#3101));
#3099 = ORIENTED_EDGE('',*,*,#2676,.T.);
#3100 = ORIENTED_EDGE('',*,*,#3047,.T.);
#3101 = ORIENTED_EDGE('',*,*,#3102,.F.);
#3102 = EDGE_CURVE('',#2669,#3048,#3103,.T.);
#3103 = LINE('',#3104,#3105);
#3104 = CARTESIAN_POINT('',(-65.,-130.,865.));
#3105 = VECTOR('',#3106,1.);
#3106 = DIRECTION('',(1.,0.,0.));
#3107 = PLANE('',#3108);
#3108 = AXIS2_PLACEMENT_3D('',#3109,#3110,#3111);
#3109 = CARTESIAN_POINT('',(0.,-130.,860.));
#3110 = DIRECTION('',(0.,-1.,0.));
#3111 = DIRECTION('',(0.,0.,-1.));
#3112 = ADVANCED_FACE('',(#3113),#3123,.F.);
#3113 = FACE_BOUND('',#3114,.F.);
#3114 = EDGE_LOOP('',(#3115,#3121,#3122));
#3115 = ORIENTED_EDGE('',*,*,#3116,.F.);
#3116 = EDGE_CURVE('',#2865,#2660,#3117,.T.);
#3117 = LINE('',#3118,#3119);
#3118 = CARTESIAN_POINT('',(-65.,130.,865.));
#3119 = VECTOR('',#3120,1.);
#3120 = DIRECTION('',(-1.,0.,0.));
#3121 = ORIENTED_EDGE('',*,*,#2872,.T.);
#3122 = ORIENTED_EDGE('',*,*,#2659,.F.);
#3123 = PLANE('',#3124);
#3124 = AXIS2_PLACEMENT_3D('',#3125,#3126,#3127);
#3125 = CARTESIAN_POINT('',(0.,130.,860.));
#3126 = DIRECTION('',(0.,1.,0.));
#3127 = DIRECTION('',(0.,0.,1.));
#3128 = ADVANCED_FACE('',(#3129),#3171,.T.);
#3129 = FACE_BOUND('',#3130,.T.);
#3130 = EDGE_LOOP('',(#3131,#3139,#3147,#3155,#3163,#3169,#3170));
#3131 = ORIENTED_EDGE('',*,*,#3132,.F.);
#3132 = EDGE_CURVE('',#3133,#2758,#3135,.T.);
#3133 = VERTEX_POINT('',#3134);
#3134 = CARTESIAN_POINT('',(-130.,150.,865.));
#3135 = LINE('',#3136,#3137);
#3136 = CARTESIAN_POINT('',(-130.,150.,865.));
#3137 = VECTOR('',#3138,1.);
#3138 = DIRECTION('',(1.,0.,0.));
#3139 = ORIENTED_EDGE('',*,*,#3140,.T.);
#3140 = EDGE_CURVE('',#3133,#3141,#3143,.T.);
#3141 = VERTEX_POINT('',#3142);
#3142 = CARTESIAN_POINT('',(-130.,150.,910.));
#3143 = LINE('',#3144,#3145);
#3144 = CARTESIAN_POINT('',(-130.,150.,865.));
#3145 = VECTOR('',#3146,1.);
#3146 = DIRECTION('',(0.,0.,1.));
#3147 = ORIENTED_EDGE('',*,*,#3148,.T.);
#3148 = EDGE_CURVE('',#3141,#3149,#3151,.T.);
#3149 = VERTEX_POINT('',#3150);
#3150 = CARTESIAN_POINT('',(130.,150.,910.));
#3151 = LINE('',#3152,#3153);
#3152 = CARTESIAN_POINT('',(-130.,150.,910.));
#3153 = VECTOR('',#3154,1.);
#3154 = DIRECTION('',(1.,0.,0.));
#3155 = ORIENTED_EDGE('',*,*,#3156,.F.);
#3156 = EDGE_CURVE('',#3157,#3149,#3159,.T.);
#3157 = VERTEX_POINT('',#3158);
#3158 = CARTESIAN_POINT('',(130.,150.,865.));
#3159 = LINE('',#3160,#3161);
#3160 = CARTESIAN_POINT('',(130.,150.,865.));
#3161 = VECTOR('',#3162,1.);
#3162 = DIRECTION('',(0.,0.,1.));
#3163 = ORIENTED_EDGE('',*,*,#3164,.F.);
#3164 = EDGE_CURVE('',#2856,#3157,#3165,.T.);
#3165 = LINE('',#3166,#3167);
#3166 = CARTESIAN_POINT('',(-130.,150.,865.));
#3167 = VECTOR('',#3168,1.);
#3168 = DIRECTION('',(1.,0.,0.));
#3169 = ORIENTED_EDGE('',*,*,#2855,.F.);
#3170 = ORIENTED_EDGE('',*,*,#2757,.F.);
#3171 = PLANE('',#3172);
#3172 = AXIS2_PLACEMENT_3D('',#3173,#3174,#3175);
#3173 = CARTESIAN_POINT('',(-130.,150.,865.));
#3174 = DIRECTION('',(0.,1.,0.));
#3175 = DIRECTION('',(0.,0.,1.));
#3176 = ADVANCED_FACE('',(#3177),#3199,.F.);
#3177 = FACE_BOUND('',#3178,.F.);
#3178 = EDGE_LOOP('',(#3179,#3180,#3188,#3194,#3195,#3196,#3197,#3198));
#3179 = ORIENTED_EDGE('',*,*,#3132,.F.);
#3180 = ORIENTED_EDGE('',*,*,#3181,.F.);
#3181 = EDGE_CURVE('',#3182,#3133,#3184,.T.);
#3182 = VERTEX_POINT('',#3183);
#3183 = CARTESIAN_POINT('',(-130.,-150.,865.));
#3184 = LINE('',#3185,#3186);
#3185 = CARTESIAN_POINT('',(-130.,-150.,865.));
#3186 = VECTOR('',#3187,1.);
#3187 = DIRECTION('',(0.,1.,0.));
#3188 = ORIENTED_EDGE('',*,*,#3189,.T.);
#3189 = EDGE_CURVE('',#3182,#3065,#3190,.T.);
#3190 = LINE('',#3191,#3192);
#3191 = CARTESIAN_POINT('',(-130.,-150.,865.));
#3192 = VECTOR('',#3193,1.);
#3193 = DIRECTION('',(1.,0.,0.));
#3194 = ORIENTED_EDGE('',*,*,#3073,.F.);
#3195 = ORIENTED_EDGE('',*,*,#2931,.T.);
#3196 = ORIENTED_EDGE('',*,*,#2668,.T.);
#3197 = ORIENTED_EDGE('',*,*,#2906,.T.);
#3198 = ORIENTED_EDGE('',*,*,#2891,.T.);
#3199 = PLANE('',#3200);
#3200 = AXIS2_PLACEMENT_3D('',#3201,#3202,#3203);
#3201 = CARTESIAN_POINT('',(-130.,-150.,865.));
#3202 = DIRECTION('',(0.,0.,1.));
#3203 = DIRECTION('',(1.,0.,0.));
#3204 = ADVANCED_FACE('',(#3205),#3227,.F.);
#3205 = FACE_BOUND('',#3206,.F.);
#3206 = EDGE_LOOP('',(#3207,#3208,#3209,#3210,#3211,#3212,#3213,#3221));
#3207 = ORIENTED_EDGE('',*,*,#3164,.F.);
#3208 = ORIENTED_EDGE('',*,*,#2864,.F.);
#3209 = ORIENTED_EDGE('',*,*,#3116,.T.);
#3210 = ORIENTED_EDGE('',*,*,#2668,.F.);
#3211 = ORIENTED_EDGE('',*,*,#3102,.T.);
#3212 = ORIENTED_EDGE('',*,*,#3056,.T.);
#3213 = ORIENTED_EDGE('',*,*,#3214,.T.);
#3214 = EDGE_CURVE('',#3057,#3215,#3217,.T.);
#3215 = VERTEX_POINT('',#3216);
#3216 = CARTESIAN_POINT('',(130.,-150.,865.));
#3217 = LINE('',#3218,#3219);
#3218 = CARTESIAN_POINT('',(-130.,-150.,865.));
#3219 = VECTOR('',#3220,1.);
#3220 = DIRECTION('',(1.,0.,0.));
#3221 = ORIENTED_EDGE('',*,*,#3222,.T.);
#3222 = EDGE_CURVE('',#3215,#3157,#3223,.T.);
#3223 = LINE('',#3224,#3225);
#3224 = CARTESIAN_POINT('',(130.,-150.,865.));
#3225 = VECTOR('',#3226,1.);
#3226 = DIRECTION('',(0.,1.,0.));
#3227 = PLANE('',#3228);
#3228 = AXIS2_PLACEMENT_3D('',#3229,#3230,#3231);
#3229 = CARTESIAN_POINT('',(-130.,-150.,865.));
#3230 = DIRECTION('',(0.,0.,1.));
#3231 = DIRECTION('',(1.,0.,0.));
#3232 = ADVANCED_FACE('',(#3233),#3243,.T.);
#3233 = FACE_BOUND('',#3234,.T.);
#3234 = EDGE_LOOP('',(#3235,#3236,#3237));
#3235 = ORIENTED_EDGE('',*,*,#2776,.T.);
#3236 = ORIENTED_EDGE('',*,*,#2847,.T.);
#3237 = ORIENTED_EDGE('',*,*,#3238,.F.);
#3238 = EDGE_CURVE('',#2777,#2786,#3239,.T.);
#3239 = LINE('',#3240,#3241);
#3240 = CARTESIAN_POINT('',(-28.,270.,862.83666654546));
#3241 = VECTOR('',#3242,1.);
#3242 = DIRECTION('',(1.,0.,0.));
#3243 = PLANE('',#3244);
#3244 = AXIS2_PLACEMENT_3D('',#3245,#3246,#3247);
#3245 = CARTESIAN_POINT('',(0.,270.,860.));
#3246 = DIRECTION('',(0.,1.,0.));
#3247 = DIRECTION('',(0.,0.,1.));
#3248 = ADVANCED_FACE('',(#3249,#3276),#3280,.T.);
#3249 = FACE_BOUND('',#3250,.T.);
#3250 = EDGE_LOOP('',(#3251,#3261,#3268,#3269));
#3251 = ORIENTED_EDGE('',*,*,#3252,.T.);
#3252 = EDGE_CURVE('',#3253,#3255,#3257,.T.);
#3253 = VERTEX_POINT('',#3254);
#3254 = CARTESIAN_POINT('',(-28.,360.,918.));
#3255 = VERTEX_POINT('',#3256);
#3256 = CARTESIAN_POINT('',(28.,360.,918.));
#3257 = LINE('',#3258,#3259);
#3258 = CARTESIAN_POINT('',(-28.,360.,918.));
#3259 = VECTOR('',#3260,1.);
#3260 = DIRECTION('',(1.,0.,0.));
#3261 = ORIENTED_EDGE('',*,*,#3262,.F.);
#3262 = EDGE_CURVE('',#3255,#3255,#3263,.T.);
#3263 = CIRCLE('',#3264,101.);
#3264 = AXIS2_PLACEMENT_3D('',#3265,#3266,#3267);
#3265 = CARTESIAN_POINT('',(28.,360.,817.));
#3266 = DIRECTION('',(1.,0.,-0.));
#3267 = DIRECTION('',(0.,0.,1.));
#3268 = ORIENTED_EDGE('',*,*,#3252,.F.);
#3269 = ORIENTED_EDGE('',*,*,#3270,.T.);
#3270 = EDGE_CURVE('',#3253,#3253,#3271,.T.);
#3271 = CIRCLE('',#3272,101.);
#3272 = AXIS2_PLACEMENT_3D('',#3273,#3274,#3275);
#3273 = CARTESIAN_POINT('',(-28.,360.,817.));
#3274 = DIRECTION('',(1.,0.,-0.));
#3275 = DIRECTION('',(0.,0.,1.));
#3276 = FACE_BOUND('',#3277,.T.);
#3277 = EDGE_LOOP('',(#3278,#3279));
#3278 = ORIENTED_EDGE('',*,*,#3238,.T.);
#3279 = ORIENTED_EDGE('',*,*,#2785,.T.);
#3280 = CYLINDRICAL_SURFACE('',#3281,101.);
#3281 = AXIS2_PLACEMENT_3D('',#3282,#3283,#3284);
#3282 = CARTESIAN_POINT('',(-28.,360.,817.));
#3283 = DIRECTION('',(1.,0.,0.));
#3284 = DIRECTION('',(0.,0.,1.));
#3285 = ADVANCED_FACE('',(#3286),#3313,.F.);
#3286 = FACE_BOUND('',#3287,.F.);
#3287 = EDGE_LOOP('',(#3288,#3289,#3297,#3305,#3311,#3312));
#3288 = ORIENTED_EDGE('',*,*,#3189,.F.);
#3289 = ORIENTED_EDGE('',*,*,#3290,.T.);
#3290 = EDGE_CURVE('',#3182,#3291,#3293,.T.);
#3291 = VERTEX_POINT('',#3292);
#3292 = CARTESIAN_POINT('',(-130.,-150.,910.));
#3293 = LINE('',#3294,#3295);
#3294 = CARTESIAN_POINT('',(-130.,-150.,865.));
#3295 = VECTOR('',#3296,1.);
#3296 = DIRECTION('',(0.,0.,1.));
#3297 = ORIENTED_EDGE('',*,*,#3298,.T.);
#3298 = EDGE_CURVE('',#3291,#3299,#3301,.T.);
#3299 = VERTEX_POINT('',#3300);
#3300 = CARTESIAN_POINT('',(130.,-150.,910.));
#3301 = LINE('',#3302,#3303);
#3302 = CARTESIAN_POINT('',(-130.,-150.,910.));
#3303 = VECTOR('',#3304,1.);
#3304 = DIRECTION('',(1.,0.,0.));
#3305 = ORIENTED_EDGE('',*,*,#3306,.F.);
#3306 = EDGE_CURVE('',#3215,#3299,#3307,.T.);
#3307 = LINE('',#3308,#3309);
#3308 = CARTESIAN_POINT('',(130.,-150.,865.));
#3309 = VECTOR('',#3310,1.);
#3310 = DIRECTION('',(0.,0.,1.));
#3311 = ORIENTED_EDGE('',*,*,#3214,.F.);
#3312 = ORIENTED_EDGE('',*,*,#3064,.T.);
#3313 = PLANE('',#3314);
#3314 = AXIS2_PLACEMENT_3D('',#3315,#3316,#3317);
#3315 = CARTESIAN_POINT('',(-130.,-150.,865.));
#3316 = DIRECTION('',(0.,1.,0.));
#3317 = DIRECTION('',(0.,0.,1.));
#3318 = ADVANCED_FACE('',(#3319,#3346),#3356,.T.);
#3319 = FACE_BOUND('',#3320,.T.);
#3320 = EDGE_LOOP('',(#3321,#3331,#3338,#3339));
#3321 = ORIENTED_EDGE('',*,*,#3322,.T.);
#3322 = EDGE_CURVE('',#3323,#3325,#3327,.T.);
#3323 = VERTEX_POINT('',#3324);
#3324 = CARTESIAN_POINT('',(-28.,-360.,918.));
#3325 = VERTEX_POINT('',#3326);
#3326 = CARTESIAN_POINT('',(28.,-360.,918.));
#3327 = LINE('',#3328,#3329);
#3328 = CARTESIAN_POINT('',(-28.,-360.,918.));
#3329 = VECTOR('',#3330,1.);
#3330 = DIRECTION('',(1.,0.,0.));
#3331 = ORIENTED_EDGE('',*,*,#3332,.F.);
#3332 = EDGE_CURVE('',#3325,#3325,#3333,.T.);
#3333 = CIRCLE('',#3334,101.);
#3334 = AXIS2_PLACEMENT_3D('',#3335,#3336,#3337);
#3335 = CARTESIAN_POINT('',(28.,-360.,817.));
#3336 = DIRECTION('',(1.,0.,-0.));
#3337 = DIRECTION('',(0.,0.,1.));
#3338 = ORIENTED_EDGE('',*,*,#3322,.F.);
#3339 = ORIENTED_EDGE('',*,*,#3340,.T.);
#3340 = EDGE_CURVE('',#3323,#3323,#3341,.T.);
#3341 = CIRCLE('',#3342,101.);
#3342 = AXIS2_PLACEMENT_3D('',#3343,#3344,#3345);
#3343 = CARTESIAN_POINT('',(-28.,-360.,817.));
#3344 = DIRECTION('',(1.,0.,-0.));
#3345 = DIRECTION('',(0.,0.,1.));
#3346 = FACE_BOUND('',#3347,.T.);
#3347 = EDGE_LOOP('',(#3348,#3349,#3350));
#3348 = ORIENTED_EDGE('',*,*,#2962,.T.);
#3349 = ORIENTED_EDGE('',*,*,#3008,.T.);
#3350 = ORIENTED_EDGE('',*,*,#3351,.F.);
#3351 = EDGE_CURVE('',#2963,#3000,#3352,.T.);
#3352 = LINE('',#3353,#3354);
#3353 = CARTESIAN_POINT('',(-28.,-270.,862.83666654546));
#3354 = VECTOR('',#3355,1.);
#3355 = DIRECTION('',(1.,0.,0.));
#3356 = CYLINDRICAL_SURFACE('',#3357,101.);
#3357 = AXIS2_PLACEMENT_3D('',#3358,#3359,#3360);
#3358 = CARTESIAN_POINT('',(-28.,-360.,817.));
#3359 = DIRECTION('',(1.,0.,0.));
#3360 = DIRECTION('',(0.,0.,1.));
#3361 = ADVANCED_FACE('',(#3362),#3366,.T.);
#3362 = FACE_BOUND('',#3363,.T.);
#3363 = EDGE_LOOP('',(#3364,#3365));
#3364 = ORIENTED_EDGE('',*,*,#3351,.T.);
#3365 = ORIENTED_EDGE('',*,*,#2999,.T.);
#3366 = PLANE('',#3367);
#3367 = AXIS2_PLACEMENT_3D('',#3368,#3369,#3370);
#3368 = CARTESIAN_POINT('',(0.,-270.,860.));
#3369 = DIRECTION('',(0.,-1.,0.));
#3370 = DIRECTION('',(0.,0.,-1.));
#3371 = ADVANCED_FACE('',(#3372),#3383,.T.);
#3372 = FACE_BOUND('',#3373,.T.);
#3373 = EDGE_LOOP('',(#3374,#3375,#3376,#3377));
#3374 = ORIENTED_EDGE('',*,*,#3306,.F.);
#3375 = ORIENTED_EDGE('',*,*,#3222,.T.);
#3376 = ORIENTED_EDGE('',*,*,#3156,.T.);
#3377 = ORIENTED_EDGE('',*,*,#3378,.F.);
#3378 = EDGE_CURVE('',#3299,#3149,#3379,.T.);
#3379 = LINE('',#3380,#3381);
#3380 = CARTESIAN_POINT('',(130.,-150.,910.));
#3381 = VECTOR('',#3382,1.);
#3382 = DIRECTION('',(0.,1.,0.));
#3383 = PLANE('',#3384);
#3384 = AXIS2_PLACEMENT_3D('',#3385,#3386,#3387);
#3385 = CARTESIAN_POINT('',(130.,-150.,865.));
#3386 = DIRECTION('',(1.,0.,0.));
#3387 = DIRECTION('',(0.,0.,1.));
#3388 = ADVANCED_FACE('',(#3389),#3400,.T.);
#3389 = FACE_BOUND('',#3390,.T.);
#3390 = EDGE_LOOP('',(#3391,#3397,#3398,#3399));
#3391 = ORIENTED_EDGE('',*,*,#3392,.F.);
#3392 = EDGE_CURVE('',#3291,#3141,#3393,.T.);
#3393 = LINE('',#3394,#3395);
#3394 = CARTESIAN_POINT('',(-130.,-150.,910.));
#3395 = VECTOR('',#3396,1.);
#3396 = DIRECTION('',(0.,1.,0.));
#3397 = ORIENTED_EDGE('',*,*,#3298,.T.);
#3398 = ORIENTED_EDGE('',*,*,#3378,.T.);
#3399 = ORIENTED_EDGE('',*,*,#3148,.F.);
#3400 = PLANE('',#3401);
#3401 = AXIS2_PLACEMENT_3D('',#3402,#3403,#3404);
#3402 = CARTESIAN_POINT('',(-130.,-150.,910.));
#3403 = DIRECTION('',(0.,0.,1.));
#3404 = DIRECTION('',(1.,0.,0.));
#3405 = ADVANCED_FACE('',(#3406),#3412,.F.);
#3406 = FACE_BOUND('',#3407,.F.);
#3407 = EDGE_LOOP('',(#3408,#3409,#3410,#3411));
#3408 = ORIENTED_EDGE('',*,*,#3290,.F.);
#3409 = ORIENTED_EDGE('',*,*,#3181,.T.);
#3410 = ORIENTED_EDGE('',*,*,#3140,.T.);
#3411 = ORIENTED_EDGE('',*,*,#3392,.F.);
#3412 = PLANE('',#3413);
#3413 = AXIS2_PLACEMENT_3D('',#3414,#3415,#3416);
#3414 = CARTESIAN_POINT('',(-130.,-150.,865.));
#3415 = DIRECTION('',(1.,0.,0.));
#3416 = DIRECTION('',(0.,0.,1.));
#3417 = ADVANCED_FACE('',(#3418,#3421),#3432,.F.);
#3418 = FACE_BOUND('',#3419,.F.);
#3419 = EDGE_LOOP('',(#3420));
#3420 = ORIENTED_EDGE('',*,*,#3270,.T.);
#3421 = FACE_BOUND('',#3422,.F.);
#3422 = EDGE_LOOP('',(#3423));
#3423 = ORIENTED_EDGE('',*,*,#3424,.F.);
#3424 = EDGE_CURVE('',#3425,#3425,#3427,.T.);
#3425 = VERTEX_POINT('',#3426);
#3426 = CARTESIAN_POINT('',(-28.,360.,897.));
#3427 = CIRCLE('',#3428,80.);
#3428 = AXIS2_PLACEMENT_3D('',#3429,#3430,#3431);
#3429 = CARTESIAN_POINT('',(-28.,360.,817.));
#3430 = DIRECTION('',(1.,0.,-0.));
#3431 = DIRECTION('',(0.,0.,1.));
#3432 = PLANE('',#3433);
#3433 = AXIS2_PLACEMENT_3D('',#3434,#3435,#3436);
#3434 = CARTESIAN_POINT('',(-28.,360.,817.));
#3435 = DIRECTION('',(1.,0.,0.));
#3436 = DIRECTION('',(0.,0.,1.));
#3437 = ADVANCED_FACE('',(#3438,#3441),#3452,.T.);
#3438 = FACE_BOUND('',#3439,.T.);
#3439 = EDGE_LOOP('',(#3440));
#3440 = ORIENTED_EDGE('',*,*,#3262,.T.);
#3441 = FACE_BOUND('',#3442,.T.);
#3442 = EDGE_LOOP('',(#3443));
#3443 = ORIENTED_EDGE('',*,*,#3444,.F.);
#3444 = EDGE_CURVE('',#3445,#3445,#3447,.T.);
#3445 = VERTEX_POINT('',#3446);
#3446 = CARTESIAN_POINT('',(28.,360.,897.));
#3447 = CIRCLE('',#3448,80.);
#3448 = AXIS2_PLACEMENT_3D('',#3449,#3450,#3451);
#3449 = CARTESIAN_POINT('',(28.,360.,817.));
#3450 = DIRECTION('',(1.,0.,-0.));
#3451 = DIRECTION('',(0.,0.,1.));
#3452 = PLANE('',#3453);
#3453 = AXIS2_PLACEMENT_3D('',#3454,#3455,#3456);
#3454 = CARTESIAN_POINT('',(28.,360.,817.));
#3455 = DIRECTION('',(1.,0.,0.));
#3456 = DIRECTION('',(0.,0.,1.));
#3457 = ADVANCED_FACE('',(#3458,#3461),#3472,.F.);
#3458 = FACE_BOUND('',#3459,.F.);
#3459 = EDGE_LOOP('',(#3460));
#3460 = ORIENTED_EDGE('',*,*,#3340,.T.);
#3461 = FACE_BOUND('',#3462,.F.);
#3462 = EDGE_LOOP('',(#3463));
#3463 = ORIENTED_EDGE('',*,*,#3464,.F.);
#3464 = EDGE_CURVE('',#3465,#3465,#3467,.T.);
#3465 = VERTEX_POINT('',#3466);
#3466 = CARTESIAN_POINT('',(-28.,-360.,897.));
#3467 = CIRCLE('',#3468,80.);
#3468 = AXIS2_PLACEMENT_3D('',#3469,#3470,#3471);
#3469 = CARTESIAN_POINT('',(-28.,-360.,817.));
#3470 = DIRECTION('',(1.,0.,-0.));
#3471 = DIRECTION('',(0.,0.,1.));
#3472 = PLANE('',#3473);
#3473 = AXIS2_PLACEMENT_3D('',#3474,#3475,#3476);
#3474 = CARTESIAN_POINT('',(-28.,-360.,817.));
#3475 = DIRECTION('',(1.,0.,0.));
#3476 = DIRECTION('',(0.,0.,1.));
#3477 = ADVANCED_FACE('',(#3478,#3481),#3492,.T.);
#3478 = FACE_BOUND('',#3479,.T.);
#3479 = EDGE_LOOP('',(#3480));
#3480 = ORIENTED_EDGE('',*,*,#3332,.T.);
#3481 = FACE_BOUND('',#3482,.T.);
#3482 = EDGE_LOOP('',(#3483));
#3483 = ORIENTED_EDGE('',*,*,#3484,.F.);
#3484 = EDGE_CURVE('',#3485,#3485,#3487,.T.);
#3485 = VERTEX_POINT('',#3486);
#3486 = CARTESIAN_POINT('',(28.,-360.,897.));
#3487 = CIRCLE('',#3488,80.);
#3488 = AXIS2_PLACEMENT_3D('',#3489,#3490,#3491);
#3489 = CARTESIAN_POINT('',(28.,-360.,817.));
#3490 = DIRECTION('',(1.,0.,-0.));
#3491 = DIRECTION('',(0.,0.,1.));
#3492 = PLANE('',#3493);
#3493 = AXIS2_PLACEMENT_3D('',#3494,#3495,#3496);
#3494 = CARTESIAN_POINT('',(28.,-360.,817.));
#3495 = DIRECTION('',(1.,0.,0.));
#3496 = DIRECTION('',(0.,0.,1.));
#3497 = ADVANCED_FACE('',(#3498),#3509,.F.);
#3498 = FACE_BOUND('',#3499,.F.);
#3499 = EDGE_LOOP('',(#3500,#3501,#3507,#3508));
#3500 = ORIENTED_EDGE('',*,*,#3444,.F.);
#3501 = ORIENTED_EDGE('',*,*,#3502,.F.);
#3502 = EDGE_CURVE('',#3425,#3445,#3503,.T.);
#3503 = LINE('',#3504,#3505);
#3504 = CARTESIAN_POINT('',(-28.,360.,897.));
#3505 = VECTOR('',#3506,1.);
#3506 = DIRECTION('',(1.,0.,0.));
#3507 = ORIENTED_EDGE('',*,*,#3424,.T.);
#3508 = ORIENTED_EDGE('',*,*,#3502,.T.);
#3509 = CYLINDRICAL_SURFACE('',#3510,80.);
#3510 = AXIS2_PLACEMENT_3D('',#3511,#3512,#3513);
#3511 = CARTESIAN_POINT('',(-28.,360.,817.));
#3512 = DIRECTION('',(1.,0.,0.));
#3513 = DIRECTION('',(0.,0.,1.));
#3514 = ADVANCED_FACE('',(#3515),#3526,.F.);
#3515 = FACE_BOUND('',#3516,.F.);
#3516 = EDGE_LOOP('',(#3517,#3518,#3524,#3525));
#3517 = ORIENTED_EDGE('',*,*,#3484,.F.);
#3518 = ORIENTED_EDGE('',*,*,#3519,.F.);
#3519 = EDGE_CURVE('',#3465,#3485,#3520,.T.);
#3520 = LINE('',#3521,#3522);
#3521 = CARTESIAN_POINT('',(-28.,-360.,897.));
#3522 = VECTOR('',#3523,1.);
#3523 = DIRECTION('',(1.,0.,0.));
#3524 = ORIENTED_EDGE('',*,*,#3464,.T.);
#3525 = ORIENTED_EDGE('',*,*,#3519,.T.);
#3526 = CYLINDRICAL_SURFACE('',#3527,80.);
#3527 = AXIS2_PLACEMENT_3D('',#3528,#3529,#3530);
#3528 = CARTESIAN_POINT('',(-28.,-360.,817.));
#3529 = DIRECTION('',(1.,0.,0.));
#3530 = DIRECTION('',(0.,0.,1.));
#3531 = MANIFOLD_SOLID_BREP('',#3532);
#3532 = CLOSED_SHELL('',(#3533,#3584,#4033,#4042,#4052,#4139,#4211,#4221
    ,#4248,#4298,#4310,#4321,#4330));
#3533 = ADVANCED_FACE('',(#3534),#3579,.T.);
#3534 = FACE_BOUND('',#3535,.T.);
#3535 = EDGE_LOOP('',(#3536,#3547,#3555,#3562,#3563,#3572));
#3536 = ORIENTED_EDGE('',*,*,#3537,.F.);
#3537 = EDGE_CURVE('',#3538,#3540,#3542,.T.);
#3538 = VERTEX_POINT('',#3539);
#3539 = CARTESIAN_POINT('',(12.,-300.,1.04E+03));
#3540 = VERTEX_POINT('',#3541);
#3541 = CARTESIAN_POINT('',(-12.,-300.,1.04E+03));
#3542 = ELLIPSE('',#3543,16.970562748477,12.);
#3543 = AXIS2_PLACEMENT_3D('',#3544,#3545,#3546);
#3544 = CARTESIAN_POINT('',(0.,-300.,1.04E+03));
#3545 = DIRECTION('',(-0.,0.707106781187,0.707106781187));
#3546 = DIRECTION('',(0.,-0.707106781187,0.707106781187));
#3547 = ORIENTED_EDGE('',*,*,#3548,.F.);
#3548 = EDGE_CURVE('',#3549,#3538,#3551,.T.);
#3549 = VERTEX_POINT('',#3550);
#3550 = CARTESIAN_POINT('',(12.,-300.,910.));
#3551 = LINE('',#3552,#3553);
#3552 = CARTESIAN_POINT('',(12.,-300.,910.));
#3553 = VECTOR('',#3554,1.);
#3554 = DIRECTION('',(0.,0.,1.));
#3555 = ORIENTED_EDGE('',*,*,#3556,.T.);
#3556 = EDGE_CURVE('',#3549,#3549,#3557,.T.);
#3557 = CIRCLE('',#3558,12.);
#3558 = AXIS2_PLACEMENT_3D('',#3559,#3560,#3561);
#3559 = CARTESIAN_POINT('',(0.,-300.,910.));
#3560 = DIRECTION('',(0.,0.,1.));
#3561 = DIRECTION('',(1.,0.,0.));
#3562 = ORIENTED_EDGE('',*,*,#3548,.T.);
#3563 = ORIENTED_EDGE('',*,*,#3564,.F.);
#3564 = EDGE_CURVE('',#3565,#3538,#3567,.T.);
#3565 = VERTEX_POINT('',#3566);
#3566 = CARTESIAN_POINT('',(1.469576158977E-15,-312.,1.028E+03));
#3567 = ELLIPSE('',#3568,16.970562748477,12.);
#3568 = AXIS2_PLACEMENT_3D('',#3569,#3570,#3571);
#3569 = CARTESIAN_POINT('',(0.,-300.,1.04E+03));
#3570 = DIRECTION('',(0.,-0.707106781187,0.707106781187));
#3571 = DIRECTION('',(0.,0.707106781187,0.707106781187));
#3572 = ORIENTED_EDGE('',*,*,#3573,.F.);
#3573 = EDGE_CURVE('',#3540,#3565,#3574,.T.);
#3574 = ELLIPSE('',#3575,16.970562748477,12.);
#3575 = AXIS2_PLACEMENT_3D('',#3576,#3577,#3578);
#3576 = CARTESIAN_POINT('',(0.,-300.,1.04E+03));
#3577 = DIRECTION('',(0.,-0.707106781187,0.707106781187));
#3578 = DIRECTION('',(0.,0.707106781187,0.707106781187));
#3579 = CYLINDRICAL_SURFACE('',#3580,12.);
#3580 = AXIS2_PLACEMENT_3D('',#3581,#3582,#3583);
#3581 = CARTESIAN_POINT('',(0.,-300.,910.));
#3582 = DIRECTION('',(0.,0.,1.));
#3583 = DIRECTION('',(1.,0.,0.));
#3584 = ADVANCED_FACE('',(#3585,#3994,#3999),#4028,.T.);
#3585 = FACE_BOUND('',#3586,.T.);
#3586 = EDGE_LOOP('',(#3587,#3598,#3605,#3613,#3704,#3712,#3796,#3804,
    #3813,#3820,#3821,#3910,#3911,#3993));
#3587 = ORIENTED_EDGE('',*,*,#3588,.T.);
#3588 = EDGE_CURVE('',#3589,#3591,#3593,.T.);
#3589 = VERTEX_POINT('',#3590);
#3590 = CARTESIAN_POINT('',(-2.939152317954E-15,-312.,1.052E+03));
#3591 = VERTEX_POINT('',#3592);
#3592 = CARTESIAN_POINT('',(1.469576158977E-15,-312.,1.028E+03));
#3593 = CIRCLE('',#3594,12.);
#3594 = AXIS2_PLACEMENT_3D('',#3595,#3596,#3597);
#3595 = CARTESIAN_POINT('',(0.,-312.,1.04E+03));
#3596 = DIRECTION('',(0.,1.,0.));
#3597 = DIRECTION('',(0.,0.,1.));
#3598 = ORIENTED_EDGE('',*,*,#3599,.T.);
#3599 = EDGE_CURVE('',#3591,#3589,#3600,.T.);
#3600 = CIRCLE('',#3601,12.);
#3601 = AXIS2_PLACEMENT_3D('',#3602,#3603,#3604);
#3602 = CARTESIAN_POINT('',(0.,-312.,1.04E+03));
#3603 = DIRECTION('',(0.,1.,0.));
#3604 = DIRECTION('',(0.,0.,1.));
#3605 = ORIENTED_EDGE('',*,*,#3606,.T.);
#3606 = EDGE_CURVE('',#3589,#3607,#3609,.T.);
#3607 = VERTEX_POINT('',#3608);
#3608 = CARTESIAN_POINT('',(-2.694222958124E-15,-300.5464320343,
    1.052E+03));
#3609 = LINE('',#3610,#3611);
#3610 = CARTESIAN_POINT('',(-2.939152317954E-15,-312.,1.052E+03));
#3611 = VECTOR('',#3612,1.);
#3612 = DIRECTION('',(0.,1.,0.));
#3613 = ORIENTED_EDGE('',*,*,#3614,.F.);
#3614 = EDGE_CURVE('',#3615,#3607,#3617,.T.);
#3615 = VERTEX_POINT('',#3616);
#3616 = CARTESIAN_POINT('',(-2.939152317954E-15,-266.7262952384,
    1.052E+03));
#3617 = B_SPLINE_CURVE_WITH_KNOTS('',8,(#3618,#3619,#3620,#3621,#3622,
    #3623,#3624,#3625,#3626,#3627,#3628,#3629,#3630,#3631,#3632,#3633,
    #3634,#3635,#3636,#3637,#3638,#3639,#3640,#3641,#3642,#3643,#3644,
    #3645,#3646,#3647,#3648,#3649,#3650,#3651,#3652,#3653,#3654,#3655,
    #3656,#3657,#3658,#3659,#3660,#3661,#3662,#3663,#3664,#3665,#3666,
    #3667,#3668,#3669,#3670,#3671,#3672,#3673,#3674,#3675,#3676,#3677,
    #3678,#3679,#3680,#3681,#3682,#3683,#3684,#3685,#3686,#3687,#3688,
    #3689,#3690,#3691,#3692,#3693,#3694,#3695,#3696,#3697,#3698,#3699,
    #3700,#3701,#3702,#3703),.UNSPECIFIED.,.F.,.F.,(9,7,7,7,7,7,7,7,7,7,
    7,7,9),(0.,7.268241910229E-02,0.15041109858,0.350039845309,
    0.419797152461,0.65266759289,0.759100719138,0.790959967658,
    0.829048419974,0.876779774244,0.910921422493,0.953555756027,1.),
  .UNSPECIFIED.);
#3618 = CARTESIAN_POINT('',(0.,-266.7262952384,1.052E+03));
#3619 = CARTESIAN_POINT('',(-0.602114626827,-266.7262952384,1.052E+03));
#3620 = CARTESIAN_POINT('',(-1.144131400721,-266.8434436113,
    1.051965471872E+03));
#3621 = CARTESIAN_POINT('',(-1.627299477669,-267.0368089814,
    1.051908480161E+03));
#3622 = CARTESIAN_POINT('',(-2.055600921685,-267.2749591733,
    1.051838433161E+03));
#3623 = CARTESIAN_POINT('',(-2.43492095432,-267.5357174687,
    1.051761912412E+03));
#3624 = CARTESIAN_POINT('',(-2.773057326612,-267.8062304579,
    1.051682712273E+03));
#3625 = CARTESIAN_POINT('',(-3.080158827227,-268.0830787628,
    1.051601838141E+03));
#3626 = CARTESIAN_POINT('',(-3.676119563735,-268.6812278846,
    1.051427559078E+03));
#3627 = CARTESIAN_POINT('',(-3.961288669408,-269.0033345259,
    1.051333949521E+03));
#3628 = CARTESIAN_POINT('',(-4.225645890508,-269.3326064679,
    1.051238537678E+03));
#3629 = CARTESIAN_POINT('',(-4.471432221737,-269.665139809,
    1.051142485201E+03));
#3630 = CARTESIAN_POINT('',(-4.701139300907,-269.9989692317,
    1.051046376475E+03));
#3631 = CARTESIAN_POINT('',(-4.917481332706,-270.3340351388,
    1.050950240561E+03));
#3632 = CARTESIAN_POINT('',(-5.12333273181,-270.6721083332,
    1.050853589759E+03));
#3633 = CARTESIAN_POINT('',(-5.830917528954,-271.9016076505,
    1.050503488476E+03));
#3634 = CARTESIAN_POINT('',(-6.285077104728,-272.8201349125,
    1.050244470434E+03));
#3635 = CARTESIAN_POINT('',(-6.690339119008,-273.7509372648,
    1.049985119947E+03));
#3636 = CARTESIAN_POINT('',(-7.053410557873,-274.6816624616,
    1.049729413538E+03));
#3637 = CARTESIAN_POINT('',(-7.381010596916,-275.6078645884,
    1.049478969244E+03));
#3638 = CARTESIAN_POINT('',(-7.67961762521,-276.5324202285,
    1.049233466762E+03));
#3639 = CARTESIAN_POINT('',(-7.955108131844,-277.464657554,
    1.048991127126E+03));
#3640 = CARTESIAN_POINT('',(-8.301755851147,-278.7518574859,
    1.048665795089E+03));
#3641 = CARTESIAN_POINT('',(-8.388673406635,-279.0856855741,
    1.048582242827E+03));
#3642 = CARTESIAN_POINT('',(-8.472836609919,-279.4199992858,
    1.048499439544E+03));
#3643 = CARTESIAN_POINT('',(-8.554327732804,-279.7547852664,
    1.048417443548E+03));
#3644 = CARTESIAN_POINT('',(-8.633219570389,-280.0900401385,
    1.048336315828E+03));
#3645 = CARTESIAN_POINT('',(-8.709575939624,-280.4257707807,
    1.048256121183E+03));
#3646 = CARTESIAN_POINT('',(-8.783452177855,-280.7619946066,
    1.048176929355E+03));
#3647 = CARTESIAN_POINT('',(-9.093394968495,-282.2228946432,
    1.0478380513E+03));
#3648 = CARTESIAN_POINT('',(-9.301030497209,-283.3351812866,
    1.047593409024E+03));
#3649 = CARTESIAN_POINT('',(-9.483241531641,-284.4466732018,
    1.047364656642E+03));
#3650 = CARTESIAN_POINT('',(-9.642816534941,-285.5704175062,
    1.047152531856E+03));
#3651 = CARTESIAN_POINT('',(-9.779102514414,-286.7146364041,
    1.046961382018E+03));
#3652 = CARTESIAN_POINT('',(-9.887864453361,-287.8771067069,
    1.046801356137E+03));
#3653 = CARTESIAN_POINT('',(-9.962372354057,-289.0448494983,
    1.046689823032E+03));
#3654 = CARTESIAN_POINT('',(-10.00348964322,-290.7308788399,
    1.046628026634E+03));
#3655 = CARTESIAN_POINT('',(-10.00679126154,-291.260518203,
    1.046622973089E+03));
#3656 = CARTESIAN_POINT('',(-9.99924953299,-291.7933578317,
    1.046634355964E+03));
#3657 = CARTESIAN_POINT('',(-9.97890813051,-292.3303951822,
    1.046665188752E+03));
#3658 = CARTESIAN_POINT('',(-9.942968666029,-292.8713106196,
    1.046719351252E+03));
#3659 = CARTESIAN_POINT('',(-9.887626365884,-293.414832982,
    1.046801573901E+03));
#3660 = CARTESIAN_POINT('',(-9.807567321142,-293.9591718121,
    1.046917241204E+03));
#3661 = CARTESIAN_POINT('',(-9.661070986507,-294.6649288008,
    1.047118074674E+03));
#3662 = CARTESIAN_POINT('',(-9.624379519689,-294.8274775757,
    1.04716784556E+03));
#3663 = CARTESIAN_POINT('',(-9.584549068804,-294.9898280416,
    1.047221241491E+03));
#3664 = CARTESIAN_POINT('',(-9.541369174836,-295.1518333314,
    1.047278375835E+03));
#3665 = CARTESIAN_POINT('',(-9.494613283253,-295.31335703,
    1.047339352165E+03));
#3666 = CARTESIAN_POINT('',(-9.44403634603,-295.4742729046,
    1.047404262478E+03));
#3667 = CARTESIAN_POINT('',(-9.389372423663,-295.6344646348,
    1.047473185404E+03));
#3668 = CARTESIAN_POINT('',(-9.259748468446,-295.984345112,
    1.047633456411E+03));
#3669 = CARTESIAN_POINT('',(-9.182878661388,-296.1737608584,
    1.047726592589E+03));
#3670 = CARTESIAN_POINT('',(-9.099339465903,-296.3615613296,
    1.047825560426E+03));
#3671 = CARTESIAN_POINT('',(-9.008744574115,-296.5472979225,
    1.047930255922E+03));
#3672 = CARTESIAN_POINT('',(-8.91070906352,-296.7305755546,
    1.048040497398E+03));
#3673 = CARTESIAN_POINT('',(-8.804856167301,-296.9110435455,
    1.048156021693E+03));
#3674 = CARTESIAN_POINT('',(-8.690826521796,-297.0883867081,
    1.048276482773E+03));
#3675 = CARTESIAN_POINT('',(-8.414730505747,-297.4802806544,
    1.048558061539E+03));
#3676 = CARTESIAN_POINT('',(-8.248062850819,-297.6925281378,
    1.048721494792E+03));
#3677 = CARTESIAN_POINT('',(-8.067821934969,-297.8983659887,
    1.048890760017E+03));
#3678 = CARTESIAN_POINT('',(-7.873687063674,-298.0971886966,
    1.049064634573E+03));
#3679 = CARTESIAN_POINT('',(-7.66551993721,-298.2884665332,
    1.04924170142E+03));
#3680 = CARTESIAN_POINT('',(-7.443408104217,-298.4717340346,
    1.04942039553E+03));
#3681 = CARTESIAN_POINT('',(-7.207713770909,-298.6465787815,
    1.049599060948E+03));
#3682 = CARTESIAN_POINT('',(-6.781317609532,-298.9314052066,
    1.049902594073E+03));
#3683 = CARTESIAN_POINT('',(-6.596829209932,-299.0457362866,
    1.05002835467E+03));
#3684 = CARTESIAN_POINT('',(-6.405766311149,-299.1555742151,
    1.050152782012E+03));
#3685 = CARTESIAN_POINT('',(-6.208273314817,-299.2608734905,
    1.050275359471E+03));
#3686 = CARTESIAN_POINT('',(-6.004534579226,-299.3615925632,
    1.050395578754E+03));
#3687 = CARTESIAN_POINT('',(-5.794773518376,-299.457693786,
    1.050512946585E+03));
#3688 = CARTESIAN_POINT('',(-5.579251701035,-299.549143365,
    1.050626991372E+03));
#3689 = CARTESIAN_POINT('',(-5.082314812224,-299.7442626538,
    1.050874980017E+03));
#3690 = CARTESIAN_POINT('',(-4.797783755334,-299.8453374702,
    1.05100684706E+03));
#3691 = CARTESIAN_POINT('',(-4.505143311199,-299.9391140538,
    1.051132054983E+03));
#3692 = CARTESIAN_POINT('',(-4.204919486343,-300.0255707006,
    1.051249847352E+03));
#3693 = CARTESIAN_POINT('',(-3.897690146722,-300.1046849081,
    1.051359534476E+03));
#3694 = CARTESIAN_POINT('',(-3.584079244763,-300.1764333623,
    1.051460499E+03));
#3695 = CARTESIAN_POINT('',(-3.264750888428,-300.24079271,
    1.051552199918E+03));
#3696 = CARTESIAN_POINT('',(-2.587071102045,-300.3597785771,
    1.05172347565E+03));
#3697 = CARTESIAN_POINT('',(-2.22774497073,-300.4130278759,
    1.051801244187E+03));
#3698 = CARTESIAN_POINT('',(-1.863347526893,-300.4574537986,
    1.051866872992E+03));
#3699 = CARTESIAN_POINT('',(-1.494843577491,-300.4930269227,
    1.05191987237E+03));
#3700 = CARTESIAN_POINT('',(-1.12323053741,-300.5197240883,
    1.051959872181E+03));
#3701 = CARTESIAN_POINT('',(-0.749528898948,-300.5375288675,
    1.051986623456E+03));
#3702 = CARTESIAN_POINT('',(-0.37477270129,-300.5464320343,1.052E+03));
#3703 = CARTESIAN_POINT('',(-3.552713678801E-15,-300.5464320343,
    1.052E+03));
#3704 = ORIENTED_EDGE('',*,*,#3705,.T.);
#3705 = EDGE_CURVE('',#3615,#3706,#3708,.T.);
#3706 = VERTEX_POINT('',#3707);
#3707 = CARTESIAN_POINT('',(-2.694222958124E-15,266.72629523842,
    1.052E+03));
#3708 = LINE('',#3709,#3710);
#3709 = CARTESIAN_POINT('',(-2.939152317954E-15,-312.,1.052E+03));
#3710 = VECTOR('',#3711,1.);
#3711 = DIRECTION('',(0.,1.,0.));
#3712 = ORIENTED_EDGE('',*,*,#3713,.F.);
#3713 = EDGE_CURVE('',#3714,#3706,#3716,.T.);
#3714 = VERTEX_POINT('',#3715);
#3715 = CARTESIAN_POINT('',(-2.939152317954E-15,300.54643203431,
    1.052E+03));
#3716 = B_SPLINE_CURVE_WITH_KNOTS('',8,(#3717,#3718,#3719,#3720,#3721,
    #3722,#3723,#3724,#3725,#3726,#3727,#3728,#3729,#3730,#3731,#3732,
    #3733,#3734,#3735,#3736,#3737,#3738,#3739,#3740,#3741,#3742,#3743,
    #3744,#3745,#3746,#3747,#3748,#3749,#3750,#3751,#3752,#3753,#3754,
    #3755,#3756,#3757,#3758,#3759,#3760,#3761,#3762,#3763,#3764,#3765,
    #3766,#3767,#3768,#3769,#3770,#3771,#3772,#3773,#3774,#3775,#3776,
    #3777,#3778,#3779,#3780,#3781,#3782,#3783,#3784,#3785,#3786,#3787,
    #3788,#3789,#3790,#3791,#3792,#3793,#3794,#3795),.UNSPECIFIED.,.F.,
  .F.,(9,7,7,7,7,7,7,7,7,7,7,9),(0.,4.61590674493E-02,8.85316180373E-02,
    0.12246363005,0.148876419216,0.192703206795,0.248303639686,
    0.355500935612,0.576739622829,0.840310476593,0.923574448231,1.),
  .UNSPECIFIED.);
#3717 = CARTESIAN_POINT('',(0.,300.5464320343,1.052E+03));
#3718 = CARTESIAN_POINT('',(-0.37477270129,300.5464320343,1.052E+03));
#3719 = CARTESIAN_POINT('',(-0.749528898947,300.5375288675,
    1.051986623456E+03));
#3720 = CARTESIAN_POINT('',(-1.12323053741,300.51972408832,
    1.051959872181E+03));
#3721 = CARTESIAN_POINT('',(-1.494843577491,300.49302692273,
    1.05191987237E+03));
#3722 = CARTESIAN_POINT('',(-1.863347526893,300.4574537986,
    1.051866872992E+03));
#3723 = CARTESIAN_POINT('',(-2.227744970731,300.41302787591,
    1.051801244187E+03));
#3724 = CARTESIAN_POINT('',(-2.587071102045,300.35977857719,
    1.05172347565E+03));
#3725 = CARTESIAN_POINT('',(-3.264750888429,300.24079271005,
    1.051552199918E+03));
#3726 = CARTESIAN_POINT('',(-3.584079244764,300.17643336233,
    1.051460499E+03));
#3727 = CARTESIAN_POINT('',(-3.897690146722,300.10468490816,
    1.051359534476E+03));
#3728 = CARTESIAN_POINT('',(-4.204919486342,300.02557070063,
    1.051249847352E+03));
#3729 = CARTESIAN_POINT('',(-4.5051433112,299.93911405383,
    1.051132054983E+03));
#3730 = CARTESIAN_POINT('',(-4.797783755334,299.8453374702,
    1.05100684706E+03));
#3731 = CARTESIAN_POINT('',(-5.082314812223,299.7442626538,
    1.050874980017E+03));
#3732 = CARTESIAN_POINT('',(-5.579251701036,299.54914336501,
    1.050626991372E+03));
#3733 = CARTESIAN_POINT('',(-5.794773518376,299.45769378606,
    1.050512946585E+03));
#3734 = CARTESIAN_POINT('',(-6.004534579225,299.3615925632,
    1.050395578754E+03));
#3735 = CARTESIAN_POINT('',(-6.208273314817,299.26087349052,
    1.050275359471E+03));
#3736 = CARTESIAN_POINT('',(-6.40576631115,299.15557421511,
    1.050152782012E+03));
#3737 = CARTESIAN_POINT('',(-6.596829209932,299.0457362866,
    1.05002835467E+03));
#3738 = CARTESIAN_POINT('',(-6.781317609532,298.93140520665,
    1.049902594073E+03));
#3739 = CARTESIAN_POINT('',(-7.097536129083,298.72017584152,
    1.049677491682E+03));
#3740 = CARTESIAN_POINT('',(-7.231894792975,298.62503086921,
    1.049578473126E+03));
#3741 = CARTESIAN_POINT('',(-7.362109933922,298.52724955041,
    1.049479239369E+03));
#3742 = CARTESIAN_POINT('',(-7.488113167136,298.42689000407,
    1.049380065356E+03));
#3743 = CARTESIAN_POINT('',(-7.609860083254,298.3240147601,
    1.049281221323E+03));
#3744 = CARTESIAN_POINT('',(-7.727328584864,298.21869104009,
    1.049182969666E+03));
#3745 = CARTESIAN_POINT('',(-7.840517223041,298.11099103808,
    1.049085561813E+03));
#3746 = CARTESIAN_POINT('',(-8.13018515327,297.81847093793,
    1.048829399989E+03));
#3747 = CARTESIAN_POINT('',(-8.299090237196,297.62972227769,
    1.048672631045E+03));
#3748 = CARTESIAN_POINT('',(-8.456192414625,297.4351833374,
    1.048520068703E+03));
#3749 = CARTESIAN_POINT('',(-8.601704081347,297.23533003864,
    1.048372727215E+03));
#3750 = CARTESIAN_POINT('',(-8.735969936679,297.03069430106,
    1.048231468585E+03));
#3751 = CARTESIAN_POINT('',(-8.859428742274,296.82188186774,
    1.048096986621E+03));
#3752 = CARTESIAN_POINT('',(-8.972583303066,296.60959076238,
    1.04796980107E+03));
#3753 = CARTESIAN_POINT('',(-9.207150209371,296.12192295357,
    1.047698609576E+03));
#3754 = CARTESIAN_POINT('',(-9.322350710642,295.8454689072,
    1.04755956923E+03));
#3755 = CARTESIAN_POINT('',(-9.423355533785,295.56579832375,
    1.047433128989E+03));
#3756 = CARTESIAN_POINT('',(-9.511704728682,295.28350842872,
    1.047319066088E+03));
#3757 = CARTESIAN_POINT('',(-9.588744798637,294.99928525986,
    1.047216990314E+03));
#3758 = CARTESIAN_POINT('',(-9.655663578995,294.71392406602,
    1.04712638164E+03));
#3759 = CARTESIAN_POINT('',(-9.713518231212,294.42834843399,
    1.047046622008E+03));
#3760 = CARTESIAN_POINT('',(-9.859151146942,293.59468915751,
    1.046842831387E+03));
#3761 = CARTESIAN_POINT('',(-9.925526679379,293.04521344959,
    1.046745494732E+03));
#3762 = CARTESIAN_POINT('',(-9.969465402023,292.4971823051,
    1.046679548847E+03));
#3763 = CARTESIAN_POINT('',(-9.995707963546,291.95236995136,
    1.046639762909E+03));
#3764 = CARTESIAN_POINT('',(-10.00765717016,291.41188082666,
    1.046621619112E+03));
#3765 = CARTESIAN_POINT('',(-10.00780100428,290.87574589819,
    1.046621479847E+03));
#3766 = CARTESIAN_POINT('',(-9.997834324176,290.34261197608,
    1.046636602166E+03));
#3767 = CARTESIAN_POINT('',(-9.939390068891,288.70941670874,
    1.046724102097E+03));
#3768 = CARTESIAN_POINT('',(-9.860880408633,287.60016563505,
    1.046840780622E+03));
#3769 = CARTESIAN_POINT('',(-9.752214646684,286.49509530095,
    1.046998785889E+03));
#3770 = CARTESIAN_POINT('',(-9.618756328619,285.40510458186,
    1.047184266019E+03));
#3771 = CARTESIAN_POINT('',(-9.464031133864,284.33346269308,
    1.047388468252E+03));
#3772 = CARTESIAN_POINT('',(-9.288876834394,283.27457762938,
    1.047607242289E+03));
#3773 = CARTESIAN_POINT('',(-9.091003529592,282.21616013421,
    1.047840069431E+03));
#3774 = CARTESIAN_POINT('',(-8.594414633376,279.86577351969,
    1.048384298747E+03));
#3775 = CARTESIAN_POINT('',(-8.295910780711,278.62590433765,
    1.048688771167E+03));
#3776 = CARTESIAN_POINT('',(-7.964823488697,277.4007858999,
    1.049001223179E+03));
#3777 = CARTESIAN_POINT('',(-7.59280086022,276.17173829133,
    1.049324382734E+03));
#3778 = CARTESIAN_POINT('',(-7.169546606037,274.93149762333,
    1.049658808763E+03));
#3779 = CARTESIAN_POINT('',(-6.683792467545,273.68702001861,
    1.050001633596E+03));
#3780 = CARTESIAN_POINT('',(-6.123837724431,272.46101206454,
    1.050345241163E+03));
#3781 = CARTESIAN_POINT('',(-5.2752304048,270.9272964487,
    1.050780741073E+03));
#3782 = CARTESIAN_POINT('',(-5.063628763024,270.56621613745,
    1.050883720966E+03));
#3783 = CARTESIAN_POINT('',(-4.841006628597,270.20829252229,
    1.050986202966E+03));
#3784 = CARTESIAN_POINT('',(-4.604271799864,269.85146816332,
    1.051088751642E+03));
#3785 = CARTESIAN_POINT('',(-4.350492977481,269.49572662623,
    1.051191357977E+03));
#3786 = CARTESIAN_POINT('',(-4.076972170788,269.14318282188,
    1.051293392688E+03));
#3787 = CARTESIAN_POINT('',(-3.781278789869,268.79812440043,
    1.051393579173E+03));
#3788 = CARTESIAN_POINT('',(-3.167496204491,268.16307870181,
    1.051578475146E+03));
#3789 = CARTESIAN_POINT('',(-2.855681492129,267.87342014749,
    1.051663045126E+03));
#3790 = CARTESIAN_POINT('',(-2.512173807942,267.58970828231,
    1.051746071049E+03));
#3791 = CARTESIAN_POINT('',(-2.125291035721,267.3143625421,
    1.051826844293E+03));
#3792 = CARTESIAN_POINT('',(-1.686140287848,267.06076013715,
    1.051901420929E+03));
#3793 = CARTESIAN_POINT('',(-1.18803079017,266.85309718423,
    1.051962626586E+03));
#3794 = CARTESIAN_POINT('',(-0.626431491914,266.72629523842,1.052E+03));
#3795 = CARTESIAN_POINT('',(-3.552713678801E-15,266.72629523842,
    1.052E+03));
#3796 = ORIENTED_EDGE('',*,*,#3797,.T.);
#3797 = EDGE_CURVE('',#3714,#3798,#3800,.T.);
#3798 = VERTEX_POINT('',#3799);
#3799 = CARTESIAN_POINT('',(-2.939152317954E-15,312.,1.052E+03));
#3800 = LINE('',#3801,#3802);
#3801 = CARTESIAN_POINT('',(-2.939152317954E-15,-312.,1.052E+03));
#3802 = VECTOR('',#3803,1.);
#3803 = DIRECTION('',(0.,1.,0.));
#3804 = ORIENTED_EDGE('',*,*,#3805,.F.);
#3805 = EDGE_CURVE('',#3806,#3798,#3808,.T.);
#3806 = VERTEX_POINT('',#3807);
#3807 = CARTESIAN_POINT('',(1.469576158977E-15,312.,1.028E+03));
#3808 = CIRCLE('',#3809,12.);
#3809 = AXIS2_PLACEMENT_3D('',#3810,#3811,#3812);
#3810 = CARTESIAN_POINT('',(0.,312.,1.04E+03));
#3811 = DIRECTION('',(0.,1.,0.));
#3812 = DIRECTION('',(0.,0.,1.));
#3813 = ORIENTED_EDGE('',*,*,#3814,.F.);
#3814 = EDGE_CURVE('',#3798,#3806,#3815,.T.);
#3815 = CIRCLE('',#3816,12.);
#3816 = AXIS2_PLACEMENT_3D('',#3817,#3818,#3819);
#3817 = CARTESIAN_POINT('',(0.,312.,1.04E+03));
#3818 = DIRECTION('',(0.,1.,0.));
#3819 = DIRECTION('',(0.,0.,1.));
#3820 = ORIENTED_EDGE('',*,*,#3797,.F.);
#3821 = ORIENTED_EDGE('',*,*,#3822,.F.);
#3822 = EDGE_CURVE('',#3706,#3714,#3823,.T.);
#3823 = B_SPLINE_CURVE_WITH_KNOTS('',8,(#3824,#3825,#3826,#3827,#3828,
    #3829,#3830,#3831,#3832,#3833,#3834,#3835,#3836,#3837,#3838,#3839,
    #3840,#3841,#3842,#3843,#3844,#3845,#3846,#3847,#3848,#3849,#3850,
    #3851,#3852,#3853,#3854,#3855,#3856,#3857,#3858,#3859,#3860,#3861,
    #3862,#3863,#3864,#3865,#3866,#3867,#3868,#3869,#3870,#3871,#3872,
    #3873,#3874,#3875,#3876,#3877,#3878,#3879,#3880,#3881,#3882,#3883,
    #3884,#3885,#3886,#3887,#3888,#3889,#3890,#3891,#3892,#3893,#3894,
    #3895,#3896,#3897,#3898,#3899,#3900,#3901,#3902,#3903,#3904,#3905,
    #3906,#3907,#3908,#3909),.UNSPECIFIED.,.F.,.F.,(9,7,7,7,7,7,7,7,7,7,
    7,7,9),(0.,7.268241916629E-02,0.150411098694,0.350039845501,
    0.419797152673,0.652667593232,0.75910071899,0.790959967529,
    0.829048419869,0.876779774168,0.910921422439,0.953555755999,1.),
  .UNSPECIFIED.);
#3824 = CARTESIAN_POINT('',(-1.224646799147E-15,266.72629523842,
    1.052E+03));
#3825 = CARTESIAN_POINT('',(0.602114626832,266.72629523842,1.052E+03));
#3826 = CARTESIAN_POINT('',(1.144131400703,266.84344361136,
    1.051965471872E+03));
#3827 = CARTESIAN_POINT('',(1.62729947769,267.03680898146,
    1.051908480161E+03));
#3828 = CARTESIAN_POINT('',(2.055600921674,267.27495917341,
    1.051838433161E+03));
#3829 = CARTESIAN_POINT('',(2.434920954322,267.53571746875,
    1.051761912412E+03));
#3830 = CARTESIAN_POINT('',(2.773057326615,267.80623045795,
    1.051682712273E+03));
#3831 = CARTESIAN_POINT('',(3.080158827224,268.08307876287,
    1.051601838141E+03));
#3832 = CARTESIAN_POINT('',(3.676119563666,268.68122788461,
    1.051427559078E+03));
#3833 = CARTESIAN_POINT('',(3.961288669511,269.00333452611,
    1.051333949521E+03));
#3834 = CARTESIAN_POINT('',(4.225645890522,269.33260646795,
    1.051238537678E+03));
#3835 = CARTESIAN_POINT('',(4.471432221649,269.66513980895,
    1.051142485201E+03));
#3836 = CARTESIAN_POINT('',(4.701139300894,269.99896923174,
    1.051046376475E+03));
#3837 = CARTESIAN_POINT('',(4.917481332794,270.33403513899,
    1.050950240561E+03));
#3838 = CARTESIAN_POINT('',(5.123332731768,270.67210833321,
    1.050853589759E+03));
#3839 = CARTESIAN_POINT('',(5.830917528934,271.9016076505,
    1.050503488476E+03));
#3840 = CARTESIAN_POINT('',(6.285077104759,272.82013491259,
    1.050244470434E+03));
#3841 = CARTESIAN_POINT('',(6.690339119002,273.75093726486,
    1.049985119947E+03));
#3842 = CARTESIAN_POINT('',(7.053410557859,274.68166246167,
    1.049729413538E+03));
#3843 = CARTESIAN_POINT('',(7.381010596909,275.60786458842,
    1.049478969244E+03));
#3844 = CARTESIAN_POINT('',(7.679617625241,276.53242022869,
    1.049233466762E+03));
#3845 = CARTESIAN_POINT('',(7.955108131825,277.46465755399,
    1.048991127126E+03));
#3846 = CARTESIAN_POINT('',(8.301755851143,278.75185748592,
    1.048665795089E+03));
#3847 = CARTESIAN_POINT('',(8.38867340663,279.08568557409,
    1.048582242827E+03));
#3848 = CARTESIAN_POINT('',(8.472836609915,279.41999928578,
    1.048499439544E+03));
#3849 = CARTESIAN_POINT('',(8.554327732803,279.7547852664,
    1.048417443548E+03));
#3850 = CARTESIAN_POINT('',(8.633219570391,280.09004013852,
    1.048336315828E+03));
#3851 = CARTESIAN_POINT('',(8.709575939626,280.42577078077,
    1.048256121183E+03));
#3852 = CARTESIAN_POINT('',(8.783452177857,280.7619946067,
    1.048176929355E+03));
#3853 = CARTESIAN_POINT('',(9.093394968558,282.22289464353,
    1.0478380513E+03));
#3854 = CARTESIAN_POINT('',(9.301030497217,283.33518128681,
    1.047593409024E+03));
#3855 = CARTESIAN_POINT('',(9.483241531576,284.44667320148,
    1.047364656643E+03));
#3856 = CARTESIAN_POINT('',(9.642816534906,285.57041750595,
    1.047152531856E+03));
#3857 = CARTESIAN_POINT('',(9.779102514434,286.71463640407,
    1.046961382018E+03));
#3858 = CARTESIAN_POINT('',(9.887864453381,287.87710670717,
    1.046801356137E+03));
#3859 = CARTESIAN_POINT('',(9.962372354061,289.0448494985,
    1.046689823032E+03));
#3860 = CARTESIAN_POINT('',(10.003489643161,290.73087883713,
    1.046628026634E+03));
#3861 = CARTESIAN_POINT('',(10.006791261248,291.26051821175,
    1.04662297309E+03));
#3862 = CARTESIAN_POINT('',(9.99924953391,291.79335782208,
    1.046634355962E+03));
#3863 = CARTESIAN_POINT('',(9.978908130038,292.33039518233,
    1.046665188752E+03));
#3864 = CARTESIAN_POINT('',(9.942968665122,292.87131062939,
    1.046719351253E+03));
#3865 = CARTESIAN_POINT('',(9.887626367201,293.41483297323,
    1.046801573899E+03));
#3866 = CARTESIAN_POINT('',(9.807567320552,293.95917181498,
    1.046917241205E+03));
#3867 = CARTESIAN_POINT('',(9.661070986507,294.66492880083,
    1.047118074674E+03));
#3868 = CARTESIAN_POINT('',(9.624379519689,294.82747757574,
    1.04716784556E+03));
#3869 = CARTESIAN_POINT('',(9.584549068804,294.98982804167,
    1.047221241491E+03));
#3870 = CARTESIAN_POINT('',(9.541369174836,295.15183333141,
    1.047278375835E+03));
#3871 = CARTESIAN_POINT('',(9.494613283253,295.31335703,
    1.047339352165E+03));
#3872 = CARTESIAN_POINT('',(9.44403634603,295.47427290466,
    1.047404262478E+03));
#3873 = CARTESIAN_POINT('',(9.389372423663,295.63446463487,
    1.047473185404E+03));
#3874 = CARTESIAN_POINT('',(9.259748468446,295.98434511209,
    1.047633456411E+03));
#3875 = CARTESIAN_POINT('',(9.182878661388,296.17376085843,
    1.047726592589E+03));
#3876 = CARTESIAN_POINT('',(9.099339465903,296.36156132965,
    1.047825560426E+03));
#3877 = CARTESIAN_POINT('',(9.008744574115,296.54729792258,
    1.047930255922E+03));
#3878 = CARTESIAN_POINT('',(8.91070906352,296.73057555467,
    1.048040497398E+03));
#3879 = CARTESIAN_POINT('',(8.8048561673,296.91104354556,
    1.048156021693E+03));
#3880 = CARTESIAN_POINT('',(8.690826521796,297.08838670812,
    1.048276482773E+03));
#3881 = CARTESIAN_POINT('',(8.414730505749,297.48028065447,
    1.048558061539E+03));
#3882 = CARTESIAN_POINT('',(8.248062850819,297.69252813782,
    1.048721494792E+03));
#3883 = CARTESIAN_POINT('',(8.067821934969,297.89836598878,
    1.048890760017E+03));
#3884 = CARTESIAN_POINT('',(7.873687063675,298.09718869665,
    1.049064634573E+03));
#3885 = CARTESIAN_POINT('',(7.665519937209,298.28846653327,
    1.04924170142E+03));
#3886 = CARTESIAN_POINT('',(7.443408104215,298.47173403469,
    1.04942039553E+03));
#3887 = CARTESIAN_POINT('',(7.20771377091,298.64657878158,
    1.049599060948E+03));
#3888 = CARTESIAN_POINT('',(6.781317609532,298.93140520665,
    1.049902594073E+03));
#3889 = CARTESIAN_POINT('',(6.596829209932,299.0457362866,
    1.05002835467E+03));
#3890 = CARTESIAN_POINT('',(6.405766311149,299.15557421511,
    1.050152782012E+03));
#3891 = CARTESIAN_POINT('',(6.208273314817,299.26087349052,
    1.050275359471E+03));
#3892 = CARTESIAN_POINT('',(6.004534579226,299.3615925632,
    1.050395578754E+03));
#3893 = CARTESIAN_POINT('',(5.794773518376,299.45769378606,
    1.050512946585E+03));
#3894 = CARTESIAN_POINT('',(5.579251701035,299.54914336501,
    1.050626991372E+03));
#3895 = CARTESIAN_POINT('',(5.082314812223,299.7442626538,
    1.050874980017E+03));
#3896 = CARTESIAN_POINT('',(4.797783755333,299.8453374702,
    1.05100684706E+03));
#3897 = CARTESIAN_POINT('',(4.5051433112,299.93911405383,
    1.051132054983E+03));
#3898 = CARTESIAN_POINT('',(4.204919486344,300.02557070063,
    1.051249847352E+03));
#3899 = CARTESIAN_POINT('',(3.897690146723,300.10468490816,
    1.051359534476E+03));
#3900 = CARTESIAN_POINT('',(3.584079244763,300.17643336233,
    1.051460499E+03));
#3901 = CARTESIAN_POINT('',(3.264750888428,300.24079271005,
    1.051552199918E+03));
#3902 = CARTESIAN_POINT('',(2.587071102046,300.35977857719,
    1.05172347565E+03));
#3903 = CARTESIAN_POINT('',(2.227744970731,300.41302787591,
    1.051801244187E+03));
#3904 = CARTESIAN_POINT('',(1.863347526893,300.4574537986,
    1.051866872992E+03));
#3905 = CARTESIAN_POINT('',(1.49484357749,300.49302692273,
    1.05191987237E+03));
#3906 = CARTESIAN_POINT('',(1.12323053741,300.51972408832,
    1.051959872181E+03));
#3907 = CARTESIAN_POINT('',(0.749528898948,300.5375288675,
    1.051986623456E+03));
#3908 = CARTESIAN_POINT('',(0.37477270129,300.5464320343,1.052E+03));
#3909 = CARTESIAN_POINT('',(1.836970198721E-15,300.5464320343,1.052E+03)
  );
#3910 = ORIENTED_EDGE('',*,*,#3705,.F.);
#3911 = ORIENTED_EDGE('',*,*,#3912,.F.);
#3912 = EDGE_CURVE('',#3607,#3615,#3913,.T.);
#3913 = B_SPLINE_CURVE_WITH_KNOTS('',8,(#3914,#3915,#3916,#3917,#3918,
    #3919,#3920,#3921,#3922,#3923,#3924,#3925,#3926,#3927,#3928,#3929,
    #3930,#3931,#3932,#3933,#3934,#3935,#3936,#3937,#3938,#3939,#3940,
    #3941,#3942,#3943,#3944,#3945,#3946,#3947,#3948,#3949,#3950,#3951,
    #3952,#3953,#3954,#3955,#3956,#3957,#3958,#3959,#3960,#3961,#3962,
    #3963,#3964,#3965,#3966,#3967,#3968,#3969,#3970,#3971,#3972,#3973,
    #3974,#3975,#3976,#3977,#3978,#3979,#3980,#3981,#3982,#3983,#3984,
    #3985,#3986,#3987,#3988,#3989,#3990,#3991,#3992),.UNSPECIFIED.,.F.,
  .F.,(9,7,7,7,7,7,7,7,7,7,7,9),(0.,4.615906809862E-02,
    8.853161844067E-02,0.122463630706,0.148876419699,0.192703206991,
    0.248303639518,0.355500934743,0.576739620511,0.840310472546,
    0.923574445312,1.),.UNSPECIFIED.);
#3914 = CARTESIAN_POINT('',(-1.224646799147E-15,-300.5464320343,
    1.052E+03));
#3915 = CARTESIAN_POINT('',(0.374772708721,-300.5464320343,1.052E+03));
#3916 = CARTESIAN_POINT('',(0.749528894826,-300.5375288681,
    1.051986623457E+03));
#3917 = CARTESIAN_POINT('',(1.123230530013,-300.5197240886,
    1.051959872181E+03));
#3918 = CARTESIAN_POINT('',(1.49484357732,-300.4930269222,
    1.051919872369E+03));
#3919 = CARTESIAN_POINT('',(1.863347534104,-300.4574537976,
    1.051866872991E+03));
#3920 = CARTESIAN_POINT('',(2.227744975023,-300.4130278758,
    1.051801244186E+03));
#3921 = CARTESIAN_POINT('',(2.587071095024,-300.3597785784,
    1.051723475652E+03));
#3922 = CARTESIAN_POINT('',(3.264750888428,-300.24079271,
    1.051552199918E+03));
#3923 = CARTESIAN_POINT('',(3.584079244763,-300.1764333623,
    1.051460499E+03));
#3924 = CARTESIAN_POINT('',(3.897690146722,-300.1046849081,
    1.051359534476E+03));
#3925 = CARTESIAN_POINT('',(4.204919486343,-300.0255707006,
    1.051249847352E+03));
#3926 = CARTESIAN_POINT('',(4.505143311199,-299.9391140538,
    1.051132054983E+03));
#3927 = CARTESIAN_POINT('',(4.797783755333,-299.8453374702,
    1.05100684706E+03));
#3928 = CARTESIAN_POINT('',(5.082314812224,-299.7442626538,
    1.050874980017E+03));
#3929 = CARTESIAN_POINT('',(5.579251703963,-299.5491433638,
    1.050626991371E+03));
#3930 = CARTESIAN_POINT('',(5.794773516906,-299.4576937869,
    1.050512946586E+03));
#3931 = CARTESIAN_POINT('',(6.004534576406,-299.3615925644,
    1.050395578756E+03));
#3932 = CARTESIAN_POINT('',(6.20827331464,-299.2608734903,
    1.050275359471E+03));
#3933 = CARTESIAN_POINT('',(6.405766313779,-299.1555742135,
    1.050152782011E+03));
#3934 = CARTESIAN_POINT('',(6.59682921159,-299.0457362859,
    1.05002835467E+03));
#3935 = CARTESIAN_POINT('',(6.781317607044,-298.9314052083,
    1.049902594075E+03));
#3936 = CARTESIAN_POINT('',(7.097536129082,-298.7201758415,
    1.049677491682E+03));
#3937 = CARTESIAN_POINT('',(7.231894792975,-298.6250308692,
    1.049578473126E+03));
#3938 = CARTESIAN_POINT('',(7.362109933922,-298.5272495504,
    1.049479239369E+03));
#3939 = CARTESIAN_POINT('',(7.488113167137,-298.426890004,
    1.049380065356E+03));
#3940 = CARTESIAN_POINT('',(7.609860083254,-298.3240147601,
    1.049281221323E+03));
#3941 = CARTESIAN_POINT('',(7.727328584864,-298.21869104,
    1.049182969666E+03));
#3942 = CARTESIAN_POINT('',(7.840517223041,-298.110991038,
    1.049085561813E+03));
#3943 = CARTESIAN_POINT('',(8.130185153271,-297.8184709379,
    1.048829399989E+03));
#3944 = CARTESIAN_POINT('',(8.299090237195,-297.6297222776,
    1.048672631045E+03));
#3945 = CARTESIAN_POINT('',(8.456192414624,-297.4351833374,
    1.048520068703E+03));
#3946 = CARTESIAN_POINT('',(8.601704081348,-297.2353300386,
    1.048372727215E+03));
#3947 = CARTESIAN_POINT('',(8.735969936679,-297.030694301,
    1.048231468585E+03));
#3948 = CARTESIAN_POINT('',(8.859428742273,-296.8218818677,
    1.048096986621E+03));
#3949 = CARTESIAN_POINT('',(8.972583303067,-296.6095907623,
    1.04796980107E+03));
#3950 = CARTESIAN_POINT('',(9.207150209371,-296.1219229535,
    1.047698609576E+03));
#3951 = CARTESIAN_POINT('',(9.322350710642,-295.8454689072,
    1.04755956923E+03));
#3952 = CARTESIAN_POINT('',(9.423355533785,-295.5657983237,
    1.047433128989E+03));
#3953 = CARTESIAN_POINT('',(9.511704728682,-295.2835084287,
    1.047319066088E+03));
#3954 = CARTESIAN_POINT('',(9.588744798637,-294.9992852598,
    1.047216990314E+03));
#3955 = CARTESIAN_POINT('',(9.655663578995,-294.713924066,
    1.04712638164E+03));
#3956 = CARTESIAN_POINT('',(9.713518231213,-294.4283484339,
    1.047046622008E+03));
#3957 = CARTESIAN_POINT('',(9.859151146943,-293.5946891575,
    1.046842831387E+03));
#3958 = CARTESIAN_POINT('',(9.92552667938,-293.0452134495,
    1.046745494732E+03));
#3959 = CARTESIAN_POINT('',(9.969465402022,-292.4971823051,
    1.046679548847E+03));
#3960 = CARTESIAN_POINT('',(9.995707963546,-291.9523699513,
    1.046639762909E+03));
#3961 = CARTESIAN_POINT('',(10.007657170166,-291.4118808266,
    1.046621619112E+03));
#3962 = CARTESIAN_POINT('',(10.007801004286,-290.8757458982,
    1.046621479847E+03));
#3963 = CARTESIAN_POINT('',(9.997834324176,-290.342611976,
    1.046636602166E+03));
#3964 = CARTESIAN_POINT('',(9.939390068891,-288.7094167087,
    1.046724102097E+03));
#3965 = CARTESIAN_POINT('',(9.86088040863,-287.600165635,
    1.046840780622E+03));
#3966 = CARTESIAN_POINT('',(9.752214646696,-286.495095301,
    1.046998785889E+03));
#3967 = CARTESIAN_POINT('',(9.618756328602,-285.4051045817,
    1.047184266019E+03));
#3968 = CARTESIAN_POINT('',(9.464031133872,-284.3334626931,
    1.047388468252E+03));
#3969 = CARTESIAN_POINT('',(9.288876834393,-283.2745776293,
    1.047607242289E+03));
#3970 = CARTESIAN_POINT('',(9.091003529592,-282.2161601342,
    1.047840069431E+03));
#3971 = CARTESIAN_POINT('',(8.594414633378,-279.8657735196,
    1.048384298747E+03));
#3972 = CARTESIAN_POINT('',(8.295910780712,-278.6259043376,
    1.048688771167E+03));
#3973 = CARTESIAN_POINT('',(7.96482348869,-277.4007858998,
    1.049001223179E+03));
#3974 = CARTESIAN_POINT('',(7.59280086022,-276.1717382913,
    1.049324382734E+03));
#3975 = CARTESIAN_POINT('',(7.169546606038,-274.9314976233,
    1.049658808763E+03));
#3976 = CARTESIAN_POINT('',(6.683792467553,-273.6870200186,
    1.050001633596E+03));
#3977 = CARTESIAN_POINT('',(6.123837724422,-272.4610120645,
    1.050345241163E+03));
#3978 = CARTESIAN_POINT('',(5.275230400707,-270.9272964413,
    1.050780741075E+03));
#3979 = CARTESIAN_POINT('',(5.063628772073,-270.5662161504,
    1.050883720963E+03));
#3980 = CARTESIAN_POINT('',(4.841006626914,-270.2082925218,
    1.050986202967E+03));
#3981 = CARTESIAN_POINT('',(4.604271790613,-269.8514681509,
    1.051088751645E+03));
#3982 = CARTESIAN_POINT('',(4.350492979298,-269.4957266266,
    1.051191357977E+03));
#3983 = CARTESIAN_POINT('',(4.07697218171,-269.1431828354,
    1.051293392685E+03));
#3984 = CARTESIAN_POINT('',(3.78127878198,-268.7981243922,
    1.051393579175E+03));
#3985 = CARTESIAN_POINT('',(3.167496204491,-268.1630787018,
    1.051578475146E+03));
#3986 = CARTESIAN_POINT('',(2.855681492129,-267.8734201474,
    1.051663045126E+03));
#3987 = CARTESIAN_POINT('',(2.512173807935,-267.5897082823,
    1.051746071049E+03));
#3988 = CARTESIAN_POINT('',(2.12529103574,-267.3143625421,
    1.051826844293E+03));
#3989 = CARTESIAN_POINT('',(1.686140287816,-267.0607601371,
    1.051901420929E+03));
#3990 = CARTESIAN_POINT('',(1.188030790195,-266.8530971842,
    1.051962626586E+03));
#3991 = CARTESIAN_POINT('',(0.626431491905,-266.7262952384,1.052E+03));
#3992 = CARTESIAN_POINT('',(1.836970198721E-15,-266.7262952384,1.052E+03
    ));
#3993 = ORIENTED_EDGE('',*,*,#3606,.F.);
#3994 = FACE_BOUND('',#3995,.T.);
#3995 = EDGE_LOOP('',(#3996,#3997,#3998));
#3996 = ORIENTED_EDGE('',*,*,#3573,.T.);
#3997 = ORIENTED_EDGE('',*,*,#3564,.T.);
#3998 = ORIENTED_EDGE('',*,*,#3537,.T.);
#3999 = FACE_BOUND('',#4000,.T.);
#4000 = EDGE_LOOP('',(#4001,#4012,#4021));
#4001 = ORIENTED_EDGE('',*,*,#4002,.T.);
#4002 = EDGE_CURVE('',#4003,#4005,#4007,.T.);
#4003 = VERTEX_POINT('',#4004);
#4004 = CARTESIAN_POINT('',(12.,300.,1.04E+03));
#4005 = VERTEX_POINT('',#4006);
#4006 = CARTESIAN_POINT('',(1.469576158977E-15,312.,1.028E+03));
#4007 = ELLIPSE('',#4008,16.970562748477,12.);
#4008 = AXIS2_PLACEMENT_3D('',#4009,#4010,#4011);
#4009 = CARTESIAN_POINT('',(0.,300.,1.04E+03));
#4010 = DIRECTION('',(-0.,0.707106781187,0.707106781187));
#4011 = DIRECTION('',(0.,-0.707106781187,0.707106781187));
#4012 = ORIENTED_EDGE('',*,*,#4013,.T.);
#4013 = EDGE_CURVE('',#4005,#4014,#4016,.T.);
#4014 = VERTEX_POINT('',#4015);
#4015 = CARTESIAN_POINT('',(-12.,300.,1.04E+03));
#4016 = ELLIPSE('',#4017,16.970562748477,12.);
#4017 = AXIS2_PLACEMENT_3D('',#4018,#4019,#4020);
#4018 = CARTESIAN_POINT('',(0.,300.,1.04E+03));
#4019 = DIRECTION('',(-0.,0.707106781187,0.707106781187));
#4020 = DIRECTION('',(0.,-0.707106781187,0.707106781187));
#4021 = ORIENTED_EDGE('',*,*,#4022,.T.);
#4022 = EDGE_CURVE('',#4014,#4003,#4023,.T.);
#4023 = ELLIPSE('',#4024,16.970562748477,12.);
#4024 = AXIS2_PLACEMENT_3D('',#4025,#4026,#4027);
#4025 = CARTESIAN_POINT('',(0.,300.,1.04E+03));
#4026 = DIRECTION('',(0.,-0.707106781187,0.707106781187));
#4027 = DIRECTION('',(0.,0.707106781187,0.707106781187));
#4028 = CYLINDRICAL_SURFACE('',#4029,12.);
#4029 = AXIS2_PLACEMENT_3D('',#4030,#4031,#4032);
#4030 = CARTESIAN_POINT('',(0.,-312.,1.04E+03));
#4031 = DIRECTION('',(0.,1.,0.));
#4032 = DIRECTION('',(0.,0.,1.));
#4033 = ADVANCED_FACE('',(#4034),#4037,.F.);
#4034 = FACE_BOUND('',#4035,.T.);
#4035 = EDGE_LOOP('',(#4036));
#4036 = ORIENTED_EDGE('',*,*,#3556,.F.);
#4037 = PLANE('',#4038);
#4038 = AXIS2_PLACEMENT_3D('',#4039,#4040,#4041);
#4039 = CARTESIAN_POINT('',(0.,-300.,910.));
#4040 = DIRECTION('',(0.,0.,1.));
#4041 = DIRECTION('',(1.,0.,0.));
#4042 = ADVANCED_FACE('',(#4043),#4047,.F.);
#4043 = FACE_BOUND('',#4044,.F.);
#4044 = EDGE_LOOP('',(#4045,#4046));
#4045 = ORIENTED_EDGE('',*,*,#3588,.T.);
#4046 = ORIENTED_EDGE('',*,*,#3599,.T.);
#4047 = PLANE('',#4048);
#4048 = AXIS2_PLACEMENT_3D('',#4049,#4050,#4051);
#4049 = CARTESIAN_POINT('',(0.,-312.,1.04E+03));
#4050 = DIRECTION('',(0.,1.,0.));
#4051 = DIRECTION('',(0.,0.,1.));
#4052 = ADVANCED_FACE('',(#4053),#4134,.T.);
#4053 = FACE_BOUND('',#4054,.T.);
#4054 = EDGE_LOOP('',(#4055,#4056,#4064,#4081,#4090,#4099,#4108,#4117,
    #4132,#4133));
#4055 = ORIENTED_EDGE('',*,*,#3614,.T.);
#4056 = ORIENTED_EDGE('',*,*,#4057,.T.);
#4057 = EDGE_CURVE('',#3607,#4058,#4060,.T.);
#4058 = VERTEX_POINT('',#4059);
#4059 = CARTESIAN_POINT('',(-2.449293598295E-15,-15.,1.261400716825E+03)
  );
#4060 = LINE('',#4061,#4062);
#4061 = CARTESIAN_POINT('',(-2.449293598295E-15,-305.9136366362,
    1.048064049959E+03));
#4062 = VECTOR('',#4063,1.);
#4063 = DIRECTION('',(0.,0.806404995856,0.591363663628));
#4064 = ORIENTED_EDGE('',*,*,#4065,.F.);
#4065 = EDGE_CURVE('',#4066,#4058,#4068,.T.);
#4066 = VERTEX_POINT('',#4067);
#4067 = CARTESIAN_POINT('',(-5.725188012439,-13.86442289539,1.26E+03));
#4068 = B_SPLINE_CURVE_WITH_KNOTS('',6,(#4069,#4070,#4071,#4072,#4073,
    #4074,#4075,#4076,#4077,#4078,#4079,#4080),.UNSPECIFIED.,.F.,.F.,(7,
    5,7),(0.,0.397256970414,1.),.UNSPECIFIED.);
#4069 = CARTESIAN_POINT('',(-5.725189077967,-13.86442245539,
    1.2599999994E+03));
#4070 = CARTESIAN_POINT('',(-5.41423359969,-13.99282873511,
    1.260175098888E+03));
#4071 = CARTESIAN_POINT('',(-5.089220893324,-14.11724377079,
    1.26033919045E+03));
#4072 = CARTESIAN_POINT('',(-4.750744915465,-14.2361694236,
    1.260491546093E+03));
#4073 = CARTESIAN_POINT('',(-4.399564642608,-14.34814297082,
    1.260631506103E+03));
#4074 = CARTESIAN_POINT('',(-4.036609088884,-14.45179008009,
    1.260758465252E+03));
#4075 = CARTESIAN_POINT('',(-3.096092514174,-14.68863351021,
    1.261043907092E+03));
#4076 = CARTESIAN_POINT('',(-2.504119567302,-14.8095130491,
    1.261184884593E+03));
#4077 = CARTESIAN_POINT('',(-1.892222163942,-14.90378231981,
    1.26129230025E+03));
#4078 = CARTESIAN_POINT('',(-1.266479597512,-14.96789418981,
    1.2613645411E+03));
#4079 = CARTESIAN_POINT('',(-0.633497802561,-15.,1.261400716825E+03));
#4080 = CARTESIAN_POINT('',(-2.6645352591E-15,-15.,1.261400716825E+03));
#4081 = ORIENTED_EDGE('',*,*,#4082,.F.);
#4082 = EDGE_CURVE('',#4083,#4066,#4085,.T.);
#4083 = VERTEX_POINT('',#4084);
#4084 = CARTESIAN_POINT('',(-10.,-1.512322513997E-13,1.26E+03));
#4085 = ELLIPSE('',#4086,16.910068397944,10.);
#4086 = AXIS2_PLACEMENT_3D('',#4087,#4088,#4089);
#4087 = CARTESIAN_POINT('',(0.,0.,1.26E+03));
#4088 = DIRECTION('',(0.,-0.,1.));
#4089 = DIRECTION('',(0.,1.,0.));
#4090 = ORIENTED_EDGE('',*,*,#4091,.T.);
#4091 = EDGE_CURVE('',#4083,#4092,#4094,.T.);
#4092 = VERTEX_POINT('',#4093);
#4093 = CARTESIAN_POINT('',(-2.449293598295E-15,8.583356247982E-12,
    1.247599283175E+03));
#4094 = ELLIPSE('',#4095,12.400716825159,10.);
#4095 = AXIS2_PLACEMENT_3D('',#4096,#4097,#4098);
#4096 = CARTESIAN_POINT('',(0.,5.684341886081E-14,1.26E+03));
#4097 = DIRECTION('',(0.,-1.,0.));
#4098 = DIRECTION('',(0.,0.,1.));
#4099 = ORIENTED_EDGE('',*,*,#4100,.T.);
#4100 = EDGE_CURVE('',#4092,#4101,#4103,.T.);
#4101 = VERTEX_POINT('',#4102);
#4102 = CARTESIAN_POINT('',(10.,-1.631854035198E-13,1.26E+03));
#4103 = ELLIPSE('',#4104,12.400716825159,10.);
#4104 = AXIS2_PLACEMENT_3D('',#4105,#4106,#4107);
#4105 = CARTESIAN_POINT('',(0.,5.684341886081E-14,1.26E+03));
#4106 = DIRECTION('',(0.,-1.,0.));
#4107 = DIRECTION('',(0.,0.,1.));
#4108 = ORIENTED_EDGE('',*,*,#4109,.F.);
#4109 = EDGE_CURVE('',#4110,#4101,#4112,.T.);
#4110 = VERTEX_POINT('',#4111);
#4111 = CARTESIAN_POINT('',(5.725188012439,-13.86442289539,1.26E+03));
#4112 = ELLIPSE('',#4113,16.910068397944,10.);
#4113 = AXIS2_PLACEMENT_3D('',#4114,#4115,#4116);
#4114 = CARTESIAN_POINT('',(0.,0.,1.26E+03));
#4115 = DIRECTION('',(0.,-0.,1.));
#4116 = DIRECTION('',(0.,1.,0.));
#4117 = ORIENTED_EDGE('',*,*,#4118,.F.);
#4118 = EDGE_CURVE('',#4058,#4110,#4119,.T.);
#4119 = B_SPLINE_CURVE_WITH_KNOTS('',6,(#4120,#4121,#4122,#4123,#4124,
    #4125,#4126,#4127,#4128,#4129,#4130,#4131),.UNSPECIFIED.,.F.,.F.,(7,
    5,7),(0.,0.60274382857,1.),.UNSPECIFIED.);
#4120 = CARTESIAN_POINT('',(-2.602374448188E-15,-15.,1.261400716825E+03)
  );
#4121 = CARTESIAN_POINT('',(0.633497802561,-15.,1.261400716825E+03));
#4122 = CARTESIAN_POINT('',(1.266479597512,-14.96789418981,
    1.2613645411E+03));
#4123 = CARTESIAN_POINT('',(1.892222163942,-14.90378231981,
    1.26129230025E+03));
#4124 = CARTESIAN_POINT('',(2.504119567302,-14.8095130491,
    1.261184884593E+03));
#4125 = CARTESIAN_POINT('',(3.096092514174,-14.68863351021,
    1.261043907092E+03));
#4126 = CARTESIAN_POINT('',(4.036607842156,-14.45179039404,
    1.26075846563E+03));
#4127 = CARTESIAN_POINT('',(4.39956413005,-14.34814317865,
    1.260631506378E+03));
#4128 = CARTESIAN_POINT('',(4.750745840796,-14.23616919419,
    1.260491545826E+03));
#4129 = CARTESIAN_POINT('',(5.089222934617,-14.11724305494,
    1.260339189523E+03));
#4130 = CARTESIAN_POINT('',(5.414235583819,-13.99282791578,
    1.260175097771E+03));
#4131 = CARTESIAN_POINT('',(5.725189077967,-13.86442245539,
    1.2599999994E+03));
#4132 = ORIENTED_EDGE('',*,*,#4057,.F.);
#4133 = ORIENTED_EDGE('',*,*,#3912,.T.);
#4134 = CYLINDRICAL_SURFACE('',#4135,10.);
#4135 = AXIS2_PLACEMENT_3D('',#4136,#4137,#4138);
#4136 = CARTESIAN_POINT('',(0.,-300.,1.04E+03));
#4137 = DIRECTION('',(0.,0.806404995856,0.591363663628));
#4138 = DIRECTION('',(0.,-0.591363663628,0.806404995856));
#4139 = ADVANCED_FACE('',(#4140),#4206,.T.);
#4140 = FACE_BOUND('',#4141,.T.);
#4141 = EDGE_LOOP('',(#4142,#4143,#4144,#4150,#4151,#4160,#4197,#4204,
    #4205));
#4142 = ORIENTED_EDGE('',*,*,#3822,.T.);
#4143 = ORIENTED_EDGE('',*,*,#3713,.T.);
#4144 = ORIENTED_EDGE('',*,*,#4145,.T.);
#4145 = EDGE_CURVE('',#3706,#4092,#4146,.T.);
#4146 = LINE('',#4147,#4148);
#4147 = CARTESIAN_POINT('',(-2.449293598295E-15,294.08636336372,
    1.031935950041E+03));
#4148 = VECTOR('',#4149,1.);
#4149 = DIRECTION('',(0.,-0.806404995856,0.591363663628));
#4150 = ORIENTED_EDGE('',*,*,#4091,.F.);
#4151 = ORIENTED_EDGE('',*,*,#4152,.F.);
#4152 = EDGE_CURVE('',#4153,#4083,#4155,.T.);
#4153 = VERTEX_POINT('',#4154);
#4154 = CARTESIAN_POINT('',(-5.725188012439,13.86442289539,1.26E+03));
#4155 = ELLIPSE('',#4156,16.910068397944,10.);
#4156 = AXIS2_PLACEMENT_3D('',#4157,#4158,#4159);
#4157 = CARTESIAN_POINT('',(0.,0.,1.26E+03));
#4158 = DIRECTION('',(-0.,0.,1.));
#4159 = DIRECTION('',(0.,-1.,0.));
#4160 = ORIENTED_EDGE('',*,*,#4161,.F.);
#4161 = EDGE_CURVE('',#4162,#4153,#4164,.T.);
#4162 = VERTEX_POINT('',#4163);
#4163 = CARTESIAN_POINT('',(5.725188012439,13.86442289539,1.26E+03));
#4164 = B_SPLINE_CURVE_WITH_KNOTS('',6,(#4165,#4166,#4167,#4168,#4169,
    #4170,#4171,#4172,#4173,#4174,#4175,#4176,#4177,#4178,#4179,#4180,
    #4181,#4182,#4183,#4184,#4185,#4186,#4187,#4188,#4189,#4190,#4191,
    #4192,#4193,#4194,#4195,#4196),.UNSPECIFIED.,.F.,.F.,(7,5,5,5,5,5,7)
  ,(0.,0.200197430451,0.299437862906,0.500000321245,0.700562779583,
    0.799803212038,1.),.UNSPECIFIED.);
#4165 = CARTESIAN_POINT('',(5.725189077967,13.86442245539,
    1.2599999994E+03));
#4166 = CARTESIAN_POINT('',(5.411700562888,13.993874729971,
    1.260176525245E+03));
#4167 = CARTESIAN_POINT('',(5.083923164425,14.119271176814,
    1.260341864032E+03));
#4168 = CARTESIAN_POINT('',(4.742466535368,14.239076091698,
    1.260495268916E+03));
#4169 = CARTESIAN_POINT('',(4.388110744567,14.351790624083,
    1.26063606398E+03));
#4170 = CARTESIAN_POINT('',(4.021811437825,14.456007912799,
    1.260763629857E+03));
#4171 = CARTESIAN_POINT('',(3.457768503118,14.597293407694,
    1.260933781384E+03));
#4172 = CARTESIAN_POINT('',(3.268190394297,14.641717466102,
    1.260986776641E+03));
#4173 = CARTESIAN_POINT('',(3.07613584086,14.683581077897,
    1.261036298292E+03));
#4174 = CARTESIAN_POINT('',(2.881778918788,14.722737196488,
    1.261082276805E+03));
#4175 = CARTESIAN_POINT('',(2.685302621801,14.759052356956,
    1.261124649423E+03));
#4176 = CARTESIAN_POINT('',(2.085929801989,14.859818884675,
    1.261241592052E+03));
#4177 = CARTESIAN_POINT('',(1.677004404567,14.915156177259,
    1.261304882428E+03));
#4178 = CARTESIAN_POINT('',(1.261954964608,14.957388810379,
    1.261352703594E+03));
#4179 = CARTESIAN_POINT('',(0.842744732182,14.985793095828,
    1.261384708864E+03));
#4180 = CARTESIAN_POINT('',(0.421409727857,15.,1.261400716825E+03));
#4181 = CARTESIAN_POINT('',(-0.421409727856,15.,1.261400716825E+03));
#4182 = CARTESIAN_POINT('',(-0.842744732182,14.985793095828,
    1.261384708864E+03));
#4183 = CARTESIAN_POINT('',(-1.261954964607,14.957388810379,
    1.261352703594E+03));
#4184 = CARTESIAN_POINT('',(-1.677004404568,14.915156177259,
    1.261304882428E+03));
#4185 = CARTESIAN_POINT('',(-2.085929801988,14.859818884676,
    1.261241592052E+03));
#4186 = CARTESIAN_POINT('',(-2.685302621801,14.759052356956,
    1.261124649423E+03));
#4187 = CARTESIAN_POINT('',(-2.881778918787,14.722737196488,
    1.261082276805E+03));
#4188 = CARTESIAN_POINT('',(-3.07613584086,14.683581077897,
    1.261036298292E+03));
#4189 = CARTESIAN_POINT('',(-3.268190394297,14.641717466102,
    1.260986776641E+03));
#4190 = CARTESIAN_POINT('',(-3.457768503117,14.597293407694,
    1.260933781384E+03));
#4191 = CARTESIAN_POINT('',(-4.021810227588,14.456008215948,
    1.260763630222E+03));
#4192 = CARTESIAN_POINT('',(-4.388110256496,14.351790823211,
    1.260636064245E+03));
#4193 = CARTESIAN_POINT('',(-4.742467447357,14.239075865797,
    1.260495268652E+03));
#4194 = CARTESIAN_POINT('',(-5.083925156609,14.119270478862,
    1.260341863128E+03));
#4195 = CARTESIAN_POINT('',(-5.411702493444,13.993873932765,
    1.260176524158E+03));
#4196 = CARTESIAN_POINT('',(-5.725189077967,13.86442245539,
    1.2599999994E+03));
#4197 = ORIENTED_EDGE('',*,*,#4198,.F.);
#4198 = EDGE_CURVE('',#4101,#4162,#4199,.T.);
#4199 = ELLIPSE('',#4200,16.910068397944,10.);
#4200 = AXIS2_PLACEMENT_3D('',#4201,#4202,#4203);
#4201 = CARTESIAN_POINT('',(0.,0.,1.26E+03));
#4202 = DIRECTION('',(-0.,0.,1.));
#4203 = DIRECTION('',(0.,-1.,0.));
#4204 = ORIENTED_EDGE('',*,*,#4100,.F.);
#4205 = ORIENTED_EDGE('',*,*,#4145,.F.);
#4206 = CYLINDRICAL_SURFACE('',#4207,10.);
#4207 = AXIS2_PLACEMENT_3D('',#4208,#4209,#4210);
#4208 = CARTESIAN_POINT('',(0.,300.,1.04E+03));
#4209 = DIRECTION('',(0.,-0.806404995856,0.591363663628));
#4210 = DIRECTION('',(0.,-0.591363663628,-0.806404995856));
#4211 = ADVANCED_FACE('',(#4212),#4216,.T.);
#4212 = FACE_BOUND('',#4213,.T.);
#4213 = EDGE_LOOP('',(#4214,#4215));
#4214 = ORIENTED_EDGE('',*,*,#3814,.T.);
#4215 = ORIENTED_EDGE('',*,*,#3805,.T.);
#4216 = PLANE('',#4217);
#4217 = AXIS2_PLACEMENT_3D('',#4218,#4219,#4220);
#4218 = CARTESIAN_POINT('',(0.,312.,1.04E+03));
#4219 = DIRECTION('',(0.,1.,0.));
#4220 = DIRECTION('',(0.,0.,1.));
#4221 = ADVANCED_FACE('',(#4222),#4243,.T.);
#4222 = FACE_BOUND('',#4223,.T.);
#4223 = EDGE_LOOP('',(#4224,#4225,#4233,#4240,#4241,#4242));
#4224 = ORIENTED_EDGE('',*,*,#4002,.F.);
#4225 = ORIENTED_EDGE('',*,*,#4226,.F.);
#4226 = EDGE_CURVE('',#4227,#4003,#4229,.T.);
#4227 = VERTEX_POINT('',#4228);
#4228 = CARTESIAN_POINT('',(12.,300.,910.));
#4229 = LINE('',#4230,#4231);
#4230 = CARTESIAN_POINT('',(12.,300.,910.));
#4231 = VECTOR('',#4232,1.);
#4232 = DIRECTION('',(0.,0.,1.));
#4233 = ORIENTED_EDGE('',*,*,#4234,.T.);
#4234 = EDGE_CURVE('',#4227,#4227,#4235,.T.);
#4235 = CIRCLE('',#4236,12.);
#4236 = AXIS2_PLACEMENT_3D('',#4237,#4238,#4239);
#4237 = CARTESIAN_POINT('',(0.,300.,910.));
#4238 = DIRECTION('',(0.,0.,1.));
#4239 = DIRECTION('',(1.,0.,0.));
#4240 = ORIENTED_EDGE('',*,*,#4226,.T.);
#4241 = ORIENTED_EDGE('',*,*,#4022,.F.);
#4242 = ORIENTED_EDGE('',*,*,#4013,.F.);
#4243 = CYLINDRICAL_SURFACE('',#4244,12.);
#4244 = AXIS2_PLACEMENT_3D('',#4245,#4246,#4247);
#4245 = CARTESIAN_POINT('',(0.,300.,910.));
#4246 = DIRECTION('',(0.,0.,1.));
#4247 = DIRECTION('',(1.,0.,0.));
#4248 = ADVANCED_FACE('',(#4249),#4293,.T.);
#4249 = FACE_BOUND('',#4250,.T.);
#4250 = EDGE_LOOP('',(#4251,#4261,#4268,#4269,#4276,#4277,#4284,#4285,
    #4286));
#4251 = ORIENTED_EDGE('',*,*,#4252,.T.);
#4252 = EDGE_CURVE('',#4253,#4255,#4257,.T.);
#4253 = VERTEX_POINT('',#4254);
#4254 = CARTESIAN_POINT('',(15.,-3.673940397442E-15,1.26E+03));
#4255 = VERTEX_POINT('',#4256);
#4256 = CARTESIAN_POINT('',(15.,-3.673940397442E-15,1.937E+03));
#4257 = LINE('',#4258,#4259);
#4258 = CARTESIAN_POINT('',(15.,-3.673940397442E-15,1.26E+03));
#4259 = VECTOR('',#4260,1.);
#4260 = DIRECTION('',(0.,0.,1.));
#4261 = ORIENTED_EDGE('',*,*,#4262,.F.);
#4262 = EDGE_CURVE('',#4255,#4255,#4263,.T.);
#4263 = CIRCLE('',#4264,15.);
#4264 = AXIS2_PLACEMENT_3D('',#4265,#4266,#4267);
#4265 = CARTESIAN_POINT('',(0.,0.,1.937E+03));
#4266 = DIRECTION('',(0.,0.,1.));
#4267 = DIRECTION('',(1.,0.,0.));
#4268 = ORIENTED_EDGE('',*,*,#4252,.F.);
#4269 = ORIENTED_EDGE('',*,*,#4270,.T.);
#4270 = EDGE_CURVE('',#4253,#4162,#4271,.T.);
#4271 = CIRCLE('',#4272,15.);
#4272 = AXIS2_PLACEMENT_3D('',#4273,#4274,#4275);
#4273 = CARTESIAN_POINT('',(0.,0.,1.26E+03));
#4274 = DIRECTION('',(0.,0.,1.));
#4275 = DIRECTION('',(1.,0.,0.));
#4276 = ORIENTED_EDGE('',*,*,#4161,.T.);
#4277 = ORIENTED_EDGE('',*,*,#4278,.T.);
#4278 = EDGE_CURVE('',#4153,#4066,#4279,.T.);
#4279 = CIRCLE('',#4280,15.);
#4280 = AXIS2_PLACEMENT_3D('',#4281,#4282,#4283);
#4281 = CARTESIAN_POINT('',(0.,0.,1.26E+03));
#4282 = DIRECTION('',(0.,0.,1.));
#4283 = DIRECTION('',(1.,0.,0.));
#4284 = ORIENTED_EDGE('',*,*,#4065,.T.);
#4285 = ORIENTED_EDGE('',*,*,#4118,.T.);
#4286 = ORIENTED_EDGE('',*,*,#4287,.T.);
#4287 = EDGE_CURVE('',#4110,#4253,#4288,.T.);
#4288 = CIRCLE('',#4289,15.);
#4289 = AXIS2_PLACEMENT_3D('',#4290,#4291,#4292);
#4290 = CARTESIAN_POINT('',(0.,0.,1.26E+03));
#4291 = DIRECTION('',(0.,0.,1.));
#4292 = DIRECTION('',(1.,0.,0.));
#4293 = CYLINDRICAL_SURFACE('',#4294,15.);
#4294 = AXIS2_PLACEMENT_3D('',#4295,#4296,#4297);
#4295 = CARTESIAN_POINT('',(0.,0.,1.26E+03));
#4296 = DIRECTION('',(0.,0.,1.));
#4297 = DIRECTION('',(1.,0.,0.));
#4298 = ADVANCED_FACE('',(#4299),#4305,.F.);
#4299 = FACE_BOUND('',#4300,.F.);
#4300 = EDGE_LOOP('',(#4301,#4302,#4303,#4304));
#4301 = ORIENTED_EDGE('',*,*,#4287,.T.);
#4302 = ORIENTED_EDGE('',*,*,#4270,.T.);
#4303 = ORIENTED_EDGE('',*,*,#4198,.F.);
#4304 = ORIENTED_EDGE('',*,*,#4109,.F.);
#4305 = PLANE('',#4306);
#4306 = AXIS2_PLACEMENT_3D('',#4307,#4308,#4309);
#4307 = CARTESIAN_POINT('',(0.,0.,1.26E+03));
#4308 = DIRECTION('',(0.,0.,1.));
#4309 = DIRECTION('',(1.,0.,0.));
#4310 = ADVANCED_FACE('',(#4311),#4316,.F.);
#4311 = FACE_BOUND('',#4312,.F.);
#4312 = EDGE_LOOP('',(#4313,#4314,#4315));
#4313 = ORIENTED_EDGE('',*,*,#4152,.F.);
#4314 = ORIENTED_EDGE('',*,*,#4278,.T.);
#4315 = ORIENTED_EDGE('',*,*,#4082,.F.);
#4316 = PLANE('',#4317);
#4317 = AXIS2_PLACEMENT_3D('',#4318,#4319,#4320);
#4318 = CARTESIAN_POINT('',(0.,0.,1.26E+03));
#4319 = DIRECTION('',(0.,0.,1.));
#4320 = DIRECTION('',(1.,0.,0.));
#4321 = ADVANCED_FACE('',(#4322),#4325,.F.);
#4322 = FACE_BOUND('',#4323,.T.);
#4323 = EDGE_LOOP('',(#4324));
#4324 = ORIENTED_EDGE('',*,*,#4234,.F.);
#4325 = PLANE('',#4326);
#4326 = AXIS2_PLACEMENT_3D('',#4327,#4328,#4329);
#4327 = CARTESIAN_POINT('',(0.,300.,910.));
#4328 = DIRECTION('',(0.,0.,1.));
#4329 = DIRECTION('',(1.,0.,0.));
#4330 = ADVANCED_FACE('',(#4331),#4334,.T.);
#4331 = FACE_BOUND('',#4332,.T.);
#4332 = EDGE_LOOP('',(#4333));
#4333 = ORIENTED_EDGE('',*,*,#4262,.T.);
#4334 = PLANE('',#4335);
#4335 = AXIS2_PLACEMENT_3D('',#4336,#4337,#4338);
#4336 = CARTESIAN_POINT('',(0.,0.,1.937E+03));
#4337 = DIRECTION('',(0.,0.,1.));
#4338 = DIRECTION('',(1.,0.,0.));
#4339 = MANIFOLD_SOLID_BREP('',#4340);
#4340 = CLOSED_SHELL('',(#4341,#4924,#4963,#4987,#5011,#5036,#5075,#5099
    ,#5123,#5148,#5187,#5211,#5235,#5260,#5302,#5313,#5338,#5365,#5404,
    #5428,#5452,#5477,#5494,#5506,#5523,#5535,#5552,#5564,#5573,#5582,
    #5599));
#4341 = ADVANCED_FACE('',(#4342,#4346,#4430,#4508,#4596,#4710,#4810),
  #4888,.T.);
#4342 = FACE_BOUND('',#4343,.T.);
#4343 = VERTEX_LOOP('',#4344);
#4344 = VERTEX_POINT('',#4345);
#4345 = CARTESIAN_POINT('',(6.73555739531E-14,-6.748919021978E-30,
    1.937E+03));
#4346 = FACE_BOUND('',#4347,.T.);
#4347 = EDGE_LOOP('',(#4348,#4378,#4391,#4419));
#4348 = ORIENTED_EDGE('',*,*,#4349,.T.);
#4349 = EDGE_CURVE('',#4350,#4352,#4354,.T.);
#4350 = VERTEX_POINT('',#4351);
#4351 = CARTESIAN_POINT('',(-985.277901513,200.,2.381E+03));
#4352 = VERTEX_POINT('',#4353);
#4353 = CARTESIAN_POINT('',(-650.,362.98258273903,2.381E+03));
#4354 = B_SPLINE_CURVE_WITH_KNOTS('',8,(#4355,#4356,#4357,#4358,#4359,
    #4360,#4361,#4362,#4363,#4364,#4365,#4366,#4367,#4368,#4369,#4370,
    #4371,#4372,#4373,#4374,#4375,#4376,#4377),.UNSPECIFIED.,.F.,.F.,(9,
    7,7,9),(0.,0.224212946228,0.604966160933,1.),.UNSPECIFIED.);
#4355 = CARTESIAN_POINT('',(-985.277901513,200.,2.381E+03));
#4356 = CARTESIAN_POINT('',(-977.1657917222,206.68809177094,2.381E+03));
#4357 = CARTESIAN_POINT('',(-968.8976593486,213.18628284789,2.381E+03));
#4358 = CARTESIAN_POINT('',(-960.4885490378,219.50333333261,2.381E+03));
#4359 = CARTESIAN_POINT('',(-951.9516697165,225.64717692287,2.381E+03));
#4360 = CARTESIAN_POINT('',(-943.2985866164,231.62518674448,2.381E+03));
#4361 = CARTESIAN_POINT('',(-934.5393292798,237.4443252629,2.381E+03));
#4362 = CARTESIAN_POINT('',(-925.6824522228,243.11122829505,2.381E+03));
#4363 = CARTESIAN_POINT('',(-901.5408737422,258.00798319368,2.381E+03));
#4364 = CARTESIAN_POINT('',(-886.0880475198,266.96162207003,2.381E+03));
#4365 = CARTESIAN_POINT('',(-870.4116973058,275.52461772641,2.381E+03));
#4366 = CARTESIAN_POINT('',(-854.5407973496,283.72263485337,2.381E+03));
#4367 = CARTESIAN_POINT('',(-838.4994485724,291.57795972737,2.381E+03));
#4368 = CARTESIAN_POINT('',(-822.3073181406,299.1103441954,2.381E+03));
#4369 = CARTESIAN_POINT('',(-805.9799847798,306.33765748166,2.381E+03));
#4370 = CARTESIAN_POINT('',(-772.4612290269,320.47501589803,2.381E+03));
#4371 = CARTESIAN_POINT('',(-755.2623835236,327.36214451275,2.381E+03));
#4372 = CARTESIAN_POINT('',(-737.9470600457,333.95536154909,2.381E+03));
#4373 = CARTESIAN_POINT('',(-720.5276969731,340.26974746098,2.381E+03));
#4374 = CARTESIAN_POINT('',(-703.0149745982,346.31849578952,2.381E+03));
#4375 = CARTESIAN_POINT('',(-685.4179746189,352.11335295804,2.381E+03));
#4376 = CARTESIAN_POINT('',(-667.7442694992,357.66486413339,2.381E+03));
#4377 = CARTESIAN_POINT('',(-650.,362.98258273903,2.381E+03));
#4378 = ORIENTED_EDGE('',*,*,#4379,.T.);
#4379 = EDGE_CURVE('',#4352,#4380,#4382,.T.);
#4380 = VERTEX_POINT('',#4381);
#4381 = CARTESIAN_POINT('',(-650.,362.98258273903,2.393E+03));
#4382 = B_SPLINE_CURVE_WITH_KNOTS('',4,(#4383,#4384,#4385,#4386,#4387,
    #4388,#4389,#4390),.UNSPECIFIED.,.F.,.F.,(5,3,5),(0.,0.570431750167,
    1.),.UNSPECIFIED.);
#4383 = CARTESIAN_POINT('',(-650.,362.98258273903,2.381E+03));
#4384 = CARTESIAN_POINT('',(-650.,363.0108673891,2.382711139222E+03));
#4385 = CARTESIAN_POINT('',(-650.,363.02839671706,2.384422456469E+03));
#4386 = CARTESIAN_POINT('',(-650.,363.03516903116,2.386133850314E+03));
#4387 = CARTESIAN_POINT('',(-650.,363.02818405695,2.389133978132E+03));
#4388 = CARTESIAN_POINT('',(-650.,363.01908341166,2.390422723526E+03));
#4389 = CARTESIAN_POINT('',(-650.,363.0038827332,2.391711412184E+03));
#4390 = CARTESIAN_POINT('',(-650.,362.98258273903,2.393E+03));
#4391 = ORIENTED_EDGE('',*,*,#4392,.F.);
#4392 = EDGE_CURVE('',#4393,#4380,#4395,.T.);
#4393 = VERTEX_POINT('',#4394);
#4394 = CARTESIAN_POINT('',(-985.277901513,200.,2.393E+03));
#4395 = B_SPLINE_CURVE_WITH_KNOTS('',8,(#4396,#4397,#4398,#4399,#4400,
    #4401,#4402,#4403,#4404,#4405,#4406,#4407,#4408,#4409,#4410,#4411,
    #4412,#4413,#4414,#4415,#4416,#4417,#4418),.UNSPECIFIED.,.F.,.F.,(9,
    7,7,9),(0.,0.224212946228,0.604966160932,1.),.UNSPECIFIED.);
#4396 = CARTESIAN_POINT('',(-985.277901513,200.,2.393E+03));
#4397 = CARTESIAN_POINT('',(-977.1657917222,206.68809177094,2.393E+03));
#4398 = CARTESIAN_POINT('',(-968.8976593486,213.18628284789,2.393E+03));
#4399 = CARTESIAN_POINT('',(-960.4885490378,219.5033333326,2.393E+03));
#4400 = CARTESIAN_POINT('',(-951.9516697165,225.64717692287,2.393E+03));
#4401 = CARTESIAN_POINT('',(-943.2985866164,231.62518674448,2.393E+03));
#4402 = CARTESIAN_POINT('',(-934.5393292798,237.4443252629,2.393E+03));
#4403 = CARTESIAN_POINT('',(-925.6824522228,243.11122829505,2.393E+03));
#4404 = CARTESIAN_POINT('',(-901.5408737422,258.00798319367,2.393E+03));
#4405 = CARTESIAN_POINT('',(-886.0880475197,266.96162207006,2.393E+03));
#4406 = CARTESIAN_POINT('',(-870.411697306,275.52461772635,2.393E+03));
#4407 = CARTESIAN_POINT('',(-854.5407973494,283.72263485343,2.393E+03));
#4408 = CARTESIAN_POINT('',(-838.4994485726,291.57795972732,2.393E+03));
#4409 = CARTESIAN_POINT('',(-822.3073181406,299.11034419542,2.393E+03));
#4410 = CARTESIAN_POINT('',(-805.9799847798,306.33765748166,2.393E+03));
#4411 = CARTESIAN_POINT('',(-772.4612290269,320.47501589806,2.393E+03));
#4412 = CARTESIAN_POINT('',(-755.2623835238,327.36214451269,2.393E+03));
#4413 = CARTESIAN_POINT('',(-737.9470600455,333.95536154915,2.393E+03));
#4414 = CARTESIAN_POINT('',(-720.5276969731,340.26974746099,2.393E+03));
#4415 = CARTESIAN_POINT('',(-703.0149745983,346.31849578946,2.393E+03));
#4416 = CARTESIAN_POINT('',(-685.4179746188,352.11335295809,2.393E+03));
#4417 = CARTESIAN_POINT('',(-667.7442694993,357.66486413337,2.393E+03));
#4418 = CARTESIAN_POINT('',(-650.,362.98258273903,2.393E+03));
#4419 = ORIENTED_EDGE('',*,*,#4420,.F.);
#4420 = EDGE_CURVE('',#4350,#4393,#4421,.T.);
#4421 = B_SPLINE_CURVE_WITH_KNOTS('',4,(#4422,#4423,#4424,#4425,#4426,
    #4427,#4428,#4429),.UNSPECIFIED.,.F.,.F.,(5,3,5),(0.,0.573360331995,
    1.),.UNSPECIFIED.);
#4422 = CARTESIAN_POINT('',(-985.277901513,200.,2.381E+03));
#4423 = CARTESIAN_POINT('',(-985.3404634626,200.,2.382719322804E+03));
#4424 = CARTESIAN_POINT('',(-985.3791486227,200.,2.38443951408E+03));
#4425 = CARTESIAN_POINT('',(-985.393893487,200.,2.386160081211E+03));
#4426 = CARTESIAN_POINT('',(-985.3778720343,200.,2.38916069719E+03));
#4427 = CARTESIAN_POINT('',(-985.3577864039,200.,2.390440805723E+03));
#4428 = CARTESIAN_POINT('',(-985.3244540598,200.,2.391720646403E+03));
#4429 = CARTESIAN_POINT('',(-985.277901513,200.,2.393E+03));
#4430 = FACE_BOUND('',#4431,.T.);
#4431 = EDGE_LOOP('',(#4432,#4462,#4472,#4500));
#4432 = ORIENTED_EDGE('',*,*,#4433,.T.);
#4433 = EDGE_CURVE('',#4434,#4436,#4438,.T.);
#4434 = VERTEX_POINT('',#4435);
#4435 = CARTESIAN_POINT('',(-985.277901513,-6.,2.187E+03));
#4436 = VERTEX_POINT('',#4437);
#4437 = CARTESIAN_POINT('',(-650.,-6.,2.024017417261E+03));
#4438 = B_SPLINE_CURVE_WITH_KNOTS('',8,(#4439,#4440,#4441,#4442,#4443,
    #4444,#4445,#4446,#4447,#4448,#4449,#4450,#4451,#4452,#4453,#4454,
    #4455,#4456,#4457,#4458,#4459,#4460,#4461),.UNSPECIFIED.,.F.,.F.,(9,
    7,7,9),(0.,0.207175275997,0.578137804658,1.),.UNSPECIFIED.);
#4439 = CARTESIAN_POINT('',(-985.277901513,-6.,2.187E+03));
#4440 = CARTESIAN_POINT('',(-977.7822291138,-6.,2.180820134813E+03));
#4441 = CARTESIAN_POINT('',(-970.153295444,-6.,2.174802364724E+03));
#4442 = CARTESIAN_POINT('',(-962.4030150471,-6.,2.168939822358E+03));
#4443 = CARTESIAN_POINT('',(-954.5419459751,-6.,2.163226217842E+03));
#4444 = CARTESIAN_POINT('',(-946.5794162396,-6.,2.157655665104E+03));
#4445 = CARTESIAN_POINT('',(-938.5235980541,-6.,2.152222579764E+03));
#4446 = CARTESIAN_POINT('',(-930.3815517008,-6.,2.146921618939E+03));
#4447 = CARTESIAN_POINT('',(-907.4366459715,-6.,2.132483232547E+03));
#4448 = CARTESIAN_POINT('',(-892.4587987285,-6.,2.123627219745E+03));
#4449 = CARTESIAN_POINT('',(-877.2599343523,-6.,2.11514967721E+03));
#4450 = CARTESIAN_POINT('',(-861.8683748655,-6.,2.107026055735E+03));
#4451 = CARTESIAN_POINT('',(-846.3077235228,-6.,2.099234970385E+03));
#4452 = CARTESIAN_POINT('',(-830.5972867064,-6.,2.091757408637E+03));
#4453 = CARTESIAN_POINT('',(-814.7524026921,-6.,2.084576122809E+03));
#4454 = CARTESIAN_POINT('',(-780.6258779111,-6.,2.069827657325E+03));
#4455 = CARTESIAN_POINT('',(-762.3106399488,-6.,2.062343783497E+03));
#4456 = CARTESIAN_POINT('',(-743.857574359,-6.,2.05520100901E+03));
#4457 = CARTESIAN_POINT('',(-725.2825275368,-6.,2.048380376933E+03));
#4458 = CARTESIAN_POINT('',(-706.5989553013,-6.,2.041865465033E+03));
#4459 = CARTESIAN_POINT('',(-687.8181556799,-6.,2.035641753664E+03));
#4460 = CARTESIAN_POINT('',(-668.9493911922,-6.,2.029696294609E+03));
#4461 = CARTESIAN_POINT('',(-650.,-6.,2.024017417261E+03));
#4462 = ORIENTED_EDGE('',*,*,#4463,.T.);
#4463 = EDGE_CURVE('',#4436,#4464,#4466,.T.);
#4464 = VERTEX_POINT('',#4465);
#4465 = CARTESIAN_POINT('',(-650.,6.,2.024017417261E+03));
#4466 = B_SPLINE_CURVE_WITH_KNOTS('',4,(#4467,#4468,#4469,#4470,#4471),
  .UNSPECIFIED.,.F.,.F.,(5,5),(0.,1.),.PIECEWISE_BEZIER_KNOTS.);
#4467 = CARTESIAN_POINT('',(-650.,-6.,2.024017417261E+03));
#4468 = CARTESIAN_POINT('',(-650.,-3.000275275864,2.023967832655E+03));
#4469 = CARTESIAN_POINT('',(-650.,7.079026103085E-06,2.023951301408E+03)
  );
#4470 = CARTESIAN_POINT('',(-650.,3.000272267965,2.023967832605E+03));
#4471 = CARTESIAN_POINT('',(-650.,6.,2.024017417261E+03));
#4472 = ORIENTED_EDGE('',*,*,#4473,.F.);
#4473 = EDGE_CURVE('',#4474,#4464,#4476,.T.);
#4474 = VERTEX_POINT('',#4475);
#4475 = CARTESIAN_POINT('',(-985.277901513,6.,2.187E+03));
#4476 = B_SPLINE_CURVE_WITH_KNOTS('',8,(#4477,#4478,#4479,#4480,#4481,
    #4482,#4483,#4484,#4485,#4486,#4487,#4488,#4489,#4490,#4491,#4492,
    #4493,#4494,#4495,#4496,#4497,#4498,#4499),.UNSPECIFIED.,.F.,.F.,(9,
    7,7,9),(0.,0.207415510166,0.578420195344,1.),.UNSPECIFIED.);
#4477 = CARTESIAN_POINT('',(-985.277901513,6.,2.187E+03));
#4478 = CARTESIAN_POINT('',(-977.7735374472,6.,2.180812968901E+03));
#4479 = CARTESIAN_POINT('',(-970.1356035547,6.,2.174788409588E+03));
#4480 = CARTESIAN_POINT('',(-962.376055232,6.,2.168919430159E+03));
#4481 = CARTESIAN_POINT('',(-954.5054853476,6.,2.163199719255E+03));
#4482 = CARTESIAN_POINT('',(-946.5332514735,6.,2.157623371272E+03));
#4483 = CARTESIAN_POINT('',(-938.4675505381,6.,2.152184783678E+03));
#4484 = CARTESIAN_POINT('',(-930.3154629057,6.,2.146878596513E+03));
#4485 = CARTESIAN_POINT('',(-907.3575375062,6.,2.132436038224E+03));
#4486 = CARTESIAN_POINT('',(-892.3769368581,6.,2.123580801727E+03));
#4487 = CARTESIAN_POINT('',(-877.1753880466,6.,2.115104019602E+03));
#4488 = CARTESIAN_POINT('',(-861.7812024925,6.,2.106981144733E+03));
#4489 = CARTESIAN_POINT('',(-846.2179748,6.,2.099190794316E+03));
#4490 = CARTESIAN_POINT('',(-830.5050044927,6.,2.09171395801E+03));
#4491 = CARTESIAN_POINT('',(-814.6576246683,6.,2.084533390483E+03));
#4492 = CARTESIAN_POINT('',(-780.5400581993,6.,2.069792593832E+03));
#4493 = CARTESIAN_POINT('',(-762.2365271131,6.,2.062315098551E+03));
#4494 = CARTESIAN_POINT('',(-743.795406532,6.,2.055178183003E+03));
#4495 = CARTESIAN_POINT('',(-725.2325035458,6.,2.048362934592E+03));
#4496 = CARTESIAN_POINT('',(-706.5612421592,6.,2.041852967775E+03));
#4497 = CARTESIAN_POINT('',(-687.7928951844,6.,2.035633794308E+03));
#4498 = CARTESIAN_POINT('',(-668.9367061434,6.,2.02969249307E+03));
#4499 = CARTESIAN_POINT('',(-650.,6.,2.024017417261E+03));
#4500 = ORIENTED_EDGE('',*,*,#4501,.F.);
#4501 = EDGE_CURVE('',#4434,#4474,#4502,.T.);
#4502 = B_SPLINE_CURVE_WITH_KNOTS('',4,(#4503,#4504,#4505,#4506,#4507),
  .UNSPECIFIED.,.F.,.F.,(5,5),(0.,1.),.PIECEWISE_BEZIER_KNOTS.);
#4503 = CARTESIAN_POINT('',(-985.277901513,-6.,2.187E+03));
#4504 = CARTESIAN_POINT('',(-985.3870156763,-3.00133275407,2.187E+03));
#4505 = CARTESIAN_POINT('',(-985.4235002614,2.646771690706E-13,2.187E+03
    ));
#4506 = CARTESIAN_POINT('',(-985.3870156763,3.00133275407,2.187E+03));
#4507 = CARTESIAN_POINT('',(-985.277901513,6.,2.187E+03));
#4508 = FACE_BOUND('',#4509,.T.);
#4509 = EDGE_LOOP('',(#4510,#4540,#4557,#4585));
#4510 = ORIENTED_EDGE('',*,*,#4511,.F.);
#4511 = EDGE_CURVE('',#4512,#4514,#4516,.T.);
#4512 = VERTEX_POINT('',#4513);
#4513 = CARTESIAN_POINT('',(-650.,-362.982582739,2.393E+03));
#4514 = VERTEX_POINT('',#4515);
#4515 = CARTESIAN_POINT('',(-985.277901513,-200.,2.393E+03));
#4516 = B_SPLINE_CURVE_WITH_KNOTS('',8,(#4517,#4518,#4519,#4520,#4521,
    #4522,#4523,#4524,#4525,#4526,#4527,#4528,#4529,#4530,#4531,#4532,
    #4533,#4534,#4535,#4536,#4537,#4538,#4539),.UNSPECIFIED.,.F.,.F.,(9,
    7,7,9),(0.,0.32880861453,0.652625866395,1.),.UNSPECIFIED.);
#4517 = CARTESIAN_POINT('',(-650.,-362.982582739,2.393E+03));
#4518 = CARTESIAN_POINT('',(-664.7696403236,-358.5563204377,2.393E+03));
#4519 = CARTESIAN_POINT('',(-679.4905473775,-353.968033973,2.393E+03));
#4520 = CARTESIAN_POINT('',(-694.1590515333,-349.2122469992,2.393E+03));
#4521 = CARTESIAN_POINT('',(-708.7708467165,-344.2829972287,2.393E+03));
#4522 = CARTESIAN_POINT('',(-723.3209609749,-339.173753161,2.393E+03));
#4523 = CARTESIAN_POINT('',(-737.8037204466,-333.8773113243,2.393E+03));
#4524 = CARTESIAN_POINT('',(-752.2126931728,-328.3856358014,2.393E+03));
#4525 = CARTESIAN_POINT('',(-780.6510055327,-317.08003444,2.393E+03));
#4526 = CARTESIAN_POINT('',(-794.6821874095,-311.2725048115,2.393E+03));
#4527 = CARTESIAN_POINT('',(-808.6275546721,-305.2581842738,2.393E+03));
#4528 = CARTESIAN_POINT('',(-822.4790045758,-299.0274819822,2.393E+03));
#4529 = CARTESIAN_POINT('',(-836.2268394948,-292.5698730026,2.393E+03));
#4530 = CARTESIAN_POINT('',(-849.8596718833,-285.8736964809,2.393E+03));
#4531 = CARTESIAN_POINT('',(-863.364254323,-278.9257940616,2.393E+03));
#4532 = CARTESIAN_POINT('',(-891.0580634722,-263.9710552174,2.393E+03));
#4533 = CARTESIAN_POINT('',(-905.222649311,-255.9255608476,2.393E+03));
#4534 = CARTESIAN_POINT('',(-919.2023637905,-247.5544375694,2.393E+03));
#4535 = CARTESIAN_POINT('',(-932.9742014548,-238.8364834991,2.393E+03));
#4536 = CARTESIAN_POINT('',(-946.5085186275,-229.7489436525,2.393E+03));
#4537 = CARTESIAN_POINT('',(-959.7685357282,-220.2667989405,2.393E+03));
#4538 = CARTESIAN_POINT('',(-972.7097529797,-210.3619074383,2.393E+03));
#4539 = CARTESIAN_POINT('',(-985.277901513,-200.,2.393E+03));
#4540 = ORIENTED_EDGE('',*,*,#4541,.T.);
#4541 = EDGE_CURVE('',#4512,#4542,#4544,.T.);
#4542 = VERTEX_POINT('',#4543);
#4543 = CARTESIAN_POINT('',(-650.,-362.982582739,2.381E+03));
#4544 = B_SPLINE_CURVE_WITH_KNOTS('',6,(#4545,#4546,#4547,#4548,#4549,
    #4550,#4551,#4552,#4553,#4554,#4555,#4556),.UNSPECIFIED.,.F.,.F.,(7,
    5,7),(0.,0.564996248345,1.),.UNSPECIFIED.);
#4545 = CARTESIAN_POINT('',(-650.,-362.982582739,2.393E+03));
#4546 = CARTESIAN_POINT('',(-650.,-363.0012594927,2.391870110618E+03));
#4547 = CARTESIAN_POINT('',(-650.,-363.0157157163,2.390740151285E+03));
#4548 = CARTESIAN_POINT('',(-650.,-363.0259510797,2.389610141832E+03));
#4549 = CARTESIAN_POINT('',(-650.,-363.0319653783,2.388480102025E+03));
#4550 = CARTESIAN_POINT('',(-650.,-363.0337585329,2.387350051696E+03));
#4551 = CARTESIAN_POINT('',(-650.,-363.0294612563,2.385349965594E+03));
#4552 = CARTESIAN_POINT('',(-650.,-363.0250897341,2.384479926037E+03));
#4553 = CARTESIAN_POINT('',(-650.,-363.0182160385,2.383609900718E+03));
#4554 = CARTESIAN_POINT('',(-650.,-363.0088402304,2.38273989857E+03));
#4555 = CARTESIAN_POINT('',(-650.,-362.9969624144,2.381869928622E+03));
#4556 = CARTESIAN_POINT('',(-650.,-362.982582739,2.381E+03));
#4557 = ORIENTED_EDGE('',*,*,#4558,.T.);
#4558 = EDGE_CURVE('',#4542,#4559,#4561,.T.);
#4559 = VERTEX_POINT('',#4560);
#4560 = CARTESIAN_POINT('',(-985.277901513,-200.,2.381E+03));
#4561 = B_SPLINE_CURVE_WITH_KNOTS('',8,(#4562,#4563,#4564,#4565,#4566,
    #4567,#4568,#4569,#4570,#4571,#4572,#4573,#4574,#4575,#4576,#4577,
    #4578,#4579,#4580,#4581,#4582,#4583,#4584),.UNSPECIFIED.,.F.,.F.,(9,
    7,7,9),(0.,0.328808614529,0.652625866394,1.),.UNSPECIFIED.);
#4562 = CARTESIAN_POINT('',(-650.,-362.982582739,2.381E+03));
#4563 = CARTESIAN_POINT('',(-664.7696403236,-358.5563204377,2.381E+03));
#4564 = CARTESIAN_POINT('',(-679.4905473776,-353.968033973,2.381E+03));
#4565 = CARTESIAN_POINT('',(-694.1590515332,-349.2122469992,2.381E+03));
#4566 = CARTESIAN_POINT('',(-708.7708467165,-344.2829972287,2.381E+03));
#4567 = CARTESIAN_POINT('',(-723.3209609751,-339.173753161,2.381E+03));
#4568 = CARTESIAN_POINT('',(-737.8037204465,-333.8773113244,2.381E+03));
#4569 = CARTESIAN_POINT('',(-752.2126931729,-328.3856358014,2.381E+03));
#4570 = CARTESIAN_POINT('',(-780.6510055327,-317.08003444,2.381E+03));
#4571 = CARTESIAN_POINT('',(-794.6821874095,-311.2725048115,2.381E+03));
#4572 = CARTESIAN_POINT('',(-808.627554672,-305.2581842738,2.381E+03));
#4573 = CARTESIAN_POINT('',(-822.4790045758,-299.0274819822,2.381E+03));
#4574 = CARTESIAN_POINT('',(-836.2268394948,-292.5698730026,2.381E+03));
#4575 = CARTESIAN_POINT('',(-849.8596718833,-285.8736964809,2.381E+03));
#4576 = CARTESIAN_POINT('',(-863.364254323,-278.9257940616,2.381E+03));
#4577 = CARTESIAN_POINT('',(-891.0580634722,-263.9710552174,2.381E+03));
#4578 = CARTESIAN_POINT('',(-905.222649311,-255.9255608476,2.381E+03));
#4579 = CARTESIAN_POINT('',(-919.2023637905,-247.5544375694,2.381E+03));
#4580 = CARTESIAN_POINT('',(-932.9742014548,-238.8364834991,2.381E+03));
#4581 = CARTESIAN_POINT('',(-946.5085186275,-229.7489436525,2.381E+03));
#4582 = CARTESIAN_POINT('',(-959.7685357282,-220.2667989405,2.381E+03));
#4583 = CARTESIAN_POINT('',(-972.7097529797,-210.3619074383,2.381E+03));
#4584 = CARTESIAN_POINT('',(-985.277901513,-200.,2.381E+03));
#4585 = ORIENTED_EDGE('',*,*,#4586,.F.);
#4586 = EDGE_CURVE('',#4514,#4559,#4587,.T.);
#4587 = B_SPLINE_CURVE_WITH_KNOTS('',7,(#4588,#4589,#4590,#4591,#4592,
    #4593,#4594,#4595),.UNSPECIFIED.,.F.,.F.,(8,8),(0.,1.),
  .PIECEWISE_BEZIER_KNOTS.);
#4588 = CARTESIAN_POINT('',(-985.277901513,-200.,2.393E+03));
#4589 = CARTESIAN_POINT('',(-985.3402525951,-200.,2.391286472242E+03));
#4590 = CARTESIAN_POINT('',(-985.3818522201,-200.,2.389572184599E+03));
#4591 = CARTESIAN_POINT('',(-985.4026616002,-200.,2.387857443023E+03));
#4592 = CARTESIAN_POINT('',(-985.4026615159,-200.,2.386142552117E+03));
#4593 = CARTESIAN_POINT('',(-985.3818521112,-200.,2.384427814154E+03));
#4594 = CARTESIAN_POINT('',(-985.3402526902,-200.,2.382713530372E+03));
#4595 = CARTESIAN_POINT('',(-985.277901513,-200.,2.381E+03));
#4596 = FACE_BOUND('',#4597,.T.);
#4597 = EDGE_LOOP('',(#4598,#4642,#4684));
#4598 = ORIENTED_EDGE('',*,*,#4599,.T.);
#4599 = EDGE_CURVE('',#4600,#4602,#4604,.T.);
#4600 = VERTEX_POINT('',#4601);
#4601 = CARTESIAN_POINT('',(720.56348075562,270.,2.593657029554E+03));
#4602 = VERTEX_POINT('',#4603);
#4603 = CARTESIAN_POINT('',(695.6386225776,338.77761572293,
    2.469123513084E+03));
#4604 = B_SPLINE_CURVE_WITH_KNOTS('',8,(#4605,#4606,#4607,#4608,#4609,
    #4610,#4611,#4612,#4613,#4614,#4615,#4616,#4617,#4618,#4619,#4620,
    #4621,#4622,#4623,#4624,#4625,#4626,#4627,#4628,#4629,#4630,#4631,
    #4632,#4633,#4634,#4635,#4636,#4637,#4638,#4639,#4640,#4641),
  .UNSPECIFIED.,.F.,.F.,(9,7,7,7,7,9),(0.,0.249025528569,0.454388781539,
    0.634274288594,0.767035484812,1.),.UNSPECIFIED.);
#4605 = CARTESIAN_POINT('',(720.56348161025,269.99999911111,
    2.593657030217E+03));
#4606 = CARTESIAN_POINT('',(717.77308114297,272.90225350197,
    2.591493475378E+03));
#4607 = CARTESIAN_POINT('',(715.06606456624,275.79906402868,
    2.589208701761E+03));
#4608 = CARTESIAN_POINT('',(712.44384739351,278.68706703309,
    2.586802260693E+03));
#4609 = CARTESIAN_POINT('',(709.90894587473,281.56266380004,
    2.584273232527E+03));
#4610 = CARTESIAN_POINT('',(707.46485456982,284.42200156382,
    2.581620313292E+03));
#4611 = CARTESIAN_POINT('',(705.11599902922,287.26096379718,
    2.578841844898E+03));
#4612 = CARTESIAN_POINT('',(702.86777708122,290.07515987358,
    2.575935759925E+03));
#4613 = CARTESIAN_POINT('',(698.96102743779,295.1563922496,
    2.570395434601E+03));
#4614 = CARTESIAN_POINT('',(697.26844516821,297.43255919912,
    2.567803186396E+03));
#4615 = CARTESIAN_POINT('',(695.65254304898,299.68583048623,
    2.565121172811E+03));
#4616 = CARTESIAN_POINT('',(694.11768196276,301.91316715386,
    2.562347981169E+03));
#4617 = CARTESIAN_POINT('',(692.66897187317,304.11107958288,
    2.559482317957E+03));
#4618 = CARTESIAN_POINT('',(691.31226566698,306.27564205108,
    2.556523036612E+03));
#4619 = CARTESIAN_POINT('',(690.054194313,308.40250183882,
    2.553469135841E+03));
#4620 = CARTESIAN_POINT('',(687.89324925588,312.31265997981,
    2.547561005031E+03));
#4621 = CARTESIAN_POINT('',(686.96580868913,314.10559928369,
    2.544729379987E+03));
#4622 = CARTESIAN_POINT('',(686.12493544809,315.86252976546,
    2.541824205647E+03));
#4623 = CARTESIAN_POINT('',(685.376318297,317.57970888409,
    2.538845394992E+03));
#4624 = CARTESIAN_POINT('',(684.72627610833,319.25286766187,
    2.535793475697E+03));
#4625 = CARTESIAN_POINT('',(684.18168692973,320.87726700143,
    2.532669669676E+03));
#4626 = CARTESIAN_POINT('',(683.74991426884,322.44775897031,
    2.529475978215E+03));
#4627 = CARTESIAN_POINT('',(683.2090671988,325.07408830042,
    2.523808768867E+03));
#4628 = CARTESIAN_POINT('',(683.04510476016,326.15688399109,
    2.521365949339E+03));
#4629 = CARTESIAN_POINT('',(682.94996351079,327.20498190927,
    2.518888106266E+03));
#4630 = CARTESIAN_POINT('',(682.92687612104,328.21594757547,
    2.516376990077E+03));
#4631 = CARTESIAN_POINT('',(682.97912821894,329.18721178068,
    2.513834841849E+03));
#4632 = CARTESIAN_POINT('',(683.10997726486,330.11612030154,
    2.511264431091E+03));
#4633 = CARTESIAN_POINT('',(683.32254978281,330.99999179628,
    2.508669098945E+03));
#4634 = CARTESIAN_POINT('',(684.14117507469,333.30350331856,
    2.501461832577E+03));
#4635 = CARTESIAN_POINT('',(684.92363869524,334.6254820478,
    2.496801709872E+03));
#4636 = CARTESIAN_POINT('',(685.98285435655,335.78543692073,
    2.492099541221E+03));
#4637 = CARTESIAN_POINT('',(687.33071368545,336.76906583625,
    2.487385673739E+03));
#4638 = CARTESIAN_POINT('',(688.97418215276,337.56510639639,
    2.482693585585E+03));
#4639 = CARTESIAN_POINT('',(690.91384306543,338.16608342366,
    2.478059648992E+03));
#4640 = CARTESIAN_POINT('',(693.14197544477,338.56914570548,
    2.473522762165E+03));
#4641 = CARTESIAN_POINT('',(695.6386225776,338.77761572293,
    2.469123513084E+03));
#4642 = ORIENTED_EDGE('',*,*,#4643,.T.);
#4643 = EDGE_CURVE('',#4602,#4644,#4646,.T.);
#4644 = VERTEX_POINT('',#4645);
#4645 = CARTESIAN_POINT('',(860.34769639555,270.,2.462656208414E+03));
#4646 = B_SPLINE_CURVE_WITH_KNOTS('',8,(#4647,#4648,#4649,#4650,#4651,
    #4652,#4653,#4654,#4655,#4656,#4657,#4658,#4659,#4660,#4661,#4662,
    #4663,#4664,#4665,#4666,#4667,#4668,#4669,#4670,#4671,#4672,#4673,
    #4674,#4675,#4676,#4677,#4678,#4679,#4680,#4681,#4682,#4683),
  .UNSPECIFIED.,.F.,.F.,(9,7,7,7,7,9),(0.,0.104108379726,0.256693750547,
    0.497893399213,0.818329793891,1.),.UNSPECIFIED.);
#4647 = CARTESIAN_POINT('',(695.6386225776,338.77761572293,
    2.469123513084E+03));
#4648 = CARTESIAN_POINT('',(697.0725832708,338.89735143039,
    2.466596784265E+03));
#4649 = CARTESIAN_POINT('',(698.59575014834,338.95294659475,
    2.464114354273E+03));
#4650 = CARTESIAN_POINT('',(700.20488595446,338.94496785775,
    2.461683260441E+03));
#4651 = CARTESIAN_POINT('',(701.89619320084,338.87460392086,
    2.459309697209E+03));
#4652 = CARTESIAN_POINT('',(703.66542224001,338.74353096623,
    2.456999101939E+03));
#4653 = CARTESIAN_POINT('',(705.50795697583,338.5538042004,
    2.454756223392E+03));
#4654 = CARTESIAN_POINT('',(707.41887821108,338.30777552078,
    2.452585172856E+03));
#4655 = CARTESIAN_POINT('',(712.28636261938,337.56872908664,
    2.447417895032E+03));
#4656 = CARTESIAN_POINT('',(715.31564624269,337.0140231767,
    2.444507997962E+03));
#4657 = CARTESIAN_POINT('',(718.4655486461,336.35191017114,
    2.441769800133E+03));
#4658 = CARTESIAN_POINT('',(721.72090538051,335.59108802939,
    2.439209730581E+03));
#4659 = CARTESIAN_POINT('',(725.06716629083,334.74027847239,
    2.436831592459E+03));
#4660 = CARTESIAN_POINT('',(728.49069320764,333.80785617522,
    2.434637161923E+03));
#4661 = CARTESIAN_POINT('',(731.97898789601,332.80163222464,
    2.432626614705E+03));
#4662 = CARTESIAN_POINT('',(741.11992627654,330.0324880036,
    2.427909962301E+03));
#4663 = CARTESIAN_POINT('',(746.8506665238,328.17019905197,
    2.425479221524E+03));
#4664 = CARTESIAN_POINT('',(752.67332397436,326.16850401859,
    2.423500134459E+03));
#4665 = CARTESIAN_POINT('',(758.55129496778,324.05038896399,
    2.421963988126E+03));
#4666 = CARTESIAN_POINT('',(764.45131347382,321.83523266525,
    2.420860159897E+03));
#4667 = CARTESIAN_POINT('',(770.34361303275,319.53889742031,
    2.420176618601E+03));
#4668 = CARTESIAN_POINT('',(776.20211412907,317.17373521343,
    2.419900776636E+03));
#4669 = CARTESIAN_POINT('',(789.71324392059,311.52649706989,
    2.420180055658E+03));
#4670 = CARTESIAN_POINT('',(797.31952539765,308.19991023417,
    2.421037854875E+03));
#4671 = CARTESIAN_POINT('',(804.76684417903,304.79128168422,
    2.422564995829E+03));
#4672 = CARTESIAN_POINT('',(811.99918876848,301.31713421046,
    2.424731994364E+03));
#4673 = CARTESIAN_POINT('',(818.96287422469,297.78883606488,
    2.427505541669E+03));
#4674 = CARTESIAN_POINT('',(825.60734476197,294.21335563248,
    2.43084829149E+03));
#4675 = CARTESIAN_POINT('',(831.88649867276,290.59465286406,
    2.434718578414E+03));
#4676 = CARTESIAN_POINT('',(841.08921041079,284.86014981241,
    2.44153950813E+03));
#4677 = CARTESIAN_POINT('',(844.28800090183,282.77236903963,
    2.444162325482E+03));
#4678 = CARTESIAN_POINT('',(847.34824192496,280.67222473869,
    2.446931617312E+03));
#4679 = CARTESIAN_POINT('',(850.26287361356,278.56013677633,
    2.449838556591E+03));
#4680 = CARTESIAN_POINT('',(853.02549189241,276.43645260162,
    2.45287397562E+03));
#4681 = CARTESIAN_POINT('',(855.63038718595,274.3015335949,
    2.456028449634E+03));
#4682 = CARTESIAN_POINT('',(858.07255770812,272.15583781022,
    2.459292398971E+03));
#4683 = CARTESIAN_POINT('',(860.34769733363,269.99999911111,
    2.462656209801E+03));
#4684 = ORIENTED_EDGE('',*,*,#4685,.F.);
#4685 = EDGE_CURVE('',#4600,#4644,#4686,.T.);
#4686 = B_SPLINE_CURVE_WITH_KNOTS('',8,(#4687,#4688,#4689,#4690,#4691,
    #4692,#4693,#4694,#4695,#4696,#4697,#4698,#4699,#4700,#4701,#4702,
    #4703,#4704,#4705,#4706,#4707,#4708,#4709),.UNSPECIFIED.,.F.,.F.,(9,
    7,7,9),(0.,0.389352576123,0.696738815448,1.),.UNSPECIFIED.);
#4687 = CARTESIAN_POINT('',(683.00682352935,270.,2.614E+03));
#4688 = CARTESIAN_POINT('',(695.28201246532,270.,2.607818882094E+03));
#4689 = CARTESIAN_POINT('',(707.42687112607,270.,2.601384078855E+03));
#4690 = CARTESIAN_POINT('',(719.42862582193,270.,2.594679112845E+03));
#4691 = CARTESIAN_POINT('',(731.26941068595,270.,2.587686264344E+03));
#4692 = CARTESIAN_POINT('',(742.9260918407,270.,2.580386297358E+03));
#4693 = CARTESIAN_POINT('',(754.36983402979,270.,2.572757796177E+03));
#4694 = CARTESIAN_POINT('',(765.56559926824,270.,2.564776377023E+03));
#4695 = CARTESIAN_POINT('',(785.07949934336,270.,2.549808346389E+03));
#4696 = CARTESIAN_POINT('',(793.50383495863,270.,2.542968654835E+03));
#4697 = CARTESIAN_POINT('',(801.72408809417,270.,2.535877117176E+03));
#4698 = CARTESIAN_POINT('',(809.71381421943,270.,2.528518601285E+03));
#4699 = CARTESIAN_POINT('',(817.43945226791,270.,2.520878612706E+03));
#4700 = CARTESIAN_POINT('',(824.8603793612,270.,2.512943356442E+03));
#4701 = CARTESIAN_POINT('',(831.92880945207,270.,2.504699643017E+03));
#4702 = CARTESIAN_POINT('',(845.16050688948,270.,2.487684223976E+03));
#4703 = CARTESIAN_POINT('',(851.33347686494,270.,2.478922594286E+03));
#4704 = CARTESIAN_POINT('',(857.05341427839,270.,2.469839700226E+03));
#4705 = CARTESIAN_POINT('',(862.25263393626,270.,2.46043452556E+03));
#4706 = CARTESIAN_POINT('',(866.85418710734,270.,2.450716587767E+03));
#4707 = CARTESIAN_POINT('',(870.77713526536,270.,2.440708376216E+03));
#4708 = CARTESIAN_POINT('',(873.94378894239,270.,2.430448733116E+03));
#4709 = CARTESIAN_POINT('',(876.29497824014,270.,2.42E+03));
#4710 = FACE_BOUND('',#4711,.T.);
#4711 = EDGE_LOOP('',(#4712,#4742));
#4712 = ORIENTED_EDGE('',*,*,#4713,.T.);
#4713 = EDGE_CURVE('',#4714,#4716,#4718,.T.);
#4714 = VERTEX_POINT('',#4715);
#4715 = CARTESIAN_POINT('',(720.56348075562,-270.,2.593657029554E+03));
#4716 = VERTEX_POINT('',#4717);
#4717 = CARTESIAN_POINT('',(860.34769639555,-270.,2.462656208414E+03));
#4718 = B_SPLINE_CURVE_WITH_KNOTS('',8,(#4719,#4720,#4721,#4722,#4723,
    #4724,#4725,#4726,#4727,#4728,#4729,#4730,#4731,#4732,#4733,#4734,
    #4735,#4736,#4737,#4738,#4739,#4740,#4741),.UNSPECIFIED.,.F.,.F.,(9,
    7,7,9),(0.,0.388594395101,0.696147383772,1.),.UNSPECIFIED.);
#4719 = CARTESIAN_POINT('',(683.00682352935,-270.,2.614E+03));
#4720 = CARTESIAN_POINT('',(695.25810073816,-270.,2.60783092274E+03));
#4721 = CARTESIAN_POINT('',(707.37957034128,-270.,2.601409139778E+03));
#4722 = CARTESIAN_POINT('',(719.35851873501,-270.,2.594718275596E+03));
#4723 = CARTESIAN_POINT('',(731.17718647556,-270.,2.587740720588E+03));
#4724 = CARTESIAN_POINT('',(742.81259351088,-270.,2.580457358574E+03));
#4725 = CARTESIAN_POINT('',(754.2361106005,-270.,2.572846910171E+03));
#4726 = CARTESIAN_POINT('',(765.41296199781,-270.,2.564885150327E+03));
#4727 = CARTESIAN_POINT('',(784.91741643464,-270.,2.549939129959E+03));
#4728 = CARTESIAN_POINT('',(793.34970195858,-270.,2.543099909256E+03));
#4729 = CARTESIAN_POINT('',(801.57805689861,-270.,2.536008775515E+03));
#4730 = CARTESIAN_POINT('',(809.5760563389,-270.,2.528650581437E+03));
#4731 = CARTESIAN_POINT('',(817.31015935562,-270.,2.521010809894E+03));
#4732 = CARTESIAN_POINT('',(824.73976221544,-270.,2.51307563425E+03));
#4733 = CARTESIAN_POINT('',(831.81709366304,-270.,2.504831820943E+03));
#4734 = CARTESIAN_POINT('',(845.07618705951,-270.,2.487803827291E+03));
#4735 = CARTESIAN_POINT('',(851.26652142957,-270.,2.479028854272E+03));
#4736 = CARTESIAN_POINT('',(857.00270752092,-270.,2.469931378456E+03));
#4737 = CARTESIAN_POINT('',(862.2167319441,-270.,2.460510305712E+03));
#4738 = CARTESIAN_POINT('',(866.83122495771,-270.,2.450775134296E+03));
#4739 = CARTESIAN_POINT('',(870.76477133203,-270.,2.440748411907E+03));
#4740 = CARTESIAN_POINT('',(873.93919657826,-270.,2.430469141676E+03));
#4741 = CARTESIAN_POINT('',(876.29497824014,-270.,2.42E+03));
#4742 = ORIENTED_EDGE('',*,*,#4743,.T.);
#4743 = EDGE_CURVE('',#4716,#4714,#4744,.T.);
#4744 = B_SPLINE_CURVE_WITH_KNOTS('',8,(#4745,#4746,#4747,#4748,#4749,
    #4750,#4751,#4752,#4753,#4754,#4755,#4756,#4757,#4758,#4759,#4760,
    #4761,#4762,#4763,#4764,#4765,#4766,#4767,#4768,#4769,#4770,#4771,
    #4772,#4773,#4774,#4775,#4776,#4777,#4778,#4779,#4780,#4781,#4782,
    #4783,#4784,#4785,#4786,#4787,#4788,#4789,#4790,#4791,#4792,#4793,
    #4794,#4795,#4796,#4797,#4798,#4799,#4800,#4801,#4802,#4803,#4804,
    #4805,#4806,#4807,#4808,#4809),.UNSPECIFIED.,.F.,.F.,(9,7,7,7,7,7,7,
    7,7,9),(0.,0.146235288472,0.283642863474,0.417324497074,
    0.509051459145,0.613551554677,0.722571711173,0.800961193255,
    0.890025017631,1.),.UNSPECIFIED.);
#4745 = CARTESIAN_POINT('',(860.34769733363,-269.9999991111,
    2.462656209801E+03));
#4746 = CARTESIAN_POINT('',(857.09203424959,-273.0849458058,
    2.457842687757E+03));
#4747 = CARTESIAN_POINT('',(853.49426214301,-276.1492005071,
    2.453233528424E+03));
#4748 = CARTESIAN_POINT('',(849.56706304852,-279.1908199592,
    2.448857058685E+03));
#4749 = CARTESIAN_POINT('',(845.32603195867,-282.2086368565,
    2.444741351217E+03));
#4750 = CARTESIAN_POINT('',(840.78972767097,-285.201816211,
    2.440913541035E+03));
#4751 = CARTESIAN_POINT('',(835.97945198521,-288.1693030018,
    2.437399266743E+03));
#4752 = CARTESIAN_POINT('',(830.91885275696,-291.1092751176,
    2.434222309928E+03));
#4753 = CARTESIAN_POINT('',(820.66710139175,-296.7525233319,
    2.428756803227E+03));
#4754 = CARTESIAN_POINT('',(815.50256695399,-299.4592121517,
    2.426426356933E+03));
#4755 = CARTESIAN_POINT('',(810.16029236936,-302.1366996475,
    2.424430818524E+03));
#4756 = CARTESIAN_POINT('',(804.66222512375,-304.781836318,
    2.422786679621E+03));
#4757 = CARTESIAN_POINT('',(799.03154873516,-307.3900844807,
    2.421509196856E+03));
#4758 = CARTESIAN_POINT('',(793.29244684908,-309.9552567604,
    2.420612396118E+03));
#4759 = CARTESIAN_POINT('',(787.46982721172,-312.4692887068,
    2.42010936161E+03));
#4760 = CARTESIAN_POINT('',(775.86751728259,-317.3082432342,
    2.419919280793E+03));
#4761 = CARTESIAN_POINT('',(770.09325396086,-319.6354818708,
    2.420210516274E+03));
#4762 = CARTESIAN_POINT('',(764.28718765982,-321.8954103407,
    2.420898052273E+03));
#4763 = CARTESIAN_POINT('',(758.47415225926,-324.076188762,
    2.421993965618E+03));
#4764 = CARTESIAN_POINT('',(752.68262132911,-326.1625945422,
    2.423509831993E+03));
#4765 = CARTESIAN_POINT('',(746.94451840885,-328.1360273579,
    2.425455877887E+03));
#4766 = CARTESIAN_POINT('',(741.29505109394,-329.9744441626,
    2.427840433861E+03));
#4767 = CARTESIAN_POINT('',(731.98336107482,-332.8035448376,
    2.432610845556E+03));
#4768 = CARTESIAN_POINT('',(728.25461248239,-333.8789908699,
    2.434761065963E+03));
#4769 = CARTESIAN_POINT('',(724.59993474248,-334.8700509647,
    2.437121474212E+03));
#4770 = CARTESIAN_POINT('',(721.03470816221,-335.7671318991,
    2.439691813271E+03));
#4771 = CARTESIAN_POINT('',(717.5757606996,-336.5599297917,
    2.442469706661E+03));
#4772 = CARTESIAN_POINT('',(714.24105137278,-337.2377257003,
    2.445450085178E+03));
#4773 = CARTESIAN_POINT('',(711.04924260683,-337.7899185979,
    2.448624354004E+03));
#4774 = CARTESIAN_POINT('',(704.56676585892,-338.682272234,
    2.455800728431E+03));
#4775 = CARTESIAN_POINT('',(701.32019829166,-338.9827542336,
    2.459861015289E+03));
#4776 = CARTESIAN_POINT('',(698.31400686919,-339.0929424899,
    2.464133795039E+03));
#4777 = CARTESIAN_POINT('',(695.57536819875,-339.0016587633,
    2.468588351281E+03));
#4778 = CARTESIAN_POINT('',(693.12479084073,-338.7022113278,
    2.47318991736E+03));
#4779 = CARTESIAN_POINT('',(690.97622189256,-338.1929929344,
    2.47789988859E+03));
#4780 = CARTESIAN_POINT('',(689.13647765456,-337.4785628038,
    2.48267569578E+03));
#4781 = CARTESIAN_POINT('',(686.00542546813,-335.6246059738,
    2.492472529196E+03));
#4782 = CARTESIAN_POINT('',(684.73977431163,-334.4671360035,
    2.497499943825E+03));
#4783 = CARTESIAN_POINT('',(683.80373037201,-333.1103761285,
    2.502508340398E+03));
#4784 = CARTESIAN_POINT('',(683.18301446985,-331.5704679862,
    2.507461771874E+03));
#4785 = CARTESIAN_POINT('',(682.85838813587,-329.8654695419,
    2.512331794224E+03));
#4786 = CARTESIAN_POINT('',(682.80806574925,-328.0139119334,
    2.51709683589E+03));
#4787 = CARTESIAN_POINT('',(683.00984910667,-326.0334420611,
    2.521741615801E+03));
#4788 = CARTESIAN_POINT('',(683.7539049035,-322.4342255203,
    2.529503012967E+03));
#4789 = CARTESIAN_POINT('',(684.18464420214,-320.86989561,
    2.532682954978E+03));
#4790 = CARTESIAN_POINT('',(684.72722706866,-319.2521318117,
    2.535793581515E+03));
#4791 = CARTESIAN_POINT('',(685.37438319271,-317.5860166286,
    2.538832918748E+03));
#4792 = CARTESIAN_POINT('',(686.11931994332,-315.8762301606,
    2.54179975955E+03));
#4793 = CARTESIAN_POINT('',(686.95579466488,-314.1269900351,
    2.544693580054E+03));
#4794 = CARTESIAN_POINT('',(687.87818423089,-312.3419961924,
    2.547514461674E+03));
#4795 = CARTESIAN_POINT('',(690.0215486454,-308.4592590542,
    2.553385848198E+03));
#4796 = CARTESIAN_POINT('',(691.26590737171,-306.3523372296,
    2.556414845135E+03));
#4797 = CARTESIAN_POINT('',(692.60730665687,-304.2082804833,
    2.559350881947E+03));
#4798 = CARTESIAN_POINT('',(694.03927276556,-302.0313378237,
    2.562194926908E+03));
#4799 = CARTESIAN_POINT('',(695.55608492953,-299.8253440275,
    2.564948091917E+03));
#4800 = CARTESIAN_POINT('',(697.1527418747,-297.5937107358,
    2.567611633706E+03));
#4801 = CARTESIAN_POINT('',(698.82496757334,-295.3394123639,
    2.57018692716E+03));
#4802 = CARTESIAN_POINT('',(702.72303459648,-290.2565209326,
    2.575748203495E+03));
#4803 = CARTESIAN_POINT('',(704.98634146952,-287.4177957806,
    2.578688169857E+03));
#4804 = CARTESIAN_POINT('',(707.35240115443,-284.5536365301,
    2.581498063878E+03));
#4805 = CARTESIAN_POINT('',(709.81562405235,-281.6685721939,
    2.584180020515E+03));
#4806 = CARTESIAN_POINT('',(712.37143221459,-278.76684389,
    2.586735753119E+03));
#4807 = CARTESIAN_POINT('',(715.01621534318,-275.8524156333,
    2.589166611229E+03));
#4808 = CARTESIAN_POINT('',(717.74738060463,-272.928984253,
    2.591473548301E+03));
#4809 = CARTESIAN_POINT('',(720.56348161025,-269.9999991111,
    2.593657030217E+03));
#4810 = FACE_BOUND('',#4811,.T.);
#4811 = EDGE_LOOP('',(#4812,#4842,#4852,#4880));
#4812 = ORIENTED_EDGE('',*,*,#4813,.T.);
#4813 = EDGE_CURVE('',#4814,#4816,#4818,.T.);
#4814 = VERTEX_POINT('',#4815);
#4815 = CARTESIAN_POINT('',(-985.277901513,6.,2.587E+03));
#4816 = VERTEX_POINT('',#4817);
#4817 = CARTESIAN_POINT('',(-650.,6.,2.749982582739E+03));
#4818 = B_SPLINE_CURVE_WITH_KNOTS('',8,(#4819,#4820,#4821,#4822,#4823,
    #4824,#4825,#4826,#4827,#4828,#4829,#4830,#4831,#4832,#4833,#4834,
    #4835,#4836,#4837,#4838,#4839,#4840,#4841),.UNSPECIFIED.,.F.,.F.,(9,
    7,7,9),(0.,0.205384254761,0.576032200124,1.),.UNSPECIFIED.);
#4819 = CARTESIAN_POINT('',(-985.277901513,6.,2.587E+03));
#4820 = CARTESIAN_POINT('',(-977.8470279498,6.,2.593126441285E+03));
#4821 = CARTESIAN_POINT('',(-970.2851825526,6.,2.599093581754E+03));
#4822 = CARTESIAN_POINT('',(-962.6039780338,6.,2.604908107946E+03));
#4823 = CARTESIAN_POINT('',(-954.813715034,6.,2.610576151123E+03));
#4824 = CARTESIAN_POINT('',(-946.9235028993,6.,2.616103453053E+03));
#4825 = CARTESIAN_POINT('',(-938.9413309104,6.,2.621495463896E+03));
#4826 = CARTESIAN_POINT('',(-930.8741105899,6.,2.626757400208E+03));
#4827 = CARTESIAN_POINT('',(-908.0262577734,6.,2.641164612361E+03));
#4828 = CARTESIAN_POINT('',(-893.0689604765,6.,2.65002640849E+03));
#4829 = CARTESIAN_POINT('',(-877.8901310155,6.,2.658509616205E+03));
#4830 = CARTESIAN_POINT('',(-862.51817055,6.,2.666638800259E+03));
#4831 = CARTESIAN_POINT('',(-846.9767469877,6.,2.674435361296E+03));
#4832 = CARTESIAN_POINT('',(-831.2852178927,6.,2.681918328171E+03));
#4833 = CARTESIAN_POINT('',(-815.4589602477,6.,2.689104965992E+03));
#4834 = CARTESIAN_POINT('',(-781.2656983048,6.,2.703910694355E+03));
#4835 = CARTESIAN_POINT('',(-762.8631998745,6.,2.711442194788E+03));
#4836 = CARTESIAN_POINT('',(-744.3210889265,6.,2.718628705867E+03));
#4837 = CARTESIAN_POINT('',(-725.6555074308,6.,2.725489517506E+03));
#4838 = CARTESIAN_POINT('',(-706.8801502427,6.,2.732041327442E+03));
#4839 = CARTESIAN_POINT('',(-688.0065046706,6.,2.738298891006E+03));
#4840 = CARTESIAN_POINT('',(-669.0439756508,6.,2.744275359703E+03));
#4841 = CARTESIAN_POINT('',(-650.,6.,2.749982582739E+03));
#4842 = ORIENTED_EDGE('',*,*,#4843,.T.);
#4843 = EDGE_CURVE('',#4816,#4844,#4846,.T.);
#4844 = VERTEX_POINT('',#4845);
#4845 = CARTESIAN_POINT('',(-650.,-6.,2.749982582739E+03));
#4846 = B_SPLINE_CURVE_WITH_KNOTS('',4,(#4847,#4848,#4849,#4850,#4851),
  .UNSPECIFIED.,.F.,.F.,(5,5),(0.,1.),.PIECEWISE_BEZIER_KNOTS.);
#4847 = CARTESIAN_POINT('',(-650.,6.,2.749982582739E+03));
#4848 = CARTESIAN_POINT('',(-650.,3.000275009757,2.750032167349E+03));
#4849 = CARTESIAN_POINT('',(-650.,-6.60480048964E-06,2.750048698598E+03)
  );
#4850 = CARTESIAN_POINT('',(-650.,-3.000272783873,2.750032167386E+03));
#4851 = CARTESIAN_POINT('',(-650.,-6.,2.749982582739E+03));
#4852 = ORIENTED_EDGE('',*,*,#4853,.F.);
#4853 = EDGE_CURVE('',#4854,#4844,#4856,.T.);
#4854 = VERTEX_POINT('',#4855);
#4855 = CARTESIAN_POINT('',(-985.277901513,-6.,2.587E+03));
#4856 = B_SPLINE_CURVE_WITH_KNOTS('',8,(#4857,#4858,#4859,#4860,#4861,
    #4862,#4863,#4864,#4865,#4866,#4867,#4868,#4869,#4870,#4871,#4872,
    #4873,#4874,#4875,#4876,#4877,#4878,#4879),.UNSPECIFIED.,.F.,.F.,(9,
    7,7,9),(0.,0.205011341394,0.575593721423,1.),.UNSPECIFIED.);
#4857 = CARTESIAN_POINT('',(-985.277901513,-6.,2.587E+03));
#4858 = CARTESIAN_POINT('',(-977.8605198521,-6.,2.593115317781E+03));
#4859 = CARTESIAN_POINT('',(-970.3126406007,-6.,2.599071913453E+03));
#4860 = CARTESIAN_POINT('',(-962.6458142433,-6.,2.604876436337E+03));
#4861 = CARTESIAN_POINT('',(-954.8702883112,-6.,2.610534985011E+03));
#4862 = CARTESIAN_POINT('',(-946.995127004,-6.,2.616053271483E+03));
#4863 = CARTESIAN_POINT('',(-939.0282818062,-6.,2.621436718217E+03));
#4864 = CARTESIAN_POINT('',(-930.9766334752,-6.,2.626690515687E+03));
#4865 = CARTESIAN_POINT('',(-908.1489854459,-6.,2.6410912211E+03));
#4866 = CARTESIAN_POINT('',(-893.1959718951,-6.,2.649954220443E+03));
#4867 = CARTESIAN_POINT('',(-878.0213187504,-6.,2.658438606855E+03));
#4868 = CARTESIAN_POINT('',(-862.6534436905,-6.,2.666568948298E+03));
#4869 = CARTESIAN_POINT('',(-847.1160280923,-6.,2.674366648682E+03));
#4870 = CARTESIAN_POINT('',(-831.428440215,-6.,2.681850740241E+03));
#4871 = CARTESIAN_POINT('',(-815.6060651041,-6.,2.689038491713E+03));
#4872 = CARTESIAN_POINT('',(-781.3989187261,-6.,2.703856162779E+03));
#4873 = CARTESIAN_POINT('',(-762.9782555467,-6.,2.711397595791E+03));
#4874 = CARTESIAN_POINT('',(-744.4176060936,-6.,2.718593225898E+03));
#4875 = CARTESIAN_POINT('',(-725.7331744439,-6.,2.725462412904E+03));
#4876 = CARTESIAN_POINT('',(-706.9387056384,-6.,2.732021912336E+03));
#4877 = CARTESIAN_POINT('',(-688.0457266837,-6.,2.738286528951E+03));
#4878 = CARTESIAN_POINT('',(-669.0636723335,-6.,2.744269456872E+03));
#4879 = CARTESIAN_POINT('',(-650.,-6.,2.749982582739E+03));
#4880 = ORIENTED_EDGE('',*,*,#4881,.T.);
#4881 = EDGE_CURVE('',#4854,#4814,#4882,.T.);
#4882 = B_SPLINE_CURVE_WITH_KNOTS('',4,(#4883,#4884,#4885,#4886,#4887),
  .UNSPECIFIED.,.F.,.F.,(5,5),(0.,1.),.PIECEWISE_BEZIER_KNOTS.);
#4883 = CARTESIAN_POINT('',(-985.277901513,-6.,2.587E+03));
#4884 = CARTESIAN_POINT('',(-985.3870156763,-3.00133275407,2.587E+03));
#4885 = CARTESIAN_POINT('',(-985.4235002614,-3.357314426466E-13,
    2.587E+03));
#4886 = CARTESIAN_POINT('',(-985.3870156763,3.00133275407,2.587E+03));
#4887 = CARTESIAN_POINT('',(-985.277901513,6.,2.587E+03));
#4888 = ( BOUNDED_SURFACE() B_SPLINE_SURFACE(2,2,(
    (#4889,#4890,#4891,#4892,#4893)
    ,(#4894,#4895,#4896,#4897,#4898)
    ,(#4899,#4900,#4901,#4902,#4903)
    ,(#4904,#4905,#4906,#4907,#4908)
    ,(#4909,#4910,#4911,#4912,#4913)
    ,(#4914,#4915,#4916,#4917,#4918)
    ,(#4919,#4920,#4921,#4922,#4923
)),.UNSPECIFIED.,.T.,.F.,.F.) B_SPLINE_SURFACE_WITH_KNOTS((1,2,2,2,2,1),
  (3,2,3),(-2.094395102393,0.,2.094395102393,4.188790204786,
    6.28318530718,8.377580409573),(-1.570796326795,0.,1.570796326795),
.UNSPECIFIED.) GEOMETRIC_REPRESENTATION_ITEM() RATIONAL_B_SPLINE_SURFACE
((
    (1.,0.707106781187,1.,0.707106781187,1.)
    ,(0.5,0.353553390593,0.5,0.353553390593,0.5)
    ,(1.,0.707106781187,1.,0.707106781187,1.)
    ,(0.5,0.353553390593,0.5,0.353553390593,0.5)
    ,(1.,0.707106781187,1.,0.707106781187,1.)
    ,(0.5,0.353553390593,0.5,0.353553390593,0.5)
,(1.,0.707106781187,1.,0.707106781187,1.
))) REPRESENTATION_ITEM('') SURFACE() );
#4889 = CARTESIAN_POINT('',(6.73555739531E-14,0.,1.937E+03));
#4890 = CARTESIAN_POINT('',(1.1E+03,0.,1.937E+03));
#4891 = CARTESIAN_POINT('',(1.1E+03,0.,2.387E+03));
#4892 = CARTESIAN_POINT('',(1.1E+03,0.,2.837E+03));
#4893 = CARTESIAN_POINT('',(6.73555739531E-14,0.,2.837E+03));
#4894 = CARTESIAN_POINT('',(6.73555739531E-14,4.772588574262E-14,
    1.937E+03));
#4895 = CARTESIAN_POINT('',(1.1E+03,779.42286340599,1.937E+03));
#4896 = CARTESIAN_POINT('',(1.1E+03,779.42286340599,2.387E+03));
#4897 = CARTESIAN_POINT('',(1.1E+03,779.42286340599,2.837E+03));
#4898 = CARTESIAN_POINT('',(6.73555739531E-14,4.772588574262E-14,
    2.837E+03));
#4899 = CARTESIAN_POINT('',(-3.367778697655E-14,2.386294287131E-14,
    1.937E+03));
#4900 = CARTESIAN_POINT('',(-550.,389.71143170299,1.937E+03));
#4901 = CARTESIAN_POINT('',(-550.,389.71143170299,2.387E+03));
#4902 = CARTESIAN_POINT('',(-550.,389.71143170299,2.837E+03));
#4903 = CARTESIAN_POINT('',(-3.367778697655E-14,2.386294287131E-14,
    2.837E+03));
#4904 = CARTESIAN_POINT('',(-1.347111479062E-13,6.748919021978E-30,
    1.937E+03));
#4905 = CARTESIAN_POINT('',(-2.2E+03,1.102182119233E-13,1.937E+03));
#4906 = CARTESIAN_POINT('',(-2.2E+03,1.102182119233E-13,2.387E+03));
#4907 = CARTESIAN_POINT('',(-2.2E+03,1.102182119233E-13,2.837E+03));
#4908 = CARTESIAN_POINT('',(-1.347111479062E-13,6.748919021978E-30,
    2.837E+03));
#4909 = CARTESIAN_POINT('',(-3.367778697655E-14,-2.386294287131E-14,
    1.937E+03));
#4910 = CARTESIAN_POINT('',(-550.,-389.7114317029,1.937E+03));
#4911 = CARTESIAN_POINT('',(-550.,-389.7114317029,2.387E+03));
#4912 = CARTESIAN_POINT('',(-550.,-389.7114317029,2.837E+03));
#4913 = CARTESIAN_POINT('',(-3.367778697655E-14,-2.386294287131E-14,
    2.837E+03));
#4914 = CARTESIAN_POINT('',(6.73555739531E-14,-4.772588574262E-14,
    1.937E+03));
#4915 = CARTESIAN_POINT('',(1.1E+03,-779.4228634059,1.937E+03));
#4916 = CARTESIAN_POINT('',(1.1E+03,-779.4228634059,2.387E+03));
#4917 = CARTESIAN_POINT('',(1.1E+03,-779.4228634059,2.837E+03));
#4918 = CARTESIAN_POINT('',(6.73555739531E-14,-4.772588574262E-14,
    2.837E+03));
#4919 = CARTESIAN_POINT('',(6.73555739531E-14,0.,1.937E+03));
#4920 = CARTESIAN_POINT('',(1.1E+03,0.,1.937E+03));
#4921 = CARTESIAN_POINT('',(1.1E+03,0.,2.387E+03));
#4922 = CARTESIAN_POINT('',(1.1E+03,0.,2.837E+03));
#4923 = CARTESIAN_POINT('',(6.73555739531E-14,0.,2.837E+03));
#4924 = ADVANCED_FACE('',(#4925),#4958,.T.);
#4925 = FACE_BOUND('',#4926,.T.);
#4926 = EDGE_LOOP('',(#4927,#4935,#4943,#4951,#4957));
#4927 = ORIENTED_EDGE('',*,*,#4928,.F.);
#4928 = EDGE_CURVE('',#4929,#4350,#4931,.T.);
#4929 = VERTEX_POINT('',#4930);
#4930 = CARTESIAN_POINT('',(-1.05E+03,200.,2.381E+03));
#4931 = LINE('',#4932,#4933);
#4932 = CARTESIAN_POINT('',(-1.05E+03,200.,2.381E+03));
#4933 = VECTOR('',#4934,1.);
#4934 = DIRECTION('',(1.,0.,0.));
#4935 = ORIENTED_EDGE('',*,*,#4936,.T.);
#4936 = EDGE_CURVE('',#4929,#4937,#4939,.T.);
#4937 = VERTEX_POINT('',#4938);
#4938 = CARTESIAN_POINT('',(-1.05E+03,570.,2.381E+03));
#4939 = LINE('',#4940,#4941);
#4940 = CARTESIAN_POINT('',(-1.05E+03,200.,2.381E+03));
#4941 = VECTOR('',#4942,1.);
#4942 = DIRECTION('',(0.,1.,-2.22044604925E-16));
#4943 = ORIENTED_EDGE('',*,*,#4944,.T.);
#4944 = EDGE_CURVE('',#4937,#4945,#4947,.T.);
#4945 = VERTEX_POINT('',#4946);
#4946 = CARTESIAN_POINT('',(-650.,570.,2.381E+03));
#4947 = LINE('',#4948,#4949);
#4948 = CARTESIAN_POINT('',(-1.05E+03,570.,2.381E+03));
#4949 = VECTOR('',#4950,1.);
#4950 = DIRECTION('',(1.,0.,0.));
#4951 = ORIENTED_EDGE('',*,*,#4952,.F.);
#4952 = EDGE_CURVE('',#4352,#4945,#4953,.T.);
#4953 = LINE('',#4954,#4955);
#4954 = CARTESIAN_POINT('',(-650.,200.,2.381E+03));
#4955 = VECTOR('',#4956,1.);
#4956 = DIRECTION('',(0.,1.,-2.22044604925E-16));
#4957 = ORIENTED_EDGE('',*,*,#4349,.F.);
#4958 = PLANE('',#4959);
#4959 = AXIS2_PLACEMENT_3D('',#4960,#4961,#4962);
#4960 = CARTESIAN_POINT('',(-1.05E+03,200.,2.381E+03));
#4961 = DIRECTION('',(0.,-2.22044604925E-16,-1.));
#4962 = DIRECTION('',(0.,1.,-2.22044604925E-16));
#4963 = ADVANCED_FACE('',(#4964),#4982,.F.);
#4964 = FACE_BOUND('',#4965,.F.);
#4965 = EDGE_LOOP('',(#4966,#4967,#4975,#4981));
#4966 = ORIENTED_EDGE('',*,*,#4928,.F.);
#4967 = ORIENTED_EDGE('',*,*,#4968,.F.);
#4968 = EDGE_CURVE('',#4969,#4929,#4971,.T.);
#4969 = VERTEX_POINT('',#4970);
#4970 = CARTESIAN_POINT('',(-1.05E+03,200.,2.393E+03));
#4971 = LINE('',#4972,#4973);
#4972 = CARTESIAN_POINT('',(-1.05E+03,200.,2.393E+03));
#4973 = VECTOR('',#4974,1.);
#4974 = DIRECTION('',(0.,-2.22044604925E-16,-1.));
#4975 = ORIENTED_EDGE('',*,*,#4976,.T.);
#4976 = EDGE_CURVE('',#4969,#4393,#4977,.T.);
#4977 = LINE('',#4978,#4979);
#4978 = CARTESIAN_POINT('',(-1.05E+03,200.,2.393E+03));
#4979 = VECTOR('',#4980,1.);
#4980 = DIRECTION('',(1.,0.,0.));
#4981 = ORIENTED_EDGE('',*,*,#4420,.F.);
#4982 = PLANE('',#4983);
#4983 = AXIS2_PLACEMENT_3D('',#4984,#4985,#4986);
#4984 = CARTESIAN_POINT('',(-1.05E+03,200.,2.393E+03));
#4985 = DIRECTION('',(0.,1.,-2.22044604925E-16));
#4986 = DIRECTION('',(1.,0.,0.));
#4987 = ADVANCED_FACE('',(#4988),#5006,.T.);
#4988 = FACE_BOUND('',#4989,.T.);
#4989 = EDGE_LOOP('',(#4990,#4998,#4999,#5000));
#4990 = ORIENTED_EDGE('',*,*,#4991,.F.);
#4991 = EDGE_CURVE('',#4380,#4992,#4994,.T.);
#4992 = VERTEX_POINT('',#4993);
#4993 = CARTESIAN_POINT('',(-650.,570.,2.393E+03));
#4994 = LINE('',#4995,#4996);
#4995 = CARTESIAN_POINT('',(-650.,200.,2.393E+03));
#4996 = VECTOR('',#4997,1.);
#4997 = DIRECTION('',(0.,1.,-2.22044604925E-16));
#4998 = ORIENTED_EDGE('',*,*,#4379,.F.);
#4999 = ORIENTED_EDGE('',*,*,#4952,.T.);
#5000 = ORIENTED_EDGE('',*,*,#5001,.F.);
#5001 = EDGE_CURVE('',#4992,#4945,#5002,.T.);
#5002 = LINE('',#5003,#5004);
#5003 = CARTESIAN_POINT('',(-650.,570.,2.393E+03));
#5004 = VECTOR('',#5005,1.);
#5005 = DIRECTION('',(0.,-2.22044604925E-16,-1.));
#5006 = PLANE('',#5007);
#5007 = AXIS2_PLACEMENT_3D('',#5008,#5009,#5010);
#5008 = CARTESIAN_POINT('',(-650.,200.,2.393E+03));
#5009 = DIRECTION('',(1.,0.,0.));
#5010 = DIRECTION('',(0.,1.,-2.22044604925E-16));
#5011 = ADVANCED_FACE('',(#5012),#5031,.F.);
#5012 = FACE_BOUND('',#5013,.F.);
#5013 = EDGE_LOOP('',(#5014,#5015,#5023,#5029,#5030));
#5014 = ORIENTED_EDGE('',*,*,#4976,.F.);
#5015 = ORIENTED_EDGE('',*,*,#5016,.T.);
#5016 = EDGE_CURVE('',#4969,#5017,#5019,.T.);
#5017 = VERTEX_POINT('',#5018);
#5018 = CARTESIAN_POINT('',(-1.05E+03,570.,2.393E+03));
#5019 = LINE('',#5020,#5021);
#5020 = CARTESIAN_POINT('',(-1.05E+03,200.,2.393E+03));
#5021 = VECTOR('',#5022,1.);
#5022 = DIRECTION('',(0.,1.,-2.22044604925E-16));
#5023 = ORIENTED_EDGE('',*,*,#5024,.T.);
#5024 = EDGE_CURVE('',#5017,#4992,#5025,.T.);
#5025 = LINE('',#5026,#5027);
#5026 = CARTESIAN_POINT('',(-1.05E+03,570.,2.393E+03));
#5027 = VECTOR('',#5028,1.);
#5028 = DIRECTION('',(1.,0.,0.));
#5029 = ORIENTED_EDGE('',*,*,#4991,.F.);
#5030 = ORIENTED_EDGE('',*,*,#4392,.F.);
#5031 = PLANE('',#5032);
#5032 = AXIS2_PLACEMENT_3D('',#5033,#5034,#5035);
#5033 = CARTESIAN_POINT('',(-1.05E+03,200.,2.393E+03));
#5034 = DIRECTION('',(0.,-2.22044604925E-16,-1.));
#5035 = DIRECTION('',(0.,1.,-2.22044604925E-16));
#5036 = ADVANCED_FACE('',(#5037),#5070,.T.);
#5037 = FACE_BOUND('',#5038,.T.);
#5038 = EDGE_LOOP('',(#5039,#5047,#5055,#5063,#5069));
#5039 = ORIENTED_EDGE('',*,*,#5040,.F.);
#5040 = EDGE_CURVE('',#5041,#4434,#5043,.T.);
#5041 = VERTEX_POINT('',#5042);
#5042 = CARTESIAN_POINT('',(-1.05E+03,-6.,2.187E+03));
#5043 = LINE('',#5044,#5045);
#5044 = CARTESIAN_POINT('',(-1.05E+03,-6.,2.187E+03));
#5045 = VECTOR('',#5046,1.);
#5046 = DIRECTION('',(1.,0.,0.));
#5047 = ORIENTED_EDGE('',*,*,#5048,.T.);
#5048 = EDGE_CURVE('',#5041,#5049,#5051,.T.);
#5049 = VERTEX_POINT('',#5050);
#5050 = CARTESIAN_POINT('',(-1.05E+03,-6.,1.817E+03));
#5051 = LINE('',#5052,#5053);
#5052 = CARTESIAN_POINT('',(-1.05E+03,-6.,2.187E+03));
#5053 = VECTOR('',#5054,1.);
#5054 = DIRECTION('',(0.,-1.224646799147E-16,-1.));
#5055 = ORIENTED_EDGE('',*,*,#5056,.T.);
#5056 = EDGE_CURVE('',#5049,#5057,#5059,.T.);
#5057 = VERTEX_POINT('',#5058);
#5058 = CARTESIAN_POINT('',(-650.,-6.,1.817E+03));
#5059 = LINE('',#5060,#5061);
#5060 = CARTESIAN_POINT('',(-1.05E+03,-6.,1.817E+03));
#5061 = VECTOR('',#5062,1.);
#5062 = DIRECTION('',(1.,0.,0.));
#5063 = ORIENTED_EDGE('',*,*,#5064,.F.);
#5064 = EDGE_CURVE('',#4436,#5057,#5065,.T.);
#5065 = LINE('',#5066,#5067);
#5066 = CARTESIAN_POINT('',(-650.,-6.,2.187E+03));
#5067 = VECTOR('',#5068,1.);
#5068 = DIRECTION('',(0.,-1.224646799147E-16,-1.));
#5069 = ORIENTED_EDGE('',*,*,#4433,.F.);
#5070 = PLANE('',#5071);
#5071 = AXIS2_PLACEMENT_3D('',#5072,#5073,#5074);
#5072 = CARTESIAN_POINT('',(-1.05E+03,-6.,2.187E+03));
#5073 = DIRECTION('',(0.,-1.,1.224646799147E-16));
#5074 = DIRECTION('',(0.,-1.224646799147E-16,-1.));
#5075 = ADVANCED_FACE('',(#5076),#5094,.F.);
#5076 = FACE_BOUND('',#5077,.F.);
#5077 = EDGE_LOOP('',(#5078,#5079,#5087,#5093));
#5078 = ORIENTED_EDGE('',*,*,#5040,.F.);
#5079 = ORIENTED_EDGE('',*,*,#5080,.F.);
#5080 = EDGE_CURVE('',#5081,#5041,#5083,.T.);
#5081 = VERTEX_POINT('',#5082);
#5082 = CARTESIAN_POINT('',(-1.05E+03,6.,2.187E+03));
#5083 = LINE('',#5084,#5085);
#5084 = CARTESIAN_POINT('',(-1.05E+03,6.,2.187E+03));
#5085 = VECTOR('',#5086,1.);
#5086 = DIRECTION('',(0.,-1.,1.224646799147E-16));
#5087 = ORIENTED_EDGE('',*,*,#5088,.T.);
#5088 = EDGE_CURVE('',#5081,#4474,#5089,.T.);
#5089 = LINE('',#5090,#5091);
#5090 = CARTESIAN_POINT('',(-1.05E+03,6.,2.187E+03));
#5091 = VECTOR('',#5092,1.);
#5092 = DIRECTION('',(1.,0.,0.));
#5093 = ORIENTED_EDGE('',*,*,#4501,.F.);
#5094 = PLANE('',#5095);
#5095 = AXIS2_PLACEMENT_3D('',#5096,#5097,#5098);
#5096 = CARTESIAN_POINT('',(-1.05E+03,6.,2.187E+03));
#5097 = DIRECTION('',(0.,-1.224646799147E-16,-1.));
#5098 = DIRECTION('',(1.,0.,0.));
#5099 = ADVANCED_FACE('',(#5100),#5118,.T.);
#5100 = FACE_BOUND('',#5101,.T.);
#5101 = EDGE_LOOP('',(#5102,#5110,#5111,#5112));
#5102 = ORIENTED_EDGE('',*,*,#5103,.F.);
#5103 = EDGE_CURVE('',#4464,#5104,#5106,.T.);
#5104 = VERTEX_POINT('',#5105);
#5105 = CARTESIAN_POINT('',(-650.,6.,1.817E+03));
#5106 = LINE('',#5107,#5108);
#5107 = CARTESIAN_POINT('',(-650.,6.,2.187E+03));
#5108 = VECTOR('',#5109,1.);
#5109 = DIRECTION('',(0.,-1.224646799147E-16,-1.));
#5110 = ORIENTED_EDGE('',*,*,#4463,.F.);
#5111 = ORIENTED_EDGE('',*,*,#5064,.T.);
#5112 = ORIENTED_EDGE('',*,*,#5113,.F.);
#5113 = EDGE_CURVE('',#5104,#5057,#5114,.T.);
#5114 = LINE('',#5115,#5116);
#5115 = CARTESIAN_POINT('',(-650.,6.,1.817E+03));
#5116 = VECTOR('',#5117,1.);
#5117 = DIRECTION('',(0.,-1.,1.224646799147E-16));
#5118 = PLANE('',#5119);
#5119 = AXIS2_PLACEMENT_3D('',#5120,#5121,#5122);
#5120 = CARTESIAN_POINT('',(-650.,6.,2.187E+03));
#5121 = DIRECTION('',(1.,0.,0.));
#5122 = DIRECTION('',(0.,-1.224646799147E-16,-1.));
#5123 = ADVANCED_FACE('',(#5124),#5143,.F.);
#5124 = FACE_BOUND('',#5125,.F.);
#5125 = EDGE_LOOP('',(#5126,#5127,#5135,#5141,#5142));
#5126 = ORIENTED_EDGE('',*,*,#5088,.F.);
#5127 = ORIENTED_EDGE('',*,*,#5128,.T.);
#5128 = EDGE_CURVE('',#5081,#5129,#5131,.T.);
#5129 = VERTEX_POINT('',#5130);
#5130 = CARTESIAN_POINT('',(-1.05E+03,6.,1.817E+03));
#5131 = LINE('',#5132,#5133);
#5132 = CARTESIAN_POINT('',(-1.05E+03,6.,2.187E+03));
#5133 = VECTOR('',#5134,1.);
#5134 = DIRECTION('',(0.,-1.224646799147E-16,-1.));
#5135 = ORIENTED_EDGE('',*,*,#5136,.T.);
#5136 = EDGE_CURVE('',#5129,#5104,#5137,.T.);
#5137 = LINE('',#5138,#5139);
#5138 = CARTESIAN_POINT('',(-1.05E+03,6.,1.817E+03));
#5139 = VECTOR('',#5140,1.);
#5140 = DIRECTION('',(1.,0.,0.));
#5141 = ORIENTED_EDGE('',*,*,#5103,.F.);
#5142 = ORIENTED_EDGE('',*,*,#4473,.F.);
#5143 = PLANE('',#5144);
#5144 = AXIS2_PLACEMENT_3D('',#5145,#5146,#5147);
#5145 = CARTESIAN_POINT('',(-1.05E+03,6.,2.187E+03));
#5146 = DIRECTION('',(0.,-1.,1.224646799147E-16));
#5147 = DIRECTION('',(0.,-1.224646799147E-16,-1.));
#5148 = ADVANCED_FACE('',(#5149),#5182,.T.);
#5149 = FACE_BOUND('',#5150,.T.);
#5150 = EDGE_LOOP('',(#5151,#5159,#5167,#5175,#5181));
#5151 = ORIENTED_EDGE('',*,*,#5152,.F.);
#5152 = EDGE_CURVE('',#5153,#4514,#5155,.T.);
#5153 = VERTEX_POINT('',#5154);
#5154 = CARTESIAN_POINT('',(-1.05E+03,-200.,2.393E+03));
#5155 = LINE('',#5156,#5157);
#5156 = CARTESIAN_POINT('',(-1.05E+03,-200.,2.393E+03));
#5157 = VECTOR('',#5158,1.);
#5158 = DIRECTION('',(1.,0.,0.));
#5159 = ORIENTED_EDGE('',*,*,#5160,.T.);
#5160 = EDGE_CURVE('',#5153,#5161,#5163,.T.);
#5161 = VERTEX_POINT('',#5162);
#5162 = CARTESIAN_POINT('',(-1.05E+03,-570.,2.393E+03));
#5163 = LINE('',#5164,#5165);
#5164 = CARTESIAN_POINT('',(-1.05E+03,-200.,2.393E+03));
#5165 = VECTOR('',#5166,1.);
#5166 = DIRECTION('',(0.,-1.,1.110223024625E-16));
#5167 = ORIENTED_EDGE('',*,*,#5168,.T.);
#5168 = EDGE_CURVE('',#5161,#5169,#5171,.T.);
#5169 = VERTEX_POINT('',#5170);
#5170 = CARTESIAN_POINT('',(-650.,-570.,2.393E+03));
#5171 = LINE('',#5172,#5173);
#5172 = CARTESIAN_POINT('',(-1.05E+03,-570.,2.393E+03));
#5173 = VECTOR('',#5174,1.);
#5174 = DIRECTION('',(1.,0.,0.));
#5175 = ORIENTED_EDGE('',*,*,#5176,.F.);
#5176 = EDGE_CURVE('',#4512,#5169,#5177,.T.);
#5177 = LINE('',#5178,#5179);
#5178 = CARTESIAN_POINT('',(-650.,-200.,2.393E+03));
#5179 = VECTOR('',#5180,1.);
#5180 = DIRECTION('',(0.,-1.,1.110223024625E-16));
#5181 = ORIENTED_EDGE('',*,*,#4511,.T.);
#5182 = PLANE('',#5183);
#5183 = AXIS2_PLACEMENT_3D('',#5184,#5185,#5186);
#5184 = CARTESIAN_POINT('',(-1.05E+03,-200.,2.393E+03));
#5185 = DIRECTION('',(0.,1.110223024625E-16,1.));
#5186 = DIRECTION('',(0.,-1.,1.110223024625E-16));
#5187 = ADVANCED_FACE('',(#5188),#5206,.T.);
#5188 = FACE_BOUND('',#5189,.T.);
#5189 = EDGE_LOOP('',(#5190,#5198,#5199,#5200));
#5190 = ORIENTED_EDGE('',*,*,#5191,.F.);
#5191 = EDGE_CURVE('',#4542,#5192,#5194,.T.);
#5192 = VERTEX_POINT('',#5193);
#5193 = CARTESIAN_POINT('',(-650.,-570.,2.381E+03));
#5194 = LINE('',#5195,#5196);
#5195 = CARTESIAN_POINT('',(-650.,-200.,2.381E+03));
#5196 = VECTOR('',#5197,1.);
#5197 = DIRECTION('',(0.,-1.,1.110223024625E-16));
#5198 = ORIENTED_EDGE('',*,*,#4541,.F.);
#5199 = ORIENTED_EDGE('',*,*,#5176,.T.);
#5200 = ORIENTED_EDGE('',*,*,#5201,.F.);
#5201 = EDGE_CURVE('',#5192,#5169,#5202,.T.);
#5202 = LINE('',#5203,#5204);
#5203 = CARTESIAN_POINT('',(-650.,-570.,2.381E+03));
#5204 = VECTOR('',#5205,1.);
#5205 = DIRECTION('',(0.,1.110223024625E-16,1.));
#5206 = PLANE('',#5207);
#5207 = AXIS2_PLACEMENT_3D('',#5208,#5209,#5210);
#5208 = CARTESIAN_POINT('',(-650.,-200.,2.381E+03));
#5209 = DIRECTION('',(1.,0.,0.));
#5210 = DIRECTION('',(0.,-1.,1.110223024625E-16));
#5211 = ADVANCED_FACE('',(#5212),#5230,.F.);
#5212 = FACE_BOUND('',#5213,.F.);
#5213 = EDGE_LOOP('',(#5214,#5215,#5223,#5229));
#5214 = ORIENTED_EDGE('',*,*,#5152,.F.);
#5215 = ORIENTED_EDGE('',*,*,#5216,.F.);
#5216 = EDGE_CURVE('',#5217,#5153,#5219,.T.);
#5217 = VERTEX_POINT('',#5218);
#5218 = CARTESIAN_POINT('',(-1.05E+03,-200.,2.381E+03));
#5219 = LINE('',#5220,#5221);
#5220 = CARTESIAN_POINT('',(-1.05E+03,-200.,2.381E+03));
#5221 = VECTOR('',#5222,1.);
#5222 = DIRECTION('',(0.,1.110223024625E-16,1.));
#5223 = ORIENTED_EDGE('',*,*,#5224,.T.);
#5224 = EDGE_CURVE('',#5217,#4559,#5225,.T.);
#5225 = LINE('',#5226,#5227);
#5226 = CARTESIAN_POINT('',(-1.05E+03,-200.,2.381E+03));
#5227 = VECTOR('',#5228,1.);
#5228 = DIRECTION('',(1.,0.,0.));
#5229 = ORIENTED_EDGE('',*,*,#4586,.F.);
#5230 = PLANE('',#5231);
#5231 = AXIS2_PLACEMENT_3D('',#5232,#5233,#5234);
#5232 = CARTESIAN_POINT('',(-1.05E+03,-200.,2.381E+03));
#5233 = DIRECTION('',(0.,-1.,1.110223024625E-16));
#5234 = DIRECTION('',(1.,0.,0.));
#5235 = ADVANCED_FACE('',(#5236),#5255,.F.);
#5236 = FACE_BOUND('',#5237,.F.);
#5237 = EDGE_LOOP('',(#5238,#5239,#5247,#5253,#5254));
#5238 = ORIENTED_EDGE('',*,*,#5224,.F.);
#5239 = ORIENTED_EDGE('',*,*,#5240,.T.);
#5240 = EDGE_CURVE('',#5217,#5241,#5243,.T.);
#5241 = VERTEX_POINT('',#5242);
#5242 = CARTESIAN_POINT('',(-1.05E+03,-570.,2.381E+03));
#5243 = LINE('',#5244,#5245);
#5244 = CARTESIAN_POINT('',(-1.05E+03,-200.,2.381E+03));
#5245 = VECTOR('',#5246,1.);
#5246 = DIRECTION('',(0.,-1.,1.110223024625E-16));
#5247 = ORIENTED_EDGE('',*,*,#5248,.T.);
#5248 = EDGE_CURVE('',#5241,#5192,#5249,.T.);
#5249 = LINE('',#5250,#5251);
#5250 = CARTESIAN_POINT('',(-1.05E+03,-570.,2.381E+03));
#5251 = VECTOR('',#5252,1.);
#5252 = DIRECTION('',(1.,0.,0.));
#5253 = ORIENTED_EDGE('',*,*,#5191,.F.);
#5254 = ORIENTED_EDGE('',*,*,#4558,.T.);
#5255 = PLANE('',#5256);
#5256 = AXIS2_PLACEMENT_3D('',#5257,#5258,#5259);
#5257 = CARTESIAN_POINT('',(-1.05E+03,-200.,2.381E+03));
#5258 = DIRECTION('',(0.,1.110223024625E-16,1.));
#5259 = DIRECTION('',(0.,-1.,1.110223024625E-16));
#5260 = ADVANCED_FACE('',(#5261),#5297,.T.);
#5261 = FACE_BOUND('',#5262,.T.);
#5262 = EDGE_LOOP('',(#5263,#5273,#5280,#5281,#5288,#5289,#5290));
#5263 = ORIENTED_EDGE('',*,*,#5264,.T.);
#5264 = EDGE_CURVE('',#5265,#5267,#5269,.T.);
#5265 = VERTEX_POINT('',#5266);
#5266 = CARTESIAN_POINT('',(780.,270.,2.614E+03));
#5267 = VERTEX_POINT('',#5268);
#5268 = CARTESIAN_POINT('',(780.,350.,2.614E+03));
#5269 = LINE('',#5270,#5271);
#5270 = CARTESIAN_POINT('',(780.,270.,2.614E+03));
#5271 = VECTOR('',#5272,1.);
#5272 = DIRECTION('',(0.,1.,0.));
#5273 = ORIENTED_EDGE('',*,*,#5274,.F.);
#5274 = EDGE_CURVE('',#5267,#5267,#5275,.T.);
#5275 = CIRCLE('',#5276,97.);
#5276 = AXIS2_PLACEMENT_3D('',#5277,#5278,#5279);
#5277 = CARTESIAN_POINT('',(780.,350.,2.517E+03));
#5278 = DIRECTION('',(0.,1.,0.));
#5279 = DIRECTION('',(0.,0.,1.));
#5280 = ORIENTED_EDGE('',*,*,#5264,.F.);
#5281 = ORIENTED_EDGE('',*,*,#5282,.T.);
#5282 = EDGE_CURVE('',#5265,#4644,#5283,.T.);
#5283 = CIRCLE('',#5284,97.);
#5284 = AXIS2_PLACEMENT_3D('',#5285,#5286,#5287);
#5285 = CARTESIAN_POINT('',(780.,270.,2.517E+03));
#5286 = DIRECTION('',(0.,1.,0.));
#5287 = DIRECTION('',(0.,0.,1.));
#5288 = ORIENTED_EDGE('',*,*,#4643,.F.);
#5289 = ORIENTED_EDGE('',*,*,#4599,.F.);
#5290 = ORIENTED_EDGE('',*,*,#5291,.T.);
#5291 = EDGE_CURVE('',#4600,#5265,#5292,.T.);
#5292 = CIRCLE('',#5293,97.);
#5293 = AXIS2_PLACEMENT_3D('',#5294,#5295,#5296);
#5294 = CARTESIAN_POINT('',(780.,270.,2.517E+03));
#5295 = DIRECTION('',(0.,1.,0.));
#5296 = DIRECTION('',(0.,0.,1.));
#5297 = CYLINDRICAL_SURFACE('',#5298,97.);
#5298 = AXIS2_PLACEMENT_3D('',#5299,#5300,#5301);
#5299 = CARTESIAN_POINT('',(780.,270.,2.517E+03));
#5300 = DIRECTION('',(0.,1.,0.));
#5301 = DIRECTION('',(0.,0.,1.));
#5302 = ADVANCED_FACE('',(#5303),#5308,.F.);
#5303 = FACE_BOUND('',#5304,.F.);
#5304 = EDGE_LOOP('',(#5305,#5306,#5307));
#5305 = ORIENTED_EDGE('',*,*,#5291,.T.);
#5306 = ORIENTED_EDGE('',*,*,#5282,.T.);
#5307 = ORIENTED_EDGE('',*,*,#4685,.F.);
#5308 = PLANE('',#5309);
#5309 = AXIS2_PLACEMENT_3D('',#5310,#5311,#5312);
#5310 = CARTESIAN_POINT('',(780.,270.,2.517E+03));
#5311 = DIRECTION('',(0.,1.,0.));
#5312 = DIRECTION('',(0.,0.,1.));
#5313 = ADVANCED_FACE('',(#5314),#5333,.T.);
#5314 = FACE_BOUND('',#5315,.T.);
#5315 = EDGE_LOOP('',(#5316,#5325,#5332));
#5316 = ORIENTED_EDGE('',*,*,#5317,.T.);
#5317 = EDGE_CURVE('',#4714,#5318,#5320,.T.);
#5318 = VERTEX_POINT('',#5319);
#5319 = CARTESIAN_POINT('',(780.,-270.,2.614E+03));
#5320 = CIRCLE('',#5321,97.);
#5321 = AXIS2_PLACEMENT_3D('',#5322,#5323,#5324);
#5322 = CARTESIAN_POINT('',(780.,-270.,2.517E+03));
#5323 = DIRECTION('',(0.,1.,0.));
#5324 = DIRECTION('',(0.,0.,1.));
#5325 = ORIENTED_EDGE('',*,*,#5326,.T.);
#5326 = EDGE_CURVE('',#5318,#4716,#5327,.T.);
#5327 = CIRCLE('',#5328,97.);
#5328 = AXIS2_PLACEMENT_3D('',#5329,#5330,#5331);
#5329 = CARTESIAN_POINT('',(780.,-270.,2.517E+03));
#5330 = DIRECTION('',(0.,1.,0.));
#5331 = DIRECTION('',(0.,0.,1.));
#5332 = ORIENTED_EDGE('',*,*,#4713,.F.);
#5333 = PLANE('',#5334);
#5334 = AXIS2_PLACEMENT_3D('',#5335,#5336,#5337);
#5335 = CARTESIAN_POINT('',(780.,-270.,2.517E+03));
#5336 = DIRECTION('',(0.,1.,0.));
#5337 = DIRECTION('',(0.,0.,1.));
#5338 = ADVANCED_FACE('',(#5339),#5360,.T.);
#5339 = FACE_BOUND('',#5340,.T.);
#5340 = EDGE_LOOP('',(#5341,#5349,#5350,#5351,#5352,#5353));
#5341 = ORIENTED_EDGE('',*,*,#5342,.T.);
#5342 = EDGE_CURVE('',#5343,#5318,#5345,.T.);
#5343 = VERTEX_POINT('',#5344);
#5344 = CARTESIAN_POINT('',(780.,-350.,2.614E+03));
#5345 = LINE('',#5346,#5347);
#5346 = CARTESIAN_POINT('',(780.,-350.,2.614E+03));
#5347 = VECTOR('',#5348,1.);
#5348 = DIRECTION('',(0.,1.,0.));
#5349 = ORIENTED_EDGE('',*,*,#5317,.F.);
#5350 = ORIENTED_EDGE('',*,*,#4743,.F.);
#5351 = ORIENTED_EDGE('',*,*,#5326,.F.);
#5352 = ORIENTED_EDGE('',*,*,#5342,.F.);
#5353 = ORIENTED_EDGE('',*,*,#5354,.T.);
#5354 = EDGE_CURVE('',#5343,#5343,#5355,.T.);
#5355 = CIRCLE('',#5356,97.);
#5356 = AXIS2_PLACEMENT_3D('',#5357,#5358,#5359);
#5357 = CARTESIAN_POINT('',(780.,-350.,2.517E+03));
#5358 = DIRECTION('',(0.,1.,0.));
#5359 = DIRECTION('',(0.,0.,1.));
#5360 = CYLINDRICAL_SURFACE('',#5361,97.);
#5361 = AXIS2_PLACEMENT_3D('',#5362,#5363,#5364);
#5362 = CARTESIAN_POINT('',(780.,-350.,2.517E+03));
#5363 = DIRECTION('',(0.,1.,0.));
#5364 = DIRECTION('',(0.,0.,1.));
#5365 = ADVANCED_FACE('',(#5366),#5399,.T.);
#5366 = FACE_BOUND('',#5367,.T.);
#5367 = EDGE_LOOP('',(#5368,#5376,#5384,#5392,#5398));
#5368 = ORIENTED_EDGE('',*,*,#5369,.F.);
#5369 = EDGE_CURVE('',#5370,#4814,#5372,.T.);
#5370 = VERTEX_POINT('',#5371);
#5371 = CARTESIAN_POINT('',(-1.05E+03,6.,2.587E+03));
#5372 = LINE('',#5373,#5374);
#5373 = CARTESIAN_POINT('',(-1.05E+03,6.,2.587E+03));
#5374 = VECTOR('',#5375,1.);
#5375 = DIRECTION('',(1.,0.,0.));
#5376 = ORIENTED_EDGE('',*,*,#5377,.T.);
#5377 = EDGE_CURVE('',#5370,#5378,#5380,.T.);
#5378 = VERTEX_POINT('',#5379);
#5379 = CARTESIAN_POINT('',(-1.05E+03,6.,2.957E+03));
#5380 = LINE('',#5381,#5382);
#5381 = CARTESIAN_POINT('',(-1.05E+03,6.,2.587E+03));
#5382 = VECTOR('',#5383,1.);
#5383 = DIRECTION('',(0.,0.,1.));
#5384 = ORIENTED_EDGE('',*,*,#5385,.T.);
#5385 = EDGE_CURVE('',#5378,#5386,#5388,.T.);
#5386 = VERTEX_POINT('',#5387);
#5387 = CARTESIAN_POINT('',(-650.,6.,2.957E+03));
#5388 = LINE('',#5389,#5390);
#5389 = CARTESIAN_POINT('',(-1.05E+03,6.,2.957E+03));
#5390 = VECTOR('',#5391,1.);
#5391 = DIRECTION('',(1.,0.,0.));
#5392 = ORIENTED_EDGE('',*,*,#5393,.F.);
#5393 = EDGE_CURVE('',#4816,#5386,#5394,.T.);
#5394 = LINE('',#5395,#5396);
#5395 = CARTESIAN_POINT('',(-650.,6.,2.587E+03));
#5396 = VECTOR('',#5397,1.);
#5397 = DIRECTION('',(0.,0.,1.));
#5398 = ORIENTED_EDGE('',*,*,#4813,.F.);
#5399 = PLANE('',#5400);
#5400 = AXIS2_PLACEMENT_3D('',#5401,#5402,#5403);
#5401 = CARTESIAN_POINT('',(-1.05E+03,6.,2.587E+03));
#5402 = DIRECTION('',(0.,1.,0.));
#5403 = DIRECTION('',(0.,0.,1.));
#5404 = ADVANCED_FACE('',(#5405),#5423,.F.);
#5405 = FACE_BOUND('',#5406,.F.);
#5406 = EDGE_LOOP('',(#5407,#5408,#5416,#5422));
#5407 = ORIENTED_EDGE('',*,*,#5369,.F.);
#5408 = ORIENTED_EDGE('',*,*,#5409,.F.);
#5409 = EDGE_CURVE('',#5410,#5370,#5412,.T.);
#5410 = VERTEX_POINT('',#5411);
#5411 = CARTESIAN_POINT('',(-1.05E+03,-6.,2.587E+03));
#5412 = LINE('',#5413,#5414);
#5413 = CARTESIAN_POINT('',(-1.05E+03,-6.,2.587E+03));
#5414 = VECTOR('',#5415,1.);
#5415 = DIRECTION('',(0.,1.,0.));
#5416 = ORIENTED_EDGE('',*,*,#5417,.T.);
#5417 = EDGE_CURVE('',#5410,#4854,#5418,.T.);
#5418 = LINE('',#5419,#5420);
#5419 = CARTESIAN_POINT('',(-1.05E+03,-6.,2.587E+03));
#5420 = VECTOR('',#5421,1.);
#5421 = DIRECTION('',(1.,0.,0.));
#5422 = ORIENTED_EDGE('',*,*,#4881,.T.);
#5423 = PLANE('',#5424);
#5424 = AXIS2_PLACEMENT_3D('',#5425,#5426,#5427);
#5425 = CARTESIAN_POINT('',(-1.05E+03,-6.,2.587E+03));
#5426 = DIRECTION('',(0.,0.,1.));
#5427 = DIRECTION('',(1.,0.,0.));
#5428 = ADVANCED_FACE('',(#5429),#5447,.T.);
#5429 = FACE_BOUND('',#5430,.T.);
#5430 = EDGE_LOOP('',(#5431,#5439,#5440,#5441));
#5431 = ORIENTED_EDGE('',*,*,#5432,.F.);
#5432 = EDGE_CURVE('',#4844,#5433,#5435,.T.);
#5433 = VERTEX_POINT('',#5434);
#5434 = CARTESIAN_POINT('',(-650.,-6.,2.957E+03));
#5435 = LINE('',#5436,#5437);
#5436 = CARTESIAN_POINT('',(-650.,-6.,2.587E+03));
#5437 = VECTOR('',#5438,1.);
#5438 = DIRECTION('',(0.,0.,1.));
#5439 = ORIENTED_EDGE('',*,*,#4843,.F.);
#5440 = ORIENTED_EDGE('',*,*,#5393,.T.);
#5441 = ORIENTED_EDGE('',*,*,#5442,.F.);
#5442 = EDGE_CURVE('',#5433,#5386,#5443,.T.);
#5443 = LINE('',#5444,#5445);
#5444 = CARTESIAN_POINT('',(-650.,-6.,2.957E+03));
#5445 = VECTOR('',#5446,1.);
#5446 = DIRECTION('',(0.,1.,0.));
#5447 = PLANE('',#5448);
#5448 = AXIS2_PLACEMENT_3D('',#5449,#5450,#5451);
#5449 = CARTESIAN_POINT('',(-650.,-6.,2.587E+03));
#5450 = DIRECTION('',(1.,0.,0.));
#5451 = DIRECTION('',(0.,0.,1.));
#5452 = ADVANCED_FACE('',(#5453),#5472,.F.);
#5453 = FACE_BOUND('',#5454,.F.);
#5454 = EDGE_LOOP('',(#5455,#5456,#5464,#5470,#5471));
#5455 = ORIENTED_EDGE('',*,*,#5417,.F.);
#5456 = ORIENTED_EDGE('',*,*,#5457,.T.);
#5457 = EDGE_CURVE('',#5410,#5458,#5460,.T.);
#5458 = VERTEX_POINT('',#5459);
#5459 = CARTESIAN_POINT('',(-1.05E+03,-6.,2.957E+03));
#5460 = LINE('',#5461,#5462);
#5461 = CARTESIAN_POINT('',(-1.05E+03,-6.,2.587E+03));
#5462 = VECTOR('',#5463,1.);
#5463 = DIRECTION('',(0.,0.,1.));
#5464 = ORIENTED_EDGE('',*,*,#5465,.T.);
#5465 = EDGE_CURVE('',#5458,#5433,#5466,.T.);
#5466 = LINE('',#5467,#5468);
#5467 = CARTESIAN_POINT('',(-1.05E+03,-6.,2.957E+03));
#5468 = VECTOR('',#5469,1.);
#5469 = DIRECTION('',(1.,0.,0.));
#5470 = ORIENTED_EDGE('',*,*,#5432,.F.);
#5471 = ORIENTED_EDGE('',*,*,#4853,.F.);
#5472 = PLANE('',#5473);
#5473 = AXIS2_PLACEMENT_3D('',#5474,#5475,#5476);
#5474 = CARTESIAN_POINT('',(-1.05E+03,-6.,2.587E+03));
#5475 = DIRECTION('',(0.,1.,0.));
#5476 = DIRECTION('',(0.,0.,1.));
#5477 = ADVANCED_FACE('',(#5478),#5489,.T.);
#5478 = FACE_BOUND('',#5479,.T.);
#5479 = EDGE_LOOP('',(#5480,#5486,#5487,#5488));
#5480 = ORIENTED_EDGE('',*,*,#5481,.F.);
#5481 = EDGE_CURVE('',#5017,#4937,#5482,.T.);
#5482 = LINE('',#5483,#5484);
#5483 = CARTESIAN_POINT('',(-1.05E+03,570.,2.393E+03));
#5484 = VECTOR('',#5485,1.);
#5485 = DIRECTION('',(0.,-2.22044604925E-16,-1.));
#5486 = ORIENTED_EDGE('',*,*,#5024,.T.);
#5487 = ORIENTED_EDGE('',*,*,#5001,.T.);
#5488 = ORIENTED_EDGE('',*,*,#4944,.F.);
#5489 = PLANE('',#5490);
#5490 = AXIS2_PLACEMENT_3D('',#5491,#5492,#5493);
#5491 = CARTESIAN_POINT('',(-1.05E+03,570.,2.393E+03));
#5492 = DIRECTION('',(0.,1.,-2.22044604925E-16));
#5493 = DIRECTION('',(1.,0.,0.));
#5494 = ADVANCED_FACE('',(#5495),#5501,.F.);
#5495 = FACE_BOUND('',#5496,.F.);
#5496 = EDGE_LOOP('',(#5497,#5498,#5499,#5500));
#5497 = ORIENTED_EDGE('',*,*,#5016,.F.);
#5498 = ORIENTED_EDGE('',*,*,#4968,.T.);
#5499 = ORIENTED_EDGE('',*,*,#4936,.T.);
#5500 = ORIENTED_EDGE('',*,*,#5481,.F.);
#5501 = PLANE('',#5502);
#5502 = AXIS2_PLACEMENT_3D('',#5503,#5504,#5505);
#5503 = CARTESIAN_POINT('',(-1.05E+03,200.,2.393E+03));
#5504 = DIRECTION('',(1.,0.,0.));
#5505 = DIRECTION('',(0.,1.,-2.22044604925E-16));
#5506 = ADVANCED_FACE('',(#5507),#5518,.T.);
#5507 = FACE_BOUND('',#5508,.T.);
#5508 = EDGE_LOOP('',(#5509,#5515,#5516,#5517));
#5509 = ORIENTED_EDGE('',*,*,#5510,.F.);
#5510 = EDGE_CURVE('',#5129,#5049,#5511,.T.);
#5511 = LINE('',#5512,#5513);
#5512 = CARTESIAN_POINT('',(-1.05E+03,6.,1.817E+03));
#5513 = VECTOR('',#5514,1.);
#5514 = DIRECTION('',(0.,-1.,1.224646799147E-16));
#5515 = ORIENTED_EDGE('',*,*,#5136,.T.);
#5516 = ORIENTED_EDGE('',*,*,#5113,.T.);
#5517 = ORIENTED_EDGE('',*,*,#5056,.F.);
#5518 = PLANE('',#5519);
#5519 = AXIS2_PLACEMENT_3D('',#5520,#5521,#5522);
#5520 = CARTESIAN_POINT('',(-1.05E+03,6.,1.817E+03));
#5521 = DIRECTION('',(0.,-1.224646799147E-16,-1.));
#5522 = DIRECTION('',(1.,0.,0.));
#5523 = ADVANCED_FACE('',(#5524),#5530,.F.);
#5524 = FACE_BOUND('',#5525,.F.);
#5525 = EDGE_LOOP('',(#5526,#5527,#5528,#5529));
#5526 = ORIENTED_EDGE('',*,*,#5128,.F.);
#5527 = ORIENTED_EDGE('',*,*,#5080,.T.);
#5528 = ORIENTED_EDGE('',*,*,#5048,.T.);
#5529 = ORIENTED_EDGE('',*,*,#5510,.F.);
#5530 = PLANE('',#5531);
#5531 = AXIS2_PLACEMENT_3D('',#5532,#5533,#5534);
#5532 = CARTESIAN_POINT('',(-1.05E+03,6.,2.187E+03));
#5533 = DIRECTION('',(1.,0.,0.));
#5534 = DIRECTION('',(0.,-1.224646799147E-16,-1.));
#5535 = ADVANCED_FACE('',(#5536),#5547,.T.);
#5536 = FACE_BOUND('',#5537,.T.);
#5537 = EDGE_LOOP('',(#5538,#5544,#5545,#5546));
#5538 = ORIENTED_EDGE('',*,*,#5539,.F.);
#5539 = EDGE_CURVE('',#5241,#5161,#5540,.T.);
#5540 = LINE('',#5541,#5542);
#5541 = CARTESIAN_POINT('',(-1.05E+03,-570.,2.381E+03));
#5542 = VECTOR('',#5543,1.);
#5543 = DIRECTION('',(0.,1.110223024625E-16,1.));
#5544 = ORIENTED_EDGE('',*,*,#5248,.T.);
#5545 = ORIENTED_EDGE('',*,*,#5201,.T.);
#5546 = ORIENTED_EDGE('',*,*,#5168,.F.);
#5547 = PLANE('',#5548);
#5548 = AXIS2_PLACEMENT_3D('',#5549,#5550,#5551);
#5549 = CARTESIAN_POINT('',(-1.05E+03,-570.,2.381E+03));
#5550 = DIRECTION('',(0.,-1.,1.110223024625E-16));
#5551 = DIRECTION('',(1.,0.,0.));
#5552 = ADVANCED_FACE('',(#5553),#5559,.F.);
#5553 = FACE_BOUND('',#5554,.F.);
#5554 = EDGE_LOOP('',(#5555,#5556,#5557,#5558));
#5555 = ORIENTED_EDGE('',*,*,#5240,.F.);
#5556 = ORIENTED_EDGE('',*,*,#5216,.T.);
#5557 = ORIENTED_EDGE('',*,*,#5160,.T.);
#5558 = ORIENTED_EDGE('',*,*,#5539,.F.);
#5559 = PLANE('',#5560);
#5560 = AXIS2_PLACEMENT_3D('',#5561,#5562,#5563);
#5561 = CARTESIAN_POINT('',(-1.05E+03,-200.,2.381E+03));
#5562 = DIRECTION('',(1.,0.,0.));
#5563 = DIRECTION('',(0.,-1.,1.110223024625E-16));
#5564 = ADVANCED_FACE('',(#5565),#5568,.T.);
#5565 = FACE_BOUND('',#5566,.T.);
#5566 = EDGE_LOOP('',(#5567));
#5567 = ORIENTED_EDGE('',*,*,#5274,.T.);
#5568 = PLANE('',#5569);
#5569 = AXIS2_PLACEMENT_3D('',#5570,#5571,#5572);
#5570 = CARTESIAN_POINT('',(780.,350.,2.517E+03));
#5571 = DIRECTION('',(0.,1.,0.));
#5572 = DIRECTION('',(0.,0.,1.));
#5573 = ADVANCED_FACE('',(#5574),#5577,.F.);
#5574 = FACE_BOUND('',#5575,.T.);
#5575 = EDGE_LOOP('',(#5576));
#5576 = ORIENTED_EDGE('',*,*,#5354,.F.);
#5577 = PLANE('',#5578);
#5578 = AXIS2_PLACEMENT_3D('',#5579,#5580,#5581);
#5579 = CARTESIAN_POINT('',(780.,-350.,2.517E+03));
#5580 = DIRECTION('',(0.,1.,0.));
#5581 = DIRECTION('',(0.,0.,1.));
#5582 = ADVANCED_FACE('',(#5583),#5594,.T.);
#5583 = FACE_BOUND('',#5584,.T.);
#5584 = EDGE_LOOP('',(#5585,#5591,#5592,#5593));
#5585 = ORIENTED_EDGE('',*,*,#5586,.F.);
#5586 = EDGE_CURVE('',#5458,#5378,#5587,.T.);
#5587 = LINE('',#5588,#5589);
#5588 = CARTESIAN_POINT('',(-1.05E+03,-6.,2.957E+03));
#5589 = VECTOR('',#5590,1.);
#5590 = DIRECTION('',(0.,1.,0.));
#5591 = ORIENTED_EDGE('',*,*,#5465,.T.);
#5592 = ORIENTED_EDGE('',*,*,#5442,.T.);
#5593 = ORIENTED_EDGE('',*,*,#5385,.F.);
#5594 = PLANE('',#5595);
#5595 = AXIS2_PLACEMENT_3D('',#5596,#5597,#5598);
#5596 = CARTESIAN_POINT('',(-1.05E+03,-6.,2.957E+03));
#5597 = DIRECTION('',(0.,0.,1.));
#5598 = DIRECTION('',(1.,0.,0.));
#5599 = ADVANCED_FACE('',(#5600),#5606,.F.);
#5600 = FACE_BOUND('',#5601,.F.);
#5601 = EDGE_LOOP('',(#5602,#5603,#5604,#5605));
#5602 = ORIENTED_EDGE('',*,*,#5457,.F.);
#5603 = ORIENTED_EDGE('',*,*,#5409,.T.);
#5604 = ORIENTED_EDGE('',*,*,#5377,.T.);
#5605 = ORIENTED_EDGE('',*,*,#5586,.F.);
#5606 = PLANE('',#5607);
#5607 = AXIS2_PLACEMENT_3D('',#5608,#5609,#5610);
#5608 = CARTESIAN_POINT('',(-1.05E+03,-6.,2.587E+03));
#5609 = DIRECTION('',(1.,0.,0.));
#5610 = DIRECTION('',(0.,0.,1.));
#5611 = ( GEOMETRIC_REPRESENTATION_CONTEXT(3) 
GLOBAL_UNCERTAINTY_ASSIGNED_CONTEXT((#5615)) 
GLOBAL_UNIT_ASSIGNED_CONTEXT((#5612,#5613,#5614)) REPRESENTATION_CONTEXT
('Context #1','3D Context with UNIT and UNCERTAINTY') );
#5612 = ( LENGTH_UNIT() NAMED_UNIT(*) SI_UNIT(.MILLI.,.METRE.) );
#5613 = ( NAMED_UNIT(*) PLANE_ANGLE_UNIT() SI_UNIT($,.RADIAN.) );
#5614 = ( NAMED_UNIT(*) SI_UNIT($,.STERADIAN.) SOLID_ANGLE_UNIT() );
#5615 = UNCERTAINTY_MEASURE_WITH_UNIT(LENGTH_MEASURE(5.E-06),#5612,
  'distance_accuracy_value','confusion accuracy');
#5616 = PRODUCT_RELATED_PRODUCT_CATEGORY('part',$,(#7));
ENDSEC;
END-ISO-10303-21;
