ISO-10303-21;
HEADER;
FILE_DESCRIPTION(('FreeCAD Model'),'2;1');
FILE_NAME('Open CASCADE Shape Model','2026-07-27T21:04:14',('FreeCAD'),(
    'FreeCAD'),'Open CASCADE STEP processor 7.9','FreeCAD','Unknown');
FILE_SCHEMA(('AUTOMOTIVE_DESIGN { 1 0 10303 214 1 1 1 1 }'));
ENDSEC;
DATA;
#1 = APPLICATION_PROTOCOL_DEFINITION('international standard',
  'automotive_design',2000,#2);
#2 = APPLICATION_CONTEXT(
  'core data for automotive mechanical design processes');
#3 = SHAPE_DEFINITION_REPRESENTATION(#4,#10);
#4 = PRODUCT_DEFINITION_SHAPE('','',#5);
#5 = PRODUCT_DEFINITION('design','',#6,#9);
#6 = PRODUCT_DEFINITION_FORMATION('','',#7);
#7 = PRODUCT('Open CASCADE STEP translator 7.9 4',
  'Open CASCADE STEP translator 7.9 4','',(#8));
#8 = PRODUCT_CONTEXT('',#2,'mechanical');
#9 = PRODUCT_DEFINITION_CONTEXT('part definition',#2,'design');
#10 = SHAPE_REPRESENTATION('',(#11,#15,#2490,#4965,#9782,#9825,#14642,
    #14685),#19553);
#11 = AXIS2_PLACEMENT_3D('',#12,#13,#14);
#12 = CARTESIAN_POINT('',(0.,0.,0.));
#13 = DIRECTION('',(0.,0.,1.));
#14 = DIRECTION('',(1.,0.,-0.));
#15 = MANIFOLD_SOLID_BREP('',#16);
#16 = CLOSED_SHELL('',(#17,#57,#120,#160,#216,#233,#250,#281,#312,#343,
    #376,#591,#603,#627,#658,#689,#982,#1036,#1060,#1391,#1599,#1611,
    #1642,#1654,#1666,#1678,#1690,#1702,#1749,#1766,#1783,#1800,#1829,
    #1854,#1881,#1898,#1910,#1934,#1951,#1968,#1988,#2010,#2044,#2078,
    #2099,#2126,#2138,#2162,#2179,#2196,#2216,#2238,#2272,#2293,#2310,
    #2339,#2360,#2384,#2401,#2418,#2430,#2442,#2454,#2466,#2478));
#17 = ADVANCED_FACE('',(#18),#52,.F.);
#18 = FACE_BOUND('',#19,.F.);
#19 = EDGE_LOOP('',(#20,#30,#38,#46));
#20 = ORIENTED_EDGE('',*,*,#21,.F.);
#21 = EDGE_CURVE('',#22,#24,#26,.T.);
#22 = VERTEX_POINT('',#23);
#23 = CARTESIAN_POINT('',(0.,-165.,165.));
#24 = VERTEX_POINT('',#25);
#25 = CARTESIAN_POINT('',(0.,-165.,215.));
#26 = LINE('',#27,#28);
#27 = CARTESIAN_POINT('',(0.,-165.,165.));
#28 = VECTOR('',#29,1.);
#29 = DIRECTION('',(0.,0.,1.));
#30 = ORIENTED_EDGE('',*,*,#31,.T.);
#31 = EDGE_CURVE('',#22,#32,#34,.T.);
#32 = VERTEX_POINT('',#33);
#33 = CARTESIAN_POINT('',(0.,-115.,165.));
#34 = LINE('',#35,#36);
#35 = CARTESIAN_POINT('',(0.,-165.,165.));
#36 = VECTOR('',#37,1.);
#37 = DIRECTION('',(0.,1.,0.));
#38 = ORIENTED_EDGE('',*,*,#39,.T.);
#39 = EDGE_CURVE('',#32,#40,#42,.T.);
#40 = VERTEX_POINT('',#41);
#41 = CARTESIAN_POINT('',(0.,-115.,215.));
#42 = LINE('',#43,#44);
#43 = CARTESIAN_POINT('',(0.,-115.,165.));
#44 = VECTOR('',#45,1.);
#45 = DIRECTION('',(0.,0.,1.));
#46 = ORIENTED_EDGE('',*,*,#47,.F.);
#47 = EDGE_CURVE('',#24,#40,#48,.T.);
#48 = LINE('',#49,#50);
#49 = CARTESIAN_POINT('',(0.,-165.,215.));
#50 = VECTOR('',#51,1.);
#51 = DIRECTION('',(0.,1.,0.));
#52 = PLANE('',#53);
#53 = AXIS2_PLACEMENT_3D('',#54,#55,#56);
#54 = CARTESIAN_POINT('',(0.,-165.,165.));
#55 = DIRECTION('',(1.,0.,0.));
#56 = DIRECTION('',(0.,0.,1.));
#57 = ADVANCED_FACE('',(#58),#115,.F.);
#58 = FACE_BOUND('',#59,.F.);
#59 = EDGE_LOOP('',(#60,#68,#69,#77,#85,#93,#101,#109));
#60 = ORIENTED_EDGE('',*,*,#61,.F.);
#61 = EDGE_CURVE('',#22,#62,#64,.T.);
#62 = VERTEX_POINT('',#63);
#63 = CARTESIAN_POINT('',(140.,-165.,165.));
#64 = LINE('',#65,#66);
#65 = CARTESIAN_POINT('',(0.,-165.,165.));
#66 = VECTOR('',#67,1.);
#67 = DIRECTION('',(1.,0.,0.));
#68 = ORIENTED_EDGE('',*,*,#21,.T.);
#69 = ORIENTED_EDGE('',*,*,#70,.T.);
#70 = EDGE_CURVE('',#24,#71,#73,.T.);
#71 = VERTEX_POINT('',#72);
#72 = CARTESIAN_POINT('',(1.,-165.,215.));
#73 = LINE('',#74,#75);
#74 = CARTESIAN_POINT('',(0.,-165.,215.));
#75 = VECTOR('',#76,1.);
#76 = DIRECTION('',(1.,0.,0.));
#77 = ORIENTED_EDGE('',*,*,#78,.T.);
#78 = EDGE_CURVE('',#71,#79,#81,.T.);
#79 = VERTEX_POINT('',#80);
#80 = CARTESIAN_POINT('',(29.,-165.,215.));
#81 = LINE('',#82,#83);
#82 = CARTESIAN_POINT('',(0.,-165.,215.));
#83 = VECTOR('',#84,1.);
#84 = DIRECTION('',(1.,0.,0.));
#85 = ORIENTED_EDGE('',*,*,#86,.T.);
#86 = EDGE_CURVE('',#79,#87,#89,.T.);
#87 = VERTEX_POINT('',#88);
#88 = CARTESIAN_POINT('',(111.,-165.,215.));
#89 = LINE('',#90,#91);
#90 = CARTESIAN_POINT('',(0.,-165.,215.));
#91 = VECTOR('',#92,1.);
#92 = DIRECTION('',(1.,0.,0.));
#93 = ORIENTED_EDGE('',*,*,#94,.T.);
#94 = EDGE_CURVE('',#87,#95,#97,.T.);
#95 = VERTEX_POINT('',#96);
#96 = CARTESIAN_POINT('',(139.,-165.,215.));
#97 = LINE('',#98,#99);
#98 = CARTESIAN_POINT('',(0.,-165.,215.));
#99 = VECTOR('',#100,1.);
#100 = DIRECTION('',(1.,0.,0.));
#101 = ORIENTED_EDGE('',*,*,#102,.T.);
#102 = EDGE_CURVE('',#95,#103,#105,.T.);
#103 = VERTEX_POINT('',#104);
#104 = CARTESIAN_POINT('',(140.,-165.,215.));
#105 = LINE('',#106,#107);
#106 = CARTESIAN_POINT('',(0.,-165.,215.));
#107 = VECTOR('',#108,1.);
#108 = DIRECTION('',(1.,0.,0.));
#109 = ORIENTED_EDGE('',*,*,#110,.F.);
#110 = EDGE_CURVE('',#62,#103,#111,.T.);
#111 = LINE('',#112,#113);
#112 = CARTESIAN_POINT('',(140.,-165.,165.));
#113 = VECTOR('',#114,1.);
#114 = DIRECTION('',(0.,0.,1.));
#115 = PLANE('',#116);
#116 = AXIS2_PLACEMENT_3D('',#117,#118,#119);
#117 = CARTESIAN_POINT('',(0.,-165.,165.));
#118 = DIRECTION('',(0.,1.,0.));
#119 = DIRECTION('',(0.,0.,1.));
#120 = ADVANCED_FACE('',(#121),#155,.T.);
#121 = FACE_BOUND('',#122,.T.);
#122 = EDGE_LOOP('',(#123,#131,#132,#133,#141,#149));
#123 = ORIENTED_EDGE('',*,*,#124,.F.);
#124 = EDGE_CURVE('',#40,#125,#127,.T.);
#125 = VERTEX_POINT('',#126);
#126 = CARTESIAN_POINT('',(1.,-115.,215.));
#127 = LINE('',#128,#129);
#128 = CARTESIAN_POINT('',(0.,-115.,215.));
#129 = VECTOR('',#130,1.);
#130 = DIRECTION('',(1.,0.,0.));
#131 = ORIENTED_EDGE('',*,*,#47,.F.);
#132 = ORIENTED_EDGE('',*,*,#70,.T.);
#133 = ORIENTED_EDGE('',*,*,#134,.T.);
#134 = EDGE_CURVE('',#71,#135,#137,.T.);
#135 = VERTEX_POINT('',#136);
#136 = CARTESIAN_POINT('',(1.,-162.,215.));
#137 = LINE('',#138,#139);
#138 = CARTESIAN_POINT('',(1.,-165.,215.));
#139 = VECTOR('',#140,1.);
#140 = DIRECTION('',(0.,1.,0.));
#141 = ORIENTED_EDGE('',*,*,#142,.T.);
#142 = EDGE_CURVE('',#135,#143,#145,.T.);
#143 = VERTEX_POINT('',#144);
#144 = CARTESIAN_POINT('',(1.,-118.,215.));
#145 = LINE('',#146,#147);
#146 = CARTESIAN_POINT('',(1.,-165.,215.));
#147 = VECTOR('',#148,1.);
#148 = DIRECTION('',(0.,1.,0.));
#149 = ORIENTED_EDGE('',*,*,#150,.T.);
#150 = EDGE_CURVE('',#143,#125,#151,.T.);
#151 = LINE('',#152,#153);
#152 = CARTESIAN_POINT('',(1.,-165.,215.));
#153 = VECTOR('',#154,1.);
#154 = DIRECTION('',(0.,1.,0.));
#155 = PLANE('',#156);
#156 = AXIS2_PLACEMENT_3D('',#157,#158,#159);
#157 = CARTESIAN_POINT('',(0.,-165.,215.));
#158 = DIRECTION('',(0.,0.,1.));
#159 = DIRECTION('',(1.,0.,0.));
#160 = ADVANCED_FACE('',(#161),#211,.T.);
#161 = FACE_BOUND('',#162,.T.);
#162 = EDGE_LOOP('',(#163,#171,#172,#173,#181,#189,#197,#205));
#163 = ORIENTED_EDGE('',*,*,#164,.F.);
#164 = EDGE_CURVE('',#32,#165,#167,.T.);
#165 = VERTEX_POINT('',#166);
#166 = CARTESIAN_POINT('',(140.,-115.,165.));
#167 = LINE('',#168,#169);
#168 = CARTESIAN_POINT('',(0.,-115.,165.));
#169 = VECTOR('',#170,1.);
#170 = DIRECTION('',(1.,0.,0.));
#171 = ORIENTED_EDGE('',*,*,#39,.T.);
#172 = ORIENTED_EDGE('',*,*,#124,.T.);
#173 = ORIENTED_EDGE('',*,*,#174,.T.);
#174 = EDGE_CURVE('',#125,#175,#177,.T.);
#175 = VERTEX_POINT('',#176);
#176 = CARTESIAN_POINT('',(29.,-115.,215.));
#177 = LINE('',#178,#179);
#178 = CARTESIAN_POINT('',(0.,-115.,215.));
#179 = VECTOR('',#180,1.);
#180 = DIRECTION('',(1.,0.,0.));
#181 = ORIENTED_EDGE('',*,*,#182,.T.);
#182 = EDGE_CURVE('',#175,#183,#185,.T.);
#183 = VERTEX_POINT('',#184);
#184 = CARTESIAN_POINT('',(111.,-115.,215.));
#185 = LINE('',#186,#187);
#186 = CARTESIAN_POINT('',(0.,-115.,215.));
#187 = VECTOR('',#188,1.);
#188 = DIRECTION('',(1.,0.,0.));
#189 = ORIENTED_EDGE('',*,*,#190,.T.);
#190 = EDGE_CURVE('',#183,#191,#193,.T.);
#191 = VERTEX_POINT('',#192);
#192 = CARTESIAN_POINT('',(139.,-115.,215.));
#193 = LINE('',#194,#195);
#194 = CARTESIAN_POINT('',(0.,-115.,215.));
#195 = VECTOR('',#196,1.);
#196 = DIRECTION('',(1.,0.,0.));
#197 = ORIENTED_EDGE('',*,*,#198,.T.);
#198 = EDGE_CURVE('',#191,#199,#201,.T.);
#199 = VERTEX_POINT('',#200);
#200 = CARTESIAN_POINT('',(140.,-115.,215.));
#201 = LINE('',#202,#203);
#202 = CARTESIAN_POINT('',(0.,-115.,215.));
#203 = VECTOR('',#204,1.);
#204 = DIRECTION('',(1.,0.,0.));
#205 = ORIENTED_EDGE('',*,*,#206,.F.);
#206 = EDGE_CURVE('',#165,#199,#207,.T.);
#207 = LINE('',#208,#209);
#208 = CARTESIAN_POINT('',(140.,-115.,165.));
#209 = VECTOR('',#210,1.);
#210 = DIRECTION('',(0.,0.,1.));
#211 = PLANE('',#212);
#212 = AXIS2_PLACEMENT_3D('',#213,#214,#215);
#213 = CARTESIAN_POINT('',(0.,-115.,165.));
#214 = DIRECTION('',(0.,1.,0.));
#215 = DIRECTION('',(0.,0.,1.));
#216 = ADVANCED_FACE('',(#217),#228,.F.);
#217 = FACE_BOUND('',#218,.F.);
#218 = EDGE_LOOP('',(#219,#220,#221,#227));
#219 = ORIENTED_EDGE('',*,*,#31,.F.);
#220 = ORIENTED_EDGE('',*,*,#61,.T.);
#221 = ORIENTED_EDGE('',*,*,#222,.T.);
#222 = EDGE_CURVE('',#62,#165,#223,.T.);
#223 = LINE('',#224,#225);
#224 = CARTESIAN_POINT('',(140.,-165.,165.));
#225 = VECTOR('',#226,1.);
#226 = DIRECTION('',(0.,1.,0.));
#227 = ORIENTED_EDGE('',*,*,#164,.F.);
#228 = PLANE('',#229);
#229 = AXIS2_PLACEMENT_3D('',#230,#231,#232);
#230 = CARTESIAN_POINT('',(0.,-165.,165.));
#231 = DIRECTION('',(0.,0.,1.));
#232 = DIRECTION('',(1.,0.,0.));
#233 = ADVANCED_FACE('',(#234),#245,.T.);
#234 = FACE_BOUND('',#235,.T.);
#235 = EDGE_LOOP('',(#236,#237,#238,#239));
#236 = ORIENTED_EDGE('',*,*,#110,.F.);
#237 = ORIENTED_EDGE('',*,*,#222,.T.);
#238 = ORIENTED_EDGE('',*,*,#206,.T.);
#239 = ORIENTED_EDGE('',*,*,#240,.F.);
#240 = EDGE_CURVE('',#103,#199,#241,.T.);
#241 = LINE('',#242,#243);
#242 = CARTESIAN_POINT('',(140.,-165.,215.));
#243 = VECTOR('',#244,1.);
#244 = DIRECTION('',(0.,1.,0.));
#245 = PLANE('',#246);
#246 = AXIS2_PLACEMENT_3D('',#247,#248,#249);
#247 = CARTESIAN_POINT('',(140.,-165.,165.));
#248 = DIRECTION('',(1.,0.,0.));
#249 = DIRECTION('',(0.,0.,1.));
#250 = ADVANCED_FACE('',(#251),#276,.F.);
#251 = FACE_BOUND('',#252,.F.);
#252 = EDGE_LOOP('',(#253,#254,#262,#270));
#253 = ORIENTED_EDGE('',*,*,#78,.F.);
#254 = ORIENTED_EDGE('',*,*,#255,.T.);
#255 = EDGE_CURVE('',#71,#256,#258,.T.);
#256 = VERTEX_POINT('',#257);
#257 = CARTESIAN_POINT('',(1.,-165.,780.));
#258 = LINE('',#259,#260);
#259 = CARTESIAN_POINT('',(1.,-165.,215.));
#260 = VECTOR('',#261,1.);
#261 = DIRECTION('',(0.,0.,1.));
#262 = ORIENTED_EDGE('',*,*,#263,.T.);
#263 = EDGE_CURVE('',#256,#264,#266,.T.);
#264 = VERTEX_POINT('',#265);
#265 = CARTESIAN_POINT('',(29.,-165.,780.));
#266 = LINE('',#267,#268);
#267 = CARTESIAN_POINT('',(0.,-165.,780.));
#268 = VECTOR('',#269,1.);
#269 = DIRECTION('',(1.,0.,0.));
#270 = ORIENTED_EDGE('',*,*,#271,.F.);
#271 = EDGE_CURVE('',#79,#264,#272,.T.);
#272 = LINE('',#273,#274);
#273 = CARTESIAN_POINT('',(29.,-165.,215.));
#274 = VECTOR('',#275,1.);
#275 = DIRECTION('',(0.,0.,1.));
#276 = PLANE('',#277);
#277 = AXIS2_PLACEMENT_3D('',#278,#279,#280);
#278 = CARTESIAN_POINT('',(1.,-165.,215.));
#279 = DIRECTION('',(0.,1.,0.));
#280 = DIRECTION('',(0.,0.,1.));
#281 = ADVANCED_FACE('',(#282),#307,.T.);
#282 = FACE_BOUND('',#283,.T.);
#283 = EDGE_LOOP('',(#284,#294,#300,#301));
#284 = ORIENTED_EDGE('',*,*,#285,.T.);
#285 = EDGE_CURVE('',#286,#288,#290,.T.);
#286 = VERTEX_POINT('',#287);
#287 = CARTESIAN_POINT('',(111.,-162.,215.));
#288 = VERTEX_POINT('',#289);
#289 = CARTESIAN_POINT('',(29.,-162.,215.));
#290 = LINE('',#291,#292);
#291 = CARTESIAN_POINT('',(0.5,-162.,215.));
#292 = VECTOR('',#293,1.);
#293 = DIRECTION('',(-1.,0.,0.));
#294 = ORIENTED_EDGE('',*,*,#295,.F.);
#295 = EDGE_CURVE('',#79,#288,#296,.T.);
#296 = LINE('',#297,#298);
#297 = CARTESIAN_POINT('',(29.,-165.,215.));
#298 = VECTOR('',#299,1.);
#299 = DIRECTION('',(0.,1.,0.));
#300 = ORIENTED_EDGE('',*,*,#86,.T.);
#301 = ORIENTED_EDGE('',*,*,#302,.T.);
#302 = EDGE_CURVE('',#87,#286,#303,.T.);
#303 = LINE('',#304,#305);
#304 = CARTESIAN_POINT('',(111.,-165.,215.));
#305 = VECTOR('',#306,1.);
#306 = DIRECTION('',(0.,1.,0.));
#307 = PLANE('',#308);
#308 = AXIS2_PLACEMENT_3D('',#309,#310,#311);
#309 = CARTESIAN_POINT('',(0.,-165.,215.));
#310 = DIRECTION('',(0.,0.,1.));
#311 = DIRECTION('',(1.,0.,0.));
#312 = ADVANCED_FACE('',(#313),#338,.F.);
#313 = FACE_BOUND('',#314,.F.);
#314 = EDGE_LOOP('',(#315,#316,#324,#332));
#315 = ORIENTED_EDGE('',*,*,#94,.F.);
#316 = ORIENTED_EDGE('',*,*,#317,.T.);
#317 = EDGE_CURVE('',#87,#318,#320,.T.);
#318 = VERTEX_POINT('',#319);
#319 = CARTESIAN_POINT('',(111.,-165.,780.));
#320 = LINE('',#321,#322);
#321 = CARTESIAN_POINT('',(111.,-165.,215.));
#322 = VECTOR('',#323,1.);
#323 = DIRECTION('',(0.,0.,1.));
#324 = ORIENTED_EDGE('',*,*,#325,.T.);
#325 = EDGE_CURVE('',#318,#326,#328,.T.);
#326 = VERTEX_POINT('',#327);
#327 = CARTESIAN_POINT('',(139.,-165.,780.));
#328 = LINE('',#329,#330);
#329 = CARTESIAN_POINT('',(0.,-165.,780.));
#330 = VECTOR('',#331,1.);
#331 = DIRECTION('',(1.,0.,0.));
#332 = ORIENTED_EDGE('',*,*,#333,.F.);
#333 = EDGE_CURVE('',#95,#326,#334,.T.);
#334 = LINE('',#335,#336);
#335 = CARTESIAN_POINT('',(139.,-165.,215.));
#336 = VECTOR('',#337,1.);
#337 = DIRECTION('',(0.,0.,1.));
#338 = PLANE('',#339);
#339 = AXIS2_PLACEMENT_3D('',#340,#341,#342);
#340 = CARTESIAN_POINT('',(111.,-165.,215.));
#341 = DIRECTION('',(0.,1.,0.));
#342 = DIRECTION('',(0.,0.,1.));
#343 = ADVANCED_FACE('',(#344),#371,.T.);
#344 = FACE_BOUND('',#345,.T.);
#345 = EDGE_LOOP('',(#346,#347,#355,#363,#369,#370));
#346 = ORIENTED_EDGE('',*,*,#198,.F.);
#347 = ORIENTED_EDGE('',*,*,#348,.F.);
#348 = EDGE_CURVE('',#349,#191,#351,.T.);
#349 = VERTEX_POINT('',#350);
#350 = CARTESIAN_POINT('',(139.,-118.,215.));
#351 = LINE('',#352,#353);
#352 = CARTESIAN_POINT('',(139.,-165.,215.));
#353 = VECTOR('',#354,1.);
#354 = DIRECTION('',(0.,1.,0.));
#355 = ORIENTED_EDGE('',*,*,#356,.F.);
#356 = EDGE_CURVE('',#357,#349,#359,.T.);
#357 = VERTEX_POINT('',#358);
#358 = CARTESIAN_POINT('',(139.,-162.,215.));
#359 = LINE('',#360,#361);
#360 = CARTESIAN_POINT('',(139.,-165.,215.));
#361 = VECTOR('',#362,1.);
#362 = DIRECTION('',(0.,1.,0.));
#363 = ORIENTED_EDGE('',*,*,#364,.F.);
#364 = EDGE_CURVE('',#95,#357,#365,.T.);
#365 = LINE('',#366,#367);
#366 = CARTESIAN_POINT('',(139.,-165.,215.));
#367 = VECTOR('',#368,1.);
#368 = DIRECTION('',(0.,1.,0.));
#369 = ORIENTED_EDGE('',*,*,#102,.T.);
#370 = ORIENTED_EDGE('',*,*,#240,.T.);
#371 = PLANE('',#372);
#372 = AXIS2_PLACEMENT_3D('',#373,#374,#375);
#373 = CARTESIAN_POINT('',(0.,-165.,215.));
#374 = DIRECTION('',(0.,0.,1.));
#375 = DIRECTION('',(1.,0.,0.));
#376 = ADVANCED_FACE('',(#377,#450,#484,#518,#552),#586,.F.);
#377 = FACE_BOUND('',#378,.F.);
#378 = EDGE_LOOP('',(#379,#380,#381,#389,#397,#403,#404,#412,#420,#428,
    #436,#444));
#379 = ORIENTED_EDGE('',*,*,#255,.F.);
#380 = ORIENTED_EDGE('',*,*,#134,.T.);
#381 = ORIENTED_EDGE('',*,*,#382,.T.);
#382 = EDGE_CURVE('',#135,#383,#385,.T.);
#383 = VERTEX_POINT('',#384);
#384 = CARTESIAN_POINT('',(1.,-162.,223.));
#385 = LINE('',#386,#387);
#386 = CARTESIAN_POINT('',(1.,-162.,207.));
#387 = VECTOR('',#388,1.);
#388 = DIRECTION('',(0.,0.,1.));
#389 = ORIENTED_EDGE('',*,*,#390,.T.);
#390 = EDGE_CURVE('',#383,#391,#393,.T.);
#391 = VERTEX_POINT('',#392);
#392 = CARTESIAN_POINT('',(1.,-118.,223.));
#393 = LINE('',#394,#395);
#394 = CARTESIAN_POINT('',(1.,-162.,223.));
#395 = VECTOR('',#396,1.);
#396 = DIRECTION('',(0.,1.,0.));
#397 = ORIENTED_EDGE('',*,*,#398,.F.);
#398 = EDGE_CURVE('',#143,#391,#399,.T.);
#399 = LINE('',#400,#401);
#400 = CARTESIAN_POINT('',(1.,-118.,207.));
#401 = VECTOR('',#402,1.);
#402 = DIRECTION('',(0.,0.,1.));
#403 = ORIENTED_EDGE('',*,*,#150,.T.);
#404 = ORIENTED_EDGE('',*,*,#405,.T.);
#405 = EDGE_CURVE('',#125,#406,#408,.T.);
#406 = VERTEX_POINT('',#407);
#407 = CARTESIAN_POINT('',(1.,-115.,780.));
#408 = LINE('',#409,#410);
#409 = CARTESIAN_POINT('',(1.,-115.,215.));
#410 = VECTOR('',#411,1.);
#411 = DIRECTION('',(0.,0.,1.));
#412 = ORIENTED_EDGE('',*,*,#413,.F.);
#413 = EDGE_CURVE('',#414,#406,#416,.T.);
#414 = VERTEX_POINT('',#415);
#415 = CARTESIAN_POINT('',(1.,-118.,780.));
#416 = LINE('',#417,#418);
#417 = CARTESIAN_POINT('',(1.,-165.,780.));
#418 = VECTOR('',#419,1.);
#419 = DIRECTION('',(0.,1.,0.));
#420 = ORIENTED_EDGE('',*,*,#421,.F.);
#421 = EDGE_CURVE('',#422,#414,#424,.T.);
#422 = VERTEX_POINT('',#423);
#423 = CARTESIAN_POINT('',(1.,-118.,772.));
#424 = LINE('',#425,#426);
#425 = CARTESIAN_POINT('',(1.,-118.,772.));
#426 = VECTOR('',#427,1.);
#427 = DIRECTION('',(0.,0.,1.));
#428 = ORIENTED_EDGE('',*,*,#429,.F.);
#429 = EDGE_CURVE('',#430,#422,#432,.T.);
#430 = VERTEX_POINT('',#431);
#431 = CARTESIAN_POINT('',(1.,-162.,772.));
#432 = LINE('',#433,#434);
#433 = CARTESIAN_POINT('',(1.,-162.,772.));
#434 = VECTOR('',#435,1.);
#435 = DIRECTION('',(0.,1.,0.));
#436 = ORIENTED_EDGE('',*,*,#437,.T.);
#437 = EDGE_CURVE('',#430,#438,#440,.T.);
#438 = VERTEX_POINT('',#439);
#439 = CARTESIAN_POINT('',(1.,-162.,780.));
#440 = LINE('',#441,#442);
#441 = CARTESIAN_POINT('',(1.,-162.,772.));
#442 = VECTOR('',#443,1.);
#443 = DIRECTION('',(0.,0.,1.));
#444 = ORIENTED_EDGE('',*,*,#445,.F.);
#445 = EDGE_CURVE('',#256,#438,#446,.T.);
#446 = LINE('',#447,#448);
#447 = CARTESIAN_POINT('',(1.,-165.,780.));
#448 = VECTOR('',#449,1.);
#449 = DIRECTION('',(0.,1.,0.));
#450 = FACE_BOUND('',#451,.F.);
#451 = EDGE_LOOP('',(#452,#462,#470,#478));
#452 = ORIENTED_EDGE('',*,*,#453,.F.);
#453 = EDGE_CURVE('',#454,#456,#458,.T.);
#454 = VERTEX_POINT('',#455);
#455 = CARTESIAN_POINT('',(1.,-162.,320.));
#456 = VERTEX_POINT('',#457);
#457 = CARTESIAN_POINT('',(1.,-118.,320.));
#458 = LINE('',#459,#460);
#459 = CARTESIAN_POINT('',(1.,-162.,320.));
#460 = VECTOR('',#461,1.);
#461 = DIRECTION('',(0.,1.,0.));
#462 = ORIENTED_EDGE('',*,*,#463,.T.);
#463 = EDGE_CURVE('',#454,#464,#466,.T.);
#464 = VERTEX_POINT('',#465);
#465 = CARTESIAN_POINT('',(1.,-162.,336.));
#466 = LINE('',#467,#468);
#467 = CARTESIAN_POINT('',(1.,-162.,320.));
#468 = VECTOR('',#469,1.);
#469 = DIRECTION('',(0.,0.,1.));
#470 = ORIENTED_EDGE('',*,*,#471,.T.);
#471 = EDGE_CURVE('',#464,#472,#474,.T.);
#472 = VERTEX_POINT('',#473);
#473 = CARTESIAN_POINT('',(1.,-118.,336.));
#474 = LINE('',#475,#476);
#475 = CARTESIAN_POINT('',(1.,-162.,336.));
#476 = VECTOR('',#477,1.);
#477 = DIRECTION('',(0.,1.,0.));
#478 = ORIENTED_EDGE('',*,*,#479,.F.);
#479 = EDGE_CURVE('',#456,#472,#480,.T.);
#480 = LINE('',#481,#482);
#481 = CARTESIAN_POINT('',(1.,-118.,320.));
#482 = VECTOR('',#483,1.);
#483 = DIRECTION('',(0.,0.,1.));
#484 = FACE_BOUND('',#485,.F.);
#485 = EDGE_LOOP('',(#486,#496,#504,#512));
#486 = ORIENTED_EDGE('',*,*,#487,.F.);
#487 = EDGE_CURVE('',#488,#490,#492,.T.);
#488 = VERTEX_POINT('',#489);
#489 = CARTESIAN_POINT('',(1.,-162.,433.));
#490 = VERTEX_POINT('',#491);
#491 = CARTESIAN_POINT('',(1.,-118.,433.));
#492 = LINE('',#493,#494);
#493 = CARTESIAN_POINT('',(1.,-162.,433.));
#494 = VECTOR('',#495,1.);
#495 = DIRECTION('',(0.,1.,0.));
#496 = ORIENTED_EDGE('',*,*,#497,.T.);
#497 = EDGE_CURVE('',#488,#498,#500,.T.);
#498 = VERTEX_POINT('',#499);
#499 = CARTESIAN_POINT('',(1.,-162.,449.));
#500 = LINE('',#501,#502);
#501 = CARTESIAN_POINT('',(1.,-162.,433.));
#502 = VECTOR('',#503,1.);
#503 = DIRECTION('',(0.,0.,1.));
#504 = ORIENTED_EDGE('',*,*,#505,.T.);
#505 = EDGE_CURVE('',#498,#506,#508,.T.);
#506 = VERTEX_POINT('',#507);
#507 = CARTESIAN_POINT('',(1.,-118.,449.));
#508 = LINE('',#509,#510);
#509 = CARTESIAN_POINT('',(1.,-162.,449.));
#510 = VECTOR('',#511,1.);
#511 = DIRECTION('',(0.,1.,0.));
#512 = ORIENTED_EDGE('',*,*,#513,.F.);
#513 = EDGE_CURVE('',#490,#506,#514,.T.);
#514 = LINE('',#515,#516);
#515 = CARTESIAN_POINT('',(1.,-118.,433.));
#516 = VECTOR('',#517,1.);
#517 = DIRECTION('',(0.,0.,1.));
#518 = FACE_BOUND('',#519,.F.);
#519 = EDGE_LOOP('',(#520,#530,#538,#546));
#520 = ORIENTED_EDGE('',*,*,#521,.F.);
#521 = EDGE_CURVE('',#522,#524,#526,.T.);
#522 = VERTEX_POINT('',#523);
#523 = CARTESIAN_POINT('',(1.,-162.,546.));
#524 = VERTEX_POINT('',#525);
#525 = CARTESIAN_POINT('',(1.,-118.,546.));
#526 = LINE('',#527,#528);
#527 = CARTESIAN_POINT('',(1.,-162.,546.));
#528 = VECTOR('',#529,1.);
#529 = DIRECTION('',(0.,1.,0.));
#530 = ORIENTED_EDGE('',*,*,#531,.T.);
#531 = EDGE_CURVE('',#522,#532,#534,.T.);
#532 = VERTEX_POINT('',#533);
#533 = CARTESIAN_POINT('',(1.,-162.,562.));
#534 = LINE('',#535,#536);
#535 = CARTESIAN_POINT('',(1.,-162.,546.));
#536 = VECTOR('',#537,1.);
#537 = DIRECTION('',(0.,0.,1.));
#538 = ORIENTED_EDGE('',*,*,#539,.T.);
#539 = EDGE_CURVE('',#532,#540,#542,.T.);
#540 = VERTEX_POINT('',#541);
#541 = CARTESIAN_POINT('',(1.,-118.,562.));
#542 = LINE('',#543,#544);
#543 = CARTESIAN_POINT('',(1.,-162.,562.));
#544 = VECTOR('',#545,1.);
#545 = DIRECTION('',(0.,1.,0.));
#546 = ORIENTED_EDGE('',*,*,#547,.F.);
#547 = EDGE_CURVE('',#524,#540,#548,.T.);
#548 = LINE('',#549,#550);
#549 = CARTESIAN_POINT('',(1.,-118.,546.));
#550 = VECTOR('',#551,1.);
#551 = DIRECTION('',(0.,0.,1.));
#552 = FACE_BOUND('',#553,.F.);
#553 = EDGE_LOOP('',(#554,#564,#572,#580));
#554 = ORIENTED_EDGE('',*,*,#555,.F.);
#555 = EDGE_CURVE('',#556,#558,#560,.T.);
#556 = VERTEX_POINT('',#557);
#557 = CARTESIAN_POINT('',(1.,-162.,659.));
#558 = VERTEX_POINT('',#559);
#559 = CARTESIAN_POINT('',(1.,-118.,659.));
#560 = LINE('',#561,#562);
#561 = CARTESIAN_POINT('',(1.,-162.,659.));
#562 = VECTOR('',#563,1.);
#563 = DIRECTION('',(0.,1.,0.));
#564 = ORIENTED_EDGE('',*,*,#565,.T.);
#565 = EDGE_CURVE('',#556,#566,#568,.T.);
#566 = VERTEX_POINT('',#567);
#567 = CARTESIAN_POINT('',(1.,-162.,675.));
#568 = LINE('',#569,#570);
#569 = CARTESIAN_POINT('',(1.,-162.,659.));
#570 = VECTOR('',#571,1.);
#571 = DIRECTION('',(0.,0.,1.));
#572 = ORIENTED_EDGE('',*,*,#573,.T.);
#573 = EDGE_CURVE('',#566,#574,#576,.T.);
#574 = VERTEX_POINT('',#575);
#575 = CARTESIAN_POINT('',(1.,-118.,675.));
#576 = LINE('',#577,#578);
#577 = CARTESIAN_POINT('',(1.,-162.,675.));
#578 = VECTOR('',#579,1.);
#579 = DIRECTION('',(0.,1.,0.));
#580 = ORIENTED_EDGE('',*,*,#581,.F.);
#581 = EDGE_CURVE('',#558,#574,#582,.T.);
#582 = LINE('',#583,#584);
#583 = CARTESIAN_POINT('',(1.,-118.,659.));
#584 = VECTOR('',#585,1.);
#585 = DIRECTION('',(0.,0.,1.));
#586 = PLANE('',#587);
#587 = AXIS2_PLACEMENT_3D('',#588,#589,#590);
#588 = CARTESIAN_POINT('',(1.,-165.,215.));
#589 = DIRECTION('',(1.,0.,0.));
#590 = DIRECTION('',(0.,0.,1.));
#591 = ADVANCED_FACE('',(#592),#598,.F.);
#592 = FACE_BOUND('',#593,.F.);
#593 = EDGE_LOOP('',(#594,#595,#596,#597));
#594 = ORIENTED_EDGE('',*,*,#382,.F.);
#595 = ORIENTED_EDGE('',*,*,#142,.T.);
#596 = ORIENTED_EDGE('',*,*,#398,.T.);
#597 = ORIENTED_EDGE('',*,*,#390,.F.);
#598 = PLANE('',#599);
#599 = AXIS2_PLACEMENT_3D('',#600,#601,#602);
#600 = CARTESIAN_POINT('',(1.,-165.,215.));
#601 = DIRECTION('',(1.,0.,0.));
#602 = DIRECTION('',(0.,0.,1.));
#603 = ADVANCED_FACE('',(#604),#622,.T.);
#604 = FACE_BOUND('',#605,.T.);
#605 = EDGE_LOOP('',(#606,#607,#608,#616));
#606 = ORIENTED_EDGE('',*,*,#174,.F.);
#607 = ORIENTED_EDGE('',*,*,#405,.T.);
#608 = ORIENTED_EDGE('',*,*,#609,.T.);
#609 = EDGE_CURVE('',#406,#610,#612,.T.);
#610 = VERTEX_POINT('',#611);
#611 = CARTESIAN_POINT('',(29.,-115.,780.));
#612 = LINE('',#613,#614);
#613 = CARTESIAN_POINT('',(0.,-115.,780.));
#614 = VECTOR('',#615,1.);
#615 = DIRECTION('',(1.,0.,0.));
#616 = ORIENTED_EDGE('',*,*,#617,.F.);
#617 = EDGE_CURVE('',#175,#610,#618,.T.);
#618 = LINE('',#619,#620);
#619 = CARTESIAN_POINT('',(29.,-115.,215.));
#620 = VECTOR('',#621,1.);
#621 = DIRECTION('',(0.,0.,1.));
#622 = PLANE('',#623);
#623 = AXIS2_PLACEMENT_3D('',#624,#625,#626);
#624 = CARTESIAN_POINT('',(1.,-115.,215.));
#625 = DIRECTION('',(0.,1.,0.));
#626 = DIRECTION('',(0.,0.,1.));
#627 = ADVANCED_FACE('',(#628),#653,.T.);
#628 = FACE_BOUND('',#629,.T.);
#629 = EDGE_LOOP('',(#630,#631,#639,#647));
#630 = ORIENTED_EDGE('',*,*,#182,.F.);
#631 = ORIENTED_EDGE('',*,*,#632,.F.);
#632 = EDGE_CURVE('',#633,#175,#635,.T.);
#633 = VERTEX_POINT('',#634);
#634 = CARTESIAN_POINT('',(29.,-118.,215.));
#635 = LINE('',#636,#637);
#636 = CARTESIAN_POINT('',(29.,-165.,215.));
#637 = VECTOR('',#638,1.);
#638 = DIRECTION('',(0.,1.,0.));
#639 = ORIENTED_EDGE('',*,*,#640,.F.);
#640 = EDGE_CURVE('',#641,#633,#643,.T.);
#641 = VERTEX_POINT('',#642);
#642 = CARTESIAN_POINT('',(111.,-118.,215.));
#643 = LINE('',#644,#645);
#644 = CARTESIAN_POINT('',(0.5,-118.,215.));
#645 = VECTOR('',#646,1.);
#646 = DIRECTION('',(-1.,0.,0.));
#647 = ORIENTED_EDGE('',*,*,#648,.T.);
#648 = EDGE_CURVE('',#641,#183,#649,.T.);
#649 = LINE('',#650,#651);
#650 = CARTESIAN_POINT('',(111.,-165.,215.));
#651 = VECTOR('',#652,1.);
#652 = DIRECTION('',(0.,1.,0.));
#653 = PLANE('',#654);
#654 = AXIS2_PLACEMENT_3D('',#655,#656,#657);
#655 = CARTESIAN_POINT('',(0.,-165.,215.));
#656 = DIRECTION('',(0.,0.,1.));
#657 = DIRECTION('',(1.,0.,0.));
#658 = ADVANCED_FACE('',(#659),#684,.T.);
#659 = FACE_BOUND('',#660,.T.);
#660 = EDGE_LOOP('',(#661,#662,#670,#678));
#661 = ORIENTED_EDGE('',*,*,#190,.F.);
#662 = ORIENTED_EDGE('',*,*,#663,.T.);
#663 = EDGE_CURVE('',#183,#664,#666,.T.);
#664 = VERTEX_POINT('',#665);
#665 = CARTESIAN_POINT('',(111.,-115.,780.));
#666 = LINE('',#667,#668);
#667 = CARTESIAN_POINT('',(111.,-115.,215.));
#668 = VECTOR('',#669,1.);
#669 = DIRECTION('',(0.,0.,1.));
#670 = ORIENTED_EDGE('',*,*,#671,.T.);
#671 = EDGE_CURVE('',#664,#672,#674,.T.);
#672 = VERTEX_POINT('',#673);
#673 = CARTESIAN_POINT('',(139.,-115.,780.));
#674 = LINE('',#675,#676);
#675 = CARTESIAN_POINT('',(0.,-115.,780.));
#676 = VECTOR('',#677,1.);
#677 = DIRECTION('',(1.,0.,0.));
#678 = ORIENTED_EDGE('',*,*,#679,.F.);
#679 = EDGE_CURVE('',#191,#672,#680,.T.);
#680 = LINE('',#681,#682);
#681 = CARTESIAN_POINT('',(139.,-115.,215.));
#682 = VECTOR('',#683,1.);
#683 = DIRECTION('',(0.,0.,1.));
#684 = PLANE('',#685);
#685 = AXIS2_PLACEMENT_3D('',#686,#687,#688);
#686 = CARTESIAN_POINT('',(111.,-115.,215.));
#687 = DIRECTION('',(0.,1.,0.));
#688 = DIRECTION('',(0.,0.,1.));
#689 = ADVANCED_FACE('',(#690,#773,#807,#875,#909),#977,.T.);
#690 = FACE_BOUND('',#691,.T.);
#691 = EDGE_LOOP('',(#692,#693,#694,#702,#710,#719,#727,#733,#734,#735,
    #743,#751,#759,#767));
#692 = ORIENTED_EDGE('',*,*,#271,.F.);
#693 = ORIENTED_EDGE('',*,*,#295,.T.);
#694 = ORIENTED_EDGE('',*,*,#695,.T.);
#695 = EDGE_CURVE('',#288,#696,#698,.T.);
#696 = VERTEX_POINT('',#697);
#697 = CARTESIAN_POINT('',(29.,-162.,223.));
#698 = LINE('',#699,#700);
#699 = CARTESIAN_POINT('',(29.,-162.,211.));
#700 = VECTOR('',#701,1.);
#701 = DIRECTION('',(0.,0.,1.));
#702 = ORIENTED_EDGE('',*,*,#703,.F.);
#703 = EDGE_CURVE('',#704,#696,#706,.T.);
#704 = VERTEX_POINT('',#705);
#705 = CARTESIAN_POINT('',(29.,-147.8220204667,223.));
#706 = LINE('',#707,#708);
#707 = CARTESIAN_POINT('',(29.,-163.5,223.));
#708 = VECTOR('',#709,1.);
#709 = DIRECTION('',(0.,-1.,0.));
#710 = ORIENTED_EDGE('',*,*,#711,.F.);
#711 = EDGE_CURVE('',#712,#704,#714,.T.);
#712 = VERTEX_POINT('',#713);
#713 = CARTESIAN_POINT('',(29.,-132.1779795332,223.));
#714 = ELLIPSE('',#715,12.902652043362,9.);
#715 = AXIS2_PLACEMENT_3D('',#716,#717,#718);
#716 = CARTESIAN_POINT('',(29.,-140.,229.38181818181));
#717 = DIRECTION('',(1.,0.,-0.));
#718 = DIRECTION('',(0.,0.,1.));
#719 = ORIENTED_EDGE('',*,*,#720,.F.);
#720 = EDGE_CURVE('',#721,#712,#723,.T.);
#721 = VERTEX_POINT('',#722);
#722 = CARTESIAN_POINT('',(29.,-118.,223.));
#723 = LINE('',#724,#725);
#724 = CARTESIAN_POINT('',(29.,-163.5,223.));
#725 = VECTOR('',#726,1.);
#726 = DIRECTION('',(0.,-1.,0.));
#727 = ORIENTED_EDGE('',*,*,#728,.F.);
#728 = EDGE_CURVE('',#633,#721,#729,.T.);
#729 = LINE('',#730,#731);
#730 = CARTESIAN_POINT('',(29.,-118.,211.));
#731 = VECTOR('',#732,1.);
#732 = DIRECTION('',(0.,0.,1.));
#733 = ORIENTED_EDGE('',*,*,#632,.T.);
#734 = ORIENTED_EDGE('',*,*,#617,.T.);
#735 = ORIENTED_EDGE('',*,*,#736,.F.);
#736 = EDGE_CURVE('',#737,#610,#739,.T.);
#737 = VERTEX_POINT('',#738);
#738 = CARTESIAN_POINT('',(29.,-118.,780.));
#739 = LINE('',#740,#741);
#740 = CARTESIAN_POINT('',(29.,-165.,780.));
#741 = VECTOR('',#742,1.);
#742 = DIRECTION('',(0.,1.,0.));
#743 = ORIENTED_EDGE('',*,*,#744,.F.);
#744 = EDGE_CURVE('',#745,#737,#747,.T.);
#745 = VERTEX_POINT('',#746);
#746 = CARTESIAN_POINT('',(29.,-118.,772.));
#747 = LINE('',#748,#749);
#748 = CARTESIAN_POINT('',(29.,-118.,493.5));
#749 = VECTOR('',#750,1.);
#750 = DIRECTION('',(0.,0.,1.));
#751 = ORIENTED_EDGE('',*,*,#752,.T.);
#752 = EDGE_CURVE('',#745,#753,#755,.T.);
#753 = VERTEX_POINT('',#754);
#754 = CARTESIAN_POINT('',(29.,-162.,772.));
#755 = LINE('',#756,#757);
#756 = CARTESIAN_POINT('',(29.,-163.5,772.));
#757 = VECTOR('',#758,1.);
#758 = DIRECTION('',(0.,-1.,0.));
#759 = ORIENTED_EDGE('',*,*,#760,.T.);
#760 = EDGE_CURVE('',#753,#761,#763,.T.);
#761 = VERTEX_POINT('',#762);
#762 = CARTESIAN_POINT('',(29.,-162.,780.));
#763 = LINE('',#764,#765);
#764 = CARTESIAN_POINT('',(29.,-162.,493.5));
#765 = VECTOR('',#766,1.);
#766 = DIRECTION('',(0.,0.,1.));
#767 = ORIENTED_EDGE('',*,*,#768,.F.);
#768 = EDGE_CURVE('',#264,#761,#769,.T.);
#769 = LINE('',#770,#771);
#770 = CARTESIAN_POINT('',(29.,-165.,780.));
#771 = VECTOR('',#772,1.);
#772 = DIRECTION('',(0.,1.,0.));
#773 = FACE_BOUND('',#774,.T.);
#774 = EDGE_LOOP('',(#775,#785,#793,#801));
#775 = ORIENTED_EDGE('',*,*,#776,.T.);
#776 = EDGE_CURVE('',#777,#779,#781,.T.);
#777 = VERTEX_POINT('',#778);
#778 = CARTESIAN_POINT('',(29.,-118.,320.));
#779 = VERTEX_POINT('',#780);
#780 = CARTESIAN_POINT('',(29.,-162.,320.));
#781 = LINE('',#782,#783);
#782 = CARTESIAN_POINT('',(29.,-163.5,320.));
#783 = VECTOR('',#784,1.);
#784 = DIRECTION('',(0.,-1.,0.));
#785 = ORIENTED_EDGE('',*,*,#786,.T.);
#786 = EDGE_CURVE('',#779,#787,#789,.T.);
#787 = VERTEX_POINT('',#788);
#788 = CARTESIAN_POINT('',(29.,-162.,336.));
#789 = LINE('',#790,#791);
#790 = CARTESIAN_POINT('',(29.,-162.,267.5));
#791 = VECTOR('',#792,1.);
#792 = DIRECTION('',(0.,0.,1.));
#793 = ORIENTED_EDGE('',*,*,#794,.F.);
#794 = EDGE_CURVE('',#795,#787,#797,.T.);
#795 = VERTEX_POINT('',#796);
#796 = CARTESIAN_POINT('',(29.,-118.,336.));
#797 = LINE('',#798,#799);
#798 = CARTESIAN_POINT('',(29.,-163.5,336.));
#799 = VECTOR('',#800,1.);
#800 = DIRECTION('',(0.,-1.,0.));
#801 = ORIENTED_EDGE('',*,*,#802,.F.);
#802 = EDGE_CURVE('',#777,#795,#803,.T.);
#803 = LINE('',#804,#805);
#804 = CARTESIAN_POINT('',(29.,-118.,267.5));
#805 = VECTOR('',#806,1.);
#806 = DIRECTION('',(0.,0.,1.));
#807 = FACE_BOUND('',#808,.T.);
#808 = EDGE_LOOP('',(#809,#819,#827,#836,#844,#852,#860,#869));
#809 = ORIENTED_EDGE('',*,*,#810,.F.);
#810 = EDGE_CURVE('',#811,#813,#815,.T.);
#811 = VERTEX_POINT('',#812);
#812 = CARTESIAN_POINT('',(29.,-118.,433.));
#813 = VERTEX_POINT('',#814);
#814 = CARTESIAN_POINT('',(29.,-118.,449.));
#815 = LINE('',#816,#817);
#816 = CARTESIAN_POINT('',(29.,-118.,324.));
#817 = VECTOR('',#818,1.);
#818 = DIRECTION('',(0.,0.,1.));
#819 = ORIENTED_EDGE('',*,*,#820,.T.);
#820 = EDGE_CURVE('',#811,#821,#823,.T.);
#821 = VERTEX_POINT('',#822);
#822 = CARTESIAN_POINT('',(29.,-132.1779795332,433.));
#823 = LINE('',#824,#825);
#824 = CARTESIAN_POINT('',(29.,-163.5,433.));
#825 = VECTOR('',#826,1.);
#826 = DIRECTION('',(0.,-1.,0.));
#827 = ORIENTED_EDGE('',*,*,#828,.F.);
#828 = EDGE_CURVE('',#829,#821,#831,.T.);
#829 = VERTEX_POINT('',#830);
#830 = CARTESIAN_POINT('',(29.,-147.8220204667,433.));
#831 = ELLIPSE('',#832,12.902652043362,9.);
#832 = AXIS2_PLACEMENT_3D('',#833,#834,#835);
#833 = CARTESIAN_POINT('',(29.,-140.,426.61818181818));
#834 = DIRECTION('',(1.,0.,-0.));
#835 = DIRECTION('',(0.,0.,1.));
#836 = ORIENTED_EDGE('',*,*,#837,.T.);
#837 = EDGE_CURVE('',#829,#838,#840,.T.);
#838 = VERTEX_POINT('',#839);
#839 = CARTESIAN_POINT('',(29.,-162.,433.));
#840 = LINE('',#841,#842);
#841 = CARTESIAN_POINT('',(29.,-163.5,433.));
#842 = VECTOR('',#843,1.);
#843 = DIRECTION('',(0.,-1.,0.));
#844 = ORIENTED_EDGE('',*,*,#845,.T.);
#845 = EDGE_CURVE('',#838,#846,#848,.T.);
#846 = VERTEX_POINT('',#847);
#847 = CARTESIAN_POINT('',(29.,-162.,449.));
#848 = LINE('',#849,#850);
#849 = CARTESIAN_POINT('',(29.,-162.,324.));
#850 = VECTOR('',#851,1.);
#851 = DIRECTION('',(0.,0.,1.));
#852 = ORIENTED_EDGE('',*,*,#853,.F.);
#853 = EDGE_CURVE('',#854,#846,#856,.T.);
#854 = VERTEX_POINT('',#855);
#855 = CARTESIAN_POINT('',(29.,-147.8220204667,449.));
#856 = LINE('',#857,#858);
#857 = CARTESIAN_POINT('',(29.,-163.5,449.));
#858 = VECTOR('',#859,1.);
#859 = DIRECTION('',(0.,-1.,0.));
#860 = ORIENTED_EDGE('',*,*,#861,.F.);
#861 = EDGE_CURVE('',#862,#854,#864,.T.);
#862 = VERTEX_POINT('',#863);
#863 = CARTESIAN_POINT('',(29.,-132.1779795332,449.));
#864 = ELLIPSE('',#865,12.902652043362,9.);
#865 = AXIS2_PLACEMENT_3D('',#866,#867,#868);
#866 = CARTESIAN_POINT('',(29.,-140.,455.38181818181));
#867 = DIRECTION('',(1.,0.,-0.));
#868 = DIRECTION('',(0.,0.,1.));
#869 = ORIENTED_EDGE('',*,*,#870,.F.);
#870 = EDGE_CURVE('',#813,#862,#871,.T.);
#871 = LINE('',#872,#873);
#872 = CARTESIAN_POINT('',(29.,-163.5,449.));
#873 = VECTOR('',#874,1.);
#874 = DIRECTION('',(0.,-1.,0.));
#875 = FACE_BOUND('',#876,.T.);
#876 = EDGE_LOOP('',(#877,#887,#895,#903));
#877 = ORIENTED_EDGE('',*,*,#878,.T.);
#878 = EDGE_CURVE('',#879,#881,#883,.T.);
#879 = VERTEX_POINT('',#880);
#880 = CARTESIAN_POINT('',(29.,-118.,546.));
#881 = VERTEX_POINT('',#882);
#882 = CARTESIAN_POINT('',(29.,-162.,546.));
#883 = LINE('',#884,#885);
#884 = CARTESIAN_POINT('',(29.,-163.5,546.));
#885 = VECTOR('',#886,1.);
#886 = DIRECTION('',(0.,-1.,0.));
#887 = ORIENTED_EDGE('',*,*,#888,.T.);
#888 = EDGE_CURVE('',#881,#889,#891,.T.);
#889 = VERTEX_POINT('',#890);
#890 = CARTESIAN_POINT('',(29.,-162.,562.));
#891 = LINE('',#892,#893);
#892 = CARTESIAN_POINT('',(29.,-162.,380.5));
#893 = VECTOR('',#894,1.);
#894 = DIRECTION('',(0.,0.,1.));
#895 = ORIENTED_EDGE('',*,*,#896,.F.);
#896 = EDGE_CURVE('',#897,#889,#899,.T.);
#897 = VERTEX_POINT('',#898);
#898 = CARTESIAN_POINT('',(29.,-118.,562.));
#899 = LINE('',#900,#901);
#900 = CARTESIAN_POINT('',(29.,-163.5,562.));
#901 = VECTOR('',#902,1.);
#902 = DIRECTION('',(0.,-1.,0.));
#903 = ORIENTED_EDGE('',*,*,#904,.F.);
#904 = EDGE_CURVE('',#879,#897,#905,.T.);
#905 = LINE('',#906,#907);
#906 = CARTESIAN_POINT('',(29.,-118.,380.5));
#907 = VECTOR('',#908,1.);
#908 = DIRECTION('',(0.,0.,1.));
#909 = FACE_BOUND('',#910,.T.);
#910 = EDGE_LOOP('',(#911,#921,#929,#938,#946,#954,#962,#971));
#911 = ORIENTED_EDGE('',*,*,#912,.F.);
#912 = EDGE_CURVE('',#913,#915,#917,.T.);
#913 = VERTEX_POINT('',#914);
#914 = CARTESIAN_POINT('',(29.,-118.,659.));
#915 = VERTEX_POINT('',#916);
#916 = CARTESIAN_POINT('',(29.,-118.,675.));
#917 = LINE('',#918,#919);
#918 = CARTESIAN_POINT('',(29.,-118.,437.));
#919 = VECTOR('',#920,1.);
#920 = DIRECTION('',(0.,0.,1.));
#921 = ORIENTED_EDGE('',*,*,#922,.T.);
#922 = EDGE_CURVE('',#913,#923,#925,.T.);
#923 = VERTEX_POINT('',#924);
#924 = CARTESIAN_POINT('',(29.,-132.1779795332,659.));
#925 = LINE('',#926,#927);
#926 = CARTESIAN_POINT('',(29.,-163.5,659.));
#927 = VECTOR('',#928,1.);
#928 = DIRECTION('',(0.,-1.,0.));
#929 = ORIENTED_EDGE('',*,*,#930,.F.);
#930 = EDGE_CURVE('',#931,#923,#933,.T.);
#931 = VERTEX_POINT('',#932);
#932 = CARTESIAN_POINT('',(29.,-147.8220204667,659.));
#933 = ELLIPSE('',#934,12.902652043362,9.);
#934 = AXIS2_PLACEMENT_3D('',#935,#936,#937);
#935 = CARTESIAN_POINT('',(29.,-140.,652.61818181818));
#936 = DIRECTION('',(1.,0.,-0.));
#937 = DIRECTION('',(0.,0.,1.));
#938 = ORIENTED_EDGE('',*,*,#939,.T.);
#939 = EDGE_CURVE('',#931,#940,#942,.T.);
#940 = VERTEX_POINT('',#941);
#941 = CARTESIAN_POINT('',(29.,-162.,659.));
#942 = LINE('',#943,#944);
#943 = CARTESIAN_POINT('',(29.,-163.5,659.));
#944 = VECTOR('',#945,1.);
#945 = DIRECTION('',(0.,-1.,0.));
#946 = ORIENTED_EDGE('',*,*,#947,.T.);
#947 = EDGE_CURVE('',#940,#948,#950,.T.);
#948 = VERTEX_POINT('',#949);
#949 = CARTESIAN_POINT('',(29.,-162.,675.));
#950 = LINE('',#951,#952);
#951 = CARTESIAN_POINT('',(29.,-162.,437.));
#952 = VECTOR('',#953,1.);
#953 = DIRECTION('',(0.,0.,1.));
#954 = ORIENTED_EDGE('',*,*,#955,.F.);
#955 = EDGE_CURVE('',#956,#948,#958,.T.);
#956 = VERTEX_POINT('',#957);
#957 = CARTESIAN_POINT('',(29.,-147.8220204667,675.));
#958 = LINE('',#959,#960);
#959 = CARTESIAN_POINT('',(29.,-163.5,675.));
#960 = VECTOR('',#961,1.);
#961 = DIRECTION('',(0.,-1.,0.));
#962 = ORIENTED_EDGE('',*,*,#963,.F.);
#963 = EDGE_CURVE('',#964,#956,#966,.T.);
#964 = VERTEX_POINT('',#965);
#965 = CARTESIAN_POINT('',(29.,-132.1779795332,675.));
#966 = ELLIPSE('',#967,12.902652043362,9.);
#967 = AXIS2_PLACEMENT_3D('',#968,#969,#970);
#968 = CARTESIAN_POINT('',(29.,-140.,681.38181818181));
#969 = DIRECTION('',(1.,0.,-0.));
#970 = DIRECTION('',(0.,0.,1.));
#971 = ORIENTED_EDGE('',*,*,#972,.F.);
#972 = EDGE_CURVE('',#915,#964,#973,.T.);
#973 = LINE('',#974,#975);
#974 = CARTESIAN_POINT('',(29.,-163.5,675.));
#975 = VECTOR('',#976,1.);
#976 = DIRECTION('',(0.,-1.,0.));
#977 = PLANE('',#978);
#978 = AXIS2_PLACEMENT_3D('',#979,#980,#981);
#979 = CARTESIAN_POINT('',(29.,-165.,215.));
#980 = DIRECTION('',(1.,0.,0.));
#981 = DIRECTION('',(0.,0.,1.));
#982 = ADVANCED_FACE('',(#983),#1031,.F.);
#983 = FACE_BOUND('',#984,.F.);
#984 = EDGE_LOOP('',(#985,#993,#1001,#1009,#1017,#1023,#1024,#1030));
#985 = ORIENTED_EDGE('',*,*,#986,.F.);
#986 = EDGE_CURVE('',#987,#256,#989,.T.);
#987 = VERTEX_POINT('',#988);
#988 = CARTESIAN_POINT('',(0.,-165.,780.));
#989 = LINE('',#990,#991);
#990 = CARTESIAN_POINT('',(0.,-165.,780.));
#991 = VECTOR('',#992,1.);
#992 = DIRECTION('',(1.,0.,0.));
#993 = ORIENTED_EDGE('',*,*,#994,.T.);
#994 = EDGE_CURVE('',#987,#995,#997,.T.);
#995 = VERTEX_POINT('',#996);
#996 = CARTESIAN_POINT('',(0.,-165.,860.));
#997 = LINE('',#998,#999);
#998 = CARTESIAN_POINT('',(0.,-165.,780.));
#999 = VECTOR('',#1000,1.);
#1000 = DIRECTION('',(0.,0.,1.));
#1001 = ORIENTED_EDGE('',*,*,#1002,.T.);
#1002 = EDGE_CURVE('',#995,#1003,#1005,.T.);
#1003 = VERTEX_POINT('',#1004);
#1004 = CARTESIAN_POINT('',(140.,-165.,860.));
#1005 = LINE('',#1006,#1007);
#1006 = CARTESIAN_POINT('',(0.,-165.,860.));
#1007 = VECTOR('',#1008,1.);
#1008 = DIRECTION('',(1.,0.,0.));
#1009 = ORIENTED_EDGE('',*,*,#1010,.F.);
#1010 = EDGE_CURVE('',#1011,#1003,#1013,.T.);
#1011 = VERTEX_POINT('',#1012);
#1012 = CARTESIAN_POINT('',(140.,-165.,780.));
#1013 = LINE('',#1014,#1015);
#1014 = CARTESIAN_POINT('',(140.,-165.,780.));
#1015 = VECTOR('',#1016,1.);
#1016 = DIRECTION('',(0.,0.,1.));
#1017 = ORIENTED_EDGE('',*,*,#1018,.F.);
#1018 = EDGE_CURVE('',#326,#1011,#1019,.T.);
#1019 = LINE('',#1020,#1021);
#1020 = CARTESIAN_POINT('',(0.,-165.,780.));
#1021 = VECTOR('',#1022,1.);
#1022 = DIRECTION('',(1.,0.,0.));
#1023 = ORIENTED_EDGE('',*,*,#325,.F.);
#1024 = ORIENTED_EDGE('',*,*,#1025,.F.);
#1025 = EDGE_CURVE('',#264,#318,#1026,.T.);
#1026 = LINE('',#1027,#1028);
#1027 = CARTESIAN_POINT('',(0.,-165.,780.));
#1028 = VECTOR('',#1029,1.);
#1029 = DIRECTION('',(1.,0.,0.));
#1030 = ORIENTED_EDGE('',*,*,#263,.F.);
#1031 = PLANE('',#1032);
#1032 = AXIS2_PLACEMENT_3D('',#1033,#1034,#1035);
#1033 = CARTESIAN_POINT('',(0.,-165.,780.));
#1034 = DIRECTION('',(0.,1.,0.));
#1035 = DIRECTION('',(0.,0.,1.));
#1036 = ADVANCED_FACE('',(#1037),#1055,.F.);
#1037 = FACE_BOUND('',#1038,.F.);
#1038 = EDGE_LOOP('',(#1039,#1047,#1053,#1054));
#1039 = ORIENTED_EDGE('',*,*,#1040,.T.);
#1040 = EDGE_CURVE('',#696,#1041,#1043,.T.);
#1041 = VERTEX_POINT('',#1042);
#1042 = CARTESIAN_POINT('',(111.,-162.,223.));
#1043 = LINE('',#1044,#1045);
#1044 = CARTESIAN_POINT('',(1.,-162.,223.));
#1045 = VECTOR('',#1046,1.);
#1046 = DIRECTION('',(1.,0.,0.));
#1047 = ORIENTED_EDGE('',*,*,#1048,.F.);
#1048 = EDGE_CURVE('',#286,#1041,#1049,.T.);
#1049 = LINE('',#1050,#1051);
#1050 = CARTESIAN_POINT('',(111.,-162.,211.));
#1051 = VECTOR('',#1052,1.);
#1052 = DIRECTION('',(0.,0.,1.));
#1053 = ORIENTED_EDGE('',*,*,#285,.T.);
#1054 = ORIENTED_EDGE('',*,*,#695,.T.);
#1055 = PLANE('',#1056);
#1056 = AXIS2_PLACEMENT_3D('',#1057,#1058,#1059);
#1057 = CARTESIAN_POINT('',(1.,-162.,207.));
#1058 = DIRECTION('',(0.,1.,0.));
#1059 = DIRECTION('',(0.,0.,1.));
#1060 = ADVANCED_FACE('',(#1061,#1146,#1232,#1266,#1352),#1386,.F.);
#1061 = FACE_BOUND('',#1062,.F.);
#1062 = EDGE_LOOP('',(#1063,#1064,#1065,#1066,#1074,#1080,#1081,#1082,
    #1090,#1098,#1106,#1115,#1124,#1132,#1140));
#1063 = ORIENTED_EDGE('',*,*,#317,.F.);
#1064 = ORIENTED_EDGE('',*,*,#302,.T.);
#1065 = ORIENTED_EDGE('',*,*,#1048,.T.);
#1066 = ORIENTED_EDGE('',*,*,#1067,.F.);
#1067 = EDGE_CURVE('',#1068,#1041,#1070,.T.);
#1068 = VERTEX_POINT('',#1069);
#1069 = CARTESIAN_POINT('',(111.,-118.,223.));
#1070 = LINE('',#1071,#1072);
#1071 = CARTESIAN_POINT('',(111.,-163.5,223.));
#1072 = VECTOR('',#1073,1.);
#1073 = DIRECTION('',(0.,-1.,0.));
#1074 = ORIENTED_EDGE('',*,*,#1075,.F.);
#1075 = EDGE_CURVE('',#641,#1068,#1076,.T.);
#1076 = LINE('',#1077,#1078);
#1077 = CARTESIAN_POINT('',(111.,-118.,211.));
#1078 = VECTOR('',#1079,1.);
#1079 = DIRECTION('',(0.,0.,1.));
#1080 = ORIENTED_EDGE('',*,*,#648,.T.);
#1081 = ORIENTED_EDGE('',*,*,#663,.T.);
#1082 = ORIENTED_EDGE('',*,*,#1083,.F.);
#1083 = EDGE_CURVE('',#1084,#664,#1086,.T.);
#1084 = VERTEX_POINT('',#1085);
#1085 = CARTESIAN_POINT('',(111.,-118.,780.));
#1086 = LINE('',#1087,#1088);
#1087 = CARTESIAN_POINT('',(111.,-165.,780.));
#1088 = VECTOR('',#1089,1.);
#1089 = DIRECTION('',(0.,1.,0.));
#1090 = ORIENTED_EDGE('',*,*,#1091,.F.);
#1091 = EDGE_CURVE('',#1092,#1084,#1094,.T.);
#1092 = VERTEX_POINT('',#1093);
#1093 = CARTESIAN_POINT('',(111.,-118.,772.));
#1094 = LINE('',#1095,#1096);
#1095 = CARTESIAN_POINT('',(111.,-118.,493.5));
#1096 = VECTOR('',#1097,1.);
#1097 = DIRECTION('',(0.,0.,1.));
#1098 = ORIENTED_EDGE('',*,*,#1099,.T.);
#1099 = EDGE_CURVE('',#1092,#1100,#1102,.T.);
#1100 = VERTEX_POINT('',#1101);
#1101 = CARTESIAN_POINT('',(111.,-132.1779795332,772.));
#1102 = LINE('',#1103,#1104);
#1103 = CARTESIAN_POINT('',(111.,-163.5,772.));
#1104 = VECTOR('',#1105,1.);
#1105 = DIRECTION('',(0.,-1.,0.));
#1106 = ORIENTED_EDGE('',*,*,#1107,.F.);
#1107 = EDGE_CURVE('',#1108,#1100,#1110,.T.);
#1108 = VERTEX_POINT('',#1109);
#1109 = CARTESIAN_POINT('',(111.,-140.,752.71552977482));
#1110 = ELLIPSE('',#1111,12.902652043362,9.);
#1111 = AXIS2_PLACEMENT_3D('',#1112,#1113,#1114);
#1112 = CARTESIAN_POINT('',(111.,-140.,765.61818181818));
#1113 = DIRECTION('',(1.,0.,-0.));
#1114 = DIRECTION('',(0.,0.,1.));
#1115 = ORIENTED_EDGE('',*,*,#1116,.F.);
#1116 = EDGE_CURVE('',#1117,#1108,#1119,.T.);
#1117 = VERTEX_POINT('',#1118);
#1118 = CARTESIAN_POINT('',(111.,-147.8220204667,772.));
#1119 = ELLIPSE('',#1120,12.902652043362,9.);
#1120 = AXIS2_PLACEMENT_3D('',#1121,#1122,#1123);
#1121 = CARTESIAN_POINT('',(111.,-140.,765.61818181818));
#1122 = DIRECTION('',(1.,0.,-0.));
#1123 = DIRECTION('',(0.,0.,1.));
#1124 = ORIENTED_EDGE('',*,*,#1125,.T.);
#1125 = EDGE_CURVE('',#1117,#1126,#1128,.T.);
#1126 = VERTEX_POINT('',#1127);
#1127 = CARTESIAN_POINT('',(111.,-162.,772.));
#1128 = LINE('',#1129,#1130);
#1129 = CARTESIAN_POINT('',(111.,-163.5,772.));
#1130 = VECTOR('',#1131,1.);
#1131 = DIRECTION('',(0.,-1.,0.));
#1132 = ORIENTED_EDGE('',*,*,#1133,.T.);
#1133 = EDGE_CURVE('',#1126,#1134,#1136,.T.);
#1134 = VERTEX_POINT('',#1135);
#1135 = CARTESIAN_POINT('',(111.,-162.,780.));
#1136 = LINE('',#1137,#1138);
#1137 = CARTESIAN_POINT('',(111.,-162.,493.5));
#1138 = VECTOR('',#1139,1.);
#1139 = DIRECTION('',(0.,0.,1.));
#1140 = ORIENTED_EDGE('',*,*,#1141,.F.);
#1141 = EDGE_CURVE('',#318,#1134,#1142,.T.);
#1142 = LINE('',#1143,#1144);
#1143 = CARTESIAN_POINT('',(111.,-165.,780.));
#1144 = VECTOR('',#1145,1.);
#1145 = DIRECTION('',(0.,1.,0.));
#1146 = FACE_BOUND('',#1147,.F.);
#1147 = EDGE_LOOP('',(#1148,#1158,#1166,#1175,#1184,#1192,#1200,#1208,
    #1217,#1226));
#1148 = ORIENTED_EDGE('',*,*,#1149,.F.);
#1149 = EDGE_CURVE('',#1150,#1152,#1154,.T.);
#1150 = VERTEX_POINT('',#1151);
#1151 = CARTESIAN_POINT('',(111.,-118.,320.));
#1152 = VERTEX_POINT('',#1153);
#1153 = CARTESIAN_POINT('',(111.,-118.,336.));
#1154 = LINE('',#1155,#1156);
#1155 = CARTESIAN_POINT('',(111.,-118.,267.5));
#1156 = VECTOR('',#1157,1.);
#1157 = DIRECTION('',(0.,0.,1.));
#1158 = ORIENTED_EDGE('',*,*,#1159,.T.);
#1159 = EDGE_CURVE('',#1150,#1160,#1162,.T.);
#1160 = VERTEX_POINT('',#1161);
#1161 = CARTESIAN_POINT('',(111.,-132.1779795332,320.));
#1162 = LINE('',#1163,#1164);
#1163 = CARTESIAN_POINT('',(111.,-163.5,320.));
#1164 = VECTOR('',#1165,1.);
#1165 = DIRECTION('',(0.,-1.,0.));
#1166 = ORIENTED_EDGE('',*,*,#1167,.F.);
#1167 = EDGE_CURVE('',#1168,#1160,#1170,.T.);
#1168 = VERTEX_POINT('',#1169);
#1169 = CARTESIAN_POINT('',(111.,-140.,300.71552977482));
#1170 = ELLIPSE('',#1171,12.902652043362,9.);
#1171 = AXIS2_PLACEMENT_3D('',#1172,#1173,#1174);
#1172 = CARTESIAN_POINT('',(111.,-140.,313.61818181818));
#1173 = DIRECTION('',(1.,0.,-0.));
#1174 = DIRECTION('',(0.,0.,1.));
#1175 = ORIENTED_EDGE('',*,*,#1176,.F.);
#1176 = EDGE_CURVE('',#1177,#1168,#1179,.T.);
#1177 = VERTEX_POINT('',#1178);
#1178 = CARTESIAN_POINT('',(111.,-147.8220204667,320.));
#1179 = ELLIPSE('',#1180,12.902652043362,9.);
#1180 = AXIS2_PLACEMENT_3D('',#1181,#1182,#1183);
#1181 = CARTESIAN_POINT('',(111.,-140.,313.61818181818));
#1182 = DIRECTION('',(1.,0.,-0.));
#1183 = DIRECTION('',(0.,0.,1.));
#1184 = ORIENTED_EDGE('',*,*,#1185,.T.);
#1185 = EDGE_CURVE('',#1177,#1186,#1188,.T.);
#1186 = VERTEX_POINT('',#1187);
#1187 = CARTESIAN_POINT('',(111.,-162.,320.));
#1188 = LINE('',#1189,#1190);
#1189 = CARTESIAN_POINT('',(111.,-163.5,320.));
#1190 = VECTOR('',#1191,1.);
#1191 = DIRECTION('',(0.,-1.,0.));
#1192 = ORIENTED_EDGE('',*,*,#1193,.T.);
#1193 = EDGE_CURVE('',#1186,#1194,#1196,.T.);
#1194 = VERTEX_POINT('',#1195);
#1195 = CARTESIAN_POINT('',(111.,-162.,336.));
#1196 = LINE('',#1197,#1198);
#1197 = CARTESIAN_POINT('',(111.,-162.,267.5));
#1198 = VECTOR('',#1199,1.);
#1199 = DIRECTION('',(0.,0.,1.));
#1200 = ORIENTED_EDGE('',*,*,#1201,.F.);
#1201 = EDGE_CURVE('',#1202,#1194,#1204,.T.);
#1202 = VERTEX_POINT('',#1203);
#1203 = CARTESIAN_POINT('',(111.,-147.8220204667,336.));
#1204 = LINE('',#1205,#1206);
#1205 = CARTESIAN_POINT('',(111.,-163.5,336.));
#1206 = VECTOR('',#1207,1.);
#1207 = DIRECTION('',(0.,-1.,0.));
#1208 = ORIENTED_EDGE('',*,*,#1209,.F.);
#1209 = EDGE_CURVE('',#1210,#1202,#1212,.T.);
#1210 = VERTEX_POINT('',#1211);
#1211 = CARTESIAN_POINT('',(111.,-140.,355.28447022518));
#1212 = ELLIPSE('',#1213,12.902652043362,9.);
#1213 = AXIS2_PLACEMENT_3D('',#1214,#1215,#1216);
#1214 = CARTESIAN_POINT('',(111.,-140.,342.38181818181));
#1215 = DIRECTION('',(1.,0.,-0.));
#1216 = DIRECTION('',(0.,0.,1.));
#1217 = ORIENTED_EDGE('',*,*,#1218,.F.);
#1218 = EDGE_CURVE('',#1219,#1210,#1221,.T.);
#1219 = VERTEX_POINT('',#1220);
#1220 = CARTESIAN_POINT('',(111.,-132.1779795332,336.));
#1221 = ELLIPSE('',#1222,12.902652043362,9.);
#1222 = AXIS2_PLACEMENT_3D('',#1223,#1224,#1225);
#1223 = CARTESIAN_POINT('',(111.,-140.,342.38181818181));
#1224 = DIRECTION('',(1.,0.,-0.));
#1225 = DIRECTION('',(0.,0.,1.));
#1226 = ORIENTED_EDGE('',*,*,#1227,.F.);
#1227 = EDGE_CURVE('',#1152,#1219,#1228,.T.);
#1228 = LINE('',#1229,#1230);
#1229 = CARTESIAN_POINT('',(111.,-163.5,336.));
#1230 = VECTOR('',#1231,1.);
#1231 = DIRECTION('',(0.,-1.,0.));
#1232 = FACE_BOUND('',#1233,.F.);
#1233 = EDGE_LOOP('',(#1234,#1244,#1252,#1260));
#1234 = ORIENTED_EDGE('',*,*,#1235,.T.);
#1235 = EDGE_CURVE('',#1236,#1238,#1240,.T.);
#1236 = VERTEX_POINT('',#1237);
#1237 = CARTESIAN_POINT('',(111.,-118.,433.));
#1238 = VERTEX_POINT('',#1239);
#1239 = CARTESIAN_POINT('',(111.,-162.,433.));
#1240 = LINE('',#1241,#1242);
#1241 = CARTESIAN_POINT('',(111.,-163.5,433.));
#1242 = VECTOR('',#1243,1.);
#1243 = DIRECTION('',(0.,-1.,0.));
#1244 = ORIENTED_EDGE('',*,*,#1245,.T.);
#1245 = EDGE_CURVE('',#1238,#1246,#1248,.T.);
#1246 = VERTEX_POINT('',#1247);
#1247 = CARTESIAN_POINT('',(111.,-162.,449.));
#1248 = LINE('',#1249,#1250);
#1249 = CARTESIAN_POINT('',(111.,-162.,324.));
#1250 = VECTOR('',#1251,1.);
#1251 = DIRECTION('',(0.,0.,1.));
#1252 = ORIENTED_EDGE('',*,*,#1253,.F.);
#1253 = EDGE_CURVE('',#1254,#1246,#1256,.T.);
#1254 = VERTEX_POINT('',#1255);
#1255 = CARTESIAN_POINT('',(111.,-118.,449.));
#1256 = LINE('',#1257,#1258);
#1257 = CARTESIAN_POINT('',(111.,-163.5,449.));
#1258 = VECTOR('',#1259,1.);
#1259 = DIRECTION('',(0.,-1.,0.));
#1260 = ORIENTED_EDGE('',*,*,#1261,.F.);
#1261 = EDGE_CURVE('',#1236,#1254,#1262,.T.);
#1262 = LINE('',#1263,#1264);
#1263 = CARTESIAN_POINT('',(111.,-118.,324.));
#1264 = VECTOR('',#1265,1.);
#1265 = DIRECTION('',(0.,0.,1.));
#1266 = FACE_BOUND('',#1267,.F.);
#1267 = EDGE_LOOP('',(#1268,#1278,#1286,#1295,#1304,#1312,#1320,#1328,
    #1337,#1346));
#1268 = ORIENTED_EDGE('',*,*,#1269,.F.);
#1269 = EDGE_CURVE('',#1270,#1272,#1274,.T.);
#1270 = VERTEX_POINT('',#1271);
#1271 = CARTESIAN_POINT('',(111.,-118.,546.));
#1272 = VERTEX_POINT('',#1273);
#1273 = CARTESIAN_POINT('',(111.,-118.,562.));
#1274 = LINE('',#1275,#1276);
#1275 = CARTESIAN_POINT('',(111.,-118.,380.5));
#1276 = VECTOR('',#1277,1.);
#1277 = DIRECTION('',(0.,0.,1.));
#1278 = ORIENTED_EDGE('',*,*,#1279,.T.);
#1279 = EDGE_CURVE('',#1270,#1280,#1282,.T.);
#1280 = VERTEX_POINT('',#1281);
#1281 = CARTESIAN_POINT('',(111.,-132.1779795332,546.));
#1282 = LINE('',#1283,#1284);
#1283 = CARTESIAN_POINT('',(111.,-163.5,546.));
#1284 = VECTOR('',#1285,1.);
#1285 = DIRECTION('',(0.,-1.,0.));
#1286 = ORIENTED_EDGE('',*,*,#1287,.F.);
#1287 = EDGE_CURVE('',#1288,#1280,#1290,.T.);
#1288 = VERTEX_POINT('',#1289);
#1289 = CARTESIAN_POINT('',(111.,-140.,526.71552977482));
#1290 = ELLIPSE('',#1291,12.902652043362,9.);
#1291 = AXIS2_PLACEMENT_3D('',#1292,#1293,#1294);
#1292 = CARTESIAN_POINT('',(111.,-140.,539.61818181818));
#1293 = DIRECTION('',(1.,0.,-0.));
#1294 = DIRECTION('',(0.,0.,1.));
#1295 = ORIENTED_EDGE('',*,*,#1296,.F.);
#1296 = EDGE_CURVE('',#1297,#1288,#1299,.T.);
#1297 = VERTEX_POINT('',#1298);
#1298 = CARTESIAN_POINT('',(111.,-147.8220204667,546.));
#1299 = ELLIPSE('',#1300,12.902652043362,9.);
#1300 = AXIS2_PLACEMENT_3D('',#1301,#1302,#1303);
#1301 = CARTESIAN_POINT('',(111.,-140.,539.61818181818));
#1302 = DIRECTION('',(1.,0.,-0.));
#1303 = DIRECTION('',(0.,0.,1.));
#1304 = ORIENTED_EDGE('',*,*,#1305,.T.);
#1305 = EDGE_CURVE('',#1297,#1306,#1308,.T.);
#1306 = VERTEX_POINT('',#1307);
#1307 = CARTESIAN_POINT('',(111.,-162.,546.));
#1308 = LINE('',#1309,#1310);
#1309 = CARTESIAN_POINT('',(111.,-163.5,546.));
#1310 = VECTOR('',#1311,1.);
#1311 = DIRECTION('',(0.,-1.,0.));
#1312 = ORIENTED_EDGE('',*,*,#1313,.T.);
#1313 = EDGE_CURVE('',#1306,#1314,#1316,.T.);
#1314 = VERTEX_POINT('',#1315);
#1315 = CARTESIAN_POINT('',(111.,-162.,562.));
#1316 = LINE('',#1317,#1318);
#1317 = CARTESIAN_POINT('',(111.,-162.,380.5));
#1318 = VECTOR('',#1319,1.);
#1319 = DIRECTION('',(0.,0.,1.));
#1320 = ORIENTED_EDGE('',*,*,#1321,.F.);
#1321 = EDGE_CURVE('',#1322,#1314,#1324,.T.);
#1322 = VERTEX_POINT('',#1323);
#1323 = CARTESIAN_POINT('',(111.,-147.8220204667,562.));
#1324 = LINE('',#1325,#1326);
#1325 = CARTESIAN_POINT('',(111.,-163.5,562.));
#1326 = VECTOR('',#1327,1.);
#1327 = DIRECTION('',(0.,-1.,0.));
#1328 = ORIENTED_EDGE('',*,*,#1329,.F.);
#1329 = EDGE_CURVE('',#1330,#1322,#1332,.T.);
#1330 = VERTEX_POINT('',#1331);
#1331 = CARTESIAN_POINT('',(111.,-140.,581.28447022518));
#1332 = ELLIPSE('',#1333,12.902652043362,9.);
#1333 = AXIS2_PLACEMENT_3D('',#1334,#1335,#1336);
#1334 = CARTESIAN_POINT('',(111.,-140.,568.38181818181));
#1335 = DIRECTION('',(1.,0.,-0.));
#1336 = DIRECTION('',(0.,0.,1.));
#1337 = ORIENTED_EDGE('',*,*,#1338,.F.);
#1338 = EDGE_CURVE('',#1339,#1330,#1341,.T.);
#1339 = VERTEX_POINT('',#1340);
#1340 = CARTESIAN_POINT('',(111.,-132.1779795332,562.));
#1341 = ELLIPSE('',#1342,12.902652043362,9.);
#1342 = AXIS2_PLACEMENT_3D('',#1343,#1344,#1345);
#1343 = CARTESIAN_POINT('',(111.,-140.,568.38181818181));
#1344 = DIRECTION('',(1.,0.,-0.));
#1345 = DIRECTION('',(0.,0.,1.));
#1346 = ORIENTED_EDGE('',*,*,#1347,.F.);
#1347 = EDGE_CURVE('',#1272,#1339,#1348,.T.);
#1348 = LINE('',#1349,#1350);
#1349 = CARTESIAN_POINT('',(111.,-163.5,562.));
#1350 = VECTOR('',#1351,1.);
#1351 = DIRECTION('',(0.,-1.,0.));
#1352 = FACE_BOUND('',#1353,.F.);
#1353 = EDGE_LOOP('',(#1354,#1364,#1372,#1380));
#1354 = ORIENTED_EDGE('',*,*,#1355,.T.);
#1355 = EDGE_CURVE('',#1356,#1358,#1360,.T.);
#1356 = VERTEX_POINT('',#1357);
#1357 = CARTESIAN_POINT('',(111.,-118.,659.));
#1358 = VERTEX_POINT('',#1359);
#1359 = CARTESIAN_POINT('',(111.,-162.,659.));
#1360 = LINE('',#1361,#1362);
#1361 = CARTESIAN_POINT('',(111.,-163.5,659.));
#1362 = VECTOR('',#1363,1.);
#1363 = DIRECTION('',(0.,-1.,0.));
#1364 = ORIENTED_EDGE('',*,*,#1365,.T.);
#1365 = EDGE_CURVE('',#1358,#1366,#1368,.T.);
#1366 = VERTEX_POINT('',#1367);
#1367 = CARTESIAN_POINT('',(111.,-162.,675.));
#1368 = LINE('',#1369,#1370);
#1369 = CARTESIAN_POINT('',(111.,-162.,437.));
#1370 = VECTOR('',#1371,1.);
#1371 = DIRECTION('',(0.,0.,1.));
#1372 = ORIENTED_EDGE('',*,*,#1373,.F.);
#1373 = EDGE_CURVE('',#1374,#1366,#1376,.T.);
#1374 = VERTEX_POINT('',#1375);
#1375 = CARTESIAN_POINT('',(111.,-118.,675.));
#1376 = LINE('',#1377,#1378);
#1377 = CARTESIAN_POINT('',(111.,-163.5,675.));
#1378 = VECTOR('',#1379,1.);
#1379 = DIRECTION('',(0.,-1.,0.));
#1380 = ORIENTED_EDGE('',*,*,#1381,.F.);
#1381 = EDGE_CURVE('',#1356,#1374,#1382,.T.);
#1382 = LINE('',#1383,#1384);
#1383 = CARTESIAN_POINT('',(111.,-118.,437.));
#1384 = VECTOR('',#1385,1.);
#1385 = DIRECTION('',(0.,0.,1.));
#1386 = PLANE('',#1387);
#1387 = AXIS2_PLACEMENT_3D('',#1388,#1389,#1390);
#1388 = CARTESIAN_POINT('',(111.,-165.,215.));
#1389 = DIRECTION('',(1.,0.,0.));
#1390 = DIRECTION('',(0.,0.,1.));
#1391 = ADVANCED_FACE('',(#1392,#1458,#1492,#1526,#1560),#1594,.T.);
#1392 = FACE_BOUND('',#1393,.T.);
#1393 = EDGE_LOOP('',(#1394,#1395,#1396,#1404,#1412,#1418,#1419,#1420,
    #1428,#1436,#1444,#1452));
#1394 = ORIENTED_EDGE('',*,*,#333,.F.);
#1395 = ORIENTED_EDGE('',*,*,#364,.T.);
#1396 = ORIENTED_EDGE('',*,*,#1397,.T.);
#1397 = EDGE_CURVE('',#357,#1398,#1400,.T.);
#1398 = VERTEX_POINT('',#1399);
#1399 = CARTESIAN_POINT('',(139.,-162.,223.));
#1400 = LINE('',#1401,#1402);
#1401 = CARTESIAN_POINT('',(139.,-162.,207.));
#1402 = VECTOR('',#1403,1.);
#1403 = DIRECTION('',(0.,0.,1.));
#1404 = ORIENTED_EDGE('',*,*,#1405,.T.);
#1405 = EDGE_CURVE('',#1398,#1406,#1408,.T.);
#1406 = VERTEX_POINT('',#1407);
#1407 = CARTESIAN_POINT('',(139.,-118.,223.));
#1408 = LINE('',#1409,#1410);
#1409 = CARTESIAN_POINT('',(139.,-162.,223.));
#1410 = VECTOR('',#1411,1.);
#1411 = DIRECTION('',(0.,1.,0.));
#1412 = ORIENTED_EDGE('',*,*,#1413,.F.);
#1413 = EDGE_CURVE('',#349,#1406,#1414,.T.);
#1414 = LINE('',#1415,#1416);
#1415 = CARTESIAN_POINT('',(139.,-118.,207.));
#1416 = VECTOR('',#1417,1.);
#1417 = DIRECTION('',(0.,0.,1.));
#1418 = ORIENTED_EDGE('',*,*,#348,.T.);
#1419 = ORIENTED_EDGE('',*,*,#679,.T.);
#1420 = ORIENTED_EDGE('',*,*,#1421,.F.);
#1421 = EDGE_CURVE('',#1422,#672,#1424,.T.);
#1422 = VERTEX_POINT('',#1423);
#1423 = CARTESIAN_POINT('',(139.,-118.,780.));
#1424 = LINE('',#1425,#1426);
#1425 = CARTESIAN_POINT('',(139.,-165.,780.));
#1426 = VECTOR('',#1427,1.);
#1427 = DIRECTION('',(0.,1.,0.));
#1428 = ORIENTED_EDGE('',*,*,#1429,.F.);
#1429 = EDGE_CURVE('',#1430,#1422,#1432,.T.);
#1430 = VERTEX_POINT('',#1431);
#1431 = CARTESIAN_POINT('',(139.,-118.,772.));
#1432 = LINE('',#1433,#1434);
#1433 = CARTESIAN_POINT('',(139.,-118.,772.));
#1434 = VECTOR('',#1435,1.);
#1435 = DIRECTION('',(0.,0.,1.));
#1436 = ORIENTED_EDGE('',*,*,#1437,.F.);
#1437 = EDGE_CURVE('',#1438,#1430,#1440,.T.);
#1438 = VERTEX_POINT('',#1439);
#1439 = CARTESIAN_POINT('',(139.,-162.,772.));
#1440 = LINE('',#1441,#1442);
#1441 = CARTESIAN_POINT('',(139.,-162.,772.));
#1442 = VECTOR('',#1443,1.);
#1443 = DIRECTION('',(0.,1.,0.));
#1444 = ORIENTED_EDGE('',*,*,#1445,.T.);
#1445 = EDGE_CURVE('',#1438,#1446,#1448,.T.);
#1446 = VERTEX_POINT('',#1447);
#1447 = CARTESIAN_POINT('',(139.,-162.,780.));
#1448 = LINE('',#1449,#1450);
#1449 = CARTESIAN_POINT('',(139.,-162.,772.));
#1450 = VECTOR('',#1451,1.);
#1451 = DIRECTION('',(0.,0.,1.));
#1452 = ORIENTED_EDGE('',*,*,#1453,.F.);
#1453 = EDGE_CURVE('',#326,#1446,#1454,.T.);
#1454 = LINE('',#1455,#1456);
#1455 = CARTESIAN_POINT('',(139.,-165.,780.));
#1456 = VECTOR('',#1457,1.);
#1457 = DIRECTION('',(0.,1.,0.));
#1458 = FACE_BOUND('',#1459,.T.);
#1459 = EDGE_LOOP('',(#1460,#1470,#1478,#1486));
#1460 = ORIENTED_EDGE('',*,*,#1461,.F.);
#1461 = EDGE_CURVE('',#1462,#1464,#1466,.T.);
#1462 = VERTEX_POINT('',#1463);
#1463 = CARTESIAN_POINT('',(139.,-162.,320.));
#1464 = VERTEX_POINT('',#1465);
#1465 = CARTESIAN_POINT('',(139.,-118.,320.));
#1466 = LINE('',#1467,#1468);
#1467 = CARTESIAN_POINT('',(139.,-162.,320.));
#1468 = VECTOR('',#1469,1.);
#1469 = DIRECTION('',(0.,1.,0.));
#1470 = ORIENTED_EDGE('',*,*,#1471,.T.);
#1471 = EDGE_CURVE('',#1462,#1472,#1474,.T.);
#1472 = VERTEX_POINT('',#1473);
#1473 = CARTESIAN_POINT('',(139.,-162.,336.));
#1474 = LINE('',#1475,#1476);
#1475 = CARTESIAN_POINT('',(139.,-162.,320.));
#1476 = VECTOR('',#1477,1.);
#1477 = DIRECTION('',(0.,0.,1.));
#1478 = ORIENTED_EDGE('',*,*,#1479,.T.);
#1479 = EDGE_CURVE('',#1472,#1480,#1482,.T.);
#1480 = VERTEX_POINT('',#1481);
#1481 = CARTESIAN_POINT('',(139.,-118.,336.));
#1482 = LINE('',#1483,#1484);
#1483 = CARTESIAN_POINT('',(139.,-162.,336.));
#1484 = VECTOR('',#1485,1.);
#1485 = DIRECTION('',(0.,1.,0.));
#1486 = ORIENTED_EDGE('',*,*,#1487,.F.);
#1487 = EDGE_CURVE('',#1464,#1480,#1488,.T.);
#1488 = LINE('',#1489,#1490);
#1489 = CARTESIAN_POINT('',(139.,-118.,320.));
#1490 = VECTOR('',#1491,1.);
#1491 = DIRECTION('',(0.,0.,1.));
#1492 = FACE_BOUND('',#1493,.T.);
#1493 = EDGE_LOOP('',(#1494,#1504,#1512,#1520));
#1494 = ORIENTED_EDGE('',*,*,#1495,.F.);
#1495 = EDGE_CURVE('',#1496,#1498,#1500,.T.);
#1496 = VERTEX_POINT('',#1497);
#1497 = CARTESIAN_POINT('',(139.,-162.,433.));
#1498 = VERTEX_POINT('',#1499);
#1499 = CARTESIAN_POINT('',(139.,-118.,433.));
#1500 = LINE('',#1501,#1502);
#1501 = CARTESIAN_POINT('',(139.,-162.,433.));
#1502 = VECTOR('',#1503,1.);
#1503 = DIRECTION('',(0.,1.,0.));
#1504 = ORIENTED_EDGE('',*,*,#1505,.T.);
#1505 = EDGE_CURVE('',#1496,#1506,#1508,.T.);
#1506 = VERTEX_POINT('',#1507);
#1507 = CARTESIAN_POINT('',(139.,-162.,449.));
#1508 = LINE('',#1509,#1510);
#1509 = CARTESIAN_POINT('',(139.,-162.,433.));
#1510 = VECTOR('',#1511,1.);
#1511 = DIRECTION('',(0.,0.,1.));
#1512 = ORIENTED_EDGE('',*,*,#1513,.T.);
#1513 = EDGE_CURVE('',#1506,#1514,#1516,.T.);
#1514 = VERTEX_POINT('',#1515);
#1515 = CARTESIAN_POINT('',(139.,-118.,449.));
#1516 = LINE('',#1517,#1518);
#1517 = CARTESIAN_POINT('',(139.,-162.,449.));
#1518 = VECTOR('',#1519,1.);
#1519 = DIRECTION('',(0.,1.,0.));
#1520 = ORIENTED_EDGE('',*,*,#1521,.F.);
#1521 = EDGE_CURVE('',#1498,#1514,#1522,.T.);
#1522 = LINE('',#1523,#1524);
#1523 = CARTESIAN_POINT('',(139.,-118.,433.));
#1524 = VECTOR('',#1525,1.);
#1525 = DIRECTION('',(0.,0.,1.));
#1526 = FACE_BOUND('',#1527,.T.);
#1527 = EDGE_LOOP('',(#1528,#1538,#1546,#1554));
#1528 = ORIENTED_EDGE('',*,*,#1529,.F.);
#1529 = EDGE_CURVE('',#1530,#1532,#1534,.T.);
#1530 = VERTEX_POINT('',#1531);
#1531 = CARTESIAN_POINT('',(139.,-162.,546.));
#1532 = VERTEX_POINT('',#1533);
#1533 = CARTESIAN_POINT('',(139.,-118.,546.));
#1534 = LINE('',#1535,#1536);
#1535 = CARTESIAN_POINT('',(139.,-162.,546.));
#1536 = VECTOR('',#1537,1.);
#1537 = DIRECTION('',(0.,1.,0.));
#1538 = ORIENTED_EDGE('',*,*,#1539,.T.);
#1539 = EDGE_CURVE('',#1530,#1540,#1542,.T.);
#1540 = VERTEX_POINT('',#1541);
#1541 = CARTESIAN_POINT('',(139.,-162.,562.));
#1542 = LINE('',#1543,#1544);
#1543 = CARTESIAN_POINT('',(139.,-162.,546.));
#1544 = VECTOR('',#1545,1.);
#1545 = DIRECTION('',(0.,0.,1.));
#1546 = ORIENTED_EDGE('',*,*,#1547,.T.);
#1547 = EDGE_CURVE('',#1540,#1548,#1550,.T.);
#1548 = VERTEX_POINT('',#1549);
#1549 = CARTESIAN_POINT('',(139.,-118.,562.));
#1550 = LINE('',#1551,#1552);
#1551 = CARTESIAN_POINT('',(139.,-162.,562.));
#1552 = VECTOR('',#1553,1.);
#1553 = DIRECTION('',(0.,1.,0.));
#1554 = ORIENTED_EDGE('',*,*,#1555,.F.);
#1555 = EDGE_CURVE('',#1532,#1548,#1556,.T.);
#1556 = LINE('',#1557,#1558);
#1557 = CARTESIAN_POINT('',(139.,-118.,546.));
#1558 = VECTOR('',#1559,1.);
#1559 = DIRECTION('',(0.,0.,1.));
#1560 = FACE_BOUND('',#1561,.T.);
#1561 = EDGE_LOOP('',(#1562,#1572,#1580,#1588));
#1562 = ORIENTED_EDGE('',*,*,#1563,.F.);
#1563 = EDGE_CURVE('',#1564,#1566,#1568,.T.);
#1564 = VERTEX_POINT('',#1565);
#1565 = CARTESIAN_POINT('',(139.,-162.,659.));
#1566 = VERTEX_POINT('',#1567);
#1567 = CARTESIAN_POINT('',(139.,-118.,659.));
#1568 = LINE('',#1569,#1570);
#1569 = CARTESIAN_POINT('',(139.,-162.,659.));
#1570 = VECTOR('',#1571,1.);
#1571 = DIRECTION('',(0.,1.,0.));
#1572 = ORIENTED_EDGE('',*,*,#1573,.T.);
#1573 = EDGE_CURVE('',#1564,#1574,#1576,.T.);
#1574 = VERTEX_POINT('',#1575);
#1575 = CARTESIAN_POINT('',(139.,-162.,675.));
#1576 = LINE('',#1577,#1578);
#1577 = CARTESIAN_POINT('',(139.,-162.,659.));
#1578 = VECTOR('',#1579,1.);
#1579 = DIRECTION('',(0.,0.,1.));
#1580 = ORIENTED_EDGE('',*,*,#1581,.T.);
#1581 = EDGE_CURVE('',#1574,#1582,#1584,.T.);
#1582 = VERTEX_POINT('',#1583);
#1583 = CARTESIAN_POINT('',(139.,-118.,675.));
#1584 = LINE('',#1585,#1586);
#1585 = CARTESIAN_POINT('',(139.,-162.,675.));
#1586 = VECTOR('',#1587,1.);
#1587 = DIRECTION('',(0.,1.,0.));
#1588 = ORIENTED_EDGE('',*,*,#1589,.F.);
#1589 = EDGE_CURVE('',#1566,#1582,#1590,.T.);
#1590 = LINE('',#1591,#1592);
#1591 = CARTESIAN_POINT('',(139.,-118.,659.));
#1592 = VECTOR('',#1593,1.);
#1593 = DIRECTION('',(0.,0.,1.));
#1594 = PLANE('',#1595);
#1595 = AXIS2_PLACEMENT_3D('',#1596,#1597,#1598);
#1596 = CARTESIAN_POINT('',(139.,-165.,215.));
#1597 = DIRECTION('',(1.,0.,0.));
#1598 = DIRECTION('',(0.,0.,1.));
#1599 = ADVANCED_FACE('',(#1600),#1606,.T.);
#1600 = FACE_BOUND('',#1601,.T.);
#1601 = EDGE_LOOP('',(#1602,#1603,#1604,#1605));
#1602 = ORIENTED_EDGE('',*,*,#1397,.F.);
#1603 = ORIENTED_EDGE('',*,*,#356,.T.);
#1604 = ORIENTED_EDGE('',*,*,#1413,.T.);
#1605 = ORIENTED_EDGE('',*,*,#1405,.F.);
#1606 = PLANE('',#1607);
#1607 = AXIS2_PLACEMENT_3D('',#1608,#1609,#1610);
#1608 = CARTESIAN_POINT('',(139.,-165.,215.));
#1609 = DIRECTION('',(1.,0.,0.));
#1610 = DIRECTION('',(0.,0.,1.));
#1611 = ADVANCED_FACE('',(#1612),#1637,.F.);
#1612 = FACE_BOUND('',#1613,.F.);
#1613 = EDGE_LOOP('',(#1614,#1622,#1628,#1629,#1630,#1636));
#1614 = ORIENTED_EDGE('',*,*,#1615,.F.);
#1615 = EDGE_CURVE('',#1616,#406,#1618,.T.);
#1616 = VERTEX_POINT('',#1617);
#1617 = CARTESIAN_POINT('',(0.,-115.,780.));
#1618 = LINE('',#1619,#1620);
#1619 = CARTESIAN_POINT('',(0.,-115.,780.));
#1620 = VECTOR('',#1621,1.);
#1621 = DIRECTION('',(1.,0.,0.));
#1622 = ORIENTED_EDGE('',*,*,#1623,.F.);
#1623 = EDGE_CURVE('',#987,#1616,#1624,.T.);
#1624 = LINE('',#1625,#1626);
#1625 = CARTESIAN_POINT('',(0.,-165.,780.));
#1626 = VECTOR('',#1627,1.);
#1627 = DIRECTION('',(0.,1.,0.));
#1628 = ORIENTED_EDGE('',*,*,#986,.T.);
#1629 = ORIENTED_EDGE('',*,*,#445,.T.);
#1630 = ORIENTED_EDGE('',*,*,#1631,.T.);
#1631 = EDGE_CURVE('',#438,#414,#1632,.T.);
#1632 = LINE('',#1633,#1634);
#1633 = CARTESIAN_POINT('',(1.,-165.,780.));
#1634 = VECTOR('',#1635,1.);
#1635 = DIRECTION('',(0.,1.,0.));
#1636 = ORIENTED_EDGE('',*,*,#413,.T.);
#1637 = PLANE('',#1638);
#1638 = AXIS2_PLACEMENT_3D('',#1639,#1640,#1641);
#1639 = CARTESIAN_POINT('',(0.,-165.,780.));
#1640 = DIRECTION('',(0.,0.,1.));
#1641 = DIRECTION('',(1.,0.,0.));
#1642 = ADVANCED_FACE('',(#1643),#1649,.F.);
#1643 = FACE_BOUND('',#1644,.F.);
#1644 = EDGE_LOOP('',(#1645,#1646,#1647,#1648));
#1645 = ORIENTED_EDGE('',*,*,#1631,.F.);
#1646 = ORIENTED_EDGE('',*,*,#437,.F.);
#1647 = ORIENTED_EDGE('',*,*,#429,.T.);
#1648 = ORIENTED_EDGE('',*,*,#421,.T.);
#1649 = PLANE('',#1650);
#1650 = AXIS2_PLACEMENT_3D('',#1651,#1652,#1653);
#1651 = CARTESIAN_POINT('',(1.,-165.,215.));
#1652 = DIRECTION('',(1.,0.,0.));
#1653 = DIRECTION('',(0.,0.,1.));
#1654 = ADVANCED_FACE('',(#1655),#1661,.F.);
#1655 = FACE_BOUND('',#1656,.F.);
#1656 = EDGE_LOOP('',(#1657,#1658,#1659,#1660));
#1657 = ORIENTED_EDGE('',*,*,#463,.F.);
#1658 = ORIENTED_EDGE('',*,*,#453,.T.);
#1659 = ORIENTED_EDGE('',*,*,#479,.T.);
#1660 = ORIENTED_EDGE('',*,*,#471,.F.);
#1661 = PLANE('',#1662);
#1662 = AXIS2_PLACEMENT_3D('',#1663,#1664,#1665);
#1663 = CARTESIAN_POINT('',(1.,-165.,215.));
#1664 = DIRECTION('',(1.,0.,0.));
#1665 = DIRECTION('',(0.,0.,1.));
#1666 = ADVANCED_FACE('',(#1667),#1673,.F.);
#1667 = FACE_BOUND('',#1668,.F.);
#1668 = EDGE_LOOP('',(#1669,#1670,#1671,#1672));
#1669 = ORIENTED_EDGE('',*,*,#497,.F.);
#1670 = ORIENTED_EDGE('',*,*,#487,.T.);
#1671 = ORIENTED_EDGE('',*,*,#513,.T.);
#1672 = ORIENTED_EDGE('',*,*,#505,.F.);
#1673 = PLANE('',#1674);
#1674 = AXIS2_PLACEMENT_3D('',#1675,#1676,#1677);
#1675 = CARTESIAN_POINT('',(1.,-165.,215.));
#1676 = DIRECTION('',(1.,0.,0.));
#1677 = DIRECTION('',(0.,0.,1.));
#1678 = ADVANCED_FACE('',(#1679),#1685,.F.);
#1679 = FACE_BOUND('',#1680,.F.);
#1680 = EDGE_LOOP('',(#1681,#1682,#1683,#1684));
#1681 = ORIENTED_EDGE('',*,*,#531,.F.);
#1682 = ORIENTED_EDGE('',*,*,#521,.T.);
#1683 = ORIENTED_EDGE('',*,*,#547,.T.);
#1684 = ORIENTED_EDGE('',*,*,#539,.F.);
#1685 = PLANE('',#1686);
#1686 = AXIS2_PLACEMENT_3D('',#1687,#1688,#1689);
#1687 = CARTESIAN_POINT('',(1.,-165.,215.));
#1688 = DIRECTION('',(1.,0.,0.));
#1689 = DIRECTION('',(0.,0.,1.));
#1690 = ADVANCED_FACE('',(#1691),#1697,.F.);
#1691 = FACE_BOUND('',#1692,.F.);
#1692 = EDGE_LOOP('',(#1693,#1694,#1695,#1696));
#1693 = ORIENTED_EDGE('',*,*,#565,.F.);
#1694 = ORIENTED_EDGE('',*,*,#555,.T.);
#1695 = ORIENTED_EDGE('',*,*,#581,.T.);
#1696 = ORIENTED_EDGE('',*,*,#573,.F.);
#1697 = PLANE('',#1698);
#1698 = AXIS2_PLACEMENT_3D('',#1699,#1700,#1701);
#1699 = CARTESIAN_POINT('',(1.,-165.,215.));
#1700 = DIRECTION('',(1.,0.,0.));
#1701 = DIRECTION('',(0.,0.,1.));
#1702 = ADVANCED_FACE('',(#1703),#1744,.T.);
#1703 = FACE_BOUND('',#1704,.T.);
#1704 = EDGE_LOOP('',(#1705,#1706,#1714,#1722,#1730,#1736,#1737,#1743));
#1705 = ORIENTED_EDGE('',*,*,#1615,.F.);
#1706 = ORIENTED_EDGE('',*,*,#1707,.T.);
#1707 = EDGE_CURVE('',#1616,#1708,#1710,.T.);
#1708 = VERTEX_POINT('',#1709);
#1709 = CARTESIAN_POINT('',(0.,-115.,860.));
#1710 = LINE('',#1711,#1712);
#1711 = CARTESIAN_POINT('',(0.,-115.,780.));
#1712 = VECTOR('',#1713,1.);
#1713 = DIRECTION('',(0.,0.,1.));
#1714 = ORIENTED_EDGE('',*,*,#1715,.T.);
#1715 = EDGE_CURVE('',#1708,#1716,#1718,.T.);
#1716 = VERTEX_POINT('',#1717);
#1717 = CARTESIAN_POINT('',(140.,-115.,860.));
#1718 = LINE('',#1719,#1720);
#1719 = CARTESIAN_POINT('',(0.,-115.,860.));
#1720 = VECTOR('',#1721,1.);
#1721 = DIRECTION('',(1.,0.,0.));
#1722 = ORIENTED_EDGE('',*,*,#1723,.F.);
#1723 = EDGE_CURVE('',#1724,#1716,#1726,.T.);
#1724 = VERTEX_POINT('',#1725);
#1725 = CARTESIAN_POINT('',(140.,-115.,780.));
#1726 = LINE('',#1727,#1728);
#1727 = CARTESIAN_POINT('',(140.,-115.,780.));
#1728 = VECTOR('',#1729,1.);
#1729 = DIRECTION('',(0.,0.,1.));
#1730 = ORIENTED_EDGE('',*,*,#1731,.F.);
#1731 = EDGE_CURVE('',#672,#1724,#1732,.T.);
#1732 = LINE('',#1733,#1734);
#1733 = CARTESIAN_POINT('',(0.,-115.,780.));
#1734 = VECTOR('',#1735,1.);
#1735 = DIRECTION('',(1.,0.,0.));
#1736 = ORIENTED_EDGE('',*,*,#671,.F.);
#1737 = ORIENTED_EDGE('',*,*,#1738,.F.);
#1738 = EDGE_CURVE('',#610,#664,#1739,.T.);
#1739 = LINE('',#1740,#1741);
#1740 = CARTESIAN_POINT('',(0.,-115.,780.));
#1741 = VECTOR('',#1742,1.);
#1742 = DIRECTION('',(1.,0.,0.));
#1743 = ORIENTED_EDGE('',*,*,#609,.F.);
#1744 = PLANE('',#1745);
#1745 = AXIS2_PLACEMENT_3D('',#1746,#1747,#1748);
#1746 = CARTESIAN_POINT('',(0.,-115.,780.));
#1747 = DIRECTION('',(0.,1.,0.));
#1748 = DIRECTION('',(0.,0.,1.));
#1749 = ADVANCED_FACE('',(#1750),#1761,.T.);
#1750 = FACE_BOUND('',#1751,.T.);
#1751 = EDGE_LOOP('',(#1752,#1758,#1759,#1760));
#1752 = ORIENTED_EDGE('',*,*,#1753,.T.);
#1753 = EDGE_CURVE('',#721,#1068,#1754,.T.);
#1754 = LINE('',#1755,#1756);
#1755 = CARTESIAN_POINT('',(1.,-118.,223.));
#1756 = VECTOR('',#1757,1.);
#1757 = DIRECTION('',(1.,0.,0.));
#1758 = ORIENTED_EDGE('',*,*,#1075,.F.);
#1759 = ORIENTED_EDGE('',*,*,#640,.T.);
#1760 = ORIENTED_EDGE('',*,*,#728,.T.);
#1761 = PLANE('',#1762);
#1762 = AXIS2_PLACEMENT_3D('',#1763,#1764,#1765);
#1763 = CARTESIAN_POINT('',(1.,-118.,207.));
#1764 = DIRECTION('',(0.,1.,0.));
#1765 = DIRECTION('',(0.,0.,1.));
#1766 = ADVANCED_FACE('',(#1767),#1778,.F.);
#1767 = FACE_BOUND('',#1768,.F.);
#1768 = EDGE_LOOP('',(#1769,#1775,#1776,#1777));
#1769 = ORIENTED_EDGE('',*,*,#1770,.T.);
#1770 = EDGE_CURVE('',#1134,#761,#1771,.T.);
#1771 = LINE('',#1772,#1773);
#1772 = CARTESIAN_POINT('',(0.5,-162.,780.));
#1773 = VECTOR('',#1774,1.);
#1774 = DIRECTION('',(-1.,0.,0.));
#1775 = ORIENTED_EDGE('',*,*,#768,.F.);
#1776 = ORIENTED_EDGE('',*,*,#1025,.T.);
#1777 = ORIENTED_EDGE('',*,*,#1141,.T.);
#1778 = PLANE('',#1779);
#1779 = AXIS2_PLACEMENT_3D('',#1780,#1781,#1782);
#1780 = CARTESIAN_POINT('',(0.,-165.,780.));
#1781 = DIRECTION('',(0.,0.,1.));
#1782 = DIRECTION('',(1.,0.,0.));
#1783 = ADVANCED_FACE('',(#1784),#1795,.F.);
#1784 = FACE_BOUND('',#1785,.F.);
#1785 = EDGE_LOOP('',(#1786,#1792,#1793,#1794));
#1786 = ORIENTED_EDGE('',*,*,#1787,.F.);
#1787 = EDGE_CURVE('',#753,#1126,#1788,.T.);
#1788 = LINE('',#1789,#1790);
#1789 = CARTESIAN_POINT('',(1.,-162.,772.));
#1790 = VECTOR('',#1791,1.);
#1791 = DIRECTION('',(1.,0.,0.));
#1792 = ORIENTED_EDGE('',*,*,#760,.T.);
#1793 = ORIENTED_EDGE('',*,*,#1770,.F.);
#1794 = ORIENTED_EDGE('',*,*,#1133,.F.);
#1795 = PLANE('',#1796);
#1796 = AXIS2_PLACEMENT_3D('',#1797,#1798,#1799);
#1797 = CARTESIAN_POINT('',(1.,-162.,772.));
#1798 = DIRECTION('',(0.,1.,0.));
#1799 = DIRECTION('',(0.,0.,1.));
#1800 = ADVANCED_FACE('',(#1801),#1824,.T.);
#1801 = FACE_BOUND('',#1802,.T.);
#1802 = EDGE_LOOP('',(#1803,#1804,#1805,#1814,#1821,#1822,#1823));
#1803 = ORIENTED_EDGE('',*,*,#1753,.F.);
#1804 = ORIENTED_EDGE('',*,*,#720,.T.);
#1805 = ORIENTED_EDGE('',*,*,#1806,.F.);
#1806 = EDGE_CURVE('',#1807,#712,#1809,.T.);
#1807 = VERTEX_POINT('',#1808);
#1808 = CARTESIAN_POINT('',(35.347714378494,-140.,223.));
#1809 = ELLIPSE('',#1810,12.560103759025,9.);
#1810 = AXIS2_PLACEMENT_3D('',#1811,#1812,#1813);
#1811 = CARTESIAN_POINT('',(22.787610619469,-140.,223.));
#1812 = DIRECTION('',(0.,0.,1.));
#1813 = DIRECTION('',(1.,0.,0.));
#1814 = ORIENTED_EDGE('',*,*,#1815,.F.);
#1815 = EDGE_CURVE('',#704,#1807,#1816,.T.);
#1816 = ELLIPSE('',#1817,12.560103759025,9.);
#1817 = AXIS2_PLACEMENT_3D('',#1818,#1819,#1820);
#1818 = CARTESIAN_POINT('',(22.787610619469,-140.,223.));
#1819 = DIRECTION('',(0.,0.,1.));
#1820 = DIRECTION('',(1.,0.,0.));
#1821 = ORIENTED_EDGE('',*,*,#703,.T.);
#1822 = ORIENTED_EDGE('',*,*,#1040,.T.);
#1823 = ORIENTED_EDGE('',*,*,#1067,.F.);
#1824 = PLANE('',#1825);
#1825 = AXIS2_PLACEMENT_3D('',#1826,#1827,#1828);
#1826 = CARTESIAN_POINT('',(1.,-162.,223.));
#1827 = DIRECTION('',(0.,0.,1.));
#1828 = DIRECTION('',(1.,0.,0.));
#1829 = ADVANCED_FACE('',(#1830),#1849,.F.);
#1830 = FACE_BOUND('',#1831,.F.);
#1831 = EDGE_LOOP('',(#1832,#1838,#1839,#1840,#1841,#1848));
#1832 = ORIENTED_EDGE('',*,*,#1833,.F.);
#1833 = EDGE_CURVE('',#745,#1092,#1834,.T.);
#1834 = LINE('',#1835,#1836);
#1835 = CARTESIAN_POINT('',(1.,-118.,772.));
#1836 = VECTOR('',#1837,1.);
#1837 = DIRECTION('',(1.,0.,0.));
#1838 = ORIENTED_EDGE('',*,*,#752,.T.);
#1839 = ORIENTED_EDGE('',*,*,#1787,.T.);
#1840 = ORIENTED_EDGE('',*,*,#1125,.F.);
#1841 = ORIENTED_EDGE('',*,*,#1842,.F.);
#1842 = EDGE_CURVE('',#1100,#1117,#1843,.T.);
#1843 = ELLIPSE('',#1844,12.560103759025,9.);
#1844 = AXIS2_PLACEMENT_3D('',#1845,#1846,#1847);
#1845 = CARTESIAN_POINT('',(117.21238938053,-140.,772.));
#1846 = DIRECTION('',(0.,0.,1.));
#1847 = DIRECTION('',(1.,0.,0.));
#1848 = ORIENTED_EDGE('',*,*,#1099,.F.);
#1849 = PLANE('',#1850);
#1850 = AXIS2_PLACEMENT_3D('',#1851,#1852,#1853);
#1851 = CARTESIAN_POINT('',(1.,-162.,772.));
#1852 = DIRECTION('',(0.,0.,1.));
#1853 = DIRECTION('',(1.,0.,0.));
#1854 = ADVANCED_FACE('',(#1855),#1876,.T.);
#1855 = FACE_BOUND('',#1856,.T.);
#1856 = EDGE_LOOP('',(#1857,#1858,#1864,#1865,#1866,#1867,#1868,#1869));
#1857 = ORIENTED_EDGE('',*,*,#1167,.F.);
#1858 = ORIENTED_EDGE('',*,*,#1859,.F.);
#1859 = EDGE_CURVE('',#1807,#1168,#1860,.T.);
#1860 = LINE('',#1861,#1862);
#1861 = CARTESIAN_POINT('',(21.448991310426,-140.,208.72222084825));
#1862 = VECTOR('',#1863,1.);
#1863 = DIRECTION('',(0.69753101686,0.,0.716554590047));
#1864 = ORIENTED_EDGE('',*,*,#1806,.T.);
#1865 = ORIENTED_EDGE('',*,*,#711,.T.);
#1866 = ORIENTED_EDGE('',*,*,#1815,.T.);
#1867 = ORIENTED_EDGE('',*,*,#1859,.T.);
#1868 = ORIENTED_EDGE('',*,*,#1176,.F.);
#1869 = ORIENTED_EDGE('',*,*,#1870,.F.);
#1870 = EDGE_CURVE('',#1160,#1177,#1871,.T.);
#1871 = ELLIPSE('',#1872,12.560103759025,9.);
#1872 = AXIS2_PLACEMENT_3D('',#1873,#1874,#1875);
#1873 = CARTESIAN_POINT('',(117.21238938053,-140.,320.));
#1874 = DIRECTION('',(0.,0.,1.));
#1875 = DIRECTION('',(1.,0.,0.));
#1876 = CYLINDRICAL_SURFACE('',#1877,9.);
#1877 = AXIS2_PLACEMENT_3D('',#1878,#1879,#1880);
#1878 = CARTESIAN_POINT('',(15.,-140.,215.));
#1879 = DIRECTION('',(0.69753101686,0.,0.716554590047));
#1880 = DIRECTION('',(0.716554590047,0.,-0.69753101686));
#1881 = ADVANCED_FACE('',(#1882),#1893,.T.);
#1882 = FACE_BOUND('',#1883,.T.);
#1883 = EDGE_LOOP('',(#1884,#1885,#1886,#1892));
#1884 = ORIENTED_EDGE('',*,*,#1833,.F.);
#1885 = ORIENTED_EDGE('',*,*,#744,.T.);
#1886 = ORIENTED_EDGE('',*,*,#1887,.F.);
#1887 = EDGE_CURVE('',#1084,#737,#1888,.T.);
#1888 = LINE('',#1889,#1890);
#1889 = CARTESIAN_POINT('',(0.5,-118.,780.));
#1890 = VECTOR('',#1891,1.);
#1891 = DIRECTION('',(-1.,0.,0.));
#1892 = ORIENTED_EDGE('',*,*,#1091,.F.);
#1893 = PLANE('',#1894);
#1894 = AXIS2_PLACEMENT_3D('',#1895,#1896,#1897);
#1895 = CARTESIAN_POINT('',(1.,-118.,772.));
#1896 = DIRECTION('',(0.,1.,0.));
#1897 = DIRECTION('',(0.,0.,1.));
#1898 = ADVANCED_FACE('',(#1899),#1905,.F.);
#1899 = FACE_BOUND('',#1900,.F.);
#1900 = EDGE_LOOP('',(#1901,#1902,#1903,#1904));
#1901 = ORIENTED_EDGE('',*,*,#1738,.F.);
#1902 = ORIENTED_EDGE('',*,*,#736,.F.);
#1903 = ORIENTED_EDGE('',*,*,#1887,.F.);
#1904 = ORIENTED_EDGE('',*,*,#1083,.T.);
#1905 = PLANE('',#1906);
#1906 = AXIS2_PLACEMENT_3D('',#1907,#1908,#1909);
#1907 = CARTESIAN_POINT('',(0.,-165.,780.));
#1908 = DIRECTION('',(0.,0.,1.));
#1909 = DIRECTION('',(1.,0.,0.));
#1910 = ADVANCED_FACE('',(#1911),#1929,.F.);
#1911 = FACE_BOUND('',#1912,.F.);
#1912 = EDGE_LOOP('',(#1913,#1919,#1920,#1926,#1927,#1928));
#1913 = ORIENTED_EDGE('',*,*,#1914,.F.);
#1914 = EDGE_CURVE('',#777,#1150,#1915,.T.);
#1915 = LINE('',#1916,#1917);
#1916 = CARTESIAN_POINT('',(1.,-118.,320.));
#1917 = VECTOR('',#1918,1.);
#1918 = DIRECTION('',(1.,0.,0.));
#1919 = ORIENTED_EDGE('',*,*,#776,.T.);
#1920 = ORIENTED_EDGE('',*,*,#1921,.T.);
#1921 = EDGE_CURVE('',#779,#1186,#1922,.T.);
#1922 = LINE('',#1923,#1924);
#1923 = CARTESIAN_POINT('',(1.,-162.,320.));
#1924 = VECTOR('',#1925,1.);
#1925 = DIRECTION('',(1.,0.,0.));
#1926 = ORIENTED_EDGE('',*,*,#1185,.F.);
#1927 = ORIENTED_EDGE('',*,*,#1870,.F.);
#1928 = ORIENTED_EDGE('',*,*,#1159,.F.);
#1929 = PLANE('',#1930);
#1930 = AXIS2_PLACEMENT_3D('',#1931,#1932,#1933);
#1931 = CARTESIAN_POINT('',(1.,-162.,320.));
#1932 = DIRECTION('',(0.,0.,1.));
#1933 = DIRECTION('',(1.,0.,0.));
#1934 = ADVANCED_FACE('',(#1935),#1946,.T.);
#1935 = FACE_BOUND('',#1936,.T.);
#1936 = EDGE_LOOP('',(#1937,#1938,#1939,#1945));
#1937 = ORIENTED_EDGE('',*,*,#1914,.F.);
#1938 = ORIENTED_EDGE('',*,*,#802,.T.);
#1939 = ORIENTED_EDGE('',*,*,#1940,.T.);
#1940 = EDGE_CURVE('',#795,#1152,#1941,.T.);
#1941 = LINE('',#1942,#1943);
#1942 = CARTESIAN_POINT('',(1.,-118.,336.));
#1943 = VECTOR('',#1944,1.);
#1944 = DIRECTION('',(1.,0.,0.));
#1945 = ORIENTED_EDGE('',*,*,#1149,.F.);
#1946 = PLANE('',#1947);
#1947 = AXIS2_PLACEMENT_3D('',#1948,#1949,#1950);
#1948 = CARTESIAN_POINT('',(1.,-118.,320.));
#1949 = DIRECTION('',(0.,1.,0.));
#1950 = DIRECTION('',(0.,0.,1.));
#1951 = ADVANCED_FACE('',(#1952),#1963,.F.);
#1952 = FACE_BOUND('',#1953,.F.);
#1953 = EDGE_LOOP('',(#1954,#1955,#1956,#1962));
#1954 = ORIENTED_EDGE('',*,*,#1921,.F.);
#1955 = ORIENTED_EDGE('',*,*,#786,.T.);
#1956 = ORIENTED_EDGE('',*,*,#1957,.T.);
#1957 = EDGE_CURVE('',#787,#1194,#1958,.T.);
#1958 = LINE('',#1959,#1960);
#1959 = CARTESIAN_POINT('',(1.,-162.,336.));
#1960 = VECTOR('',#1961,1.);
#1961 = DIRECTION('',(1.,0.,0.));
#1962 = ORIENTED_EDGE('',*,*,#1193,.F.);
#1963 = PLANE('',#1964);
#1964 = AXIS2_PLACEMENT_3D('',#1965,#1966,#1967);
#1965 = CARTESIAN_POINT('',(1.,-162.,320.));
#1966 = DIRECTION('',(0.,1.,0.));
#1967 = DIRECTION('',(0.,0.,1.));
#1968 = ADVANCED_FACE('',(#1969),#1983,.T.);
#1969 = FACE_BOUND('',#1970,.T.);
#1970 = EDGE_LOOP('',(#1971,#1972,#1973,#1974,#1975,#1982));
#1971 = ORIENTED_EDGE('',*,*,#1940,.F.);
#1972 = ORIENTED_EDGE('',*,*,#794,.T.);
#1973 = ORIENTED_EDGE('',*,*,#1957,.T.);
#1974 = ORIENTED_EDGE('',*,*,#1201,.F.);
#1975 = ORIENTED_EDGE('',*,*,#1976,.F.);
#1976 = EDGE_CURVE('',#1219,#1202,#1977,.T.);
#1977 = ELLIPSE('',#1978,12.560103759025,9.);
#1978 = AXIS2_PLACEMENT_3D('',#1979,#1980,#1981);
#1979 = CARTESIAN_POINT('',(117.21238938053,-140.,336.));
#1980 = DIRECTION('',(0.,0.,1.));
#1981 = DIRECTION('',(-1.,0.,0.));
#1982 = ORIENTED_EDGE('',*,*,#1227,.F.);
#1983 = PLANE('',#1984);
#1984 = AXIS2_PLACEMENT_3D('',#1985,#1986,#1987);
#1985 = CARTESIAN_POINT('',(1.,-162.,336.));
#1986 = DIRECTION('',(0.,0.,1.));
#1987 = DIRECTION('',(1.,0.,0.));
#1988 = ADVANCED_FACE('',(#1989),#2005,.T.);
#1989 = FACE_BOUND('',#1990,.T.);
#1990 = EDGE_LOOP('',(#1991,#1997,#1998,#2004));
#1991 = ORIENTED_EDGE('',*,*,#1992,.F.);
#1992 = EDGE_CURVE('',#811,#1236,#1993,.T.);
#1993 = LINE('',#1994,#1995);
#1994 = CARTESIAN_POINT('',(1.,-118.,433.));
#1995 = VECTOR('',#1996,1.);
#1996 = DIRECTION('',(1.,0.,0.));
#1997 = ORIENTED_EDGE('',*,*,#810,.T.);
#1998 = ORIENTED_EDGE('',*,*,#1999,.T.);
#1999 = EDGE_CURVE('',#813,#1254,#2000,.T.);
#2000 = LINE('',#2001,#2002);
#2001 = CARTESIAN_POINT('',(1.,-118.,449.));
#2002 = VECTOR('',#2003,1.);
#2003 = DIRECTION('',(1.,0.,0.));
#2004 = ORIENTED_EDGE('',*,*,#1261,.F.);
#2005 = PLANE('',#2006);
#2006 = AXIS2_PLACEMENT_3D('',#2007,#2008,#2009);
#2007 = CARTESIAN_POINT('',(1.,-118.,433.));
#2008 = DIRECTION('',(0.,1.,0.));
#2009 = DIRECTION('',(0.,0.,1.));
#2010 = ADVANCED_FACE('',(#2011),#2039,.F.);
#2011 = FACE_BOUND('',#2012,.F.);
#2012 = EDGE_LOOP('',(#2013,#2014,#2015,#2024,#2031,#2032,#2038));
#2013 = ORIENTED_EDGE('',*,*,#1992,.F.);
#2014 = ORIENTED_EDGE('',*,*,#820,.T.);
#2015 = ORIENTED_EDGE('',*,*,#2016,.F.);
#2016 = EDGE_CURVE('',#2017,#821,#2019,.T.);
#2017 = VERTEX_POINT('',#2018);
#2018 = CARTESIAN_POINT('',(35.347714378494,-140.,433.));
#2019 = ELLIPSE('',#2020,12.560103759025,9.);
#2020 = AXIS2_PLACEMENT_3D('',#2021,#2022,#2023);
#2021 = CARTESIAN_POINT('',(22.787610619469,-140.,433.));
#2022 = DIRECTION('',(0.,0.,1.));
#2023 = DIRECTION('',(-1.,0.,0.));
#2024 = ORIENTED_EDGE('',*,*,#2025,.F.);
#2025 = EDGE_CURVE('',#829,#2017,#2026,.T.);
#2026 = ELLIPSE('',#2027,12.560103759025,9.);
#2027 = AXIS2_PLACEMENT_3D('',#2028,#2029,#2030);
#2028 = CARTESIAN_POINT('',(22.787610619469,-140.,433.));
#2029 = DIRECTION('',(0.,0.,1.));
#2030 = DIRECTION('',(-1.,0.,0.));
#2031 = ORIENTED_EDGE('',*,*,#837,.T.);
#2032 = ORIENTED_EDGE('',*,*,#2033,.T.);
#2033 = EDGE_CURVE('',#838,#1238,#2034,.T.);
#2034 = LINE('',#2035,#2036);
#2035 = CARTESIAN_POINT('',(1.,-162.,433.));
#2036 = VECTOR('',#2037,1.);
#2037 = DIRECTION('',(1.,0.,0.));
#2038 = ORIENTED_EDGE('',*,*,#1235,.F.);
#2039 = PLANE('',#2040);
#2040 = AXIS2_PLACEMENT_3D('',#2041,#2042,#2043);
#2041 = CARTESIAN_POINT('',(1.,-162.,433.));
#2042 = DIRECTION('',(0.,0.,1.));
#2043 = DIRECTION('',(1.,0.,0.));
#2044 = ADVANCED_FACE('',(#2045),#2073,.T.);
#2045 = FACE_BOUND('',#2046,.T.);
#2046 = EDGE_LOOP('',(#2047,#2048,#2049,#2058,#2065,#2066,#2072));
#2047 = ORIENTED_EDGE('',*,*,#1999,.F.);
#2048 = ORIENTED_EDGE('',*,*,#870,.T.);
#2049 = ORIENTED_EDGE('',*,*,#2050,.F.);
#2050 = EDGE_CURVE('',#2051,#862,#2053,.T.);
#2051 = VERTEX_POINT('',#2052);
#2052 = CARTESIAN_POINT('',(35.347714378494,-140.,449.));
#2053 = ELLIPSE('',#2054,12.560103759025,9.);
#2054 = AXIS2_PLACEMENT_3D('',#2055,#2056,#2057);
#2055 = CARTESIAN_POINT('',(22.787610619469,-140.,449.));
#2056 = DIRECTION('',(0.,0.,1.));
#2057 = DIRECTION('',(1.,0.,0.));
#2058 = ORIENTED_EDGE('',*,*,#2059,.F.);
#2059 = EDGE_CURVE('',#854,#2051,#2060,.T.);
#2060 = ELLIPSE('',#2061,12.560103759025,9.);
#2061 = AXIS2_PLACEMENT_3D('',#2062,#2063,#2064);
#2062 = CARTESIAN_POINT('',(22.787610619469,-140.,449.));
#2063 = DIRECTION('',(0.,0.,1.));
#2064 = DIRECTION('',(1.,0.,0.));
#2065 = ORIENTED_EDGE('',*,*,#853,.T.);
#2066 = ORIENTED_EDGE('',*,*,#2067,.T.);
#2067 = EDGE_CURVE('',#846,#1246,#2068,.T.);
#2068 = LINE('',#2069,#2070);
#2069 = CARTESIAN_POINT('',(1.,-162.,449.));
#2070 = VECTOR('',#2071,1.);
#2071 = DIRECTION('',(1.,0.,0.));
#2072 = ORIENTED_EDGE('',*,*,#1253,.F.);
#2073 = PLANE('',#2074);
#2074 = AXIS2_PLACEMENT_3D('',#2075,#2076,#2077);
#2075 = CARTESIAN_POINT('',(1.,-162.,449.));
#2076 = DIRECTION('',(0.,0.,1.));
#2077 = DIRECTION('',(1.,0.,0.));
#2078 = ADVANCED_FACE('',(#2079),#2094,.T.);
#2079 = FACE_BOUND('',#2080,.T.);
#2080 = EDGE_LOOP('',(#2081,#2082,#2088,#2089,#2090,#2091,#2092,#2093));
#2081 = ORIENTED_EDGE('',*,*,#2016,.F.);
#2082 = ORIENTED_EDGE('',*,*,#2083,.F.);
#2083 = EDGE_CURVE('',#1210,#2017,#2084,.T.);
#2084 = LINE('',#2085,#2086);
#2085 = CARTESIAN_POINT('',(131.44899131042,-140.,334.27777915174));
#2086 = VECTOR('',#2087,1.);
#2087 = DIRECTION('',(-0.69753101686,0.,0.716554590047));
#2088 = ORIENTED_EDGE('',*,*,#1218,.F.);
#2089 = ORIENTED_EDGE('',*,*,#1976,.T.);
#2090 = ORIENTED_EDGE('',*,*,#1209,.F.);
#2091 = ORIENTED_EDGE('',*,*,#2083,.T.);
#2092 = ORIENTED_EDGE('',*,*,#2025,.F.);
#2093 = ORIENTED_EDGE('',*,*,#828,.T.);
#2094 = CYLINDRICAL_SURFACE('',#2095,9.);
#2095 = AXIS2_PLACEMENT_3D('',#2096,#2097,#2098);
#2096 = CARTESIAN_POINT('',(125.,-140.,328.));
#2097 = DIRECTION('',(-0.69753101686,0.,0.716554590047));
#2098 = DIRECTION('',(0.716554590047,0.,0.69753101686));
#2099 = ADVANCED_FACE('',(#2100),#2121,.T.);
#2100 = FACE_BOUND('',#2101,.T.);
#2101 = EDGE_LOOP('',(#2102,#2103,#2109,#2110,#2111,#2112,#2113,#2114));
#2102 = ORIENTED_EDGE('',*,*,#1287,.F.);
#2103 = ORIENTED_EDGE('',*,*,#2104,.F.);
#2104 = EDGE_CURVE('',#2051,#1288,#2105,.T.);
#2105 = LINE('',#2106,#2107);
#2106 = CARTESIAN_POINT('',(21.448991310426,-140.,434.72222084825));
#2107 = VECTOR('',#2108,1.);
#2108 = DIRECTION('',(0.69753101686,0.,0.716554590047));
#2109 = ORIENTED_EDGE('',*,*,#2050,.T.);
#2110 = ORIENTED_EDGE('',*,*,#861,.T.);
#2111 = ORIENTED_EDGE('',*,*,#2059,.T.);
#2112 = ORIENTED_EDGE('',*,*,#2104,.T.);
#2113 = ORIENTED_EDGE('',*,*,#1296,.F.);
#2114 = ORIENTED_EDGE('',*,*,#2115,.F.);
#2115 = EDGE_CURVE('',#1280,#1297,#2116,.T.);
#2116 = ELLIPSE('',#2117,12.560103759025,9.);
#2117 = AXIS2_PLACEMENT_3D('',#2118,#2119,#2120);
#2118 = CARTESIAN_POINT('',(117.21238938053,-140.,546.));
#2119 = DIRECTION('',(0.,0.,1.));
#2120 = DIRECTION('',(1.,0.,0.));
#2121 = CYLINDRICAL_SURFACE('',#2122,9.);
#2122 = AXIS2_PLACEMENT_3D('',#2123,#2124,#2125);
#2123 = CARTESIAN_POINT('',(15.,-140.,441.));
#2124 = DIRECTION('',(0.69753101686,0.,0.716554590047));
#2125 = DIRECTION('',(0.716554590047,0.,-0.69753101686));
#2126 = ADVANCED_FACE('',(#2127),#2133,.F.);
#2127 = FACE_BOUND('',#2128,.F.);
#2128 = EDGE_LOOP('',(#2129,#2130,#2131,#2132));
#2129 = ORIENTED_EDGE('',*,*,#2033,.F.);
#2130 = ORIENTED_EDGE('',*,*,#845,.T.);
#2131 = ORIENTED_EDGE('',*,*,#2067,.T.);
#2132 = ORIENTED_EDGE('',*,*,#1245,.F.);
#2133 = PLANE('',#2134);
#2134 = AXIS2_PLACEMENT_3D('',#2135,#2136,#2137);
#2135 = CARTESIAN_POINT('',(1.,-162.,433.));
#2136 = DIRECTION('',(0.,1.,0.));
#2137 = DIRECTION('',(0.,0.,1.));
#2138 = ADVANCED_FACE('',(#2139),#2157,.F.);
#2139 = FACE_BOUND('',#2140,.F.);
#2140 = EDGE_LOOP('',(#2141,#2147,#2148,#2154,#2155,#2156));
#2141 = ORIENTED_EDGE('',*,*,#2142,.F.);
#2142 = EDGE_CURVE('',#879,#1270,#2143,.T.);
#2143 = LINE('',#2144,#2145);
#2144 = CARTESIAN_POINT('',(1.,-118.,546.));
#2145 = VECTOR('',#2146,1.);
#2146 = DIRECTION('',(1.,0.,0.));
#2147 = ORIENTED_EDGE('',*,*,#878,.T.);
#2148 = ORIENTED_EDGE('',*,*,#2149,.T.);
#2149 = EDGE_CURVE('',#881,#1306,#2150,.T.);
#2150 = LINE('',#2151,#2152);
#2151 = CARTESIAN_POINT('',(1.,-162.,546.));
#2152 = VECTOR('',#2153,1.);
#2153 = DIRECTION('',(1.,0.,0.));
#2154 = ORIENTED_EDGE('',*,*,#1305,.F.);
#2155 = ORIENTED_EDGE('',*,*,#2115,.F.);
#2156 = ORIENTED_EDGE('',*,*,#1279,.F.);
#2157 = PLANE('',#2158);
#2158 = AXIS2_PLACEMENT_3D('',#2159,#2160,#2161);
#2159 = CARTESIAN_POINT('',(1.,-162.,546.));
#2160 = DIRECTION('',(0.,0.,1.));
#2161 = DIRECTION('',(1.,0.,0.));
#2162 = ADVANCED_FACE('',(#2163),#2174,.T.);
#2163 = FACE_BOUND('',#2164,.T.);
#2164 = EDGE_LOOP('',(#2165,#2166,#2167,#2173));
#2165 = ORIENTED_EDGE('',*,*,#2142,.F.);
#2166 = ORIENTED_EDGE('',*,*,#904,.T.);
#2167 = ORIENTED_EDGE('',*,*,#2168,.T.);
#2168 = EDGE_CURVE('',#897,#1272,#2169,.T.);
#2169 = LINE('',#2170,#2171);
#2170 = CARTESIAN_POINT('',(1.,-118.,562.));
#2171 = VECTOR('',#2172,1.);
#2172 = DIRECTION('',(1.,0.,0.));
#2173 = ORIENTED_EDGE('',*,*,#1269,.F.);
#2174 = PLANE('',#2175);
#2175 = AXIS2_PLACEMENT_3D('',#2176,#2177,#2178);
#2176 = CARTESIAN_POINT('',(1.,-118.,546.));
#2177 = DIRECTION('',(0.,1.,0.));
#2178 = DIRECTION('',(0.,0.,1.));
#2179 = ADVANCED_FACE('',(#2180),#2191,.F.);
#2180 = FACE_BOUND('',#2181,.F.);
#2181 = EDGE_LOOP('',(#2182,#2183,#2184,#2190));
#2182 = ORIENTED_EDGE('',*,*,#2149,.F.);
#2183 = ORIENTED_EDGE('',*,*,#888,.T.);
#2184 = ORIENTED_EDGE('',*,*,#2185,.T.);
#2185 = EDGE_CURVE('',#889,#1314,#2186,.T.);
#2186 = LINE('',#2187,#2188);
#2187 = CARTESIAN_POINT('',(1.,-162.,562.));
#2188 = VECTOR('',#2189,1.);
#2189 = DIRECTION('',(1.,0.,0.));
#2190 = ORIENTED_EDGE('',*,*,#1313,.F.);
#2191 = PLANE('',#2192);
#2192 = AXIS2_PLACEMENT_3D('',#2193,#2194,#2195);
#2193 = CARTESIAN_POINT('',(1.,-162.,546.));
#2194 = DIRECTION('',(0.,1.,0.));
#2195 = DIRECTION('',(0.,0.,1.));
#2196 = ADVANCED_FACE('',(#2197),#2211,.T.);
#2197 = FACE_BOUND('',#2198,.T.);
#2198 = EDGE_LOOP('',(#2199,#2200,#2201,#2202,#2203,#2210));
#2199 = ORIENTED_EDGE('',*,*,#2168,.F.);
#2200 = ORIENTED_EDGE('',*,*,#896,.T.);
#2201 = ORIENTED_EDGE('',*,*,#2185,.T.);
#2202 = ORIENTED_EDGE('',*,*,#1321,.F.);
#2203 = ORIENTED_EDGE('',*,*,#2204,.F.);
#2204 = EDGE_CURVE('',#1339,#1322,#2205,.T.);
#2205 = ELLIPSE('',#2206,12.560103759025,9.);
#2206 = AXIS2_PLACEMENT_3D('',#2207,#2208,#2209);
#2207 = CARTESIAN_POINT('',(117.21238938053,-140.,562.));
#2208 = DIRECTION('',(0.,0.,1.));
#2209 = DIRECTION('',(-1.,0.,0.));
#2210 = ORIENTED_EDGE('',*,*,#1347,.F.);
#2211 = PLANE('',#2212);
#2212 = AXIS2_PLACEMENT_3D('',#2213,#2214,#2215);
#2213 = CARTESIAN_POINT('',(1.,-162.,562.));
#2214 = DIRECTION('',(0.,0.,1.));
#2215 = DIRECTION('',(1.,0.,0.));
#2216 = ADVANCED_FACE('',(#2217),#2233,.T.);
#2217 = FACE_BOUND('',#2218,.T.);
#2218 = EDGE_LOOP('',(#2219,#2225,#2226,#2232));
#2219 = ORIENTED_EDGE('',*,*,#2220,.F.);
#2220 = EDGE_CURVE('',#913,#1356,#2221,.T.);
#2221 = LINE('',#2222,#2223);
#2222 = CARTESIAN_POINT('',(1.,-118.,659.));
#2223 = VECTOR('',#2224,1.);
#2224 = DIRECTION('',(1.,0.,0.));
#2225 = ORIENTED_EDGE('',*,*,#912,.T.);
#2226 = ORIENTED_EDGE('',*,*,#2227,.T.);
#2227 = EDGE_CURVE('',#915,#1374,#2228,.T.);
#2228 = LINE('',#2229,#2230);
#2229 = CARTESIAN_POINT('',(1.,-118.,675.));
#2230 = VECTOR('',#2231,1.);
#2231 = DIRECTION('',(1.,0.,0.));
#2232 = ORIENTED_EDGE('',*,*,#1381,.F.);
#2233 = PLANE('',#2234);
#2234 = AXIS2_PLACEMENT_3D('',#2235,#2236,#2237);
#2235 = CARTESIAN_POINT('',(1.,-118.,659.));
#2236 = DIRECTION('',(0.,1.,0.));
#2237 = DIRECTION('',(0.,0.,1.));
#2238 = ADVANCED_FACE('',(#2239),#2267,.T.);
#2239 = FACE_BOUND('',#2240,.T.);
#2240 = EDGE_LOOP('',(#2241,#2242,#2243,#2252,#2259,#2260,#2266));
#2241 = ORIENTED_EDGE('',*,*,#2227,.F.);
#2242 = ORIENTED_EDGE('',*,*,#972,.T.);
#2243 = ORIENTED_EDGE('',*,*,#2244,.F.);
#2244 = EDGE_CURVE('',#2245,#964,#2247,.T.);
#2245 = VERTEX_POINT('',#2246);
#2246 = CARTESIAN_POINT('',(35.347714378494,-140.,675.));
#2247 = ELLIPSE('',#2248,12.560103759025,9.);
#2248 = AXIS2_PLACEMENT_3D('',#2249,#2250,#2251);
#2249 = CARTESIAN_POINT('',(22.787610619469,-140.,675.));
#2250 = DIRECTION('',(0.,0.,1.));
#2251 = DIRECTION('',(1.,0.,0.));
#2252 = ORIENTED_EDGE('',*,*,#2253,.F.);
#2253 = EDGE_CURVE('',#956,#2245,#2254,.T.);
#2254 = ELLIPSE('',#2255,12.560103759025,9.);
#2255 = AXIS2_PLACEMENT_3D('',#2256,#2257,#2258);
#2256 = CARTESIAN_POINT('',(22.787610619469,-140.,675.));
#2257 = DIRECTION('',(0.,0.,1.));
#2258 = DIRECTION('',(1.,0.,0.));
#2259 = ORIENTED_EDGE('',*,*,#955,.T.);
#2260 = ORIENTED_EDGE('',*,*,#2261,.T.);
#2261 = EDGE_CURVE('',#948,#1366,#2262,.T.);
#2262 = LINE('',#2263,#2264);
#2263 = CARTESIAN_POINT('',(1.,-162.,675.));
#2264 = VECTOR('',#2265,1.);
#2265 = DIRECTION('',(1.,0.,0.));
#2266 = ORIENTED_EDGE('',*,*,#1373,.F.);
#2267 = PLANE('',#2268);
#2268 = AXIS2_PLACEMENT_3D('',#2269,#2270,#2271);
#2269 = CARTESIAN_POINT('',(1.,-162.,675.));
#2270 = DIRECTION('',(0.,0.,1.));
#2271 = DIRECTION('',(1.,0.,0.));
#2272 = ADVANCED_FACE('',(#2273),#2288,.T.);
#2273 = FACE_BOUND('',#2274,.T.);
#2274 = EDGE_LOOP('',(#2275,#2276,#2282,#2283,#2284,#2285,#2286,#2287));
#2275 = ORIENTED_EDGE('',*,*,#1107,.F.);
#2276 = ORIENTED_EDGE('',*,*,#2277,.F.);
#2277 = EDGE_CURVE('',#2245,#1108,#2278,.T.);
#2278 = LINE('',#2279,#2280);
#2279 = CARTESIAN_POINT('',(21.448991310426,-140.,660.72222084825));
#2280 = VECTOR('',#2281,1.);
#2281 = DIRECTION('',(0.69753101686,0.,0.716554590047));
#2282 = ORIENTED_EDGE('',*,*,#2244,.T.);
#2283 = ORIENTED_EDGE('',*,*,#963,.T.);
#2284 = ORIENTED_EDGE('',*,*,#2253,.T.);
#2285 = ORIENTED_EDGE('',*,*,#2277,.T.);
#2286 = ORIENTED_EDGE('',*,*,#1116,.F.);
#2287 = ORIENTED_EDGE('',*,*,#1842,.F.);
#2288 = CYLINDRICAL_SURFACE('',#2289,9.);
#2289 = AXIS2_PLACEMENT_3D('',#2290,#2291,#2292);
#2290 = CARTESIAN_POINT('',(15.,-140.,667.));
#2291 = DIRECTION('',(0.69753101686,0.,0.716554590047));
#2292 = DIRECTION('',(0.716554590047,0.,-0.69753101686));
#2293 = ADVANCED_FACE('',(#2294),#2305,.F.);
#2294 = FACE_BOUND('',#2295,.F.);
#2295 = EDGE_LOOP('',(#2296,#2302,#2303,#2304));
#2296 = ORIENTED_EDGE('',*,*,#2297,.F.);
#2297 = EDGE_CURVE('',#940,#1358,#2298,.T.);
#2298 = LINE('',#2299,#2300);
#2299 = CARTESIAN_POINT('',(1.,-162.,659.));
#2300 = VECTOR('',#2301,1.);
#2301 = DIRECTION('',(1.,0.,0.));
#2302 = ORIENTED_EDGE('',*,*,#947,.T.);
#2303 = ORIENTED_EDGE('',*,*,#2261,.T.);
#2304 = ORIENTED_EDGE('',*,*,#1365,.F.);
#2305 = PLANE('',#2306);
#2306 = AXIS2_PLACEMENT_3D('',#2307,#2308,#2309);
#2307 = CARTESIAN_POINT('',(1.,-162.,659.));
#2308 = DIRECTION('',(0.,1.,0.));
#2309 = DIRECTION('',(0.,0.,1.));
#2310 = ADVANCED_FACE('',(#2311),#2334,.F.);
#2311 = FACE_BOUND('',#2312,.F.);
#2312 = EDGE_LOOP('',(#2313,#2314,#2315,#2324,#2331,#2332,#2333));
#2313 = ORIENTED_EDGE('',*,*,#2220,.F.);
#2314 = ORIENTED_EDGE('',*,*,#922,.T.);
#2315 = ORIENTED_EDGE('',*,*,#2316,.F.);
#2316 = EDGE_CURVE('',#2317,#923,#2319,.T.);
#2317 = VERTEX_POINT('',#2318);
#2318 = CARTESIAN_POINT('',(35.347714378494,-140.,659.));
#2319 = ELLIPSE('',#2320,12.560103759025,9.);
#2320 = AXIS2_PLACEMENT_3D('',#2321,#2322,#2323);
#2321 = CARTESIAN_POINT('',(22.787610619469,-140.,659.));
#2322 = DIRECTION('',(0.,0.,1.));
#2323 = DIRECTION('',(-1.,0.,0.));
#2324 = ORIENTED_EDGE('',*,*,#2325,.F.);
#2325 = EDGE_CURVE('',#931,#2317,#2326,.T.);
#2326 = ELLIPSE('',#2327,12.560103759025,9.);
#2327 = AXIS2_PLACEMENT_3D('',#2328,#2329,#2330);
#2328 = CARTESIAN_POINT('',(22.787610619469,-140.,659.));
#2329 = DIRECTION('',(0.,0.,1.));
#2330 = DIRECTION('',(-1.,0.,0.));
#2331 = ORIENTED_EDGE('',*,*,#939,.T.);
#2332 = ORIENTED_EDGE('',*,*,#2297,.T.);
#2333 = ORIENTED_EDGE('',*,*,#1355,.F.);
#2334 = PLANE('',#2335);
#2335 = AXIS2_PLACEMENT_3D('',#2336,#2337,#2338);
#2336 = CARTESIAN_POINT('',(1.,-162.,659.));
#2337 = DIRECTION('',(0.,0.,1.));
#2338 = DIRECTION('',(1.,0.,0.));
#2339 = ADVANCED_FACE('',(#2340),#2355,.T.);
#2340 = FACE_BOUND('',#2341,.T.);
#2341 = EDGE_LOOP('',(#2342,#2343,#2349,#2350,#2351,#2352,#2353,#2354));
#2342 = ORIENTED_EDGE('',*,*,#2316,.F.);
#2343 = ORIENTED_EDGE('',*,*,#2344,.F.);
#2344 = EDGE_CURVE('',#1330,#2317,#2345,.T.);
#2345 = LINE('',#2346,#2347);
#2346 = CARTESIAN_POINT('',(131.44899131042,-140.,560.27777915174));
#2347 = VECTOR('',#2348,1.);
#2348 = DIRECTION('',(-0.69753101686,0.,0.716554590047));
#2349 = ORIENTED_EDGE('',*,*,#1338,.F.);
#2350 = ORIENTED_EDGE('',*,*,#2204,.T.);
#2351 = ORIENTED_EDGE('',*,*,#1329,.F.);
#2352 = ORIENTED_EDGE('',*,*,#2344,.T.);
#2353 = ORIENTED_EDGE('',*,*,#2325,.F.);
#2354 = ORIENTED_EDGE('',*,*,#930,.T.);
#2355 = CYLINDRICAL_SURFACE('',#2356,9.);
#2356 = AXIS2_PLACEMENT_3D('',#2357,#2358,#2359);
#2357 = CARTESIAN_POINT('',(125.,-140.,554.));
#2358 = DIRECTION('',(-0.69753101686,0.,0.716554590047));
#2359 = DIRECTION('',(0.716554590047,0.,0.69753101686));
#2360 = ADVANCED_FACE('',(#2361),#2379,.F.);
#2361 = FACE_BOUND('',#2362,.F.);
#2362 = EDGE_LOOP('',(#2363,#2364,#2365,#2371,#2372,#2373));
#2363 = ORIENTED_EDGE('',*,*,#1731,.F.);
#2364 = ORIENTED_EDGE('',*,*,#1421,.F.);
#2365 = ORIENTED_EDGE('',*,*,#2366,.F.);
#2366 = EDGE_CURVE('',#1446,#1422,#2367,.T.);
#2367 = LINE('',#2368,#2369);
#2368 = CARTESIAN_POINT('',(139.,-165.,780.));
#2369 = VECTOR('',#2370,1.);
#2370 = DIRECTION('',(0.,1.,0.));
#2371 = ORIENTED_EDGE('',*,*,#1453,.F.);
#2372 = ORIENTED_EDGE('',*,*,#1018,.T.);
#2373 = ORIENTED_EDGE('',*,*,#2374,.T.);
#2374 = EDGE_CURVE('',#1011,#1724,#2375,.T.);
#2375 = LINE('',#2376,#2377);
#2376 = CARTESIAN_POINT('',(140.,-165.,780.));
#2377 = VECTOR('',#2378,1.);
#2378 = DIRECTION('',(0.,1.,0.));
#2379 = PLANE('',#2380);
#2380 = AXIS2_PLACEMENT_3D('',#2381,#2382,#2383);
#2381 = CARTESIAN_POINT('',(0.,-165.,780.));
#2382 = DIRECTION('',(0.,0.,1.));
#2383 = DIRECTION('',(1.,0.,0.));
#2384 = ADVANCED_FACE('',(#2385),#2396,.T.);
#2385 = FACE_BOUND('',#2386,.T.);
#2386 = EDGE_LOOP('',(#2387,#2388,#2389,#2390));
#2387 = ORIENTED_EDGE('',*,*,#1010,.F.);
#2388 = ORIENTED_EDGE('',*,*,#2374,.T.);
#2389 = ORIENTED_EDGE('',*,*,#1723,.T.);
#2390 = ORIENTED_EDGE('',*,*,#2391,.F.);
#2391 = EDGE_CURVE('',#1003,#1716,#2392,.T.);
#2392 = LINE('',#2393,#2394);
#2393 = CARTESIAN_POINT('',(140.,-165.,860.));
#2394 = VECTOR('',#2395,1.);
#2395 = DIRECTION('',(0.,1.,0.));
#2396 = PLANE('',#2397);
#2397 = AXIS2_PLACEMENT_3D('',#2398,#2399,#2400);
#2398 = CARTESIAN_POINT('',(140.,-165.,780.));
#2399 = DIRECTION('',(1.,0.,0.));
#2400 = DIRECTION('',(0.,0.,1.));
#2401 = ADVANCED_FACE('',(#2402),#2413,.T.);
#2402 = FACE_BOUND('',#2403,.T.);
#2403 = EDGE_LOOP('',(#2404,#2410,#2411,#2412));
#2404 = ORIENTED_EDGE('',*,*,#2405,.F.);
#2405 = EDGE_CURVE('',#995,#1708,#2406,.T.);
#2406 = LINE('',#2407,#2408);
#2407 = CARTESIAN_POINT('',(0.,-165.,860.));
#2408 = VECTOR('',#2409,1.);
#2409 = DIRECTION('',(0.,1.,0.));
#2410 = ORIENTED_EDGE('',*,*,#1002,.T.);
#2411 = ORIENTED_EDGE('',*,*,#2391,.T.);
#2412 = ORIENTED_EDGE('',*,*,#1715,.F.);
#2413 = PLANE('',#2414);
#2414 = AXIS2_PLACEMENT_3D('',#2415,#2416,#2417);
#2415 = CARTESIAN_POINT('',(0.,-165.,860.));
#2416 = DIRECTION('',(0.,0.,1.));
#2417 = DIRECTION('',(1.,0.,0.));
#2418 = ADVANCED_FACE('',(#2419),#2425,.F.);
#2419 = FACE_BOUND('',#2420,.F.);
#2420 = EDGE_LOOP('',(#2421,#2422,#2423,#2424));
#2421 = ORIENTED_EDGE('',*,*,#994,.F.);
#2422 = ORIENTED_EDGE('',*,*,#1623,.T.);
#2423 = ORIENTED_EDGE('',*,*,#1707,.T.);
#2424 = ORIENTED_EDGE('',*,*,#2405,.F.);
#2425 = PLANE('',#2426);
#2426 = AXIS2_PLACEMENT_3D('',#2427,#2428,#2429);
#2427 = CARTESIAN_POINT('',(0.,-165.,780.));
#2428 = DIRECTION('',(1.,0.,0.));
#2429 = DIRECTION('',(0.,0.,1.));
#2430 = ADVANCED_FACE('',(#2431),#2437,.T.);
#2431 = FACE_BOUND('',#2432,.T.);
#2432 = EDGE_LOOP('',(#2433,#2434,#2435,#2436));
#2433 = ORIENTED_EDGE('',*,*,#2366,.F.);
#2434 = ORIENTED_EDGE('',*,*,#1445,.F.);
#2435 = ORIENTED_EDGE('',*,*,#1437,.T.);
#2436 = ORIENTED_EDGE('',*,*,#1429,.T.);
#2437 = PLANE('',#2438);
#2438 = AXIS2_PLACEMENT_3D('',#2439,#2440,#2441);
#2439 = CARTESIAN_POINT('',(139.,-165.,215.));
#2440 = DIRECTION('',(1.,0.,0.));
#2441 = DIRECTION('',(0.,0.,1.));
#2442 = ADVANCED_FACE('',(#2443),#2449,.T.);
#2443 = FACE_BOUND('',#2444,.T.);
#2444 = EDGE_LOOP('',(#2445,#2446,#2447,#2448));
#2445 = ORIENTED_EDGE('',*,*,#1471,.F.);
#2446 = ORIENTED_EDGE('',*,*,#1461,.T.);
#2447 = ORIENTED_EDGE('',*,*,#1487,.T.);
#2448 = ORIENTED_EDGE('',*,*,#1479,.F.);
#2449 = PLANE('',#2450);
#2450 = AXIS2_PLACEMENT_3D('',#2451,#2452,#2453);
#2451 = CARTESIAN_POINT('',(139.,-165.,215.));
#2452 = DIRECTION('',(1.,0.,0.));
#2453 = DIRECTION('',(0.,0.,1.));
#2454 = ADVANCED_FACE('',(#2455),#2461,.T.);
#2455 = FACE_BOUND('',#2456,.T.);
#2456 = EDGE_LOOP('',(#2457,#2458,#2459,#2460));
#2457 = ORIENTED_EDGE('',*,*,#1505,.F.);
#2458 = ORIENTED_EDGE('',*,*,#1495,.T.);
#2459 = ORIENTED_EDGE('',*,*,#1521,.T.);
#2460 = ORIENTED_EDGE('',*,*,#1513,.F.);
#2461 = PLANE('',#2462);
#2462 = AXIS2_PLACEMENT_3D('',#2463,#2464,#2465);
#2463 = CARTESIAN_POINT('',(139.,-165.,215.));
#2464 = DIRECTION('',(1.,0.,0.));
#2465 = DIRECTION('',(0.,0.,1.));
#2466 = ADVANCED_FACE('',(#2467),#2473,.T.);
#2467 = FACE_BOUND('',#2468,.T.);
#2468 = EDGE_LOOP('',(#2469,#2470,#2471,#2472));
#2469 = ORIENTED_EDGE('',*,*,#1539,.F.);
#2470 = ORIENTED_EDGE('',*,*,#1529,.T.);
#2471 = ORIENTED_EDGE('',*,*,#1555,.T.);
#2472 = ORIENTED_EDGE('',*,*,#1547,.F.);
#2473 = PLANE('',#2474);
#2474 = AXIS2_PLACEMENT_3D('',#2475,#2476,#2477);
#2475 = CARTESIAN_POINT('',(139.,-165.,215.));
#2476 = DIRECTION('',(1.,0.,0.));
#2477 = DIRECTION('',(0.,0.,1.));
#2478 = ADVANCED_FACE('',(#2479),#2485,.T.);
#2479 = FACE_BOUND('',#2480,.T.);
#2480 = EDGE_LOOP('',(#2481,#2482,#2483,#2484));
#2481 = ORIENTED_EDGE('',*,*,#1573,.F.);
#2482 = ORIENTED_EDGE('',*,*,#1563,.T.);
#2483 = ORIENTED_EDGE('',*,*,#1589,.T.);
#2484 = ORIENTED_EDGE('',*,*,#1581,.F.);
#2485 = PLANE('',#2486);
#2486 = AXIS2_PLACEMENT_3D('',#2487,#2488,#2489);
#2487 = CARTESIAN_POINT('',(139.,-165.,215.));
#2488 = DIRECTION('',(1.,0.,0.));
#2489 = DIRECTION('',(0.,0.,1.));
#2490 = MANIFOLD_SOLID_BREP('',#2491);
#2491 = CLOSED_SHELL('',(#2492,#2532,#2595,#2635,#2691,#2708,#2725,#2756
    ,#2787,#2818,#2851,#3066,#3078,#3102,#3133,#3164,#3457,#3511,#3535,
    #3866,#4074,#4086,#4117,#4129,#4141,#4153,#4165,#4177,#4224,#4241,
    #4258,#4275,#4304,#4329,#4356,#4373,#4385,#4409,#4426,#4443,#4463,
    #4485,#4519,#4553,#4574,#4601,#4613,#4637,#4654,#4671,#4691,#4713,
    #4747,#4768,#4785,#4814,#4835,#4859,#4876,#4893,#4905,#4917,#4929,
    #4941,#4953));
#2492 = ADVANCED_FACE('',(#2493),#2527,.F.);
#2493 = FACE_BOUND('',#2494,.F.);
#2494 = EDGE_LOOP('',(#2495,#2505,#2513,#2521));
#2495 = ORIENTED_EDGE('',*,*,#2496,.F.);
#2496 = EDGE_CURVE('',#2497,#2499,#2501,.T.);
#2497 = VERTEX_POINT('',#2498);
#2498 = CARTESIAN_POINT('',(-140.,115.,165.));
#2499 = VERTEX_POINT('',#2500);
#2500 = CARTESIAN_POINT('',(-140.,115.,215.));
#2501 = LINE('',#2502,#2503);
#2502 = CARTESIAN_POINT('',(-140.,115.,165.));
#2503 = VECTOR('',#2504,1.);
#2504 = DIRECTION('',(0.,0.,1.));
#2505 = ORIENTED_EDGE('',*,*,#2506,.T.);
#2506 = EDGE_CURVE('',#2497,#2507,#2509,.T.);
#2507 = VERTEX_POINT('',#2508);
#2508 = CARTESIAN_POINT('',(-140.,165.,165.));
#2509 = LINE('',#2510,#2511);
#2510 = CARTESIAN_POINT('',(-140.,115.,165.));
#2511 = VECTOR('',#2512,1.);
#2512 = DIRECTION('',(0.,1.,0.));
#2513 = ORIENTED_EDGE('',*,*,#2514,.T.);
#2514 = EDGE_CURVE('',#2507,#2515,#2517,.T.);
#2515 = VERTEX_POINT('',#2516);
#2516 = CARTESIAN_POINT('',(-140.,165.,215.));
#2517 = LINE('',#2518,#2519);
#2518 = CARTESIAN_POINT('',(-140.,165.,165.));
#2519 = VECTOR('',#2520,1.);
#2520 = DIRECTION('',(0.,0.,1.));
#2521 = ORIENTED_EDGE('',*,*,#2522,.F.);
#2522 = EDGE_CURVE('',#2499,#2515,#2523,.T.);
#2523 = LINE('',#2524,#2525);
#2524 = CARTESIAN_POINT('',(-140.,115.,215.));
#2525 = VECTOR('',#2526,1.);
#2526 = DIRECTION('',(0.,1.,0.));
#2527 = PLANE('',#2528);
#2528 = AXIS2_PLACEMENT_3D('',#2529,#2530,#2531);
#2529 = CARTESIAN_POINT('',(-140.,115.,165.));
#2530 = DIRECTION('',(1.,0.,0.));
#2531 = DIRECTION('',(0.,0.,1.));
#2532 = ADVANCED_FACE('',(#2533),#2590,.F.);
#2533 = FACE_BOUND('',#2534,.F.);
#2534 = EDGE_LOOP('',(#2535,#2543,#2544,#2552,#2560,#2568,#2576,#2584));
#2535 = ORIENTED_EDGE('',*,*,#2536,.F.);
#2536 = EDGE_CURVE('',#2497,#2537,#2539,.T.);
#2537 = VERTEX_POINT('',#2538);
#2538 = CARTESIAN_POINT('',(0.,115.,165.));
#2539 = LINE('',#2540,#2541);
#2540 = CARTESIAN_POINT('',(-140.,115.,165.));
#2541 = VECTOR('',#2542,1.);
#2542 = DIRECTION('',(1.,0.,0.));
#2543 = ORIENTED_EDGE('',*,*,#2496,.T.);
#2544 = ORIENTED_EDGE('',*,*,#2545,.T.);
#2545 = EDGE_CURVE('',#2499,#2546,#2548,.T.);
#2546 = VERTEX_POINT('',#2547);
#2547 = CARTESIAN_POINT('',(-139.,115.,215.));
#2548 = LINE('',#2549,#2550);
#2549 = CARTESIAN_POINT('',(-140.,115.,215.));
#2550 = VECTOR('',#2551,1.);
#2551 = DIRECTION('',(1.,0.,0.));
#2552 = ORIENTED_EDGE('',*,*,#2553,.T.);
#2553 = EDGE_CURVE('',#2546,#2554,#2556,.T.);
#2554 = VERTEX_POINT('',#2555);
#2555 = CARTESIAN_POINT('',(-111.,115.,215.));
#2556 = LINE('',#2557,#2558);
#2557 = CARTESIAN_POINT('',(-140.,115.,215.));
#2558 = VECTOR('',#2559,1.);
#2559 = DIRECTION('',(1.,0.,0.));
#2560 = ORIENTED_EDGE('',*,*,#2561,.T.);
#2561 = EDGE_CURVE('',#2554,#2562,#2564,.T.);
#2562 = VERTEX_POINT('',#2563);
#2563 = CARTESIAN_POINT('',(-29.,115.,215.));
#2564 = LINE('',#2565,#2566);
#2565 = CARTESIAN_POINT('',(-140.,115.,215.));
#2566 = VECTOR('',#2567,1.);
#2567 = DIRECTION('',(1.,0.,0.));
#2568 = ORIENTED_EDGE('',*,*,#2569,.T.);
#2569 = EDGE_CURVE('',#2562,#2570,#2572,.T.);
#2570 = VERTEX_POINT('',#2571);
#2571 = CARTESIAN_POINT('',(-1.,115.,215.));
#2572 = LINE('',#2573,#2574);
#2573 = CARTESIAN_POINT('',(-140.,115.,215.));
#2574 = VECTOR('',#2575,1.);
#2575 = DIRECTION('',(1.,0.,0.));
#2576 = ORIENTED_EDGE('',*,*,#2577,.T.);
#2577 = EDGE_CURVE('',#2570,#2578,#2580,.T.);
#2578 = VERTEX_POINT('',#2579);
#2579 = CARTESIAN_POINT('',(0.,115.,215.));
#2580 = LINE('',#2581,#2582);
#2581 = CARTESIAN_POINT('',(-140.,115.,215.));
#2582 = VECTOR('',#2583,1.);
#2583 = DIRECTION('',(1.,0.,0.));
#2584 = ORIENTED_EDGE('',*,*,#2585,.F.);
#2585 = EDGE_CURVE('',#2537,#2578,#2586,.T.);
#2586 = LINE('',#2587,#2588);
#2587 = CARTESIAN_POINT('',(0.,115.,165.));
#2588 = VECTOR('',#2589,1.);
#2589 = DIRECTION('',(0.,0.,1.));
#2590 = PLANE('',#2591);
#2591 = AXIS2_PLACEMENT_3D('',#2592,#2593,#2594);
#2592 = CARTESIAN_POINT('',(-140.,115.,165.));
#2593 = DIRECTION('',(0.,1.,0.));
#2594 = DIRECTION('',(0.,0.,1.));
#2595 = ADVANCED_FACE('',(#2596),#2630,.T.);
#2596 = FACE_BOUND('',#2597,.T.);
#2597 = EDGE_LOOP('',(#2598,#2606,#2607,#2608,#2616,#2624));
#2598 = ORIENTED_EDGE('',*,*,#2599,.F.);
#2599 = EDGE_CURVE('',#2515,#2600,#2602,.T.);
#2600 = VERTEX_POINT('',#2601);
#2601 = CARTESIAN_POINT('',(-139.,165.,215.));
#2602 = LINE('',#2603,#2604);
#2603 = CARTESIAN_POINT('',(-140.,165.,215.));
#2604 = VECTOR('',#2605,1.);
#2605 = DIRECTION('',(1.,0.,0.));
#2606 = ORIENTED_EDGE('',*,*,#2522,.F.);
#2607 = ORIENTED_EDGE('',*,*,#2545,.T.);
#2608 = ORIENTED_EDGE('',*,*,#2609,.T.);
#2609 = EDGE_CURVE('',#2546,#2610,#2612,.T.);
#2610 = VERTEX_POINT('',#2611);
#2611 = CARTESIAN_POINT('',(-139.,118.,215.));
#2612 = LINE('',#2613,#2614);
#2613 = CARTESIAN_POINT('',(-139.,115.,215.));
#2614 = VECTOR('',#2615,1.);
#2615 = DIRECTION('',(0.,1.,0.));
#2616 = ORIENTED_EDGE('',*,*,#2617,.T.);
#2617 = EDGE_CURVE('',#2610,#2618,#2620,.T.);
#2618 = VERTEX_POINT('',#2619);
#2619 = CARTESIAN_POINT('',(-139.,162.,215.));
#2620 = LINE('',#2621,#2622);
#2621 = CARTESIAN_POINT('',(-139.,115.,215.));
#2622 = VECTOR('',#2623,1.);
#2623 = DIRECTION('',(0.,1.,0.));
#2624 = ORIENTED_EDGE('',*,*,#2625,.T.);
#2625 = EDGE_CURVE('',#2618,#2600,#2626,.T.);
#2626 = LINE('',#2627,#2628);
#2627 = CARTESIAN_POINT('',(-139.,115.,215.));
#2628 = VECTOR('',#2629,1.);
#2629 = DIRECTION('',(0.,1.,0.));
#2630 = PLANE('',#2631);
#2631 = AXIS2_PLACEMENT_3D('',#2632,#2633,#2634);
#2632 = CARTESIAN_POINT('',(-140.,115.,215.));
#2633 = DIRECTION('',(0.,0.,1.));
#2634 = DIRECTION('',(1.,0.,0.));
#2635 = ADVANCED_FACE('',(#2636),#2686,.T.);
#2636 = FACE_BOUND('',#2637,.T.);
#2637 = EDGE_LOOP('',(#2638,#2646,#2647,#2648,#2656,#2664,#2672,#2680));
#2638 = ORIENTED_EDGE('',*,*,#2639,.F.);
#2639 = EDGE_CURVE('',#2507,#2640,#2642,.T.);
#2640 = VERTEX_POINT('',#2641);
#2641 = CARTESIAN_POINT('',(0.,165.,165.));
#2642 = LINE('',#2643,#2644);
#2643 = CARTESIAN_POINT('',(-140.,165.,165.));
#2644 = VECTOR('',#2645,1.);
#2645 = DIRECTION('',(1.,0.,0.));
#2646 = ORIENTED_EDGE('',*,*,#2514,.T.);
#2647 = ORIENTED_EDGE('',*,*,#2599,.T.);
#2648 = ORIENTED_EDGE('',*,*,#2649,.T.);
#2649 = EDGE_CURVE('',#2600,#2650,#2652,.T.);
#2650 = VERTEX_POINT('',#2651);
#2651 = CARTESIAN_POINT('',(-111.,165.,215.));
#2652 = LINE('',#2653,#2654);
#2653 = CARTESIAN_POINT('',(-140.,165.,215.));
#2654 = VECTOR('',#2655,1.);
#2655 = DIRECTION('',(1.,0.,0.));
#2656 = ORIENTED_EDGE('',*,*,#2657,.T.);
#2657 = EDGE_CURVE('',#2650,#2658,#2660,.T.);
#2658 = VERTEX_POINT('',#2659);
#2659 = CARTESIAN_POINT('',(-29.,165.,215.));
#2660 = LINE('',#2661,#2662);
#2661 = CARTESIAN_POINT('',(-140.,165.,215.));
#2662 = VECTOR('',#2663,1.);
#2663 = DIRECTION('',(1.,0.,0.));
#2664 = ORIENTED_EDGE('',*,*,#2665,.T.);
#2665 = EDGE_CURVE('',#2658,#2666,#2668,.T.);
#2666 = VERTEX_POINT('',#2667);
#2667 = CARTESIAN_POINT('',(-1.,165.,215.));
#2668 = LINE('',#2669,#2670);
#2669 = CARTESIAN_POINT('',(-140.,165.,215.));
#2670 = VECTOR('',#2671,1.);
#2671 = DIRECTION('',(1.,0.,0.));
#2672 = ORIENTED_EDGE('',*,*,#2673,.T.);
#2673 = EDGE_CURVE('',#2666,#2674,#2676,.T.);
#2674 = VERTEX_POINT('',#2675);
#2675 = CARTESIAN_POINT('',(0.,165.,215.));
#2676 = LINE('',#2677,#2678);
#2677 = CARTESIAN_POINT('',(-140.,165.,215.));
#2678 = VECTOR('',#2679,1.);
#2679 = DIRECTION('',(1.,0.,0.));
#2680 = ORIENTED_EDGE('',*,*,#2681,.F.);
#2681 = EDGE_CURVE('',#2640,#2674,#2682,.T.);
#2682 = LINE('',#2683,#2684);
#2683 = CARTESIAN_POINT('',(0.,165.,165.));
#2684 = VECTOR('',#2685,1.);
#2685 = DIRECTION('',(0.,0.,1.));
#2686 = PLANE('',#2687);
#2687 = AXIS2_PLACEMENT_3D('',#2688,#2689,#2690);
#2688 = CARTESIAN_POINT('',(-140.,165.,165.));
#2689 = DIRECTION('',(0.,1.,0.));
#2690 = DIRECTION('',(0.,0.,1.));
#2691 = ADVANCED_FACE('',(#2692),#2703,.F.);
#2692 = FACE_BOUND('',#2693,.F.);
#2693 = EDGE_LOOP('',(#2694,#2695,#2696,#2702));
#2694 = ORIENTED_EDGE('',*,*,#2506,.F.);
#2695 = ORIENTED_EDGE('',*,*,#2536,.T.);
#2696 = ORIENTED_EDGE('',*,*,#2697,.T.);
#2697 = EDGE_CURVE('',#2537,#2640,#2698,.T.);
#2698 = LINE('',#2699,#2700);
#2699 = CARTESIAN_POINT('',(0.,115.,165.));
#2700 = VECTOR('',#2701,1.);
#2701 = DIRECTION('',(0.,1.,0.));
#2702 = ORIENTED_EDGE('',*,*,#2639,.F.);
#2703 = PLANE('',#2704);
#2704 = AXIS2_PLACEMENT_3D('',#2705,#2706,#2707);
#2705 = CARTESIAN_POINT('',(-140.,115.,165.));
#2706 = DIRECTION('',(0.,0.,1.));
#2707 = DIRECTION('',(1.,0.,0.));
#2708 = ADVANCED_FACE('',(#2709),#2720,.T.);
#2709 = FACE_BOUND('',#2710,.T.);
#2710 = EDGE_LOOP('',(#2711,#2712,#2713,#2714));
#2711 = ORIENTED_EDGE('',*,*,#2585,.F.);
#2712 = ORIENTED_EDGE('',*,*,#2697,.T.);
#2713 = ORIENTED_EDGE('',*,*,#2681,.T.);
#2714 = ORIENTED_EDGE('',*,*,#2715,.F.);
#2715 = EDGE_CURVE('',#2578,#2674,#2716,.T.);
#2716 = LINE('',#2717,#2718);
#2717 = CARTESIAN_POINT('',(0.,115.,215.));
#2718 = VECTOR('',#2719,1.);
#2719 = DIRECTION('',(0.,1.,0.));
#2720 = PLANE('',#2721);
#2721 = AXIS2_PLACEMENT_3D('',#2722,#2723,#2724);
#2722 = CARTESIAN_POINT('',(0.,115.,165.));
#2723 = DIRECTION('',(1.,0.,0.));
#2724 = DIRECTION('',(0.,0.,1.));
#2725 = ADVANCED_FACE('',(#2726),#2751,.F.);
#2726 = FACE_BOUND('',#2727,.F.);
#2727 = EDGE_LOOP('',(#2728,#2729,#2737,#2745));
#2728 = ORIENTED_EDGE('',*,*,#2553,.F.);
#2729 = ORIENTED_EDGE('',*,*,#2730,.T.);
#2730 = EDGE_CURVE('',#2546,#2731,#2733,.T.);
#2731 = VERTEX_POINT('',#2732);
#2732 = CARTESIAN_POINT('',(-139.,115.,780.));
#2733 = LINE('',#2734,#2735);
#2734 = CARTESIAN_POINT('',(-139.,115.,215.));
#2735 = VECTOR('',#2736,1.);
#2736 = DIRECTION('',(0.,0.,1.));
#2737 = ORIENTED_EDGE('',*,*,#2738,.T.);
#2738 = EDGE_CURVE('',#2731,#2739,#2741,.T.);
#2739 = VERTEX_POINT('',#2740);
#2740 = CARTESIAN_POINT('',(-111.,115.,780.));
#2741 = LINE('',#2742,#2743);
#2742 = CARTESIAN_POINT('',(-140.,115.,780.));
#2743 = VECTOR('',#2744,1.);
#2744 = DIRECTION('',(1.,0.,0.));
#2745 = ORIENTED_EDGE('',*,*,#2746,.F.);
#2746 = EDGE_CURVE('',#2554,#2739,#2747,.T.);
#2747 = LINE('',#2748,#2749);
#2748 = CARTESIAN_POINT('',(-111.,115.,215.));
#2749 = VECTOR('',#2750,1.);
#2750 = DIRECTION('',(0.,0.,1.));
#2751 = PLANE('',#2752);
#2752 = AXIS2_PLACEMENT_3D('',#2753,#2754,#2755);
#2753 = CARTESIAN_POINT('',(-139.,115.,215.));
#2754 = DIRECTION('',(0.,1.,0.));
#2755 = DIRECTION('',(0.,0.,1.));
#2756 = ADVANCED_FACE('',(#2757),#2782,.T.);
#2757 = FACE_BOUND('',#2758,.T.);
#2758 = EDGE_LOOP('',(#2759,#2769,#2775,#2776));
#2759 = ORIENTED_EDGE('',*,*,#2760,.T.);
#2760 = EDGE_CURVE('',#2761,#2763,#2765,.T.);
#2761 = VERTEX_POINT('',#2762);
#2762 = CARTESIAN_POINT('',(-29.,118.,215.));
#2763 = VERTEX_POINT('',#2764);
#2764 = CARTESIAN_POINT('',(-111.,118.,215.));
#2765 = LINE('',#2766,#2767);
#2766 = CARTESIAN_POINT('',(-139.5,118.,215.));
#2767 = VECTOR('',#2768,1.);
#2768 = DIRECTION('',(-1.,0.,0.));
#2769 = ORIENTED_EDGE('',*,*,#2770,.F.);
#2770 = EDGE_CURVE('',#2554,#2763,#2771,.T.);
#2771 = LINE('',#2772,#2773);
#2772 = CARTESIAN_POINT('',(-111.,115.,215.));
#2773 = VECTOR('',#2774,1.);
#2774 = DIRECTION('',(0.,1.,0.));
#2775 = ORIENTED_EDGE('',*,*,#2561,.T.);
#2776 = ORIENTED_EDGE('',*,*,#2777,.T.);
#2777 = EDGE_CURVE('',#2562,#2761,#2778,.T.);
#2778 = LINE('',#2779,#2780);
#2779 = CARTESIAN_POINT('',(-29.,115.,215.));
#2780 = VECTOR('',#2781,1.);
#2781 = DIRECTION('',(0.,1.,0.));
#2782 = PLANE('',#2783);
#2783 = AXIS2_PLACEMENT_3D('',#2784,#2785,#2786);
#2784 = CARTESIAN_POINT('',(-140.,115.,215.));
#2785 = DIRECTION('',(0.,0.,1.));
#2786 = DIRECTION('',(1.,0.,0.));
#2787 = ADVANCED_FACE('',(#2788),#2813,.F.);
#2788 = FACE_BOUND('',#2789,.F.);
#2789 = EDGE_LOOP('',(#2790,#2791,#2799,#2807));
#2790 = ORIENTED_EDGE('',*,*,#2569,.F.);
#2791 = ORIENTED_EDGE('',*,*,#2792,.T.);
#2792 = EDGE_CURVE('',#2562,#2793,#2795,.T.);
#2793 = VERTEX_POINT('',#2794);
#2794 = CARTESIAN_POINT('',(-29.,115.,780.));
#2795 = LINE('',#2796,#2797);
#2796 = CARTESIAN_POINT('',(-29.,115.,215.));
#2797 = VECTOR('',#2798,1.);
#2798 = DIRECTION('',(0.,0.,1.));
#2799 = ORIENTED_EDGE('',*,*,#2800,.T.);
#2800 = EDGE_CURVE('',#2793,#2801,#2803,.T.);
#2801 = VERTEX_POINT('',#2802);
#2802 = CARTESIAN_POINT('',(-1.,115.,780.));
#2803 = LINE('',#2804,#2805);
#2804 = CARTESIAN_POINT('',(-140.,115.,780.));
#2805 = VECTOR('',#2806,1.);
#2806 = DIRECTION('',(1.,0.,0.));
#2807 = ORIENTED_EDGE('',*,*,#2808,.F.);
#2808 = EDGE_CURVE('',#2570,#2801,#2809,.T.);
#2809 = LINE('',#2810,#2811);
#2810 = CARTESIAN_POINT('',(-1.,115.,215.));
#2811 = VECTOR('',#2812,1.);
#2812 = DIRECTION('',(0.,0.,1.));
#2813 = PLANE('',#2814);
#2814 = AXIS2_PLACEMENT_3D('',#2815,#2816,#2817);
#2815 = CARTESIAN_POINT('',(-29.,115.,215.));
#2816 = DIRECTION('',(0.,1.,0.));
#2817 = DIRECTION('',(0.,0.,1.));
#2818 = ADVANCED_FACE('',(#2819),#2846,.T.);
#2819 = FACE_BOUND('',#2820,.T.);
#2820 = EDGE_LOOP('',(#2821,#2822,#2830,#2838,#2844,#2845));
#2821 = ORIENTED_EDGE('',*,*,#2673,.F.);
#2822 = ORIENTED_EDGE('',*,*,#2823,.F.);
#2823 = EDGE_CURVE('',#2824,#2666,#2826,.T.);
#2824 = VERTEX_POINT('',#2825);
#2825 = CARTESIAN_POINT('',(-1.,162.,215.));
#2826 = LINE('',#2827,#2828);
#2827 = CARTESIAN_POINT('',(-1.,115.,215.));
#2828 = VECTOR('',#2829,1.);
#2829 = DIRECTION('',(0.,1.,0.));
#2830 = ORIENTED_EDGE('',*,*,#2831,.F.);
#2831 = EDGE_CURVE('',#2832,#2824,#2834,.T.);
#2832 = VERTEX_POINT('',#2833);
#2833 = CARTESIAN_POINT('',(-1.,118.,215.));
#2834 = LINE('',#2835,#2836);
#2835 = CARTESIAN_POINT('',(-1.,115.,215.));
#2836 = VECTOR('',#2837,1.);
#2837 = DIRECTION('',(0.,1.,0.));
#2838 = ORIENTED_EDGE('',*,*,#2839,.F.);
#2839 = EDGE_CURVE('',#2570,#2832,#2840,.T.);
#2840 = LINE('',#2841,#2842);
#2841 = CARTESIAN_POINT('',(-1.,115.,215.));
#2842 = VECTOR('',#2843,1.);
#2843 = DIRECTION('',(0.,1.,0.));
#2844 = ORIENTED_EDGE('',*,*,#2577,.T.);
#2845 = ORIENTED_EDGE('',*,*,#2715,.T.);
#2846 = PLANE('',#2847);
#2847 = AXIS2_PLACEMENT_3D('',#2848,#2849,#2850);
#2848 = CARTESIAN_POINT('',(-140.,115.,215.));
#2849 = DIRECTION('',(0.,0.,1.));
#2850 = DIRECTION('',(1.,0.,0.));
#2851 = ADVANCED_FACE('',(#2852,#2925,#2959,#2993,#3027),#3061,.F.);
#2852 = FACE_BOUND('',#2853,.F.);
#2853 = EDGE_LOOP('',(#2854,#2855,#2856,#2864,#2872,#2878,#2879,#2887,
    #2895,#2903,#2911,#2919));
#2854 = ORIENTED_EDGE('',*,*,#2730,.F.);
#2855 = ORIENTED_EDGE('',*,*,#2609,.T.);
#2856 = ORIENTED_EDGE('',*,*,#2857,.T.);
#2857 = EDGE_CURVE('',#2610,#2858,#2860,.T.);
#2858 = VERTEX_POINT('',#2859);
#2859 = CARTESIAN_POINT('',(-139.,118.,223.));
#2860 = LINE('',#2861,#2862);
#2861 = CARTESIAN_POINT('',(-139.,118.,207.));
#2862 = VECTOR('',#2863,1.);
#2863 = DIRECTION('',(0.,0.,1.));
#2864 = ORIENTED_EDGE('',*,*,#2865,.T.);
#2865 = EDGE_CURVE('',#2858,#2866,#2868,.T.);
#2866 = VERTEX_POINT('',#2867);
#2867 = CARTESIAN_POINT('',(-139.,162.,223.));
#2868 = LINE('',#2869,#2870);
#2869 = CARTESIAN_POINT('',(-139.,118.,223.));
#2870 = VECTOR('',#2871,1.);
#2871 = DIRECTION('',(0.,1.,0.));
#2872 = ORIENTED_EDGE('',*,*,#2873,.F.);
#2873 = EDGE_CURVE('',#2618,#2866,#2874,.T.);
#2874 = LINE('',#2875,#2876);
#2875 = CARTESIAN_POINT('',(-139.,162.,207.));
#2876 = VECTOR('',#2877,1.);
#2877 = DIRECTION('',(0.,0.,1.));
#2878 = ORIENTED_EDGE('',*,*,#2625,.T.);
#2879 = ORIENTED_EDGE('',*,*,#2880,.T.);
#2880 = EDGE_CURVE('',#2600,#2881,#2883,.T.);
#2881 = VERTEX_POINT('',#2882);
#2882 = CARTESIAN_POINT('',(-139.,165.,780.));
#2883 = LINE('',#2884,#2885);
#2884 = CARTESIAN_POINT('',(-139.,165.,215.));
#2885 = VECTOR('',#2886,1.);
#2886 = DIRECTION('',(0.,0.,1.));
#2887 = ORIENTED_EDGE('',*,*,#2888,.F.);
#2888 = EDGE_CURVE('',#2889,#2881,#2891,.T.);
#2889 = VERTEX_POINT('',#2890);
#2890 = CARTESIAN_POINT('',(-139.,162.,780.));
#2891 = LINE('',#2892,#2893);
#2892 = CARTESIAN_POINT('',(-139.,115.,780.));
#2893 = VECTOR('',#2894,1.);
#2894 = DIRECTION('',(0.,1.,0.));
#2895 = ORIENTED_EDGE('',*,*,#2896,.F.);
#2896 = EDGE_CURVE('',#2897,#2889,#2899,.T.);
#2897 = VERTEX_POINT('',#2898);
#2898 = CARTESIAN_POINT('',(-139.,162.,772.));
#2899 = LINE('',#2900,#2901);
#2900 = CARTESIAN_POINT('',(-139.,162.,772.));
#2901 = VECTOR('',#2902,1.);
#2902 = DIRECTION('',(0.,0.,1.));
#2903 = ORIENTED_EDGE('',*,*,#2904,.F.);
#2904 = EDGE_CURVE('',#2905,#2897,#2907,.T.);
#2905 = VERTEX_POINT('',#2906);
#2906 = CARTESIAN_POINT('',(-139.,118.,772.));
#2907 = LINE('',#2908,#2909);
#2908 = CARTESIAN_POINT('',(-139.,118.,772.));
#2909 = VECTOR('',#2910,1.);
#2910 = DIRECTION('',(0.,1.,0.));
#2911 = ORIENTED_EDGE('',*,*,#2912,.T.);
#2912 = EDGE_CURVE('',#2905,#2913,#2915,.T.);
#2913 = VERTEX_POINT('',#2914);
#2914 = CARTESIAN_POINT('',(-139.,118.,780.));
#2915 = LINE('',#2916,#2917);
#2916 = CARTESIAN_POINT('',(-139.,118.,772.));
#2917 = VECTOR('',#2918,1.);
#2918 = DIRECTION('',(0.,0.,1.));
#2919 = ORIENTED_EDGE('',*,*,#2920,.F.);
#2920 = EDGE_CURVE('',#2731,#2913,#2921,.T.);
#2921 = LINE('',#2922,#2923);
#2922 = CARTESIAN_POINT('',(-139.,115.,780.));
#2923 = VECTOR('',#2924,1.);
#2924 = DIRECTION('',(0.,1.,0.));
#2925 = FACE_BOUND('',#2926,.F.);
#2926 = EDGE_LOOP('',(#2927,#2937,#2945,#2953));
#2927 = ORIENTED_EDGE('',*,*,#2928,.F.);
#2928 = EDGE_CURVE('',#2929,#2931,#2933,.T.);
#2929 = VERTEX_POINT('',#2930);
#2930 = CARTESIAN_POINT('',(-139.,118.,320.));
#2931 = VERTEX_POINT('',#2932);
#2932 = CARTESIAN_POINT('',(-139.,162.,320.));
#2933 = LINE('',#2934,#2935);
#2934 = CARTESIAN_POINT('',(-139.,118.,320.));
#2935 = VECTOR('',#2936,1.);
#2936 = DIRECTION('',(0.,1.,0.));
#2937 = ORIENTED_EDGE('',*,*,#2938,.T.);
#2938 = EDGE_CURVE('',#2929,#2939,#2941,.T.);
#2939 = VERTEX_POINT('',#2940);
#2940 = CARTESIAN_POINT('',(-139.,118.,336.));
#2941 = LINE('',#2942,#2943);
#2942 = CARTESIAN_POINT('',(-139.,118.,320.));
#2943 = VECTOR('',#2944,1.);
#2944 = DIRECTION('',(0.,0.,1.));
#2945 = ORIENTED_EDGE('',*,*,#2946,.T.);
#2946 = EDGE_CURVE('',#2939,#2947,#2949,.T.);
#2947 = VERTEX_POINT('',#2948);
#2948 = CARTESIAN_POINT('',(-139.,162.,336.));
#2949 = LINE('',#2950,#2951);
#2950 = CARTESIAN_POINT('',(-139.,118.,336.));
#2951 = VECTOR('',#2952,1.);
#2952 = DIRECTION('',(0.,1.,0.));
#2953 = ORIENTED_EDGE('',*,*,#2954,.F.);
#2954 = EDGE_CURVE('',#2931,#2947,#2955,.T.);
#2955 = LINE('',#2956,#2957);
#2956 = CARTESIAN_POINT('',(-139.,162.,320.));
#2957 = VECTOR('',#2958,1.);
#2958 = DIRECTION('',(0.,0.,1.));
#2959 = FACE_BOUND('',#2960,.F.);
#2960 = EDGE_LOOP('',(#2961,#2971,#2979,#2987));
#2961 = ORIENTED_EDGE('',*,*,#2962,.F.);
#2962 = EDGE_CURVE('',#2963,#2965,#2967,.T.);
#2963 = VERTEX_POINT('',#2964);
#2964 = CARTESIAN_POINT('',(-139.,118.,433.));
#2965 = VERTEX_POINT('',#2966);
#2966 = CARTESIAN_POINT('',(-139.,162.,433.));
#2967 = LINE('',#2968,#2969);
#2968 = CARTESIAN_POINT('',(-139.,118.,433.));
#2969 = VECTOR('',#2970,1.);
#2970 = DIRECTION('',(0.,1.,0.));
#2971 = ORIENTED_EDGE('',*,*,#2972,.T.);
#2972 = EDGE_CURVE('',#2963,#2973,#2975,.T.);
#2973 = VERTEX_POINT('',#2974);
#2974 = CARTESIAN_POINT('',(-139.,118.,449.));
#2975 = LINE('',#2976,#2977);
#2976 = CARTESIAN_POINT('',(-139.,118.,433.));
#2977 = VECTOR('',#2978,1.);
#2978 = DIRECTION('',(0.,0.,1.));
#2979 = ORIENTED_EDGE('',*,*,#2980,.T.);
#2980 = EDGE_CURVE('',#2973,#2981,#2983,.T.);
#2981 = VERTEX_POINT('',#2982);
#2982 = CARTESIAN_POINT('',(-139.,162.,449.));
#2983 = LINE('',#2984,#2985);
#2984 = CARTESIAN_POINT('',(-139.,118.,449.));
#2985 = VECTOR('',#2986,1.);
#2986 = DIRECTION('',(0.,1.,0.));
#2987 = ORIENTED_EDGE('',*,*,#2988,.F.);
#2988 = EDGE_CURVE('',#2965,#2981,#2989,.T.);
#2989 = LINE('',#2990,#2991);
#2990 = CARTESIAN_POINT('',(-139.,162.,433.));
#2991 = VECTOR('',#2992,1.);
#2992 = DIRECTION('',(0.,0.,1.));
#2993 = FACE_BOUND('',#2994,.F.);
#2994 = EDGE_LOOP('',(#2995,#3005,#3013,#3021));
#2995 = ORIENTED_EDGE('',*,*,#2996,.F.);
#2996 = EDGE_CURVE('',#2997,#2999,#3001,.T.);
#2997 = VERTEX_POINT('',#2998);
#2998 = CARTESIAN_POINT('',(-139.,118.,546.));
#2999 = VERTEX_POINT('',#3000);
#3000 = CARTESIAN_POINT('',(-139.,162.,546.));
#3001 = LINE('',#3002,#3003);
#3002 = CARTESIAN_POINT('',(-139.,118.,546.));
#3003 = VECTOR('',#3004,1.);
#3004 = DIRECTION('',(0.,1.,0.));
#3005 = ORIENTED_EDGE('',*,*,#3006,.T.);
#3006 = EDGE_CURVE('',#2997,#3007,#3009,.T.);
#3007 = VERTEX_POINT('',#3008);
#3008 = CARTESIAN_POINT('',(-139.,118.,562.));
#3009 = LINE('',#3010,#3011);
#3010 = CARTESIAN_POINT('',(-139.,118.,546.));
#3011 = VECTOR('',#3012,1.);
#3012 = DIRECTION('',(0.,0.,1.));
#3013 = ORIENTED_EDGE('',*,*,#3014,.T.);
#3014 = EDGE_CURVE('',#3007,#3015,#3017,.T.);
#3015 = VERTEX_POINT('',#3016);
#3016 = CARTESIAN_POINT('',(-139.,162.,562.));
#3017 = LINE('',#3018,#3019);
#3018 = CARTESIAN_POINT('',(-139.,118.,562.));
#3019 = VECTOR('',#3020,1.);
#3020 = DIRECTION('',(0.,1.,0.));
#3021 = ORIENTED_EDGE('',*,*,#3022,.F.);
#3022 = EDGE_CURVE('',#2999,#3015,#3023,.T.);
#3023 = LINE('',#3024,#3025);
#3024 = CARTESIAN_POINT('',(-139.,162.,546.));
#3025 = VECTOR('',#3026,1.);
#3026 = DIRECTION('',(0.,0.,1.));
#3027 = FACE_BOUND('',#3028,.F.);
#3028 = EDGE_LOOP('',(#3029,#3039,#3047,#3055));
#3029 = ORIENTED_EDGE('',*,*,#3030,.F.);
#3030 = EDGE_CURVE('',#3031,#3033,#3035,.T.);
#3031 = VERTEX_POINT('',#3032);
#3032 = CARTESIAN_POINT('',(-139.,118.,659.));
#3033 = VERTEX_POINT('',#3034);
#3034 = CARTESIAN_POINT('',(-139.,162.,659.));
#3035 = LINE('',#3036,#3037);
#3036 = CARTESIAN_POINT('',(-139.,118.,659.));
#3037 = VECTOR('',#3038,1.);
#3038 = DIRECTION('',(0.,1.,0.));
#3039 = ORIENTED_EDGE('',*,*,#3040,.T.);
#3040 = EDGE_CURVE('',#3031,#3041,#3043,.T.);
#3041 = VERTEX_POINT('',#3042);
#3042 = CARTESIAN_POINT('',(-139.,118.,675.));
#3043 = LINE('',#3044,#3045);
#3044 = CARTESIAN_POINT('',(-139.,118.,659.));
#3045 = VECTOR('',#3046,1.);
#3046 = DIRECTION('',(0.,0.,1.));
#3047 = ORIENTED_EDGE('',*,*,#3048,.T.);
#3048 = EDGE_CURVE('',#3041,#3049,#3051,.T.);
#3049 = VERTEX_POINT('',#3050);
#3050 = CARTESIAN_POINT('',(-139.,162.,675.));
#3051 = LINE('',#3052,#3053);
#3052 = CARTESIAN_POINT('',(-139.,118.,675.));
#3053 = VECTOR('',#3054,1.);
#3054 = DIRECTION('',(0.,1.,0.));
#3055 = ORIENTED_EDGE('',*,*,#3056,.F.);
#3056 = EDGE_CURVE('',#3033,#3049,#3057,.T.);
#3057 = LINE('',#3058,#3059);
#3058 = CARTESIAN_POINT('',(-139.,162.,659.));
#3059 = VECTOR('',#3060,1.);
#3060 = DIRECTION('',(0.,0.,1.));
#3061 = PLANE('',#3062);
#3062 = AXIS2_PLACEMENT_3D('',#3063,#3064,#3065);
#3063 = CARTESIAN_POINT('',(-139.,115.,215.));
#3064 = DIRECTION('',(1.,0.,0.));
#3065 = DIRECTION('',(0.,0.,1.));
#3066 = ADVANCED_FACE('',(#3067),#3073,.F.);
#3067 = FACE_BOUND('',#3068,.F.);
#3068 = EDGE_LOOP('',(#3069,#3070,#3071,#3072));
#3069 = ORIENTED_EDGE('',*,*,#2857,.F.);
#3070 = ORIENTED_EDGE('',*,*,#2617,.T.);
#3071 = ORIENTED_EDGE('',*,*,#2873,.T.);
#3072 = ORIENTED_EDGE('',*,*,#2865,.F.);
#3073 = PLANE('',#3074);
#3074 = AXIS2_PLACEMENT_3D('',#3075,#3076,#3077);
#3075 = CARTESIAN_POINT('',(-139.,115.,215.));
#3076 = DIRECTION('',(1.,0.,0.));
#3077 = DIRECTION('',(0.,0.,1.));
#3078 = ADVANCED_FACE('',(#3079),#3097,.T.);
#3079 = FACE_BOUND('',#3080,.T.);
#3080 = EDGE_LOOP('',(#3081,#3082,#3083,#3091));
#3081 = ORIENTED_EDGE('',*,*,#2649,.F.);
#3082 = ORIENTED_EDGE('',*,*,#2880,.T.);
#3083 = ORIENTED_EDGE('',*,*,#3084,.T.);
#3084 = EDGE_CURVE('',#2881,#3085,#3087,.T.);
#3085 = VERTEX_POINT('',#3086);
#3086 = CARTESIAN_POINT('',(-111.,165.,780.));
#3087 = LINE('',#3088,#3089);
#3088 = CARTESIAN_POINT('',(-140.,165.,780.));
#3089 = VECTOR('',#3090,1.);
#3090 = DIRECTION('',(1.,0.,0.));
#3091 = ORIENTED_EDGE('',*,*,#3092,.F.);
#3092 = EDGE_CURVE('',#2650,#3085,#3093,.T.);
#3093 = LINE('',#3094,#3095);
#3094 = CARTESIAN_POINT('',(-111.,165.,215.));
#3095 = VECTOR('',#3096,1.);
#3096 = DIRECTION('',(0.,0.,1.));
#3097 = PLANE('',#3098);
#3098 = AXIS2_PLACEMENT_3D('',#3099,#3100,#3101);
#3099 = CARTESIAN_POINT('',(-139.,165.,215.));
#3100 = DIRECTION('',(0.,1.,0.));
#3101 = DIRECTION('',(0.,0.,1.));
#3102 = ADVANCED_FACE('',(#3103),#3128,.T.);
#3103 = FACE_BOUND('',#3104,.T.);
#3104 = EDGE_LOOP('',(#3105,#3106,#3114,#3122));
#3105 = ORIENTED_EDGE('',*,*,#2657,.F.);
#3106 = ORIENTED_EDGE('',*,*,#3107,.F.);
#3107 = EDGE_CURVE('',#3108,#2650,#3110,.T.);
#3108 = VERTEX_POINT('',#3109);
#3109 = CARTESIAN_POINT('',(-111.,162.,215.));
#3110 = LINE('',#3111,#3112);
#3111 = CARTESIAN_POINT('',(-111.,115.,215.));
#3112 = VECTOR('',#3113,1.);
#3113 = DIRECTION('',(0.,1.,0.));
#3114 = ORIENTED_EDGE('',*,*,#3115,.F.);
#3115 = EDGE_CURVE('',#3116,#3108,#3118,.T.);
#3116 = VERTEX_POINT('',#3117);
#3117 = CARTESIAN_POINT('',(-29.,162.,215.));
#3118 = LINE('',#3119,#3120);
#3119 = CARTESIAN_POINT('',(-139.5,162.,215.));
#3120 = VECTOR('',#3121,1.);
#3121 = DIRECTION('',(-1.,0.,0.));
#3122 = ORIENTED_EDGE('',*,*,#3123,.T.);
#3123 = EDGE_CURVE('',#3116,#2658,#3124,.T.);
#3124 = LINE('',#3125,#3126);
#3125 = CARTESIAN_POINT('',(-29.,115.,215.));
#3126 = VECTOR('',#3127,1.);
#3127 = DIRECTION('',(0.,1.,0.));
#3128 = PLANE('',#3129);
#3129 = AXIS2_PLACEMENT_3D('',#3130,#3131,#3132);
#3130 = CARTESIAN_POINT('',(-140.,115.,215.));
#3131 = DIRECTION('',(0.,0.,1.));
#3132 = DIRECTION('',(1.,0.,0.));
#3133 = ADVANCED_FACE('',(#3134),#3159,.T.);
#3134 = FACE_BOUND('',#3135,.T.);
#3135 = EDGE_LOOP('',(#3136,#3137,#3145,#3153));
#3136 = ORIENTED_EDGE('',*,*,#2665,.F.);
#3137 = ORIENTED_EDGE('',*,*,#3138,.T.);
#3138 = EDGE_CURVE('',#2658,#3139,#3141,.T.);
#3139 = VERTEX_POINT('',#3140);
#3140 = CARTESIAN_POINT('',(-29.,165.,780.));
#3141 = LINE('',#3142,#3143);
#3142 = CARTESIAN_POINT('',(-29.,165.,215.));
#3143 = VECTOR('',#3144,1.);
#3144 = DIRECTION('',(0.,0.,1.));
#3145 = ORIENTED_EDGE('',*,*,#3146,.T.);
#3146 = EDGE_CURVE('',#3139,#3147,#3149,.T.);
#3147 = VERTEX_POINT('',#3148);
#3148 = CARTESIAN_POINT('',(-1.,165.,780.));
#3149 = LINE('',#3150,#3151);
#3150 = CARTESIAN_POINT('',(-140.,165.,780.));
#3151 = VECTOR('',#3152,1.);
#3152 = DIRECTION('',(1.,0.,0.));
#3153 = ORIENTED_EDGE('',*,*,#3154,.F.);
#3154 = EDGE_CURVE('',#2666,#3147,#3155,.T.);
#3155 = LINE('',#3156,#3157);
#3156 = CARTESIAN_POINT('',(-1.,165.,215.));
#3157 = VECTOR('',#3158,1.);
#3158 = DIRECTION('',(0.,0.,1.));
#3159 = PLANE('',#3160);
#3160 = AXIS2_PLACEMENT_3D('',#3161,#3162,#3163);
#3161 = CARTESIAN_POINT('',(-29.,165.,215.));
#3162 = DIRECTION('',(0.,1.,0.));
#3163 = DIRECTION('',(0.,0.,1.));
#3164 = ADVANCED_FACE('',(#3165,#3248,#3282,#3350,#3384),#3452,.T.);
#3165 = FACE_BOUND('',#3166,.T.);
#3166 = EDGE_LOOP('',(#3167,#3168,#3169,#3177,#3185,#3194,#3202,#3208,
    #3209,#3210,#3218,#3226,#3234,#3242));
#3167 = ORIENTED_EDGE('',*,*,#2746,.F.);
#3168 = ORIENTED_EDGE('',*,*,#2770,.T.);
#3169 = ORIENTED_EDGE('',*,*,#3170,.T.);
#3170 = EDGE_CURVE('',#2763,#3171,#3173,.T.);
#3171 = VERTEX_POINT('',#3172);
#3172 = CARTESIAN_POINT('',(-111.,118.,223.));
#3173 = LINE('',#3174,#3175);
#3174 = CARTESIAN_POINT('',(-111.,118.,211.));
#3175 = VECTOR('',#3176,1.);
#3176 = DIRECTION('',(0.,0.,1.));
#3177 = ORIENTED_EDGE('',*,*,#3178,.F.);
#3178 = EDGE_CURVE('',#3179,#3171,#3181,.T.);
#3179 = VERTEX_POINT('',#3180);
#3180 = CARTESIAN_POINT('',(-111.,132.17797953327,223.));
#3181 = LINE('',#3182,#3183);
#3182 = CARTESIAN_POINT('',(-111.,116.5,223.));
#3183 = VECTOR('',#3184,1.);
#3184 = DIRECTION('',(0.,-1.,0.));
#3185 = ORIENTED_EDGE('',*,*,#3186,.F.);
#3186 = EDGE_CURVE('',#3187,#3179,#3189,.T.);
#3187 = VERTEX_POINT('',#3188);
#3188 = CARTESIAN_POINT('',(-111.,147.82202046672,223.));
#3189 = ELLIPSE('',#3190,12.902652043362,9.);
#3190 = AXIS2_PLACEMENT_3D('',#3191,#3192,#3193);
#3191 = CARTESIAN_POINT('',(-111.,140.,229.38181818181));
#3192 = DIRECTION('',(1.,0.,-0.));
#3193 = DIRECTION('',(0.,0.,1.));
#3194 = ORIENTED_EDGE('',*,*,#3195,.F.);
#3195 = EDGE_CURVE('',#3196,#3187,#3198,.T.);
#3196 = VERTEX_POINT('',#3197);
#3197 = CARTESIAN_POINT('',(-111.,162.,223.));
#3198 = LINE('',#3199,#3200);
#3199 = CARTESIAN_POINT('',(-111.,116.5,223.));
#3200 = VECTOR('',#3201,1.);
#3201 = DIRECTION('',(0.,-1.,0.));
#3202 = ORIENTED_EDGE('',*,*,#3203,.F.);
#3203 = EDGE_CURVE('',#3108,#3196,#3204,.T.);
#3204 = LINE('',#3205,#3206);
#3205 = CARTESIAN_POINT('',(-111.,162.,211.));
#3206 = VECTOR('',#3207,1.);
#3207 = DIRECTION('',(0.,0.,1.));
#3208 = ORIENTED_EDGE('',*,*,#3107,.T.);
#3209 = ORIENTED_EDGE('',*,*,#3092,.T.);
#3210 = ORIENTED_EDGE('',*,*,#3211,.F.);
#3211 = EDGE_CURVE('',#3212,#3085,#3214,.T.);
#3212 = VERTEX_POINT('',#3213);
#3213 = CARTESIAN_POINT('',(-111.,162.,780.));
#3214 = LINE('',#3215,#3216);
#3215 = CARTESIAN_POINT('',(-111.,115.,780.));
#3216 = VECTOR('',#3217,1.);
#3217 = DIRECTION('',(0.,1.,0.));
#3218 = ORIENTED_EDGE('',*,*,#3219,.F.);
#3219 = EDGE_CURVE('',#3220,#3212,#3222,.T.);
#3220 = VERTEX_POINT('',#3221);
#3221 = CARTESIAN_POINT('',(-111.,162.,772.));
#3222 = LINE('',#3223,#3224);
#3223 = CARTESIAN_POINT('',(-111.,162.,493.5));
#3224 = VECTOR('',#3225,1.);
#3225 = DIRECTION('',(0.,0.,1.));
#3226 = ORIENTED_EDGE('',*,*,#3227,.T.);
#3227 = EDGE_CURVE('',#3220,#3228,#3230,.T.);
#3228 = VERTEX_POINT('',#3229);
#3229 = CARTESIAN_POINT('',(-111.,118.,772.));
#3230 = LINE('',#3231,#3232);
#3231 = CARTESIAN_POINT('',(-111.,116.5,772.));
#3232 = VECTOR('',#3233,1.);
#3233 = DIRECTION('',(0.,-1.,0.));
#3234 = ORIENTED_EDGE('',*,*,#3235,.T.);
#3235 = EDGE_CURVE('',#3228,#3236,#3238,.T.);
#3236 = VERTEX_POINT('',#3237);
#3237 = CARTESIAN_POINT('',(-111.,118.,780.));
#3238 = LINE('',#3239,#3240);
#3239 = CARTESIAN_POINT('',(-111.,118.,493.5));
#3240 = VECTOR('',#3241,1.);
#3241 = DIRECTION('',(0.,0.,1.));
#3242 = ORIENTED_EDGE('',*,*,#3243,.F.);
#3243 = EDGE_CURVE('',#2739,#3236,#3244,.T.);
#3244 = LINE('',#3245,#3246);
#3245 = CARTESIAN_POINT('',(-111.,115.,780.));
#3246 = VECTOR('',#3247,1.);
#3247 = DIRECTION('',(0.,1.,0.));
#3248 = FACE_BOUND('',#3249,.T.);
#3249 = EDGE_LOOP('',(#3250,#3260,#3268,#3276));
#3250 = ORIENTED_EDGE('',*,*,#3251,.T.);
#3251 = EDGE_CURVE('',#3252,#3254,#3256,.T.);
#3252 = VERTEX_POINT('',#3253);
#3253 = CARTESIAN_POINT('',(-111.,162.,320.));
#3254 = VERTEX_POINT('',#3255);
#3255 = CARTESIAN_POINT('',(-111.,118.,320.));
#3256 = LINE('',#3257,#3258);
#3257 = CARTESIAN_POINT('',(-111.,116.5,320.));
#3258 = VECTOR('',#3259,1.);
#3259 = DIRECTION('',(0.,-1.,0.));
#3260 = ORIENTED_EDGE('',*,*,#3261,.T.);
#3261 = EDGE_CURVE('',#3254,#3262,#3264,.T.);
#3262 = VERTEX_POINT('',#3263);
#3263 = CARTESIAN_POINT('',(-111.,118.,336.));
#3264 = LINE('',#3265,#3266);
#3265 = CARTESIAN_POINT('',(-111.,118.,267.5));
#3266 = VECTOR('',#3267,1.);
#3267 = DIRECTION('',(0.,0.,1.));
#3268 = ORIENTED_EDGE('',*,*,#3269,.F.);
#3269 = EDGE_CURVE('',#3270,#3262,#3272,.T.);
#3270 = VERTEX_POINT('',#3271);
#3271 = CARTESIAN_POINT('',(-111.,162.,336.));
#3272 = LINE('',#3273,#3274);
#3273 = CARTESIAN_POINT('',(-111.,116.5,336.));
#3274 = VECTOR('',#3275,1.);
#3275 = DIRECTION('',(0.,-1.,0.));
#3276 = ORIENTED_EDGE('',*,*,#3277,.F.);
#3277 = EDGE_CURVE('',#3252,#3270,#3278,.T.);
#3278 = LINE('',#3279,#3280);
#3279 = CARTESIAN_POINT('',(-111.,162.,267.5));
#3280 = VECTOR('',#3281,1.);
#3281 = DIRECTION('',(0.,0.,1.));
#3282 = FACE_BOUND('',#3283,.T.);
#3283 = EDGE_LOOP('',(#3284,#3294,#3302,#3311,#3319,#3327,#3335,#3344));
#3284 = ORIENTED_EDGE('',*,*,#3285,.F.);
#3285 = EDGE_CURVE('',#3286,#3288,#3290,.T.);
#3286 = VERTEX_POINT('',#3287);
#3287 = CARTESIAN_POINT('',(-111.,162.,433.));
#3288 = VERTEX_POINT('',#3289);
#3289 = CARTESIAN_POINT('',(-111.,162.,449.));
#3290 = LINE('',#3291,#3292);
#3291 = CARTESIAN_POINT('',(-111.,162.,324.));
#3292 = VECTOR('',#3293,1.);
#3293 = DIRECTION('',(0.,0.,1.));
#3294 = ORIENTED_EDGE('',*,*,#3295,.T.);
#3295 = EDGE_CURVE('',#3286,#3296,#3298,.T.);
#3296 = VERTEX_POINT('',#3297);
#3297 = CARTESIAN_POINT('',(-111.,147.82202046672,433.));
#3298 = LINE('',#3299,#3300);
#3299 = CARTESIAN_POINT('',(-111.,116.5,433.));
#3300 = VECTOR('',#3301,1.);
#3301 = DIRECTION('',(0.,-1.,0.));
#3302 = ORIENTED_EDGE('',*,*,#3303,.F.);
#3303 = EDGE_CURVE('',#3304,#3296,#3306,.T.);
#3304 = VERTEX_POINT('',#3305);
#3305 = CARTESIAN_POINT('',(-111.,132.17797953327,433.));
#3306 = ELLIPSE('',#3307,12.902652043362,9.);
#3307 = AXIS2_PLACEMENT_3D('',#3308,#3309,#3310);
#3308 = CARTESIAN_POINT('',(-111.,140.,426.61818181818));
#3309 = DIRECTION('',(1.,0.,-0.));
#3310 = DIRECTION('',(0.,0.,1.));
#3311 = ORIENTED_EDGE('',*,*,#3312,.T.);
#3312 = EDGE_CURVE('',#3304,#3313,#3315,.T.);
#3313 = VERTEX_POINT('',#3314);
#3314 = CARTESIAN_POINT('',(-111.,118.,433.));
#3315 = LINE('',#3316,#3317);
#3316 = CARTESIAN_POINT('',(-111.,116.5,433.));
#3317 = VECTOR('',#3318,1.);
#3318 = DIRECTION('',(0.,-1.,0.));
#3319 = ORIENTED_EDGE('',*,*,#3320,.T.);
#3320 = EDGE_CURVE('',#3313,#3321,#3323,.T.);
#3321 = VERTEX_POINT('',#3322);
#3322 = CARTESIAN_POINT('',(-111.,118.,449.));
#3323 = LINE('',#3324,#3325);
#3324 = CARTESIAN_POINT('',(-111.,118.,324.));
#3325 = VECTOR('',#3326,1.);
#3326 = DIRECTION('',(0.,0.,1.));
#3327 = ORIENTED_EDGE('',*,*,#3328,.F.);
#3328 = EDGE_CURVE('',#3329,#3321,#3331,.T.);
#3329 = VERTEX_POINT('',#3330);
#3330 = CARTESIAN_POINT('',(-111.,132.17797953327,449.));
#3331 = LINE('',#3332,#3333);
#3332 = CARTESIAN_POINT('',(-111.,116.5,449.));
#3333 = VECTOR('',#3334,1.);
#3334 = DIRECTION('',(0.,-1.,0.));
#3335 = ORIENTED_EDGE('',*,*,#3336,.F.);
#3336 = EDGE_CURVE('',#3337,#3329,#3339,.T.);
#3337 = VERTEX_POINT('',#3338);
#3338 = CARTESIAN_POINT('',(-111.,147.82202046672,449.));
#3339 = ELLIPSE('',#3340,12.902652043362,9.);
#3340 = AXIS2_PLACEMENT_3D('',#3341,#3342,#3343);
#3341 = CARTESIAN_POINT('',(-111.,140.,455.38181818181));
#3342 = DIRECTION('',(1.,0.,-0.));
#3343 = DIRECTION('',(0.,0.,1.));
#3344 = ORIENTED_EDGE('',*,*,#3345,.F.);
#3345 = EDGE_CURVE('',#3288,#3337,#3346,.T.);
#3346 = LINE('',#3347,#3348);
#3347 = CARTESIAN_POINT('',(-111.,116.5,449.));
#3348 = VECTOR('',#3349,1.);
#3349 = DIRECTION('',(0.,-1.,0.));
#3350 = FACE_BOUND('',#3351,.T.);
#3351 = EDGE_LOOP('',(#3352,#3362,#3370,#3378));
#3352 = ORIENTED_EDGE('',*,*,#3353,.T.);
#3353 = EDGE_CURVE('',#3354,#3356,#3358,.T.);
#3354 = VERTEX_POINT('',#3355);
#3355 = CARTESIAN_POINT('',(-111.,162.,546.));
#3356 = VERTEX_POINT('',#3357);
#3357 = CARTESIAN_POINT('',(-111.,118.,546.));
#3358 = LINE('',#3359,#3360);
#3359 = CARTESIAN_POINT('',(-111.,116.5,546.));
#3360 = VECTOR('',#3361,1.);
#3361 = DIRECTION('',(0.,-1.,0.));
#3362 = ORIENTED_EDGE('',*,*,#3363,.T.);
#3363 = EDGE_CURVE('',#3356,#3364,#3366,.T.);
#3364 = VERTEX_POINT('',#3365);
#3365 = CARTESIAN_POINT('',(-111.,118.,562.));
#3366 = LINE('',#3367,#3368);
#3367 = CARTESIAN_POINT('',(-111.,118.,380.5));
#3368 = VECTOR('',#3369,1.);
#3369 = DIRECTION('',(0.,0.,1.));
#3370 = ORIENTED_EDGE('',*,*,#3371,.F.);
#3371 = EDGE_CURVE('',#3372,#3364,#3374,.T.);
#3372 = VERTEX_POINT('',#3373);
#3373 = CARTESIAN_POINT('',(-111.,162.,562.));
#3374 = LINE('',#3375,#3376);
#3375 = CARTESIAN_POINT('',(-111.,116.5,562.));
#3376 = VECTOR('',#3377,1.);
#3377 = DIRECTION('',(0.,-1.,0.));
#3378 = ORIENTED_EDGE('',*,*,#3379,.F.);
#3379 = EDGE_CURVE('',#3354,#3372,#3380,.T.);
#3380 = LINE('',#3381,#3382);
#3381 = CARTESIAN_POINT('',(-111.,162.,380.5));
#3382 = VECTOR('',#3383,1.);
#3383 = DIRECTION('',(0.,0.,1.));
#3384 = FACE_BOUND('',#3385,.T.);
#3385 = EDGE_LOOP('',(#3386,#3396,#3404,#3413,#3421,#3429,#3437,#3446));
#3386 = ORIENTED_EDGE('',*,*,#3387,.F.);
#3387 = EDGE_CURVE('',#3388,#3390,#3392,.T.);
#3388 = VERTEX_POINT('',#3389);
#3389 = CARTESIAN_POINT('',(-111.,162.,659.));
#3390 = VERTEX_POINT('',#3391);
#3391 = CARTESIAN_POINT('',(-111.,162.,675.));
#3392 = LINE('',#3393,#3394);
#3393 = CARTESIAN_POINT('',(-111.,162.,437.));
#3394 = VECTOR('',#3395,1.);
#3395 = DIRECTION('',(0.,0.,1.));
#3396 = ORIENTED_EDGE('',*,*,#3397,.T.);
#3397 = EDGE_CURVE('',#3388,#3398,#3400,.T.);
#3398 = VERTEX_POINT('',#3399);
#3399 = CARTESIAN_POINT('',(-111.,147.82202046672,659.));
#3400 = LINE('',#3401,#3402);
#3401 = CARTESIAN_POINT('',(-111.,116.5,659.));
#3402 = VECTOR('',#3403,1.);
#3403 = DIRECTION('',(0.,-1.,0.));
#3404 = ORIENTED_EDGE('',*,*,#3405,.F.);
#3405 = EDGE_CURVE('',#3406,#3398,#3408,.T.);
#3406 = VERTEX_POINT('',#3407);
#3407 = CARTESIAN_POINT('',(-111.,132.17797953327,659.));
#3408 = ELLIPSE('',#3409,12.902652043362,9.);
#3409 = AXIS2_PLACEMENT_3D('',#3410,#3411,#3412);
#3410 = CARTESIAN_POINT('',(-111.,140.,652.61818181818));
#3411 = DIRECTION('',(1.,0.,-0.));
#3412 = DIRECTION('',(0.,0.,1.));
#3413 = ORIENTED_EDGE('',*,*,#3414,.T.);
#3414 = EDGE_CURVE('',#3406,#3415,#3417,.T.);
#3415 = VERTEX_POINT('',#3416);
#3416 = CARTESIAN_POINT('',(-111.,118.,659.));
#3417 = LINE('',#3418,#3419);
#3418 = CARTESIAN_POINT('',(-111.,116.5,659.));
#3419 = VECTOR('',#3420,1.);
#3420 = DIRECTION('',(0.,-1.,0.));
#3421 = ORIENTED_EDGE('',*,*,#3422,.T.);
#3422 = EDGE_CURVE('',#3415,#3423,#3425,.T.);
#3423 = VERTEX_POINT('',#3424);
#3424 = CARTESIAN_POINT('',(-111.,118.,675.));
#3425 = LINE('',#3426,#3427);
#3426 = CARTESIAN_POINT('',(-111.,118.,437.));
#3427 = VECTOR('',#3428,1.);
#3428 = DIRECTION('',(0.,0.,1.));
#3429 = ORIENTED_EDGE('',*,*,#3430,.F.);
#3430 = EDGE_CURVE('',#3431,#3423,#3433,.T.);
#3431 = VERTEX_POINT('',#3432);
#3432 = CARTESIAN_POINT('',(-111.,132.17797953326,675.));
#3433 = LINE('',#3434,#3435);
#3434 = CARTESIAN_POINT('',(-111.,116.5,675.));
#3435 = VECTOR('',#3436,1.);
#3436 = DIRECTION('',(0.,-1.,0.));
#3437 = ORIENTED_EDGE('',*,*,#3438,.F.);
#3438 = EDGE_CURVE('',#3439,#3431,#3441,.T.);
#3439 = VERTEX_POINT('',#3440);
#3440 = CARTESIAN_POINT('',(-111.,147.82202046673,675.));
#3441 = ELLIPSE('',#3442,12.902652043362,9.);
#3442 = AXIS2_PLACEMENT_3D('',#3443,#3444,#3445);
#3443 = CARTESIAN_POINT('',(-111.,140.,681.38181818181));
#3444 = DIRECTION('',(1.,0.,-0.));
#3445 = DIRECTION('',(0.,0.,1.));
#3446 = ORIENTED_EDGE('',*,*,#3447,.F.);
#3447 = EDGE_CURVE('',#3390,#3439,#3448,.T.);
#3448 = LINE('',#3449,#3450);
#3449 = CARTESIAN_POINT('',(-111.,116.5,675.));
#3450 = VECTOR('',#3451,1.);
#3451 = DIRECTION('',(0.,-1.,0.));
#3452 = PLANE('',#3453);
#3453 = AXIS2_PLACEMENT_3D('',#3454,#3455,#3456);
#3454 = CARTESIAN_POINT('',(-111.,115.,215.));
#3455 = DIRECTION('',(1.,0.,0.));
#3456 = DIRECTION('',(0.,0.,1.));
#3457 = ADVANCED_FACE('',(#3458),#3506,.F.);
#3458 = FACE_BOUND('',#3459,.F.);
#3459 = EDGE_LOOP('',(#3460,#3468,#3476,#3484,#3492,#3498,#3499,#3505));
#3460 = ORIENTED_EDGE('',*,*,#3461,.F.);
#3461 = EDGE_CURVE('',#3462,#2731,#3464,.T.);
#3462 = VERTEX_POINT('',#3463);
#3463 = CARTESIAN_POINT('',(-140.,115.,780.));
#3464 = LINE('',#3465,#3466);
#3465 = CARTESIAN_POINT('',(-140.,115.,780.));
#3466 = VECTOR('',#3467,1.);
#3467 = DIRECTION('',(1.,0.,0.));
#3468 = ORIENTED_EDGE('',*,*,#3469,.T.);
#3469 = EDGE_CURVE('',#3462,#3470,#3472,.T.);
#3470 = VERTEX_POINT('',#3471);
#3471 = CARTESIAN_POINT('',(-140.,115.,860.));
#3472 = LINE('',#3473,#3474);
#3473 = CARTESIAN_POINT('',(-140.,115.,780.));
#3474 = VECTOR('',#3475,1.);
#3475 = DIRECTION('',(0.,0.,1.));
#3476 = ORIENTED_EDGE('',*,*,#3477,.T.);
#3477 = EDGE_CURVE('',#3470,#3478,#3480,.T.);
#3478 = VERTEX_POINT('',#3479);
#3479 = CARTESIAN_POINT('',(0.,115.,860.));
#3480 = LINE('',#3481,#3482);
#3481 = CARTESIAN_POINT('',(-140.,115.,860.));
#3482 = VECTOR('',#3483,1.);
#3483 = DIRECTION('',(1.,0.,0.));
#3484 = ORIENTED_EDGE('',*,*,#3485,.F.);
#3485 = EDGE_CURVE('',#3486,#3478,#3488,.T.);
#3486 = VERTEX_POINT('',#3487);
#3487 = CARTESIAN_POINT('',(0.,115.,780.));
#3488 = LINE('',#3489,#3490);
#3489 = CARTESIAN_POINT('',(0.,115.,780.));
#3490 = VECTOR('',#3491,1.);
#3491 = DIRECTION('',(0.,0.,1.));
#3492 = ORIENTED_EDGE('',*,*,#3493,.F.);
#3493 = EDGE_CURVE('',#2801,#3486,#3494,.T.);
#3494 = LINE('',#3495,#3496);
#3495 = CARTESIAN_POINT('',(-140.,115.,780.));
#3496 = VECTOR('',#3497,1.);
#3497 = DIRECTION('',(1.,0.,0.));
#3498 = ORIENTED_EDGE('',*,*,#2800,.F.);
#3499 = ORIENTED_EDGE('',*,*,#3500,.F.);
#3500 = EDGE_CURVE('',#2739,#2793,#3501,.T.);
#3501 = LINE('',#3502,#3503);
#3502 = CARTESIAN_POINT('',(-140.,115.,780.));
#3503 = VECTOR('',#3504,1.);
#3504 = DIRECTION('',(1.,0.,0.));
#3505 = ORIENTED_EDGE('',*,*,#2738,.F.);
#3506 = PLANE('',#3507);
#3507 = AXIS2_PLACEMENT_3D('',#3508,#3509,#3510);
#3508 = CARTESIAN_POINT('',(-140.,115.,780.));
#3509 = DIRECTION('',(0.,1.,0.));
#3510 = DIRECTION('',(0.,0.,1.));
#3511 = ADVANCED_FACE('',(#3512),#3530,.F.);
#3512 = FACE_BOUND('',#3513,.F.);
#3513 = EDGE_LOOP('',(#3514,#3522,#3528,#3529));
#3514 = ORIENTED_EDGE('',*,*,#3515,.T.);
#3515 = EDGE_CURVE('',#3171,#3516,#3518,.T.);
#3516 = VERTEX_POINT('',#3517);
#3517 = CARTESIAN_POINT('',(-29.,118.,223.));
#3518 = LINE('',#3519,#3520);
#3519 = CARTESIAN_POINT('',(-139.,118.,223.));
#3520 = VECTOR('',#3521,1.);
#3521 = DIRECTION('',(1.,0.,0.));
#3522 = ORIENTED_EDGE('',*,*,#3523,.F.);
#3523 = EDGE_CURVE('',#2761,#3516,#3524,.T.);
#3524 = LINE('',#3525,#3526);
#3525 = CARTESIAN_POINT('',(-29.,118.,211.));
#3526 = VECTOR('',#3527,1.);
#3527 = DIRECTION('',(0.,0.,1.));
#3528 = ORIENTED_EDGE('',*,*,#2760,.T.);
#3529 = ORIENTED_EDGE('',*,*,#3170,.T.);
#3530 = PLANE('',#3531);
#3531 = AXIS2_PLACEMENT_3D('',#3532,#3533,#3534);
#3532 = CARTESIAN_POINT('',(-139.,118.,207.));
#3533 = DIRECTION('',(0.,1.,0.));
#3534 = DIRECTION('',(0.,0.,1.));
#3535 = ADVANCED_FACE('',(#3536,#3621,#3707,#3741,#3827),#3861,.F.);
#3536 = FACE_BOUND('',#3537,.F.);
#3537 = EDGE_LOOP('',(#3538,#3539,#3540,#3541,#3549,#3555,#3556,#3557,
    #3565,#3573,#3581,#3590,#3599,#3607,#3615));
#3538 = ORIENTED_EDGE('',*,*,#2792,.F.);
#3539 = ORIENTED_EDGE('',*,*,#2777,.T.);
#3540 = ORIENTED_EDGE('',*,*,#3523,.T.);
#3541 = ORIENTED_EDGE('',*,*,#3542,.F.);
#3542 = EDGE_CURVE('',#3543,#3516,#3545,.T.);
#3543 = VERTEX_POINT('',#3544);
#3544 = CARTESIAN_POINT('',(-29.,162.,223.));
#3545 = LINE('',#3546,#3547);
#3546 = CARTESIAN_POINT('',(-29.,116.5,223.));
#3547 = VECTOR('',#3548,1.);
#3548 = DIRECTION('',(0.,-1.,0.));
#3549 = ORIENTED_EDGE('',*,*,#3550,.F.);
#3550 = EDGE_CURVE('',#3116,#3543,#3551,.T.);
#3551 = LINE('',#3552,#3553);
#3552 = CARTESIAN_POINT('',(-29.,162.,211.));
#3553 = VECTOR('',#3554,1.);
#3554 = DIRECTION('',(0.,0.,1.));
#3555 = ORIENTED_EDGE('',*,*,#3123,.T.);
#3556 = ORIENTED_EDGE('',*,*,#3138,.T.);
#3557 = ORIENTED_EDGE('',*,*,#3558,.F.);
#3558 = EDGE_CURVE('',#3559,#3139,#3561,.T.);
#3559 = VERTEX_POINT('',#3560);
#3560 = CARTESIAN_POINT('',(-29.,162.,780.));
#3561 = LINE('',#3562,#3563);
#3562 = CARTESIAN_POINT('',(-29.,115.,780.));
#3563 = VECTOR('',#3564,1.);
#3564 = DIRECTION('',(0.,1.,0.));
#3565 = ORIENTED_EDGE('',*,*,#3566,.F.);
#3566 = EDGE_CURVE('',#3567,#3559,#3569,.T.);
#3567 = VERTEX_POINT('',#3568);
#3568 = CARTESIAN_POINT('',(-29.,162.,772.));
#3569 = LINE('',#3570,#3571);
#3570 = CARTESIAN_POINT('',(-29.,162.,493.5));
#3571 = VECTOR('',#3572,1.);
#3572 = DIRECTION('',(0.,0.,1.));
#3573 = ORIENTED_EDGE('',*,*,#3574,.T.);
#3574 = EDGE_CURVE('',#3567,#3575,#3577,.T.);
#3575 = VERTEX_POINT('',#3576);
#3576 = CARTESIAN_POINT('',(-29.,147.82202046671,772.));
#3577 = LINE('',#3578,#3579);
#3578 = CARTESIAN_POINT('',(-29.,116.5,772.));
#3579 = VECTOR('',#3580,1.);
#3580 = DIRECTION('',(0.,-1.,0.));
#3581 = ORIENTED_EDGE('',*,*,#3582,.F.);
#3582 = EDGE_CURVE('',#3583,#3575,#3585,.T.);
#3583 = VERTEX_POINT('',#3584);
#3584 = CARTESIAN_POINT('',(-29.,140.,752.71552977482));
#3585 = ELLIPSE('',#3586,12.902652043362,9.);
#3586 = AXIS2_PLACEMENT_3D('',#3587,#3588,#3589);
#3587 = CARTESIAN_POINT('',(-29.,140.,765.61818181818));
#3588 = DIRECTION('',(1.,0.,-0.));
#3589 = DIRECTION('',(0.,0.,1.));
#3590 = ORIENTED_EDGE('',*,*,#3591,.F.);
#3591 = EDGE_CURVE('',#3592,#3583,#3594,.T.);
#3592 = VERTEX_POINT('',#3593);
#3593 = CARTESIAN_POINT('',(-29.,132.17797953328,772.));
#3594 = ELLIPSE('',#3595,12.902652043362,9.);
#3595 = AXIS2_PLACEMENT_3D('',#3596,#3597,#3598);
#3596 = CARTESIAN_POINT('',(-29.,140.,765.61818181818));
#3597 = DIRECTION('',(1.,0.,-0.));
#3598 = DIRECTION('',(0.,0.,1.));
#3599 = ORIENTED_EDGE('',*,*,#3600,.T.);
#3600 = EDGE_CURVE('',#3592,#3601,#3603,.T.);
#3601 = VERTEX_POINT('',#3602);
#3602 = CARTESIAN_POINT('',(-29.,118.,772.));
#3603 = LINE('',#3604,#3605);
#3604 = CARTESIAN_POINT('',(-29.,116.5,772.));
#3605 = VECTOR('',#3606,1.);
#3606 = DIRECTION('',(0.,-1.,0.));
#3607 = ORIENTED_EDGE('',*,*,#3608,.T.);
#3608 = EDGE_CURVE('',#3601,#3609,#3611,.T.);
#3609 = VERTEX_POINT('',#3610);
#3610 = CARTESIAN_POINT('',(-29.,118.,780.));
#3611 = LINE('',#3612,#3613);
#3612 = CARTESIAN_POINT('',(-29.,118.,493.5));
#3613 = VECTOR('',#3614,1.);
#3614 = DIRECTION('',(0.,0.,1.));
#3615 = ORIENTED_EDGE('',*,*,#3616,.F.);
#3616 = EDGE_CURVE('',#2793,#3609,#3617,.T.);
#3617 = LINE('',#3618,#3619);
#3618 = CARTESIAN_POINT('',(-29.,115.,780.));
#3619 = VECTOR('',#3620,1.);
#3620 = DIRECTION('',(0.,1.,0.));
#3621 = FACE_BOUND('',#3622,.F.);
#3622 = EDGE_LOOP('',(#3623,#3633,#3641,#3650,#3659,#3667,#3675,#3683,
    #3692,#3701));
#3623 = ORIENTED_EDGE('',*,*,#3624,.F.);
#3624 = EDGE_CURVE('',#3625,#3627,#3629,.T.);
#3625 = VERTEX_POINT('',#3626);
#3626 = CARTESIAN_POINT('',(-29.,162.,320.));
#3627 = VERTEX_POINT('',#3628);
#3628 = CARTESIAN_POINT('',(-29.,162.,336.));
#3629 = LINE('',#3630,#3631);
#3630 = CARTESIAN_POINT('',(-29.,162.,267.5));
#3631 = VECTOR('',#3632,1.);
#3632 = DIRECTION('',(0.,0.,1.));
#3633 = ORIENTED_EDGE('',*,*,#3634,.T.);
#3634 = EDGE_CURVE('',#3625,#3635,#3637,.T.);
#3635 = VERTEX_POINT('',#3636);
#3636 = CARTESIAN_POINT('',(-29.,147.82202046672,320.));
#3637 = LINE('',#3638,#3639);
#3638 = CARTESIAN_POINT('',(-29.,116.5,320.));
#3639 = VECTOR('',#3640,1.);
#3640 = DIRECTION('',(0.,-1.,0.));
#3641 = ORIENTED_EDGE('',*,*,#3642,.F.);
#3642 = EDGE_CURVE('',#3643,#3635,#3645,.T.);
#3643 = VERTEX_POINT('',#3644);
#3644 = CARTESIAN_POINT('',(-29.,140.,300.71552977482));
#3645 = ELLIPSE('',#3646,12.902652043362,9.);
#3646 = AXIS2_PLACEMENT_3D('',#3647,#3648,#3649);
#3647 = CARTESIAN_POINT('',(-29.,140.,313.61818181818));
#3648 = DIRECTION('',(1.,0.,-0.));
#3649 = DIRECTION('',(0.,0.,1.));
#3650 = ORIENTED_EDGE('',*,*,#3651,.F.);
#3651 = EDGE_CURVE('',#3652,#3643,#3654,.T.);
#3652 = VERTEX_POINT('',#3653);
#3653 = CARTESIAN_POINT('',(-29.,132.17797953327,320.));
#3654 = ELLIPSE('',#3655,12.902652043362,9.);
#3655 = AXIS2_PLACEMENT_3D('',#3656,#3657,#3658);
#3656 = CARTESIAN_POINT('',(-29.,140.,313.61818181818));
#3657 = DIRECTION('',(1.,0.,-0.));
#3658 = DIRECTION('',(0.,0.,1.));
#3659 = ORIENTED_EDGE('',*,*,#3660,.T.);
#3660 = EDGE_CURVE('',#3652,#3661,#3663,.T.);
#3661 = VERTEX_POINT('',#3662);
#3662 = CARTESIAN_POINT('',(-29.,118.,320.));
#3663 = LINE('',#3664,#3665);
#3664 = CARTESIAN_POINT('',(-29.,116.5,320.));
#3665 = VECTOR('',#3666,1.);
#3666 = DIRECTION('',(0.,-1.,0.));
#3667 = ORIENTED_EDGE('',*,*,#3668,.T.);
#3668 = EDGE_CURVE('',#3661,#3669,#3671,.T.);
#3669 = VERTEX_POINT('',#3670);
#3670 = CARTESIAN_POINT('',(-29.,118.,336.));
#3671 = LINE('',#3672,#3673);
#3672 = CARTESIAN_POINT('',(-29.,118.,267.5));
#3673 = VECTOR('',#3674,1.);
#3674 = DIRECTION('',(0.,0.,1.));
#3675 = ORIENTED_EDGE('',*,*,#3676,.F.);
#3676 = EDGE_CURVE('',#3677,#3669,#3679,.T.);
#3677 = VERTEX_POINT('',#3678);
#3678 = CARTESIAN_POINT('',(-29.,132.17797953327,336.));
#3679 = LINE('',#3680,#3681);
#3680 = CARTESIAN_POINT('',(-29.,116.5,336.));
#3681 = VECTOR('',#3682,1.);
#3682 = DIRECTION('',(0.,-1.,0.));
#3683 = ORIENTED_EDGE('',*,*,#3684,.F.);
#3684 = EDGE_CURVE('',#3685,#3677,#3687,.T.);
#3685 = VERTEX_POINT('',#3686);
#3686 = CARTESIAN_POINT('',(-29.,140.,355.28447022518));
#3687 = ELLIPSE('',#3688,12.902652043362,9.);
#3688 = AXIS2_PLACEMENT_3D('',#3689,#3690,#3691);
#3689 = CARTESIAN_POINT('',(-29.,140.,342.38181818181));
#3690 = DIRECTION('',(1.,0.,-0.));
#3691 = DIRECTION('',(0.,0.,1.));
#3692 = ORIENTED_EDGE('',*,*,#3693,.F.);
#3693 = EDGE_CURVE('',#3694,#3685,#3696,.T.);
#3694 = VERTEX_POINT('',#3695);
#3695 = CARTESIAN_POINT('',(-29.,147.82202046672,336.));
#3696 = ELLIPSE('',#3697,12.902652043362,9.);
#3697 = AXIS2_PLACEMENT_3D('',#3698,#3699,#3700);
#3698 = CARTESIAN_POINT('',(-29.,140.,342.38181818181));
#3699 = DIRECTION('',(1.,0.,-0.));
#3700 = DIRECTION('',(0.,0.,1.));
#3701 = ORIENTED_EDGE('',*,*,#3702,.F.);
#3702 = EDGE_CURVE('',#3627,#3694,#3703,.T.);
#3703 = LINE('',#3704,#3705);
#3704 = CARTESIAN_POINT('',(-29.,116.5,336.));
#3705 = VECTOR('',#3706,1.);
#3706 = DIRECTION('',(0.,-1.,0.));
#3707 = FACE_BOUND('',#3708,.F.);
#3708 = EDGE_LOOP('',(#3709,#3719,#3727,#3735));
#3709 = ORIENTED_EDGE('',*,*,#3710,.T.);
#3710 = EDGE_CURVE('',#3711,#3713,#3715,.T.);
#3711 = VERTEX_POINT('',#3712);
#3712 = CARTESIAN_POINT('',(-29.,162.,433.));
#3713 = VERTEX_POINT('',#3714);
#3714 = CARTESIAN_POINT('',(-29.,118.,433.));
#3715 = LINE('',#3716,#3717);
#3716 = CARTESIAN_POINT('',(-29.,116.5,433.));
#3717 = VECTOR('',#3718,1.);
#3718 = DIRECTION('',(0.,-1.,0.));
#3719 = ORIENTED_EDGE('',*,*,#3720,.T.);
#3720 = EDGE_CURVE('',#3713,#3721,#3723,.T.);
#3721 = VERTEX_POINT('',#3722);
#3722 = CARTESIAN_POINT('',(-29.,118.,449.));
#3723 = LINE('',#3724,#3725);
#3724 = CARTESIAN_POINT('',(-29.,118.,324.));
#3725 = VECTOR('',#3726,1.);
#3726 = DIRECTION('',(0.,0.,1.));
#3727 = ORIENTED_EDGE('',*,*,#3728,.F.);
#3728 = EDGE_CURVE('',#3729,#3721,#3731,.T.);
#3729 = VERTEX_POINT('',#3730);
#3730 = CARTESIAN_POINT('',(-29.,162.,449.));
#3731 = LINE('',#3732,#3733);
#3732 = CARTESIAN_POINT('',(-29.,116.5,449.));
#3733 = VECTOR('',#3734,1.);
#3734 = DIRECTION('',(0.,-1.,0.));
#3735 = ORIENTED_EDGE('',*,*,#3736,.F.);
#3736 = EDGE_CURVE('',#3711,#3729,#3737,.T.);
#3737 = LINE('',#3738,#3739);
#3738 = CARTESIAN_POINT('',(-29.,162.,324.));
#3739 = VECTOR('',#3740,1.);
#3740 = DIRECTION('',(0.,0.,1.));
#3741 = FACE_BOUND('',#3742,.F.);
#3742 = EDGE_LOOP('',(#3743,#3753,#3761,#3770,#3779,#3787,#3795,#3803,
    #3812,#3821));
#3743 = ORIENTED_EDGE('',*,*,#3744,.F.);
#3744 = EDGE_CURVE('',#3745,#3747,#3749,.T.);
#3745 = VERTEX_POINT('',#3746);
#3746 = CARTESIAN_POINT('',(-29.,162.,546.));
#3747 = VERTEX_POINT('',#3748);
#3748 = CARTESIAN_POINT('',(-29.,162.,562.));
#3749 = LINE('',#3750,#3751);
#3750 = CARTESIAN_POINT('',(-29.,162.,380.5));
#3751 = VECTOR('',#3752,1.);
#3752 = DIRECTION('',(0.,0.,1.));
#3753 = ORIENTED_EDGE('',*,*,#3754,.T.);
#3754 = EDGE_CURVE('',#3745,#3755,#3757,.T.);
#3755 = VERTEX_POINT('',#3756);
#3756 = CARTESIAN_POINT('',(-29.,147.82202046673,546.));
#3757 = LINE('',#3758,#3759);
#3758 = CARTESIAN_POINT('',(-29.,116.5,546.));
#3759 = VECTOR('',#3760,1.);
#3760 = DIRECTION('',(0.,-1.,0.));
#3761 = ORIENTED_EDGE('',*,*,#3762,.F.);
#3762 = EDGE_CURVE('',#3763,#3755,#3765,.T.);
#3763 = VERTEX_POINT('',#3764);
#3764 = CARTESIAN_POINT('',(-29.,140.,526.71552977482));
#3765 = ELLIPSE('',#3766,12.902652043362,9.);
#3766 = AXIS2_PLACEMENT_3D('',#3767,#3768,#3769);
#3767 = CARTESIAN_POINT('',(-29.,140.,539.61818181818));
#3768 = DIRECTION('',(1.,0.,-0.));
#3769 = DIRECTION('',(0.,0.,1.));
#3770 = ORIENTED_EDGE('',*,*,#3771,.F.);
#3771 = EDGE_CURVE('',#3772,#3763,#3774,.T.);
#3772 = VERTEX_POINT('',#3773);
#3773 = CARTESIAN_POINT('',(-29.,132.17797953327,546.));
#3774 = ELLIPSE('',#3775,12.902652043362,9.);
#3775 = AXIS2_PLACEMENT_3D('',#3776,#3777,#3778);
#3776 = CARTESIAN_POINT('',(-29.,140.,539.61818181818));
#3777 = DIRECTION('',(1.,0.,-0.));
#3778 = DIRECTION('',(0.,0.,1.));
#3779 = ORIENTED_EDGE('',*,*,#3780,.T.);
#3780 = EDGE_CURVE('',#3772,#3781,#3783,.T.);
#3781 = VERTEX_POINT('',#3782);
#3782 = CARTESIAN_POINT('',(-29.,118.,546.));
#3783 = LINE('',#3784,#3785);
#3784 = CARTESIAN_POINT('',(-29.,116.5,546.));
#3785 = VECTOR('',#3786,1.);
#3786 = DIRECTION('',(0.,-1.,0.));
#3787 = ORIENTED_EDGE('',*,*,#3788,.T.);
#3788 = EDGE_CURVE('',#3781,#3789,#3791,.T.);
#3789 = VERTEX_POINT('',#3790);
#3790 = CARTESIAN_POINT('',(-29.,118.,562.));
#3791 = LINE('',#3792,#3793);
#3792 = CARTESIAN_POINT('',(-29.,118.,380.5));
#3793 = VECTOR('',#3794,1.);
#3794 = DIRECTION('',(0.,0.,1.));
#3795 = ORIENTED_EDGE('',*,*,#3796,.F.);
#3796 = EDGE_CURVE('',#3797,#3789,#3799,.T.);
#3797 = VERTEX_POINT('',#3798);
#3798 = CARTESIAN_POINT('',(-29.,132.17797953327,562.));
#3799 = LINE('',#3800,#3801);
#3800 = CARTESIAN_POINT('',(-29.,116.5,562.));
#3801 = VECTOR('',#3802,1.);
#3802 = DIRECTION('',(0.,-1.,0.));
#3803 = ORIENTED_EDGE('',*,*,#3804,.F.);
#3804 = EDGE_CURVE('',#3805,#3797,#3807,.T.);
#3805 = VERTEX_POINT('',#3806);
#3806 = CARTESIAN_POINT('',(-29.,140.,581.28447022518));
#3807 = ELLIPSE('',#3808,12.902652043362,9.);
#3808 = AXIS2_PLACEMENT_3D('',#3809,#3810,#3811);
#3809 = CARTESIAN_POINT('',(-29.,140.,568.38181818181));
#3810 = DIRECTION('',(1.,0.,-0.));
#3811 = DIRECTION('',(0.,0.,1.));
#3812 = ORIENTED_EDGE('',*,*,#3813,.F.);
#3813 = EDGE_CURVE('',#3814,#3805,#3816,.T.);
#3814 = VERTEX_POINT('',#3815);
#3815 = CARTESIAN_POINT('',(-29.,147.82202046672,562.));
#3816 = ELLIPSE('',#3817,12.902652043362,9.);
#3817 = AXIS2_PLACEMENT_3D('',#3818,#3819,#3820);
#3818 = CARTESIAN_POINT('',(-29.,140.,568.38181818181));
#3819 = DIRECTION('',(1.,0.,-0.));
#3820 = DIRECTION('',(0.,0.,1.));
#3821 = ORIENTED_EDGE('',*,*,#3822,.F.);
#3822 = EDGE_CURVE('',#3747,#3814,#3823,.T.);
#3823 = LINE('',#3824,#3825);
#3824 = CARTESIAN_POINT('',(-29.,116.5,562.));
#3825 = VECTOR('',#3826,1.);
#3826 = DIRECTION('',(0.,-1.,0.));
#3827 = FACE_BOUND('',#3828,.F.);
#3828 = EDGE_LOOP('',(#3829,#3839,#3847,#3855));
#3829 = ORIENTED_EDGE('',*,*,#3830,.T.);
#3830 = EDGE_CURVE('',#3831,#3833,#3835,.T.);
#3831 = VERTEX_POINT('',#3832);
#3832 = CARTESIAN_POINT('',(-29.,162.,659.));
#3833 = VERTEX_POINT('',#3834);
#3834 = CARTESIAN_POINT('',(-29.,118.,659.));
#3835 = LINE('',#3836,#3837);
#3836 = CARTESIAN_POINT('',(-29.,116.5,659.));
#3837 = VECTOR('',#3838,1.);
#3838 = DIRECTION('',(0.,-1.,0.));
#3839 = ORIENTED_EDGE('',*,*,#3840,.T.);
#3840 = EDGE_CURVE('',#3833,#3841,#3843,.T.);
#3841 = VERTEX_POINT('',#3842);
#3842 = CARTESIAN_POINT('',(-29.,118.,675.));
#3843 = LINE('',#3844,#3845);
#3844 = CARTESIAN_POINT('',(-29.,118.,437.));
#3845 = VECTOR('',#3846,1.);
#3846 = DIRECTION('',(0.,0.,1.));
#3847 = ORIENTED_EDGE('',*,*,#3848,.F.);
#3848 = EDGE_CURVE('',#3849,#3841,#3851,.T.);
#3849 = VERTEX_POINT('',#3850);
#3850 = CARTESIAN_POINT('',(-29.,162.,675.));
#3851 = LINE('',#3852,#3853);
#3852 = CARTESIAN_POINT('',(-29.,116.5,675.));
#3853 = VECTOR('',#3854,1.);
#3854 = DIRECTION('',(0.,-1.,0.));
#3855 = ORIENTED_EDGE('',*,*,#3856,.F.);
#3856 = EDGE_CURVE('',#3831,#3849,#3857,.T.);
#3857 = LINE('',#3858,#3859);
#3858 = CARTESIAN_POINT('',(-29.,162.,437.));
#3859 = VECTOR('',#3860,1.);
#3860 = DIRECTION('',(0.,0.,1.));
#3861 = PLANE('',#3862);
#3862 = AXIS2_PLACEMENT_3D('',#3863,#3864,#3865);
#3863 = CARTESIAN_POINT('',(-29.,115.,215.));
#3864 = DIRECTION('',(1.,0.,0.));
#3865 = DIRECTION('',(0.,0.,1.));
#3866 = ADVANCED_FACE('',(#3867,#3933,#3967,#4001,#4035),#4069,.T.);
#3867 = FACE_BOUND('',#3868,.T.);
#3868 = EDGE_LOOP('',(#3869,#3870,#3871,#3879,#3887,#3893,#3894,#3895,
    #3903,#3911,#3919,#3927));
#3869 = ORIENTED_EDGE('',*,*,#2808,.F.);
#3870 = ORIENTED_EDGE('',*,*,#2839,.T.);
#3871 = ORIENTED_EDGE('',*,*,#3872,.T.);
#3872 = EDGE_CURVE('',#2832,#3873,#3875,.T.);
#3873 = VERTEX_POINT('',#3874);
#3874 = CARTESIAN_POINT('',(-1.,118.,223.));
#3875 = LINE('',#3876,#3877);
#3876 = CARTESIAN_POINT('',(-1.,118.,207.));
#3877 = VECTOR('',#3878,1.);
#3878 = DIRECTION('',(0.,0.,1.));
#3879 = ORIENTED_EDGE('',*,*,#3880,.T.);
#3880 = EDGE_CURVE('',#3873,#3881,#3883,.T.);
#3881 = VERTEX_POINT('',#3882);
#3882 = CARTESIAN_POINT('',(-1.,162.,223.));
#3883 = LINE('',#3884,#3885);
#3884 = CARTESIAN_POINT('',(-1.,118.,223.));
#3885 = VECTOR('',#3886,1.);
#3886 = DIRECTION('',(0.,1.,0.));
#3887 = ORIENTED_EDGE('',*,*,#3888,.F.);
#3888 = EDGE_CURVE('',#2824,#3881,#3889,.T.);
#3889 = LINE('',#3890,#3891);
#3890 = CARTESIAN_POINT('',(-1.,162.,207.));
#3891 = VECTOR('',#3892,1.);
#3892 = DIRECTION('',(0.,0.,1.));
#3893 = ORIENTED_EDGE('',*,*,#2823,.T.);
#3894 = ORIENTED_EDGE('',*,*,#3154,.T.);
#3895 = ORIENTED_EDGE('',*,*,#3896,.F.);
#3896 = EDGE_CURVE('',#3897,#3147,#3899,.T.);
#3897 = VERTEX_POINT('',#3898);
#3898 = CARTESIAN_POINT('',(-1.,162.,780.));
#3899 = LINE('',#3900,#3901);
#3900 = CARTESIAN_POINT('',(-1.,115.,780.));
#3901 = VECTOR('',#3902,1.);
#3902 = DIRECTION('',(0.,1.,0.));
#3903 = ORIENTED_EDGE('',*,*,#3904,.F.);
#3904 = EDGE_CURVE('',#3905,#3897,#3907,.T.);
#3905 = VERTEX_POINT('',#3906);
#3906 = CARTESIAN_POINT('',(-1.,162.,772.));
#3907 = LINE('',#3908,#3909);
#3908 = CARTESIAN_POINT('',(-1.,162.,772.));
#3909 = VECTOR('',#3910,1.);
#3910 = DIRECTION('',(0.,0.,1.));
#3911 = ORIENTED_EDGE('',*,*,#3912,.F.);
#3912 = EDGE_CURVE('',#3913,#3905,#3915,.T.);
#3913 = VERTEX_POINT('',#3914);
#3914 = CARTESIAN_POINT('',(-1.,118.,772.));
#3915 = LINE('',#3916,#3917);
#3916 = CARTESIAN_POINT('',(-1.,118.,772.));
#3917 = VECTOR('',#3918,1.);
#3918 = DIRECTION('',(0.,1.,0.));
#3919 = ORIENTED_EDGE('',*,*,#3920,.T.);
#3920 = EDGE_CURVE('',#3913,#3921,#3923,.T.);
#3921 = VERTEX_POINT('',#3922);
#3922 = CARTESIAN_POINT('',(-1.,118.,780.));
#3923 = LINE('',#3924,#3925);
#3924 = CARTESIAN_POINT('',(-1.,118.,772.));
#3925 = VECTOR('',#3926,1.);
#3926 = DIRECTION('',(0.,0.,1.));
#3927 = ORIENTED_EDGE('',*,*,#3928,.F.);
#3928 = EDGE_CURVE('',#2801,#3921,#3929,.T.);
#3929 = LINE('',#3930,#3931);
#3930 = CARTESIAN_POINT('',(-1.,115.,780.));
#3931 = VECTOR('',#3932,1.);
#3932 = DIRECTION('',(0.,1.,0.));
#3933 = FACE_BOUND('',#3934,.T.);
#3934 = EDGE_LOOP('',(#3935,#3945,#3953,#3961));
#3935 = ORIENTED_EDGE('',*,*,#3936,.F.);
#3936 = EDGE_CURVE('',#3937,#3939,#3941,.T.);
#3937 = VERTEX_POINT('',#3938);
#3938 = CARTESIAN_POINT('',(-1.,118.,320.));
#3939 = VERTEX_POINT('',#3940);
#3940 = CARTESIAN_POINT('',(-1.,162.,320.));
#3941 = LINE('',#3942,#3943);
#3942 = CARTESIAN_POINT('',(-1.,118.,320.));
#3943 = VECTOR('',#3944,1.);
#3944 = DIRECTION('',(0.,1.,0.));
#3945 = ORIENTED_EDGE('',*,*,#3946,.T.);
#3946 = EDGE_CURVE('',#3937,#3947,#3949,.T.);
#3947 = VERTEX_POINT('',#3948);
#3948 = CARTESIAN_POINT('',(-1.,118.,336.));
#3949 = LINE('',#3950,#3951);
#3950 = CARTESIAN_POINT('',(-1.,118.,320.));
#3951 = VECTOR('',#3952,1.);
#3952 = DIRECTION('',(0.,0.,1.));
#3953 = ORIENTED_EDGE('',*,*,#3954,.T.);
#3954 = EDGE_CURVE('',#3947,#3955,#3957,.T.);
#3955 = VERTEX_POINT('',#3956);
#3956 = CARTESIAN_POINT('',(-1.,162.,336.));
#3957 = LINE('',#3958,#3959);
#3958 = CARTESIAN_POINT('',(-1.,118.,336.));
#3959 = VECTOR('',#3960,1.);
#3960 = DIRECTION('',(0.,1.,0.));
#3961 = ORIENTED_EDGE('',*,*,#3962,.F.);
#3962 = EDGE_CURVE('',#3939,#3955,#3963,.T.);
#3963 = LINE('',#3964,#3965);
#3964 = CARTESIAN_POINT('',(-1.,162.,320.));
#3965 = VECTOR('',#3966,1.);
#3966 = DIRECTION('',(0.,0.,1.));
#3967 = FACE_BOUND('',#3968,.T.);
#3968 = EDGE_LOOP('',(#3969,#3979,#3987,#3995));
#3969 = ORIENTED_EDGE('',*,*,#3970,.F.);
#3970 = EDGE_CURVE('',#3971,#3973,#3975,.T.);
#3971 = VERTEX_POINT('',#3972);
#3972 = CARTESIAN_POINT('',(-1.,118.,433.));
#3973 = VERTEX_POINT('',#3974);
#3974 = CARTESIAN_POINT('',(-1.,162.,433.));
#3975 = LINE('',#3976,#3977);
#3976 = CARTESIAN_POINT('',(-1.,118.,433.));
#3977 = VECTOR('',#3978,1.);
#3978 = DIRECTION('',(0.,1.,0.));
#3979 = ORIENTED_EDGE('',*,*,#3980,.T.);
#3980 = EDGE_CURVE('',#3971,#3981,#3983,.T.);
#3981 = VERTEX_POINT('',#3982);
#3982 = CARTESIAN_POINT('',(-1.,118.,449.));
#3983 = LINE('',#3984,#3985);
#3984 = CARTESIAN_POINT('',(-1.,118.,433.));
#3985 = VECTOR('',#3986,1.);
#3986 = DIRECTION('',(0.,0.,1.));
#3987 = ORIENTED_EDGE('',*,*,#3988,.T.);
#3988 = EDGE_CURVE('',#3981,#3989,#3991,.T.);
#3989 = VERTEX_POINT('',#3990);
#3990 = CARTESIAN_POINT('',(-1.,162.,449.));
#3991 = LINE('',#3992,#3993);
#3992 = CARTESIAN_POINT('',(-1.,118.,449.));
#3993 = VECTOR('',#3994,1.);
#3994 = DIRECTION('',(0.,1.,0.));
#3995 = ORIENTED_EDGE('',*,*,#3996,.F.);
#3996 = EDGE_CURVE('',#3973,#3989,#3997,.T.);
#3997 = LINE('',#3998,#3999);
#3998 = CARTESIAN_POINT('',(-1.,162.,433.));
#3999 = VECTOR('',#4000,1.);
#4000 = DIRECTION('',(0.,0.,1.));
#4001 = FACE_BOUND('',#4002,.T.);
#4002 = EDGE_LOOP('',(#4003,#4013,#4021,#4029));
#4003 = ORIENTED_EDGE('',*,*,#4004,.F.);
#4004 = EDGE_CURVE('',#4005,#4007,#4009,.T.);
#4005 = VERTEX_POINT('',#4006);
#4006 = CARTESIAN_POINT('',(-1.,118.,546.));
#4007 = VERTEX_POINT('',#4008);
#4008 = CARTESIAN_POINT('',(-1.,162.,546.));
#4009 = LINE('',#4010,#4011);
#4010 = CARTESIAN_POINT('',(-1.,118.,546.));
#4011 = VECTOR('',#4012,1.);
#4012 = DIRECTION('',(0.,1.,0.));
#4013 = ORIENTED_EDGE('',*,*,#4014,.T.);
#4014 = EDGE_CURVE('',#4005,#4015,#4017,.T.);
#4015 = VERTEX_POINT('',#4016);
#4016 = CARTESIAN_POINT('',(-1.,118.,562.));
#4017 = LINE('',#4018,#4019);
#4018 = CARTESIAN_POINT('',(-1.,118.,546.));
#4019 = VECTOR('',#4020,1.);
#4020 = DIRECTION('',(0.,0.,1.));
#4021 = ORIENTED_EDGE('',*,*,#4022,.T.);
#4022 = EDGE_CURVE('',#4015,#4023,#4025,.T.);
#4023 = VERTEX_POINT('',#4024);
#4024 = CARTESIAN_POINT('',(-1.,162.,562.));
#4025 = LINE('',#4026,#4027);
#4026 = CARTESIAN_POINT('',(-1.,118.,562.));
#4027 = VECTOR('',#4028,1.);
#4028 = DIRECTION('',(0.,1.,0.));
#4029 = ORIENTED_EDGE('',*,*,#4030,.F.);
#4030 = EDGE_CURVE('',#4007,#4023,#4031,.T.);
#4031 = LINE('',#4032,#4033);
#4032 = CARTESIAN_POINT('',(-1.,162.,546.));
#4033 = VECTOR('',#4034,1.);
#4034 = DIRECTION('',(0.,0.,1.));
#4035 = FACE_BOUND('',#4036,.T.);
#4036 = EDGE_LOOP('',(#4037,#4047,#4055,#4063));
#4037 = ORIENTED_EDGE('',*,*,#4038,.F.);
#4038 = EDGE_CURVE('',#4039,#4041,#4043,.T.);
#4039 = VERTEX_POINT('',#4040);
#4040 = CARTESIAN_POINT('',(-1.,118.,659.));
#4041 = VERTEX_POINT('',#4042);
#4042 = CARTESIAN_POINT('',(-1.,162.,659.));
#4043 = LINE('',#4044,#4045);
#4044 = CARTESIAN_POINT('',(-1.,118.,659.));
#4045 = VECTOR('',#4046,1.);
#4046 = DIRECTION('',(0.,1.,0.));
#4047 = ORIENTED_EDGE('',*,*,#4048,.T.);
#4048 = EDGE_CURVE('',#4039,#4049,#4051,.T.);
#4049 = VERTEX_POINT('',#4050);
#4050 = CARTESIAN_POINT('',(-1.,118.,675.));
#4051 = LINE('',#4052,#4053);
#4052 = CARTESIAN_POINT('',(-1.,118.,659.));
#4053 = VECTOR('',#4054,1.);
#4054 = DIRECTION('',(0.,0.,1.));
#4055 = ORIENTED_EDGE('',*,*,#4056,.T.);
#4056 = EDGE_CURVE('',#4049,#4057,#4059,.T.);
#4057 = VERTEX_POINT('',#4058);
#4058 = CARTESIAN_POINT('',(-1.,162.,675.));
#4059 = LINE('',#4060,#4061);
#4060 = CARTESIAN_POINT('',(-1.,118.,675.));
#4061 = VECTOR('',#4062,1.);
#4062 = DIRECTION('',(0.,1.,0.));
#4063 = ORIENTED_EDGE('',*,*,#4064,.F.);
#4064 = EDGE_CURVE('',#4041,#4057,#4065,.T.);
#4065 = LINE('',#4066,#4067);
#4066 = CARTESIAN_POINT('',(-1.,162.,659.));
#4067 = VECTOR('',#4068,1.);
#4068 = DIRECTION('',(0.,0.,1.));
#4069 = PLANE('',#4070);
#4070 = AXIS2_PLACEMENT_3D('',#4071,#4072,#4073);
#4071 = CARTESIAN_POINT('',(-1.,115.,215.));
#4072 = DIRECTION('',(1.,0.,0.));
#4073 = DIRECTION('',(0.,0.,1.));
#4074 = ADVANCED_FACE('',(#4075),#4081,.T.);
#4075 = FACE_BOUND('',#4076,.T.);
#4076 = EDGE_LOOP('',(#4077,#4078,#4079,#4080));
#4077 = ORIENTED_EDGE('',*,*,#3872,.F.);
#4078 = ORIENTED_EDGE('',*,*,#2831,.T.);
#4079 = ORIENTED_EDGE('',*,*,#3888,.T.);
#4080 = ORIENTED_EDGE('',*,*,#3880,.F.);
#4081 = PLANE('',#4082);
#4082 = AXIS2_PLACEMENT_3D('',#4083,#4084,#4085);
#4083 = CARTESIAN_POINT('',(-1.,115.,215.));
#4084 = DIRECTION('',(1.,0.,0.));
#4085 = DIRECTION('',(0.,0.,1.));
#4086 = ADVANCED_FACE('',(#4087),#4112,.F.);
#4087 = FACE_BOUND('',#4088,.F.);
#4088 = EDGE_LOOP('',(#4089,#4097,#4103,#4104,#4105,#4111));
#4089 = ORIENTED_EDGE('',*,*,#4090,.F.);
#4090 = EDGE_CURVE('',#4091,#2881,#4093,.T.);
#4091 = VERTEX_POINT('',#4092);
#4092 = CARTESIAN_POINT('',(-140.,165.,780.));
#4093 = LINE('',#4094,#4095);
#4094 = CARTESIAN_POINT('',(-140.,165.,780.));
#4095 = VECTOR('',#4096,1.);
#4096 = DIRECTION('',(1.,0.,0.));
#4097 = ORIENTED_EDGE('',*,*,#4098,.F.);
#4098 = EDGE_CURVE('',#3462,#4091,#4099,.T.);
#4099 = LINE('',#4100,#4101);
#4100 = CARTESIAN_POINT('',(-140.,115.,780.));
#4101 = VECTOR('',#4102,1.);
#4102 = DIRECTION('',(0.,1.,0.));
#4103 = ORIENTED_EDGE('',*,*,#3461,.T.);
#4104 = ORIENTED_EDGE('',*,*,#2920,.T.);
#4105 = ORIENTED_EDGE('',*,*,#4106,.T.);
#4106 = EDGE_CURVE('',#2913,#2889,#4107,.T.);
#4107 = LINE('',#4108,#4109);
#4108 = CARTESIAN_POINT('',(-139.,115.,780.));
#4109 = VECTOR('',#4110,1.);
#4110 = DIRECTION('',(0.,1.,0.));
#4111 = ORIENTED_EDGE('',*,*,#2888,.T.);
#4112 = PLANE('',#4113);
#4113 = AXIS2_PLACEMENT_3D('',#4114,#4115,#4116);
#4114 = CARTESIAN_POINT('',(-140.,115.,780.));
#4115 = DIRECTION('',(0.,0.,1.));
#4116 = DIRECTION('',(1.,0.,0.));
#4117 = ADVANCED_FACE('',(#4118),#4124,.F.);
#4118 = FACE_BOUND('',#4119,.F.);
#4119 = EDGE_LOOP('',(#4120,#4121,#4122,#4123));
#4120 = ORIENTED_EDGE('',*,*,#4106,.F.);
#4121 = ORIENTED_EDGE('',*,*,#2912,.F.);
#4122 = ORIENTED_EDGE('',*,*,#2904,.T.);
#4123 = ORIENTED_EDGE('',*,*,#2896,.T.);
#4124 = PLANE('',#4125);
#4125 = AXIS2_PLACEMENT_3D('',#4126,#4127,#4128);
#4126 = CARTESIAN_POINT('',(-139.,115.,215.));
#4127 = DIRECTION('',(1.,0.,0.));
#4128 = DIRECTION('',(0.,0.,1.));
#4129 = ADVANCED_FACE('',(#4130),#4136,.F.);
#4130 = FACE_BOUND('',#4131,.F.);
#4131 = EDGE_LOOP('',(#4132,#4133,#4134,#4135));
#4132 = ORIENTED_EDGE('',*,*,#2938,.F.);
#4133 = ORIENTED_EDGE('',*,*,#2928,.T.);
#4134 = ORIENTED_EDGE('',*,*,#2954,.T.);
#4135 = ORIENTED_EDGE('',*,*,#2946,.F.);
#4136 = PLANE('',#4137);
#4137 = AXIS2_PLACEMENT_3D('',#4138,#4139,#4140);
#4138 = CARTESIAN_POINT('',(-139.,115.,215.));
#4139 = DIRECTION('',(1.,0.,0.));
#4140 = DIRECTION('',(0.,0.,1.));
#4141 = ADVANCED_FACE('',(#4142),#4148,.F.);
#4142 = FACE_BOUND('',#4143,.F.);
#4143 = EDGE_LOOP('',(#4144,#4145,#4146,#4147));
#4144 = ORIENTED_EDGE('',*,*,#2972,.F.);
#4145 = ORIENTED_EDGE('',*,*,#2962,.T.);
#4146 = ORIENTED_EDGE('',*,*,#2988,.T.);
#4147 = ORIENTED_EDGE('',*,*,#2980,.F.);
#4148 = PLANE('',#4149);
#4149 = AXIS2_PLACEMENT_3D('',#4150,#4151,#4152);
#4150 = CARTESIAN_POINT('',(-139.,115.,215.));
#4151 = DIRECTION('',(1.,0.,0.));
#4152 = DIRECTION('',(0.,0.,1.));
#4153 = ADVANCED_FACE('',(#4154),#4160,.F.);
#4154 = FACE_BOUND('',#4155,.F.);
#4155 = EDGE_LOOP('',(#4156,#4157,#4158,#4159));
#4156 = ORIENTED_EDGE('',*,*,#3006,.F.);
#4157 = ORIENTED_EDGE('',*,*,#2996,.T.);
#4158 = ORIENTED_EDGE('',*,*,#3022,.T.);
#4159 = ORIENTED_EDGE('',*,*,#3014,.F.);
#4160 = PLANE('',#4161);
#4161 = AXIS2_PLACEMENT_3D('',#4162,#4163,#4164);
#4162 = CARTESIAN_POINT('',(-139.,115.,215.));
#4163 = DIRECTION('',(1.,0.,0.));
#4164 = DIRECTION('',(0.,0.,1.));
#4165 = ADVANCED_FACE('',(#4166),#4172,.F.);
#4166 = FACE_BOUND('',#4167,.F.);
#4167 = EDGE_LOOP('',(#4168,#4169,#4170,#4171));
#4168 = ORIENTED_EDGE('',*,*,#3040,.F.);
#4169 = ORIENTED_EDGE('',*,*,#3030,.T.);
#4170 = ORIENTED_EDGE('',*,*,#3056,.T.);
#4171 = ORIENTED_EDGE('',*,*,#3048,.F.);
#4172 = PLANE('',#4173);
#4173 = AXIS2_PLACEMENT_3D('',#4174,#4175,#4176);
#4174 = CARTESIAN_POINT('',(-139.,115.,215.));
#4175 = DIRECTION('',(1.,0.,0.));
#4176 = DIRECTION('',(0.,0.,1.));
#4177 = ADVANCED_FACE('',(#4178),#4219,.T.);
#4178 = FACE_BOUND('',#4179,.T.);
#4179 = EDGE_LOOP('',(#4180,#4181,#4189,#4197,#4205,#4211,#4212,#4218));
#4180 = ORIENTED_EDGE('',*,*,#4090,.F.);
#4181 = ORIENTED_EDGE('',*,*,#4182,.T.);
#4182 = EDGE_CURVE('',#4091,#4183,#4185,.T.);
#4183 = VERTEX_POINT('',#4184);
#4184 = CARTESIAN_POINT('',(-140.,165.,860.));
#4185 = LINE('',#4186,#4187);
#4186 = CARTESIAN_POINT('',(-140.,165.,780.));
#4187 = VECTOR('',#4188,1.);
#4188 = DIRECTION('',(0.,0.,1.));
#4189 = ORIENTED_EDGE('',*,*,#4190,.T.);
#4190 = EDGE_CURVE('',#4183,#4191,#4193,.T.);
#4191 = VERTEX_POINT('',#4192);
#4192 = CARTESIAN_POINT('',(0.,165.,860.));
#4193 = LINE('',#4194,#4195);
#4194 = CARTESIAN_POINT('',(-140.,165.,860.));
#4195 = VECTOR('',#4196,1.);
#4196 = DIRECTION('',(1.,0.,0.));
#4197 = ORIENTED_EDGE('',*,*,#4198,.F.);
#4198 = EDGE_CURVE('',#4199,#4191,#4201,.T.);
#4199 = VERTEX_POINT('',#4200);
#4200 = CARTESIAN_POINT('',(0.,165.,780.));
#4201 = LINE('',#4202,#4203);
#4202 = CARTESIAN_POINT('',(0.,165.,780.));
#4203 = VECTOR('',#4204,1.);
#4204 = DIRECTION('',(0.,0.,1.));
#4205 = ORIENTED_EDGE('',*,*,#4206,.F.);
#4206 = EDGE_CURVE('',#3147,#4199,#4207,.T.);
#4207 = LINE('',#4208,#4209);
#4208 = CARTESIAN_POINT('',(-140.,165.,780.));
#4209 = VECTOR('',#4210,1.);
#4210 = DIRECTION('',(1.,0.,0.));
#4211 = ORIENTED_EDGE('',*,*,#3146,.F.);
#4212 = ORIENTED_EDGE('',*,*,#4213,.F.);
#4213 = EDGE_CURVE('',#3085,#3139,#4214,.T.);
#4214 = LINE('',#4215,#4216);
#4215 = CARTESIAN_POINT('',(-140.,165.,780.));
#4216 = VECTOR('',#4217,1.);
#4217 = DIRECTION('',(1.,0.,0.));
#4218 = ORIENTED_EDGE('',*,*,#3084,.F.);
#4219 = PLANE('',#4220);
#4220 = AXIS2_PLACEMENT_3D('',#4221,#4222,#4223);
#4221 = CARTESIAN_POINT('',(-140.,165.,780.));
#4222 = DIRECTION('',(0.,1.,0.));
#4223 = DIRECTION('',(0.,0.,1.));
#4224 = ADVANCED_FACE('',(#4225),#4236,.T.);
#4225 = FACE_BOUND('',#4226,.T.);
#4226 = EDGE_LOOP('',(#4227,#4233,#4234,#4235));
#4227 = ORIENTED_EDGE('',*,*,#4228,.T.);
#4228 = EDGE_CURVE('',#3196,#3543,#4229,.T.);
#4229 = LINE('',#4230,#4231);
#4230 = CARTESIAN_POINT('',(-139.,162.,223.));
#4231 = VECTOR('',#4232,1.);
#4232 = DIRECTION('',(1.,0.,0.));
#4233 = ORIENTED_EDGE('',*,*,#3550,.F.);
#4234 = ORIENTED_EDGE('',*,*,#3115,.T.);
#4235 = ORIENTED_EDGE('',*,*,#3203,.T.);
#4236 = PLANE('',#4237);
#4237 = AXIS2_PLACEMENT_3D('',#4238,#4239,#4240);
#4238 = CARTESIAN_POINT('',(-139.,162.,207.));
#4239 = DIRECTION('',(0.,1.,0.));
#4240 = DIRECTION('',(0.,0.,1.));
#4241 = ADVANCED_FACE('',(#4242),#4253,.F.);
#4242 = FACE_BOUND('',#4243,.F.);
#4243 = EDGE_LOOP('',(#4244,#4250,#4251,#4252));
#4244 = ORIENTED_EDGE('',*,*,#4245,.T.);
#4245 = EDGE_CURVE('',#3609,#3236,#4246,.T.);
#4246 = LINE('',#4247,#4248);
#4247 = CARTESIAN_POINT('',(-139.5,118.,780.));
#4248 = VECTOR('',#4249,1.);
#4249 = DIRECTION('',(-1.,0.,0.));
#4250 = ORIENTED_EDGE('',*,*,#3243,.F.);
#4251 = ORIENTED_EDGE('',*,*,#3500,.T.);
#4252 = ORIENTED_EDGE('',*,*,#3616,.T.);
#4253 = PLANE('',#4254);
#4254 = AXIS2_PLACEMENT_3D('',#4255,#4256,#4257);
#4255 = CARTESIAN_POINT('',(-140.,115.,780.));
#4256 = DIRECTION('',(0.,0.,1.));
#4257 = DIRECTION('',(1.,0.,0.));
#4258 = ADVANCED_FACE('',(#4259),#4270,.F.);
#4259 = FACE_BOUND('',#4260,.F.);
#4260 = EDGE_LOOP('',(#4261,#4267,#4268,#4269));
#4261 = ORIENTED_EDGE('',*,*,#4262,.F.);
#4262 = EDGE_CURVE('',#3228,#3601,#4263,.T.);
#4263 = LINE('',#4264,#4265);
#4264 = CARTESIAN_POINT('',(-139.,118.,772.));
#4265 = VECTOR('',#4266,1.);
#4266 = DIRECTION('',(1.,0.,0.));
#4267 = ORIENTED_EDGE('',*,*,#3235,.T.);
#4268 = ORIENTED_EDGE('',*,*,#4245,.F.);
#4269 = ORIENTED_EDGE('',*,*,#3608,.F.);
#4270 = PLANE('',#4271);
#4271 = AXIS2_PLACEMENT_3D('',#4272,#4273,#4274);
#4272 = CARTESIAN_POINT('',(-139.,118.,772.));
#4273 = DIRECTION('',(0.,1.,0.));
#4274 = DIRECTION('',(0.,0.,1.));
#4275 = ADVANCED_FACE('',(#4276),#4299,.T.);
#4276 = FACE_BOUND('',#4277,.T.);
#4277 = EDGE_LOOP('',(#4278,#4279,#4280,#4289,#4296,#4297,#4298));
#4278 = ORIENTED_EDGE('',*,*,#4228,.F.);
#4279 = ORIENTED_EDGE('',*,*,#3195,.T.);
#4280 = ORIENTED_EDGE('',*,*,#4281,.F.);
#4281 = EDGE_CURVE('',#4282,#3187,#4284,.T.);
#4282 = VERTEX_POINT('',#4283);
#4283 = CARTESIAN_POINT('',(-104.6522856215,140.,223.));
#4284 = ELLIPSE('',#4285,12.560103759025,9.);
#4285 = AXIS2_PLACEMENT_3D('',#4286,#4287,#4288);
#4286 = CARTESIAN_POINT('',(-117.2123893805,140.,223.));
#4287 = DIRECTION('',(0.,0.,1.));
#4288 = DIRECTION('',(1.,0.,0.));
#4289 = ORIENTED_EDGE('',*,*,#4290,.F.);
#4290 = EDGE_CURVE('',#3179,#4282,#4291,.T.);
#4291 = ELLIPSE('',#4292,12.560103759025,9.);
#4292 = AXIS2_PLACEMENT_3D('',#4293,#4294,#4295);
#4293 = CARTESIAN_POINT('',(-117.2123893805,140.,223.));
#4294 = DIRECTION('',(0.,0.,1.));
#4295 = DIRECTION('',(1.,0.,0.));
#4296 = ORIENTED_EDGE('',*,*,#3178,.T.);
#4297 = ORIENTED_EDGE('',*,*,#3515,.T.);
#4298 = ORIENTED_EDGE('',*,*,#3542,.F.);
#4299 = PLANE('',#4300);
#4300 = AXIS2_PLACEMENT_3D('',#4301,#4302,#4303);
#4301 = CARTESIAN_POINT('',(-139.,118.,223.));
#4302 = DIRECTION('',(0.,0.,1.));
#4303 = DIRECTION('',(1.,0.,0.));
#4304 = ADVANCED_FACE('',(#4305),#4324,.F.);
#4305 = FACE_BOUND('',#4306,.F.);
#4306 = EDGE_LOOP('',(#4307,#4313,#4314,#4315,#4316,#4323));
#4307 = ORIENTED_EDGE('',*,*,#4308,.F.);
#4308 = EDGE_CURVE('',#3220,#3567,#4309,.T.);
#4309 = LINE('',#4310,#4311);
#4310 = CARTESIAN_POINT('',(-139.,162.,772.));
#4311 = VECTOR('',#4312,1.);
#4312 = DIRECTION('',(1.,0.,0.));
#4313 = ORIENTED_EDGE('',*,*,#3227,.T.);
#4314 = ORIENTED_EDGE('',*,*,#4262,.T.);
#4315 = ORIENTED_EDGE('',*,*,#3600,.F.);
#4316 = ORIENTED_EDGE('',*,*,#4317,.F.);
#4317 = EDGE_CURVE('',#3575,#3592,#4318,.T.);
#4318 = ELLIPSE('',#4319,12.560103759025,9.);
#4319 = AXIS2_PLACEMENT_3D('',#4320,#4321,#4322);
#4320 = CARTESIAN_POINT('',(-22.78761061946,140.,772.));
#4321 = DIRECTION('',(0.,0.,1.));
#4322 = DIRECTION('',(1.,0.,0.));
#4323 = ORIENTED_EDGE('',*,*,#3574,.F.);
#4324 = PLANE('',#4325);
#4325 = AXIS2_PLACEMENT_3D('',#4326,#4327,#4328);
#4326 = CARTESIAN_POINT('',(-139.,118.,772.));
#4327 = DIRECTION('',(0.,0.,1.));
#4328 = DIRECTION('',(1.,0.,0.));
#4329 = ADVANCED_FACE('',(#4330),#4351,.T.);
#4330 = FACE_BOUND('',#4331,.T.);
#4331 = EDGE_LOOP('',(#4332,#4333,#4339,#4340,#4341,#4342,#4343,#4344));
#4332 = ORIENTED_EDGE('',*,*,#3642,.F.);
#4333 = ORIENTED_EDGE('',*,*,#4334,.F.);
#4334 = EDGE_CURVE('',#4282,#3643,#4335,.T.);
#4335 = LINE('',#4336,#4337);
#4336 = CARTESIAN_POINT('',(-118.5510086895,140.,208.72222084825));
#4337 = VECTOR('',#4338,1.);
#4338 = DIRECTION('',(0.69753101686,0.,0.716554590047));
#4339 = ORIENTED_EDGE('',*,*,#4281,.T.);
#4340 = ORIENTED_EDGE('',*,*,#3186,.T.);
#4341 = ORIENTED_EDGE('',*,*,#4290,.T.);
#4342 = ORIENTED_EDGE('',*,*,#4334,.T.);
#4343 = ORIENTED_EDGE('',*,*,#3651,.F.);
#4344 = ORIENTED_EDGE('',*,*,#4345,.F.);
#4345 = EDGE_CURVE('',#3635,#3652,#4346,.T.);
#4346 = ELLIPSE('',#4347,12.560103759025,9.);
#4347 = AXIS2_PLACEMENT_3D('',#4348,#4349,#4350);
#4348 = CARTESIAN_POINT('',(-22.78761061946,140.,320.));
#4349 = DIRECTION('',(0.,0.,1.));
#4350 = DIRECTION('',(1.,0.,0.));
#4351 = CYLINDRICAL_SURFACE('',#4352,9.);
#4352 = AXIS2_PLACEMENT_3D('',#4353,#4354,#4355);
#4353 = CARTESIAN_POINT('',(-125.,140.,215.));
#4354 = DIRECTION('',(0.69753101686,0.,0.716554590047));
#4355 = DIRECTION('',(0.716554590047,0.,-0.69753101686));
#4356 = ADVANCED_FACE('',(#4357),#4368,.T.);
#4357 = FACE_BOUND('',#4358,.T.);
#4358 = EDGE_LOOP('',(#4359,#4360,#4361,#4367));
#4359 = ORIENTED_EDGE('',*,*,#4308,.F.);
#4360 = ORIENTED_EDGE('',*,*,#3219,.T.);
#4361 = ORIENTED_EDGE('',*,*,#4362,.F.);
#4362 = EDGE_CURVE('',#3559,#3212,#4363,.T.);
#4363 = LINE('',#4364,#4365);
#4364 = CARTESIAN_POINT('',(-139.5,162.,780.));
#4365 = VECTOR('',#4366,1.);
#4366 = DIRECTION('',(-1.,0.,0.));
#4367 = ORIENTED_EDGE('',*,*,#3566,.F.);
#4368 = PLANE('',#4369);
#4369 = AXIS2_PLACEMENT_3D('',#4370,#4371,#4372);
#4370 = CARTESIAN_POINT('',(-139.,162.,772.));
#4371 = DIRECTION('',(0.,1.,0.));
#4372 = DIRECTION('',(0.,0.,1.));
#4373 = ADVANCED_FACE('',(#4374),#4380,.F.);
#4374 = FACE_BOUND('',#4375,.F.);
#4375 = EDGE_LOOP('',(#4376,#4377,#4378,#4379));
#4376 = ORIENTED_EDGE('',*,*,#4213,.F.);
#4377 = ORIENTED_EDGE('',*,*,#3211,.F.);
#4378 = ORIENTED_EDGE('',*,*,#4362,.F.);
#4379 = ORIENTED_EDGE('',*,*,#3558,.T.);
#4380 = PLANE('',#4381);
#4381 = AXIS2_PLACEMENT_3D('',#4382,#4383,#4384);
#4382 = CARTESIAN_POINT('',(-140.,115.,780.));
#4383 = DIRECTION('',(0.,0.,1.));
#4384 = DIRECTION('',(1.,0.,0.));
#4385 = ADVANCED_FACE('',(#4386),#4404,.F.);
#4386 = FACE_BOUND('',#4387,.F.);
#4387 = EDGE_LOOP('',(#4388,#4394,#4395,#4401,#4402,#4403));
#4388 = ORIENTED_EDGE('',*,*,#4389,.F.);
#4389 = EDGE_CURVE('',#3252,#3625,#4390,.T.);
#4390 = LINE('',#4391,#4392);
#4391 = CARTESIAN_POINT('',(-139.,162.,320.));
#4392 = VECTOR('',#4393,1.);
#4393 = DIRECTION('',(1.,0.,0.));
#4394 = ORIENTED_EDGE('',*,*,#3251,.T.);
#4395 = ORIENTED_EDGE('',*,*,#4396,.T.);
#4396 = EDGE_CURVE('',#3254,#3661,#4397,.T.);
#4397 = LINE('',#4398,#4399);
#4398 = CARTESIAN_POINT('',(-139.,118.,320.));
#4399 = VECTOR('',#4400,1.);
#4400 = DIRECTION('',(1.,0.,0.));
#4401 = ORIENTED_EDGE('',*,*,#3660,.F.);
#4402 = ORIENTED_EDGE('',*,*,#4345,.F.);
#4403 = ORIENTED_EDGE('',*,*,#3634,.F.);
#4404 = PLANE('',#4405);
#4405 = AXIS2_PLACEMENT_3D('',#4406,#4407,#4408);
#4406 = CARTESIAN_POINT('',(-139.,118.,320.));
#4407 = DIRECTION('',(0.,0.,1.));
#4408 = DIRECTION('',(1.,0.,0.));
#4409 = ADVANCED_FACE('',(#4410),#4421,.T.);
#4410 = FACE_BOUND('',#4411,.T.);
#4411 = EDGE_LOOP('',(#4412,#4413,#4414,#4420));
#4412 = ORIENTED_EDGE('',*,*,#4389,.F.);
#4413 = ORIENTED_EDGE('',*,*,#3277,.T.);
#4414 = ORIENTED_EDGE('',*,*,#4415,.T.);
#4415 = EDGE_CURVE('',#3270,#3627,#4416,.T.);
#4416 = LINE('',#4417,#4418);
#4417 = CARTESIAN_POINT('',(-139.,162.,336.));
#4418 = VECTOR('',#4419,1.);
#4419 = DIRECTION('',(1.,0.,0.));
#4420 = ORIENTED_EDGE('',*,*,#3624,.F.);
#4421 = PLANE('',#4422);
#4422 = AXIS2_PLACEMENT_3D('',#4423,#4424,#4425);
#4423 = CARTESIAN_POINT('',(-139.,162.,320.));
#4424 = DIRECTION('',(0.,1.,0.));
#4425 = DIRECTION('',(0.,0.,1.));
#4426 = ADVANCED_FACE('',(#4427),#4438,.F.);
#4427 = FACE_BOUND('',#4428,.F.);
#4428 = EDGE_LOOP('',(#4429,#4430,#4431,#4437));
#4429 = ORIENTED_EDGE('',*,*,#4396,.F.);
#4430 = ORIENTED_EDGE('',*,*,#3261,.T.);
#4431 = ORIENTED_EDGE('',*,*,#4432,.T.);
#4432 = EDGE_CURVE('',#3262,#3669,#4433,.T.);
#4433 = LINE('',#4434,#4435);
#4434 = CARTESIAN_POINT('',(-139.,118.,336.));
#4435 = VECTOR('',#4436,1.);
#4436 = DIRECTION('',(1.,0.,0.));
#4437 = ORIENTED_EDGE('',*,*,#3668,.F.);
#4438 = PLANE('',#4439);
#4439 = AXIS2_PLACEMENT_3D('',#4440,#4441,#4442);
#4440 = CARTESIAN_POINT('',(-139.,118.,320.));
#4441 = DIRECTION('',(0.,1.,0.));
#4442 = DIRECTION('',(0.,0.,1.));
#4443 = ADVANCED_FACE('',(#4444),#4458,.T.);
#4444 = FACE_BOUND('',#4445,.T.);
#4445 = EDGE_LOOP('',(#4446,#4447,#4448,#4449,#4450,#4457));
#4446 = ORIENTED_EDGE('',*,*,#4415,.F.);
#4447 = ORIENTED_EDGE('',*,*,#3269,.T.);
#4448 = ORIENTED_EDGE('',*,*,#4432,.T.);
#4449 = ORIENTED_EDGE('',*,*,#3676,.F.);
#4450 = ORIENTED_EDGE('',*,*,#4451,.F.);
#4451 = EDGE_CURVE('',#3694,#3677,#4452,.T.);
#4452 = ELLIPSE('',#4453,12.560103759025,9.);
#4453 = AXIS2_PLACEMENT_3D('',#4454,#4455,#4456);
#4454 = CARTESIAN_POINT('',(-22.78761061946,140.,336.));
#4455 = DIRECTION('',(0.,0.,1.));
#4456 = DIRECTION('',(-1.,0.,0.));
#4457 = ORIENTED_EDGE('',*,*,#3702,.F.);
#4458 = PLANE('',#4459);
#4459 = AXIS2_PLACEMENT_3D('',#4460,#4461,#4462);
#4460 = CARTESIAN_POINT('',(-139.,118.,336.));
#4461 = DIRECTION('',(0.,0.,1.));
#4462 = DIRECTION('',(1.,0.,0.));
#4463 = ADVANCED_FACE('',(#4464),#4480,.T.);
#4464 = FACE_BOUND('',#4465,.T.);
#4465 = EDGE_LOOP('',(#4466,#4472,#4473,#4479));
#4466 = ORIENTED_EDGE('',*,*,#4467,.F.);
#4467 = EDGE_CURVE('',#3286,#3711,#4468,.T.);
#4468 = LINE('',#4469,#4470);
#4469 = CARTESIAN_POINT('',(-139.,162.,433.));
#4470 = VECTOR('',#4471,1.);
#4471 = DIRECTION('',(1.,0.,0.));
#4472 = ORIENTED_EDGE('',*,*,#3285,.T.);
#4473 = ORIENTED_EDGE('',*,*,#4474,.T.);
#4474 = EDGE_CURVE('',#3288,#3729,#4475,.T.);
#4475 = LINE('',#4476,#4477);
#4476 = CARTESIAN_POINT('',(-139.,162.,449.));
#4477 = VECTOR('',#4478,1.);
#4478 = DIRECTION('',(1.,0.,0.));
#4479 = ORIENTED_EDGE('',*,*,#3736,.F.);
#4480 = PLANE('',#4481);
#4481 = AXIS2_PLACEMENT_3D('',#4482,#4483,#4484);
#4482 = CARTESIAN_POINT('',(-139.,162.,433.));
#4483 = DIRECTION('',(0.,1.,0.));
#4484 = DIRECTION('',(0.,0.,1.));
#4485 = ADVANCED_FACE('',(#4486),#4514,.F.);
#4486 = FACE_BOUND('',#4487,.F.);
#4487 = EDGE_LOOP('',(#4488,#4489,#4490,#4499,#4506,#4507,#4513));
#4488 = ORIENTED_EDGE('',*,*,#4467,.F.);
#4489 = ORIENTED_EDGE('',*,*,#3295,.T.);
#4490 = ORIENTED_EDGE('',*,*,#4491,.F.);
#4491 = EDGE_CURVE('',#4492,#3296,#4494,.T.);
#4492 = VERTEX_POINT('',#4493);
#4493 = CARTESIAN_POINT('',(-104.6522856215,140.,433.));
#4494 = ELLIPSE('',#4495,12.560103759025,9.);
#4495 = AXIS2_PLACEMENT_3D('',#4496,#4497,#4498);
#4496 = CARTESIAN_POINT('',(-117.2123893805,140.,433.));
#4497 = DIRECTION('',(0.,0.,1.));
#4498 = DIRECTION('',(-1.,0.,0.));
#4499 = ORIENTED_EDGE('',*,*,#4500,.F.);
#4500 = EDGE_CURVE('',#3304,#4492,#4501,.T.);
#4501 = ELLIPSE('',#4502,12.560103759025,9.);
#4502 = AXIS2_PLACEMENT_3D('',#4503,#4504,#4505);
#4503 = CARTESIAN_POINT('',(-117.2123893805,140.,433.));
#4504 = DIRECTION('',(0.,0.,1.));
#4505 = DIRECTION('',(-1.,0.,0.));
#4506 = ORIENTED_EDGE('',*,*,#3312,.T.);
#4507 = ORIENTED_EDGE('',*,*,#4508,.T.);
#4508 = EDGE_CURVE('',#3313,#3713,#4509,.T.);
#4509 = LINE('',#4510,#4511);
#4510 = CARTESIAN_POINT('',(-139.,118.,433.));
#4511 = VECTOR('',#4512,1.);
#4512 = DIRECTION('',(1.,0.,0.));
#4513 = ORIENTED_EDGE('',*,*,#3710,.F.);
#4514 = PLANE('',#4515);
#4515 = AXIS2_PLACEMENT_3D('',#4516,#4517,#4518);
#4516 = CARTESIAN_POINT('',(-139.,118.,433.));
#4517 = DIRECTION('',(0.,0.,1.));
#4518 = DIRECTION('',(1.,0.,0.));
#4519 = ADVANCED_FACE('',(#4520),#4548,.T.);
#4520 = FACE_BOUND('',#4521,.T.);
#4521 = EDGE_LOOP('',(#4522,#4523,#4524,#4533,#4540,#4541,#4547));
#4522 = ORIENTED_EDGE('',*,*,#4474,.F.);
#4523 = ORIENTED_EDGE('',*,*,#3345,.T.);
#4524 = ORIENTED_EDGE('',*,*,#4525,.F.);
#4525 = EDGE_CURVE('',#4526,#3337,#4528,.T.);
#4526 = VERTEX_POINT('',#4527);
#4527 = CARTESIAN_POINT('',(-104.6522856215,140.,449.));
#4528 = ELLIPSE('',#4529,12.560103759025,9.);
#4529 = AXIS2_PLACEMENT_3D('',#4530,#4531,#4532);
#4530 = CARTESIAN_POINT('',(-117.2123893805,140.,449.));
#4531 = DIRECTION('',(0.,0.,1.));
#4532 = DIRECTION('',(1.,0.,0.));
#4533 = ORIENTED_EDGE('',*,*,#4534,.F.);
#4534 = EDGE_CURVE('',#3329,#4526,#4535,.T.);
#4535 = ELLIPSE('',#4536,12.560103759025,9.);
#4536 = AXIS2_PLACEMENT_3D('',#4537,#4538,#4539);
#4537 = CARTESIAN_POINT('',(-117.2123893805,140.,449.));
#4538 = DIRECTION('',(0.,0.,1.));
#4539 = DIRECTION('',(1.,0.,0.));
#4540 = ORIENTED_EDGE('',*,*,#3328,.T.);
#4541 = ORIENTED_EDGE('',*,*,#4542,.T.);
#4542 = EDGE_CURVE('',#3321,#3721,#4543,.T.);
#4543 = LINE('',#4544,#4545);
#4544 = CARTESIAN_POINT('',(-139.,118.,449.));
#4545 = VECTOR('',#4546,1.);
#4546 = DIRECTION('',(1.,0.,0.));
#4547 = ORIENTED_EDGE('',*,*,#3728,.F.);
#4548 = PLANE('',#4549);
#4549 = AXIS2_PLACEMENT_3D('',#4550,#4551,#4552);
#4550 = CARTESIAN_POINT('',(-139.,118.,449.));
#4551 = DIRECTION('',(0.,0.,1.));
#4552 = DIRECTION('',(1.,0.,0.));
#4553 = ADVANCED_FACE('',(#4554),#4569,.T.);
#4554 = FACE_BOUND('',#4555,.T.);
#4555 = EDGE_LOOP('',(#4556,#4557,#4563,#4564,#4565,#4566,#4567,#4568));
#4556 = ORIENTED_EDGE('',*,*,#4491,.F.);
#4557 = ORIENTED_EDGE('',*,*,#4558,.F.);
#4558 = EDGE_CURVE('',#3685,#4492,#4559,.T.);
#4559 = LINE('',#4560,#4561);
#4560 = CARTESIAN_POINT('',(-8.551008689574,140.,334.27777915174));
#4561 = VECTOR('',#4562,1.);
#4562 = DIRECTION('',(-0.69753101686,0.,0.716554590047));
#4563 = ORIENTED_EDGE('',*,*,#3693,.F.);
#4564 = ORIENTED_EDGE('',*,*,#4451,.T.);
#4565 = ORIENTED_EDGE('',*,*,#3684,.F.);
#4566 = ORIENTED_EDGE('',*,*,#4558,.T.);
#4567 = ORIENTED_EDGE('',*,*,#4500,.F.);
#4568 = ORIENTED_EDGE('',*,*,#3303,.T.);
#4569 = CYLINDRICAL_SURFACE('',#4570,9.);
#4570 = AXIS2_PLACEMENT_3D('',#4571,#4572,#4573);
#4571 = CARTESIAN_POINT('',(-15.,140.,328.));
#4572 = DIRECTION('',(-0.69753101686,0.,0.716554590047));
#4573 = DIRECTION('',(0.716554590047,0.,0.69753101686));
#4574 = ADVANCED_FACE('',(#4575),#4596,.T.);
#4575 = FACE_BOUND('',#4576,.T.);
#4576 = EDGE_LOOP('',(#4577,#4578,#4584,#4585,#4586,#4587,#4588,#4589));
#4577 = ORIENTED_EDGE('',*,*,#3762,.F.);
#4578 = ORIENTED_EDGE('',*,*,#4579,.F.);
#4579 = EDGE_CURVE('',#4526,#3763,#4580,.T.);
#4580 = LINE('',#4581,#4582);
#4581 = CARTESIAN_POINT('',(-118.5510086895,140.,434.72222084825));
#4582 = VECTOR('',#4583,1.);
#4583 = DIRECTION('',(0.69753101686,0.,0.716554590047));
#4584 = ORIENTED_EDGE('',*,*,#4525,.T.);
#4585 = ORIENTED_EDGE('',*,*,#3336,.T.);
#4586 = ORIENTED_EDGE('',*,*,#4534,.T.);
#4587 = ORIENTED_EDGE('',*,*,#4579,.T.);
#4588 = ORIENTED_EDGE('',*,*,#3771,.F.);
#4589 = ORIENTED_EDGE('',*,*,#4590,.F.);
#4590 = EDGE_CURVE('',#3755,#3772,#4591,.T.);
#4591 = ELLIPSE('',#4592,12.560103759025,9.);
#4592 = AXIS2_PLACEMENT_3D('',#4593,#4594,#4595);
#4593 = CARTESIAN_POINT('',(-22.78761061946,140.,546.));
#4594 = DIRECTION('',(0.,0.,1.));
#4595 = DIRECTION('',(1.,0.,0.));
#4596 = CYLINDRICAL_SURFACE('',#4597,9.);
#4597 = AXIS2_PLACEMENT_3D('',#4598,#4599,#4600);
#4598 = CARTESIAN_POINT('',(-125.,140.,441.));
#4599 = DIRECTION('',(0.69753101686,0.,0.716554590047));
#4600 = DIRECTION('',(0.716554590047,0.,-0.69753101686));
#4601 = ADVANCED_FACE('',(#4602),#4608,.F.);
#4602 = FACE_BOUND('',#4603,.F.);
#4603 = EDGE_LOOP('',(#4604,#4605,#4606,#4607));
#4604 = ORIENTED_EDGE('',*,*,#4508,.F.);
#4605 = ORIENTED_EDGE('',*,*,#3320,.T.);
#4606 = ORIENTED_EDGE('',*,*,#4542,.T.);
#4607 = ORIENTED_EDGE('',*,*,#3720,.F.);
#4608 = PLANE('',#4609);
#4609 = AXIS2_PLACEMENT_3D('',#4610,#4611,#4612);
#4610 = CARTESIAN_POINT('',(-139.,118.,433.));
#4611 = DIRECTION('',(0.,1.,0.));
#4612 = DIRECTION('',(0.,0.,1.));
#4613 = ADVANCED_FACE('',(#4614),#4632,.F.);
#4614 = FACE_BOUND('',#4615,.F.);
#4615 = EDGE_LOOP('',(#4616,#4622,#4623,#4629,#4630,#4631));
#4616 = ORIENTED_EDGE('',*,*,#4617,.F.);
#4617 = EDGE_CURVE('',#3354,#3745,#4618,.T.);
#4618 = LINE('',#4619,#4620);
#4619 = CARTESIAN_POINT('',(-139.,162.,546.));
#4620 = VECTOR('',#4621,1.);
#4621 = DIRECTION('',(1.,0.,0.));
#4622 = ORIENTED_EDGE('',*,*,#3353,.T.);
#4623 = ORIENTED_EDGE('',*,*,#4624,.T.);
#4624 = EDGE_CURVE('',#3356,#3781,#4625,.T.);
#4625 = LINE('',#4626,#4627);
#4626 = CARTESIAN_POINT('',(-139.,118.,546.));
#4627 = VECTOR('',#4628,1.);
#4628 = DIRECTION('',(1.,0.,0.));
#4629 = ORIENTED_EDGE('',*,*,#3780,.F.);
#4630 = ORIENTED_EDGE('',*,*,#4590,.F.);
#4631 = ORIENTED_EDGE('',*,*,#3754,.F.);
#4632 = PLANE('',#4633);
#4633 = AXIS2_PLACEMENT_3D('',#4634,#4635,#4636);
#4634 = CARTESIAN_POINT('',(-139.,118.,546.));
#4635 = DIRECTION('',(0.,0.,1.));
#4636 = DIRECTION('',(1.,0.,0.));
#4637 = ADVANCED_FACE('',(#4638),#4649,.T.);
#4638 = FACE_BOUND('',#4639,.T.);
#4639 = EDGE_LOOP('',(#4640,#4641,#4642,#4648));
#4640 = ORIENTED_EDGE('',*,*,#4617,.F.);
#4641 = ORIENTED_EDGE('',*,*,#3379,.T.);
#4642 = ORIENTED_EDGE('',*,*,#4643,.T.);
#4643 = EDGE_CURVE('',#3372,#3747,#4644,.T.);
#4644 = LINE('',#4645,#4646);
#4645 = CARTESIAN_POINT('',(-139.,162.,562.));
#4646 = VECTOR('',#4647,1.);
#4647 = DIRECTION('',(1.,0.,0.));
#4648 = ORIENTED_EDGE('',*,*,#3744,.F.);
#4649 = PLANE('',#4650);
#4650 = AXIS2_PLACEMENT_3D('',#4651,#4652,#4653);
#4651 = CARTESIAN_POINT('',(-139.,162.,546.));
#4652 = DIRECTION('',(0.,1.,0.));
#4653 = DIRECTION('',(0.,0.,1.));
#4654 = ADVANCED_FACE('',(#4655),#4666,.F.);
#4655 = FACE_BOUND('',#4656,.F.);
#4656 = EDGE_LOOP('',(#4657,#4658,#4659,#4665));
#4657 = ORIENTED_EDGE('',*,*,#4624,.F.);
#4658 = ORIENTED_EDGE('',*,*,#3363,.T.);
#4659 = ORIENTED_EDGE('',*,*,#4660,.T.);
#4660 = EDGE_CURVE('',#3364,#3789,#4661,.T.);
#4661 = LINE('',#4662,#4663);
#4662 = CARTESIAN_POINT('',(-139.,118.,562.));
#4663 = VECTOR('',#4664,1.);
#4664 = DIRECTION('',(1.,0.,0.));
#4665 = ORIENTED_EDGE('',*,*,#3788,.F.);
#4666 = PLANE('',#4667);
#4667 = AXIS2_PLACEMENT_3D('',#4668,#4669,#4670);
#4668 = CARTESIAN_POINT('',(-139.,118.,546.));
#4669 = DIRECTION('',(0.,1.,0.));
#4670 = DIRECTION('',(0.,0.,1.));
#4671 = ADVANCED_FACE('',(#4672),#4686,.T.);
#4672 = FACE_BOUND('',#4673,.T.);
#4673 = EDGE_LOOP('',(#4674,#4675,#4676,#4677,#4678,#4685));
#4674 = ORIENTED_EDGE('',*,*,#4643,.F.);
#4675 = ORIENTED_EDGE('',*,*,#3371,.T.);
#4676 = ORIENTED_EDGE('',*,*,#4660,.T.);
#4677 = ORIENTED_EDGE('',*,*,#3796,.F.);
#4678 = ORIENTED_EDGE('',*,*,#4679,.F.);
#4679 = EDGE_CURVE('',#3814,#3797,#4680,.T.);
#4680 = ELLIPSE('',#4681,12.560103759025,9.);
#4681 = AXIS2_PLACEMENT_3D('',#4682,#4683,#4684);
#4682 = CARTESIAN_POINT('',(-22.78761061946,140.,562.));
#4683 = DIRECTION('',(0.,0.,1.));
#4684 = DIRECTION('',(-1.,0.,0.));
#4685 = ORIENTED_EDGE('',*,*,#3822,.F.);
#4686 = PLANE('',#4687);
#4687 = AXIS2_PLACEMENT_3D('',#4688,#4689,#4690);
#4688 = CARTESIAN_POINT('',(-139.,118.,562.));
#4689 = DIRECTION('',(0.,0.,1.));
#4690 = DIRECTION('',(1.,0.,0.));
#4691 = ADVANCED_FACE('',(#4692),#4708,.T.);
#4692 = FACE_BOUND('',#4693,.T.);
#4693 = EDGE_LOOP('',(#4694,#4700,#4701,#4707));
#4694 = ORIENTED_EDGE('',*,*,#4695,.F.);
#4695 = EDGE_CURVE('',#3388,#3831,#4696,.T.);
#4696 = LINE('',#4697,#4698);
#4697 = CARTESIAN_POINT('',(-139.,162.,659.));
#4698 = VECTOR('',#4699,1.);
#4699 = DIRECTION('',(1.,0.,0.));
#4700 = ORIENTED_EDGE('',*,*,#3387,.T.);
#4701 = ORIENTED_EDGE('',*,*,#4702,.T.);
#4702 = EDGE_CURVE('',#3390,#3849,#4703,.T.);
#4703 = LINE('',#4704,#4705);
#4704 = CARTESIAN_POINT('',(-139.,162.,675.));
#4705 = VECTOR('',#4706,1.);
#4706 = DIRECTION('',(1.,0.,0.));
#4707 = ORIENTED_EDGE('',*,*,#3856,.F.);
#4708 = PLANE('',#4709);
#4709 = AXIS2_PLACEMENT_3D('',#4710,#4711,#4712);
#4710 = CARTESIAN_POINT('',(-139.,162.,659.));
#4711 = DIRECTION('',(0.,1.,0.));
#4712 = DIRECTION('',(0.,0.,1.));
#4713 = ADVANCED_FACE('',(#4714),#4742,.T.);
#4714 = FACE_BOUND('',#4715,.T.);
#4715 = EDGE_LOOP('',(#4716,#4717,#4718,#4727,#4734,#4735,#4741));
#4716 = ORIENTED_EDGE('',*,*,#4702,.F.);
#4717 = ORIENTED_EDGE('',*,*,#3447,.T.);
#4718 = ORIENTED_EDGE('',*,*,#4719,.F.);
#4719 = EDGE_CURVE('',#4720,#3439,#4722,.T.);
#4720 = VERTEX_POINT('',#4721);
#4721 = CARTESIAN_POINT('',(-104.6522856215,140.,675.));
#4722 = ELLIPSE('',#4723,12.560103759025,9.);
#4723 = AXIS2_PLACEMENT_3D('',#4724,#4725,#4726);
#4724 = CARTESIAN_POINT('',(-117.2123893805,140.,675.));
#4725 = DIRECTION('',(0.,0.,1.));
#4726 = DIRECTION('',(1.,0.,0.));
#4727 = ORIENTED_EDGE('',*,*,#4728,.F.);
#4728 = EDGE_CURVE('',#3431,#4720,#4729,.T.);
#4729 = ELLIPSE('',#4730,12.560103759025,9.);
#4730 = AXIS2_PLACEMENT_3D('',#4731,#4732,#4733);
#4731 = CARTESIAN_POINT('',(-117.2123893805,140.,675.));
#4732 = DIRECTION('',(0.,0.,1.));
#4733 = DIRECTION('',(1.,0.,0.));
#4734 = ORIENTED_EDGE('',*,*,#3430,.T.);
#4735 = ORIENTED_EDGE('',*,*,#4736,.T.);
#4736 = EDGE_CURVE('',#3423,#3841,#4737,.T.);
#4737 = LINE('',#4738,#4739);
#4738 = CARTESIAN_POINT('',(-139.,118.,675.));
#4739 = VECTOR('',#4740,1.);
#4740 = DIRECTION('',(1.,0.,0.));
#4741 = ORIENTED_EDGE('',*,*,#3848,.F.);
#4742 = PLANE('',#4743);
#4743 = AXIS2_PLACEMENT_3D('',#4744,#4745,#4746);
#4744 = CARTESIAN_POINT('',(-139.,118.,675.));
#4745 = DIRECTION('',(0.,0.,1.));
#4746 = DIRECTION('',(1.,0.,0.));
#4747 = ADVANCED_FACE('',(#4748),#4763,.T.);
#4748 = FACE_BOUND('',#4749,.T.);
#4749 = EDGE_LOOP('',(#4750,#4751,#4757,#4758,#4759,#4760,#4761,#4762));
#4750 = ORIENTED_EDGE('',*,*,#3582,.F.);
#4751 = ORIENTED_EDGE('',*,*,#4752,.F.);
#4752 = EDGE_CURVE('',#4720,#3583,#4753,.T.);
#4753 = LINE('',#4754,#4755);
#4754 = CARTESIAN_POINT('',(-118.5510086895,140.,660.72222084825));
#4755 = VECTOR('',#4756,1.);
#4756 = DIRECTION('',(0.69753101686,0.,0.716554590047));
#4757 = ORIENTED_EDGE('',*,*,#4719,.T.);
#4758 = ORIENTED_EDGE('',*,*,#3438,.T.);
#4759 = ORIENTED_EDGE('',*,*,#4728,.T.);
#4760 = ORIENTED_EDGE('',*,*,#4752,.T.);
#4761 = ORIENTED_EDGE('',*,*,#3591,.F.);
#4762 = ORIENTED_EDGE('',*,*,#4317,.F.);
#4763 = CYLINDRICAL_SURFACE('',#4764,9.);
#4764 = AXIS2_PLACEMENT_3D('',#4765,#4766,#4767);
#4765 = CARTESIAN_POINT('',(-125.,140.,667.));
#4766 = DIRECTION('',(0.69753101686,0.,0.716554590047));
#4767 = DIRECTION('',(0.716554590047,0.,-0.69753101686));
#4768 = ADVANCED_FACE('',(#4769),#4780,.F.);
#4769 = FACE_BOUND('',#4770,.F.);
#4770 = EDGE_LOOP('',(#4771,#4777,#4778,#4779));
#4771 = ORIENTED_EDGE('',*,*,#4772,.F.);
#4772 = EDGE_CURVE('',#3415,#3833,#4773,.T.);
#4773 = LINE('',#4774,#4775);
#4774 = CARTESIAN_POINT('',(-139.,118.,659.));
#4775 = VECTOR('',#4776,1.);
#4776 = DIRECTION('',(1.,0.,0.));
#4777 = ORIENTED_EDGE('',*,*,#3422,.T.);
#4778 = ORIENTED_EDGE('',*,*,#4736,.T.);
#4779 = ORIENTED_EDGE('',*,*,#3840,.F.);
#4780 = PLANE('',#4781);
#4781 = AXIS2_PLACEMENT_3D('',#4782,#4783,#4784);
#4782 = CARTESIAN_POINT('',(-139.,118.,659.));
#4783 = DIRECTION('',(0.,1.,0.));
#4784 = DIRECTION('',(0.,0.,1.));
#4785 = ADVANCED_FACE('',(#4786),#4809,.F.);
#4786 = FACE_BOUND('',#4787,.F.);
#4787 = EDGE_LOOP('',(#4788,#4789,#4790,#4799,#4806,#4807,#4808));
#4788 = ORIENTED_EDGE('',*,*,#4695,.F.);
#4789 = ORIENTED_EDGE('',*,*,#3397,.T.);
#4790 = ORIENTED_EDGE('',*,*,#4791,.F.);
#4791 = EDGE_CURVE('',#4792,#3398,#4794,.T.);
#4792 = VERTEX_POINT('',#4793);
#4793 = CARTESIAN_POINT('',(-104.6522856215,140.,659.));
#4794 = ELLIPSE('',#4795,12.560103759025,9.);
#4795 = AXIS2_PLACEMENT_3D('',#4796,#4797,#4798);
#4796 = CARTESIAN_POINT('',(-117.2123893805,140.,659.));
#4797 = DIRECTION('',(0.,0.,1.));
#4798 = DIRECTION('',(-1.,0.,0.));
#4799 = ORIENTED_EDGE('',*,*,#4800,.F.);
#4800 = EDGE_CURVE('',#3406,#4792,#4801,.T.);
#4801 = ELLIPSE('',#4802,12.560103759025,9.);
#4802 = AXIS2_PLACEMENT_3D('',#4803,#4804,#4805);
#4803 = CARTESIAN_POINT('',(-117.2123893805,140.,659.));
#4804 = DIRECTION('',(0.,0.,1.));
#4805 = DIRECTION('',(-1.,0.,0.));
#4806 = ORIENTED_EDGE('',*,*,#3414,.T.);
#4807 = ORIENTED_EDGE('',*,*,#4772,.T.);
#4808 = ORIENTED_EDGE('',*,*,#3830,.F.);
#4809 = PLANE('',#4810);
#4810 = AXIS2_PLACEMENT_3D('',#4811,#4812,#4813);
#4811 = CARTESIAN_POINT('',(-139.,118.,659.));
#4812 = DIRECTION('',(0.,0.,1.));
#4813 = DIRECTION('',(1.,0.,0.));
#4814 = ADVANCED_FACE('',(#4815),#4830,.T.);
#4815 = FACE_BOUND('',#4816,.T.);
#4816 = EDGE_LOOP('',(#4817,#4818,#4824,#4825,#4826,#4827,#4828,#4829));
#4817 = ORIENTED_EDGE('',*,*,#4791,.F.);
#4818 = ORIENTED_EDGE('',*,*,#4819,.F.);
#4819 = EDGE_CURVE('',#3805,#4792,#4820,.T.);
#4820 = LINE('',#4821,#4822);
#4821 = CARTESIAN_POINT('',(-8.551008689574,140.,560.27777915174));
#4822 = VECTOR('',#4823,1.);
#4823 = DIRECTION('',(-0.69753101686,0.,0.716554590047));
#4824 = ORIENTED_EDGE('',*,*,#3813,.F.);
#4825 = ORIENTED_EDGE('',*,*,#4679,.T.);
#4826 = ORIENTED_EDGE('',*,*,#3804,.F.);
#4827 = ORIENTED_EDGE('',*,*,#4819,.T.);
#4828 = ORIENTED_EDGE('',*,*,#4800,.F.);
#4829 = ORIENTED_EDGE('',*,*,#3405,.T.);
#4830 = CYLINDRICAL_SURFACE('',#4831,9.);
#4831 = AXIS2_PLACEMENT_3D('',#4832,#4833,#4834);
#4832 = CARTESIAN_POINT('',(-15.,140.,554.));
#4833 = DIRECTION('',(-0.69753101686,0.,0.716554590047));
#4834 = DIRECTION('',(0.716554590047,0.,0.69753101686));
#4835 = ADVANCED_FACE('',(#4836),#4854,.F.);
#4836 = FACE_BOUND('',#4837,.F.);
#4837 = EDGE_LOOP('',(#4838,#4839,#4840,#4846,#4847,#4848));
#4838 = ORIENTED_EDGE('',*,*,#4206,.F.);
#4839 = ORIENTED_EDGE('',*,*,#3896,.F.);
#4840 = ORIENTED_EDGE('',*,*,#4841,.F.);
#4841 = EDGE_CURVE('',#3921,#3897,#4842,.T.);
#4842 = LINE('',#4843,#4844);
#4843 = CARTESIAN_POINT('',(-1.,115.,780.));
#4844 = VECTOR('',#4845,1.);
#4845 = DIRECTION('',(0.,1.,0.));
#4846 = ORIENTED_EDGE('',*,*,#3928,.F.);
#4847 = ORIENTED_EDGE('',*,*,#3493,.T.);
#4848 = ORIENTED_EDGE('',*,*,#4849,.T.);
#4849 = EDGE_CURVE('',#3486,#4199,#4850,.T.);
#4850 = LINE('',#4851,#4852);
#4851 = CARTESIAN_POINT('',(0.,115.,780.));
#4852 = VECTOR('',#4853,1.);
#4853 = DIRECTION('',(0.,1.,0.));
#4854 = PLANE('',#4855);
#4855 = AXIS2_PLACEMENT_3D('',#4856,#4857,#4858);
#4856 = CARTESIAN_POINT('',(-140.,115.,780.));
#4857 = DIRECTION('',(0.,0.,1.));
#4858 = DIRECTION('',(1.,0.,0.));
#4859 = ADVANCED_FACE('',(#4860),#4871,.T.);
#4860 = FACE_BOUND('',#4861,.T.);
#4861 = EDGE_LOOP('',(#4862,#4863,#4864,#4865));
#4862 = ORIENTED_EDGE('',*,*,#3485,.F.);
#4863 = ORIENTED_EDGE('',*,*,#4849,.T.);
#4864 = ORIENTED_EDGE('',*,*,#4198,.T.);
#4865 = ORIENTED_EDGE('',*,*,#4866,.F.);
#4866 = EDGE_CURVE('',#3478,#4191,#4867,.T.);
#4867 = LINE('',#4868,#4869);
#4868 = CARTESIAN_POINT('',(0.,115.,860.));
#4869 = VECTOR('',#4870,1.);
#4870 = DIRECTION('',(0.,1.,0.));
#4871 = PLANE('',#4872);
#4872 = AXIS2_PLACEMENT_3D('',#4873,#4874,#4875);
#4873 = CARTESIAN_POINT('',(0.,115.,780.));
#4874 = DIRECTION('',(1.,0.,0.));
#4875 = DIRECTION('',(0.,0.,1.));
#4876 = ADVANCED_FACE('',(#4877),#4888,.T.);
#4877 = FACE_BOUND('',#4878,.T.);
#4878 = EDGE_LOOP('',(#4879,#4885,#4886,#4887));
#4879 = ORIENTED_EDGE('',*,*,#4880,.F.);
#4880 = EDGE_CURVE('',#3470,#4183,#4881,.T.);
#4881 = LINE('',#4882,#4883);
#4882 = CARTESIAN_POINT('',(-140.,115.,860.));
#4883 = VECTOR('',#4884,1.);
#4884 = DIRECTION('',(0.,1.,0.));
#4885 = ORIENTED_EDGE('',*,*,#3477,.T.);
#4886 = ORIENTED_EDGE('',*,*,#4866,.T.);
#4887 = ORIENTED_EDGE('',*,*,#4190,.F.);
#4888 = PLANE('',#4889);
#4889 = AXIS2_PLACEMENT_3D('',#4890,#4891,#4892);
#4890 = CARTESIAN_POINT('',(-140.,115.,860.));
#4891 = DIRECTION('',(0.,0.,1.));
#4892 = DIRECTION('',(1.,0.,0.));
#4893 = ADVANCED_FACE('',(#4894),#4900,.F.);
#4894 = FACE_BOUND('',#4895,.F.);
#4895 = EDGE_LOOP('',(#4896,#4897,#4898,#4899));
#4896 = ORIENTED_EDGE('',*,*,#3469,.F.);
#4897 = ORIENTED_EDGE('',*,*,#4098,.T.);
#4898 = ORIENTED_EDGE('',*,*,#4182,.T.);
#4899 = ORIENTED_EDGE('',*,*,#4880,.F.);
#4900 = PLANE('',#4901);
#4901 = AXIS2_PLACEMENT_3D('',#4902,#4903,#4904);
#4902 = CARTESIAN_POINT('',(-140.,115.,780.));
#4903 = DIRECTION('',(1.,0.,0.));
#4904 = DIRECTION('',(0.,0.,1.));
#4905 = ADVANCED_FACE('',(#4906),#4912,.T.);
#4906 = FACE_BOUND('',#4907,.T.);
#4907 = EDGE_LOOP('',(#4908,#4909,#4910,#4911));
#4908 = ORIENTED_EDGE('',*,*,#4841,.F.);
#4909 = ORIENTED_EDGE('',*,*,#3920,.F.);
#4910 = ORIENTED_EDGE('',*,*,#3912,.T.);
#4911 = ORIENTED_EDGE('',*,*,#3904,.T.);
#4912 = PLANE('',#4913);
#4913 = AXIS2_PLACEMENT_3D('',#4914,#4915,#4916);
#4914 = CARTESIAN_POINT('',(-1.,115.,215.));
#4915 = DIRECTION('',(1.,0.,0.));
#4916 = DIRECTION('',(0.,0.,1.));
#4917 = ADVANCED_FACE('',(#4918),#4924,.T.);
#4918 = FACE_BOUND('',#4919,.T.);
#4919 = EDGE_LOOP('',(#4920,#4921,#4922,#4923));
#4920 = ORIENTED_EDGE('',*,*,#3946,.F.);
#4921 = ORIENTED_EDGE('',*,*,#3936,.T.);
#4922 = ORIENTED_EDGE('',*,*,#3962,.T.);
#4923 = ORIENTED_EDGE('',*,*,#3954,.F.);
#4924 = PLANE('',#4925);
#4925 = AXIS2_PLACEMENT_3D('',#4926,#4927,#4928);
#4926 = CARTESIAN_POINT('',(-1.,115.,215.));
#4927 = DIRECTION('',(1.,0.,0.));
#4928 = DIRECTION('',(0.,0.,1.));
#4929 = ADVANCED_FACE('',(#4930),#4936,.T.);
#4930 = FACE_BOUND('',#4931,.T.);
#4931 = EDGE_LOOP('',(#4932,#4933,#4934,#4935));
#4932 = ORIENTED_EDGE('',*,*,#3980,.F.);
#4933 = ORIENTED_EDGE('',*,*,#3970,.T.);
#4934 = ORIENTED_EDGE('',*,*,#3996,.T.);
#4935 = ORIENTED_EDGE('',*,*,#3988,.F.);
#4936 = PLANE('',#4937);
#4937 = AXIS2_PLACEMENT_3D('',#4938,#4939,#4940);
#4938 = CARTESIAN_POINT('',(-1.,115.,215.));
#4939 = DIRECTION('',(1.,0.,0.));
#4940 = DIRECTION('',(0.,0.,1.));
#4941 = ADVANCED_FACE('',(#4942),#4948,.T.);
#4942 = FACE_BOUND('',#4943,.T.);
#4943 = EDGE_LOOP('',(#4944,#4945,#4946,#4947));
#4944 = ORIENTED_EDGE('',*,*,#4014,.F.);
#4945 = ORIENTED_EDGE('',*,*,#4004,.T.);
#4946 = ORIENTED_EDGE('',*,*,#4030,.T.);
#4947 = ORIENTED_EDGE('',*,*,#4022,.F.);
#4948 = PLANE('',#4949);
#4949 = AXIS2_PLACEMENT_3D('',#4950,#4951,#4952);
#4950 = CARTESIAN_POINT('',(-1.,115.,215.));
#4951 = DIRECTION('',(1.,0.,0.));
#4952 = DIRECTION('',(0.,0.,1.));
#4953 = ADVANCED_FACE('',(#4954),#4960,.T.);
#4954 = FACE_BOUND('',#4955,.T.);
#4955 = EDGE_LOOP('',(#4956,#4957,#4958,#4959));
#4956 = ORIENTED_EDGE('',*,*,#4048,.F.);
#4957 = ORIENTED_EDGE('',*,*,#4038,.T.);
#4958 = ORIENTED_EDGE('',*,*,#4064,.T.);
#4959 = ORIENTED_EDGE('',*,*,#4056,.F.);
#4960 = PLANE('',#4961);
#4961 = AXIS2_PLACEMENT_3D('',#4962,#4963,#4964);
#4962 = CARTESIAN_POINT('',(-1.,115.,215.));
#4963 = DIRECTION('',(1.,0.,0.));
#4964 = DIRECTION('',(0.,0.,1.));
#4965 = MANIFOLD_SOLID_BREP('',#4966);
#4966 = CLOSED_SHELL('',(#4967,#5000,#5020,#5029,#5054,#5074,#5099,#5119
    ,#5178,#5220,#5284,#5324,#5381,#5406,#5424,#5466,#5505,#5544,#5572,
    #5589,#5611,#5685,#5766,#5798,#5810,#5837,#5925,#6013,#6037,#6068,
    #6093,#6118,#6140,#6157,#6174,#6232,#6321,#6434,#6466,#6488,#6593,
    #6688,#6710,#6722,#6733,#6776,#6798,#6815,#6866,#6883,#6900,#6917,
    #6934,#6951,#6975,#6987,#6999,#7011,#7023,#7063,#7080,#7097,#7120,
    #7183,#7207,#7229,#7246,#7272,#7289,#7301,#7325,#7381,#7404,#7435,
    #7459,#7483,#7840,#7876,#7901,#7929,#7941,#7972,#8005,#8030,#8061,
    #8101,#8118,#8140,#8172,#8198,#8222,#8247,#8271,#8296,#8320,#8353,
    #8365,#8396,#8420,#8444,#8461,#8492,#8516,#8540,#8557,#8588,#8612,
    #8636,#8653,#8684,#8708,#8732,#8749,#8780,#8804,#8828,#8845,#8876,
    #8900,#8924,#8941,#8972,#8996,#9020,#9037,#9068,#9092,#9116,#9133,
    #9164,#9188,#9212,#9229,#9260,#9284,#9308,#9325,#9350,#9375,#9406,
    #9423,#9435,#9468,#9492,#9509,#9526,#9543,#9555,#9572,#9596,#9613,
    #9625,#9637,#9649,#9661,#9673,#9685,#9697,#9709,#9721,#9733,#9742,
    #9751,#9770));
#4967 = ADVANCED_FACE('',(#4968),#4995,.T.);
#4968 = FACE_BOUND('',#4969,.T.);
#4969 = EDGE_LOOP('',(#4970,#4979,#4987,#4994));
#4970 = ORIENTED_EDGE('',*,*,#4971,.F.);
#4971 = EDGE_CURVE('',#4972,#4972,#4974,.T.);
#4972 = VERTEX_POINT('',#4973);
#4973 = CARTESIAN_POINT('',(127.,-185.,107.5));
#4974 = CIRCLE('',#4975,27.);
#4975 = AXIS2_PLACEMENT_3D('',#4976,#4977,#4978);
#4976 = CARTESIAN_POINT('',(100.,-185.,107.5));
#4977 = DIRECTION('',(0.,0.,1.));
#4978 = DIRECTION('',(1.,0.,0.));
#4979 = ORIENTED_EDGE('',*,*,#4980,.F.);
#4980 = EDGE_CURVE('',#4981,#4972,#4983,.T.);
#4981 = VERTEX_POINT('',#4982);
#4982 = CARTESIAN_POINT('',(127.,-185.,96.));
#4983 = LINE('',#4984,#4985);
#4984 = CARTESIAN_POINT('',(127.,-185.,96.));
#4985 = VECTOR('',#4986,1.);
#4986 = DIRECTION('',(0.,0.,1.));
#4987 = ORIENTED_EDGE('',*,*,#4988,.T.);
#4988 = EDGE_CURVE('',#4981,#4981,#4989,.T.);
#4989 = CIRCLE('',#4990,27.);
#4990 = AXIS2_PLACEMENT_3D('',#4991,#4992,#4993);
#4991 = CARTESIAN_POINT('',(100.,-185.,96.));
#4992 = DIRECTION('',(0.,0.,1.));
#4993 = DIRECTION('',(1.,0.,0.));
#4994 = ORIENTED_EDGE('',*,*,#4980,.T.);
#4995 = CYLINDRICAL_SURFACE('',#4996,27.);
#4996 = AXIS2_PLACEMENT_3D('',#4997,#4998,#4999);
#4997 = CARTESIAN_POINT('',(100.,-185.,96.));
#4998 = DIRECTION('',(0.,0.,1.));
#4999 = DIRECTION('',(1.,0.,0.));
#5000 = ADVANCED_FACE('',(#5001,#5004),#5015,.T.);
#5001 = FACE_BOUND('',#5002,.T.);
#5002 = EDGE_LOOP('',(#5003));
#5003 = ORIENTED_EDGE('',*,*,#4971,.T.);
#5004 = FACE_BOUND('',#5005,.T.);
#5005 = EDGE_LOOP('',(#5006));
#5006 = ORIENTED_EDGE('',*,*,#5007,.F.);
#5007 = EDGE_CURVE('',#5008,#5008,#5010,.T.);
#5008 = VERTEX_POINT('',#5009);
#5009 = CARTESIAN_POINT('',(119.,-185.,107.5));
#5010 = CIRCLE('',#5011,19.);
#5011 = AXIS2_PLACEMENT_3D('',#5012,#5013,#5014);
#5012 = CARTESIAN_POINT('',(100.,-185.,107.5));
#5013 = DIRECTION('',(0.,0.,1.));
#5014 = DIRECTION('',(1.,0.,0.));
#5015 = PLANE('',#5016);
#5016 = AXIS2_PLACEMENT_3D('',#5017,#5018,#5019);
#5017 = CARTESIAN_POINT('',(100.,-185.,107.5));
#5018 = DIRECTION('',(0.,0.,1.));
#5019 = DIRECTION('',(1.,0.,0.));
#5020 = ADVANCED_FACE('',(#5021),#5024,.F.);
#5021 = FACE_BOUND('',#5022,.T.);
#5022 = EDGE_LOOP('',(#5023));
#5023 = ORIENTED_EDGE('',*,*,#4988,.F.);
#5024 = PLANE('',#5025);
#5025 = AXIS2_PLACEMENT_3D('',#5026,#5027,#5028);
#5026 = CARTESIAN_POINT('',(100.,-185.,96.));
#5027 = DIRECTION('',(0.,0.,1.));
#5028 = DIRECTION('',(1.,0.,0.));
#5029 = ADVANCED_FACE('',(#5030),#5049,.T.);
#5030 = FACE_BOUND('',#5031,.T.);
#5031 = EDGE_LOOP('',(#5032,#5041,#5047,#5048));
#5032 = ORIENTED_EDGE('',*,*,#5033,.F.);
#5033 = EDGE_CURVE('',#5034,#5034,#5036,.T.);
#5034 = VERTEX_POINT('',#5035);
#5035 = CARTESIAN_POINT('',(119.,-185.,119.));
#5036 = CIRCLE('',#5037,19.);
#5037 = AXIS2_PLACEMENT_3D('',#5038,#5039,#5040);
#5038 = CARTESIAN_POINT('',(100.,-185.,119.));
#5039 = DIRECTION('',(0.,0.,1.));
#5040 = DIRECTION('',(1.,0.,0.));
#5041 = ORIENTED_EDGE('',*,*,#5042,.F.);
#5042 = EDGE_CURVE('',#5008,#5034,#5043,.T.);
#5043 = LINE('',#5044,#5045);
#5044 = CARTESIAN_POINT('',(119.,-185.,107.5));
#5045 = VECTOR('',#5046,1.);
#5046 = DIRECTION('',(0.,0.,1.));
#5047 = ORIENTED_EDGE('',*,*,#5007,.T.);
#5048 = ORIENTED_EDGE('',*,*,#5042,.T.);
#5049 = CYLINDRICAL_SURFACE('',#5050,19.);
#5050 = AXIS2_PLACEMENT_3D('',#5051,#5052,#5053);
#5051 = CARTESIAN_POINT('',(100.,-185.,107.5));
#5052 = DIRECTION('',(0.,0.,1.));
#5053 = DIRECTION('',(1.,0.,0.));
#5054 = ADVANCED_FACE('',(#5055,#5066),#5069,.F.);
#5055 = FACE_BOUND('',#5056,.F.);
#5056 = EDGE_LOOP('',(#5057));
#5057 = ORIENTED_EDGE('',*,*,#5058,.T.);
#5058 = EDGE_CURVE('',#5059,#5059,#5061,.T.);
#5059 = VERTEX_POINT('',#5060);
#5060 = CARTESIAN_POINT('',(127.,-185.,119.));
#5061 = CIRCLE('',#5062,27.);
#5062 = AXIS2_PLACEMENT_3D('',#5063,#5064,#5065);
#5063 = CARTESIAN_POINT('',(100.,-185.,119.));
#5064 = DIRECTION('',(0.,0.,1.));
#5065 = DIRECTION('',(1.,0.,0.));
#5066 = FACE_BOUND('',#5067,.F.);
#5067 = EDGE_LOOP('',(#5068));
#5068 = ORIENTED_EDGE('',*,*,#5033,.F.);
#5069 = PLANE('',#5070);
#5070 = AXIS2_PLACEMENT_3D('',#5071,#5072,#5073);
#5071 = CARTESIAN_POINT('',(100.,-185.,119.));
#5072 = DIRECTION('',(0.,0.,1.));
#5073 = DIRECTION('',(1.,0.,0.));
#5074 = ADVANCED_FACE('',(#5075),#5094,.T.);
#5075 = FACE_BOUND('',#5076,.T.);
#5076 = EDGE_LOOP('',(#5077,#5086,#5092,#5093));
#5077 = ORIENTED_EDGE('',*,*,#5078,.F.);
#5078 = EDGE_CURVE('',#5079,#5079,#5081,.T.);
#5079 = VERTEX_POINT('',#5080);
#5080 = CARTESIAN_POINT('',(127.,-185.,130.5));
#5081 = CIRCLE('',#5082,27.);
#5082 = AXIS2_PLACEMENT_3D('',#5083,#5084,#5085);
#5083 = CARTESIAN_POINT('',(100.,-185.,130.5));
#5084 = DIRECTION('',(0.,0.,1.));
#5085 = DIRECTION('',(1.,0.,0.));
#5086 = ORIENTED_EDGE('',*,*,#5087,.F.);
#5087 = EDGE_CURVE('',#5059,#5079,#5088,.T.);
#5088 = LINE('',#5089,#5090);
#5089 = CARTESIAN_POINT('',(127.,-185.,119.));
#5090 = VECTOR('',#5091,1.);
#5091 = DIRECTION('',(0.,0.,1.));
#5092 = ORIENTED_EDGE('',*,*,#5058,.T.);
#5093 = ORIENTED_EDGE('',*,*,#5087,.T.);
#5094 = CYLINDRICAL_SURFACE('',#5095,27.);
#5095 = AXIS2_PLACEMENT_3D('',#5096,#5097,#5098);
#5096 = CARTESIAN_POINT('',(100.,-185.,119.));
#5097 = DIRECTION('',(0.,0.,1.));
#5098 = DIRECTION('',(1.,0.,0.));
#5099 = ADVANCED_FACE('',(#5100,#5103),#5114,.T.);
#5100 = FACE_BOUND('',#5101,.T.);
#5101 = EDGE_LOOP('',(#5102));
#5102 = ORIENTED_EDGE('',*,*,#5078,.T.);
#5103 = FACE_BOUND('',#5104,.T.);
#5104 = EDGE_LOOP('',(#5105));
#5105 = ORIENTED_EDGE('',*,*,#5106,.F.);
#5106 = EDGE_CURVE('',#5107,#5107,#5109,.T.);
#5107 = VERTEX_POINT('',#5108);
#5108 = CARTESIAN_POINT('',(119.,-185.,130.5));
#5109 = CIRCLE('',#5110,19.);
#5110 = AXIS2_PLACEMENT_3D('',#5111,#5112,#5113);
#5111 = CARTESIAN_POINT('',(100.,-185.,130.5));
#5112 = DIRECTION('',(0.,0.,1.));
#5113 = DIRECTION('',(1.,0.,0.));
#5114 = PLANE('',#5115);
#5115 = AXIS2_PLACEMENT_3D('',#5116,#5117,#5118);
#5116 = CARTESIAN_POINT('',(100.,-185.,130.5));
#5117 = DIRECTION('',(0.,0.,1.));
#5118 = DIRECTION('',(1.,0.,0.));
#5119 = ADVANCED_FACE('',(#5120),#5173,.T.);
#5120 = FACE_BOUND('',#5121,.T.);
#5121 = EDGE_LOOP('',(#5122,#5123,#5131,#5140,#5148,#5157,#5165,#5172));
#5122 = ORIENTED_EDGE('',*,*,#5106,.T.);
#5123 = ORIENTED_EDGE('',*,*,#5124,.T.);
#5124 = EDGE_CURVE('',#5107,#5125,#5127,.T.);
#5125 = VERTEX_POINT('',#5126);
#5126 = CARTESIAN_POINT('',(119.,-185.,142.));
#5127 = LINE('',#5128,#5129);
#5128 = CARTESIAN_POINT('',(119.,-185.,130.5));
#5129 = VECTOR('',#5130,1.);
#5130 = DIRECTION('',(0.,0.,1.));
#5131 = ORIENTED_EDGE('',*,*,#5132,.F.);
#5132 = EDGE_CURVE('',#5133,#5125,#5135,.T.);
#5133 = VERTEX_POINT('',#5134);
#5134 = CARTESIAN_POINT('',(91.,-201.7332005306,142.));
#5135 = CIRCLE('',#5136,19.);
#5136 = AXIS2_PLACEMENT_3D('',#5137,#5138,#5139);
#5137 = CARTESIAN_POINT('',(100.,-185.,142.));
#5138 = DIRECTION('',(0.,0.,1.));
#5139 = DIRECTION('',(1.,0.,0.));
#5140 = ORIENTED_EDGE('',*,*,#5141,.F.);
#5141 = EDGE_CURVE('',#5142,#5133,#5144,.T.);
#5142 = VERTEX_POINT('',#5143);
#5143 = CARTESIAN_POINT('',(91.,-201.7332005306,140.));
#5144 = LINE('',#5145,#5146);
#5145 = CARTESIAN_POINT('',(91.,-201.7332005306,130.5));
#5146 = VECTOR('',#5147,1.);
#5147 = DIRECTION('',(0.,0.,1.));
#5148 = ORIENTED_EDGE('',*,*,#5149,.F.);
#5149 = EDGE_CURVE('',#5150,#5142,#5152,.T.);
#5150 = VERTEX_POINT('',#5151);
#5151 = CARTESIAN_POINT('',(91.,-168.2667994693,140.));
#5152 = CIRCLE('',#5153,19.);
#5153 = AXIS2_PLACEMENT_3D('',#5154,#5155,#5156);
#5154 = CARTESIAN_POINT('',(100.,-185.,140.));
#5155 = DIRECTION('',(0.,0.,1.));
#5156 = DIRECTION('',(1.,0.,0.));
#5157 = ORIENTED_EDGE('',*,*,#5158,.T.);
#5158 = EDGE_CURVE('',#5150,#5159,#5161,.T.);
#5159 = VERTEX_POINT('',#5160);
#5160 = CARTESIAN_POINT('',(91.,-168.2667994693,142.));
#5161 = LINE('',#5162,#5163);
#5162 = CARTESIAN_POINT('',(91.,-168.2667994693,130.5));
#5163 = VECTOR('',#5164,1.);
#5164 = DIRECTION('',(0.,0.,1.));
#5165 = ORIENTED_EDGE('',*,*,#5166,.F.);
#5166 = EDGE_CURVE('',#5125,#5159,#5167,.T.);
#5167 = CIRCLE('',#5168,19.);
#5168 = AXIS2_PLACEMENT_3D('',#5169,#5170,#5171);
#5169 = CARTESIAN_POINT('',(100.,-185.,142.));
#5170 = DIRECTION('',(0.,0.,1.));
#5171 = DIRECTION('',(1.,0.,0.));
#5172 = ORIENTED_EDGE('',*,*,#5124,.F.);
#5173 = CYLINDRICAL_SURFACE('',#5174,19.);
#5174 = AXIS2_PLACEMENT_3D('',#5175,#5176,#5177);
#5175 = CARTESIAN_POINT('',(100.,-185.,130.5));
#5176 = DIRECTION('',(0.,0.,1.));
#5177 = DIRECTION('',(1.,0.,0.));
#5178 = ADVANCED_FACE('',(#5179),#5215,.F.);
#5179 = FACE_BOUND('',#5180,.F.);
#5180 = EDGE_LOOP('',(#5181,#5192,#5201,#5207,#5208,#5209));
#5181 = ORIENTED_EDGE('',*,*,#5182,.T.);
#5182 = EDGE_CURVE('',#5183,#5185,#5187,.T.);
#5183 = VERTEX_POINT('',#5184);
#5184 = CARTESIAN_POINT('',(91.,-210.4558441227,142.));
#5185 = VERTEX_POINT('',#5186);
#5186 = CARTESIAN_POINT('',(127.,-185.,142.));
#5187 = CIRCLE('',#5188,27.);
#5188 = AXIS2_PLACEMENT_3D('',#5189,#5190,#5191);
#5189 = CARTESIAN_POINT('',(100.,-185.,142.));
#5190 = DIRECTION('',(0.,0.,1.));
#5191 = DIRECTION('',(1.,0.,0.));
#5192 = ORIENTED_EDGE('',*,*,#5193,.T.);
#5193 = EDGE_CURVE('',#5185,#5194,#5196,.T.);
#5194 = VERTEX_POINT('',#5195);
#5195 = CARTESIAN_POINT('',(91.,-159.5441558772,142.));
#5196 = CIRCLE('',#5197,27.);
#5197 = AXIS2_PLACEMENT_3D('',#5198,#5199,#5200);
#5198 = CARTESIAN_POINT('',(100.,-185.,142.));
#5199 = DIRECTION('',(0.,0.,1.));
#5200 = DIRECTION('',(1.,0.,0.));
#5201 = ORIENTED_EDGE('',*,*,#5202,.T.);
#5202 = EDGE_CURVE('',#5194,#5159,#5203,.T.);
#5203 = LINE('',#5204,#5205);
#5204 = CARTESIAN_POINT('',(91.,-254.5,142.));
#5205 = VECTOR('',#5206,1.);
#5206 = DIRECTION('',(0.,-1.,0.));
#5207 = ORIENTED_EDGE('',*,*,#5166,.F.);
#5208 = ORIENTED_EDGE('',*,*,#5132,.F.);
#5209 = ORIENTED_EDGE('',*,*,#5210,.T.);
#5210 = EDGE_CURVE('',#5133,#5183,#5211,.T.);
#5211 = LINE('',#5212,#5213);
#5212 = CARTESIAN_POINT('',(91.,-254.5,142.));
#5213 = VECTOR('',#5214,1.);
#5214 = DIRECTION('',(0.,-1.,0.));
#5215 = PLANE('',#5216);
#5216 = AXIS2_PLACEMENT_3D('',#5217,#5218,#5219);
#5217 = CARTESIAN_POINT('',(100.,-185.,142.));
#5218 = DIRECTION('',(0.,0.,1.));
#5219 = DIRECTION('',(1.,0.,0.));
#5220 = ADVANCED_FACE('',(#5221),#5279,.T.);
#5221 = FACE_BOUND('',#5222,.T.);
#5222 = EDGE_LOOP('',(#5223,#5233,#5241,#5249,#5255,#5256,#5257,#5265,
    #5273));
#5223 = ORIENTED_EDGE('',*,*,#5224,.F.);
#5224 = EDGE_CURVE('',#5225,#5227,#5229,.T.);
#5225 = VERTEX_POINT('',#5226);
#5226 = CARTESIAN_POINT('',(91.,-168.2667994693,165.));
#5227 = VERTEX_POINT('',#5228);
#5228 = CARTESIAN_POINT('',(91.,-164.9251401001,165.));
#5229 = LINE('',#5230,#5231);
#5230 = CARTESIAN_POINT('',(91.,-324.,165.));
#5231 = VECTOR('',#5232,1.);
#5232 = DIRECTION('',(0.,1.,0.));
#5233 = ORIENTED_EDGE('',*,*,#5234,.F.);
#5234 = EDGE_CURVE('',#5235,#5225,#5237,.T.);
#5235 = VERTEX_POINT('',#5236);
#5236 = CARTESIAN_POINT('',(91.,-168.2667994693,153.5));
#5237 = LINE('',#5238,#5239);
#5238 = CARTESIAN_POINT('',(91.,-168.2667994693,153.5));
#5239 = VECTOR('',#5240,1.);
#5240 = DIRECTION('',(0.,0.,1.));
#5241 = ORIENTED_EDGE('',*,*,#5242,.F.);
#5242 = EDGE_CURVE('',#5243,#5235,#5245,.T.);
#5243 = VERTEX_POINT('',#5244);
#5244 = CARTESIAN_POINT('',(91.,-159.5441558772,153.5));
#5245 = LINE('',#5246,#5247);
#5246 = CARTESIAN_POINT('',(91.,-254.5,153.5));
#5247 = VECTOR('',#5248,1.);
#5248 = DIRECTION('',(0.,-1.,0.));
#5249 = ORIENTED_EDGE('',*,*,#5250,.F.);
#5250 = EDGE_CURVE('',#5194,#5243,#5251,.T.);
#5251 = LINE('',#5252,#5253);
#5252 = CARTESIAN_POINT('',(91.,-159.5441558772,142.));
#5253 = VECTOR('',#5254,1.);
#5254 = DIRECTION('',(0.,0.,1.));
#5255 = ORIENTED_EDGE('',*,*,#5202,.T.);
#5256 = ORIENTED_EDGE('',*,*,#5158,.F.);
#5257 = ORIENTED_EDGE('',*,*,#5258,.T.);
#5258 = EDGE_CURVE('',#5150,#5259,#5261,.T.);
#5259 = VERTEX_POINT('',#5260);
#5260 = CARTESIAN_POINT('',(91.,-136.,140.));
#5261 = LINE('',#5262,#5263);
#5262 = CARTESIAN_POINT('',(91.,-324.,140.));
#5263 = VECTOR('',#5264,1.);
#5264 = DIRECTION('',(0.,1.,0.));
#5265 = ORIENTED_EDGE('',*,*,#5266,.T.);
#5266 = EDGE_CURVE('',#5259,#5267,#5269,.T.);
#5267 = VERTEX_POINT('',#5268);
#5268 = CARTESIAN_POINT('',(91.,-136.,165.));
#5269 = LINE('',#5270,#5271);
#5270 = CARTESIAN_POINT('',(91.,-136.,140.));
#5271 = VECTOR('',#5272,1.);
#5272 = DIRECTION('',(0.,0.,1.));
#5273 = ORIENTED_EDGE('',*,*,#5274,.F.);
#5274 = EDGE_CURVE('',#5227,#5267,#5275,.T.);
#5275 = LINE('',#5276,#5277);
#5276 = CARTESIAN_POINT('',(91.,-324.,165.));
#5277 = VECTOR('',#5278,1.);
#5278 = DIRECTION('',(0.,1.,0.));
#5279 = PLANE('',#5280);
#5280 = AXIS2_PLACEMENT_3D('',#5281,#5282,#5283);
#5281 = CARTESIAN_POINT('',(91.,-324.,140.));
#5282 = DIRECTION('',(1.,0.,0.));
#5283 = DIRECTION('',(0.,0.,1.));
#5284 = ADVANCED_FACE('',(#5285),#5319,.F.);
#5285 = FACE_BOUND('',#5286,.F.);
#5286 = EDGE_LOOP('',(#5287,#5297,#5305,#5311,#5312,#5313));
#5287 = ORIENTED_EDGE('',*,*,#5288,.F.);
#5288 = EDGE_CURVE('',#5289,#5291,#5293,.T.);
#5289 = VERTEX_POINT('',#5290);
#5290 = CARTESIAN_POINT('',(49.,-324.,140.));
#5291 = VERTEX_POINT('',#5292);
#5292 = CARTESIAN_POINT('',(49.,-136.,140.));
#5293 = LINE('',#5294,#5295);
#5294 = CARTESIAN_POINT('',(49.,-324.,140.));
#5295 = VECTOR('',#5296,1.);
#5296 = DIRECTION('',(0.,1.,0.));
#5297 = ORIENTED_EDGE('',*,*,#5298,.T.);
#5298 = EDGE_CURVE('',#5289,#5299,#5301,.T.);
#5299 = VERTEX_POINT('',#5300);
#5300 = CARTESIAN_POINT('',(91.,-324.,140.));
#5301 = LINE('',#5302,#5303);
#5302 = CARTESIAN_POINT('',(-130.,-324.,140.));
#5303 = VECTOR('',#5304,1.);
#5304 = DIRECTION('',(1.,0.,0.));
#5305 = ORIENTED_EDGE('',*,*,#5306,.T.);
#5306 = EDGE_CURVE('',#5299,#5142,#5307,.T.);
#5307 = LINE('',#5308,#5309);
#5308 = CARTESIAN_POINT('',(91.,-324.,140.));
#5309 = VECTOR('',#5310,1.);
#5310 = DIRECTION('',(0.,1.,0.));
#5311 = ORIENTED_EDGE('',*,*,#5149,.F.);
#5312 = ORIENTED_EDGE('',*,*,#5258,.T.);
#5313 = ORIENTED_EDGE('',*,*,#5314,.F.);
#5314 = EDGE_CURVE('',#5291,#5259,#5315,.T.);
#5315 = LINE('',#5316,#5317);
#5316 = CARTESIAN_POINT('',(-130.,-136.,140.));
#5317 = VECTOR('',#5318,1.);
#5318 = DIRECTION('',(1.,0.,0.));
#5319 = PLANE('',#5320);
#5320 = AXIS2_PLACEMENT_3D('',#5321,#5322,#5323);
#5321 = CARTESIAN_POINT('',(49.,-324.,140.));
#5322 = DIRECTION('',(0.,0.,1.));
#5323 = DIRECTION('',(1.,0.,0.));
#5324 = ADVANCED_FACE('',(#5325),#5376,.T.);
#5325 = FACE_BOUND('',#5326,.T.);
#5326 = EDGE_LOOP('',(#5327,#5335,#5336,#5337,#5338,#5346,#5354,#5362,
    #5370));
#5327 = ORIENTED_EDGE('',*,*,#5328,.F.);
#5328 = EDGE_CURVE('',#5299,#5329,#5331,.T.);
#5329 = VERTEX_POINT('',#5330);
#5330 = CARTESIAN_POINT('',(91.,-324.,165.));
#5331 = LINE('',#5332,#5333);
#5332 = CARTESIAN_POINT('',(91.,-324.,140.));
#5333 = VECTOR('',#5334,1.);
#5334 = DIRECTION('',(0.,0.,1.));
#5335 = ORIENTED_EDGE('',*,*,#5306,.T.);
#5336 = ORIENTED_EDGE('',*,*,#5141,.T.);
#5337 = ORIENTED_EDGE('',*,*,#5210,.T.);
#5338 = ORIENTED_EDGE('',*,*,#5339,.T.);
#5339 = EDGE_CURVE('',#5183,#5340,#5342,.T.);
#5340 = VERTEX_POINT('',#5341);
#5341 = CARTESIAN_POINT('',(91.,-210.4558441227,153.5));
#5342 = LINE('',#5343,#5344);
#5343 = CARTESIAN_POINT('',(91.,-210.4558441227,142.));
#5344 = VECTOR('',#5345,1.);
#5345 = DIRECTION('',(0.,0.,1.));
#5346 = ORIENTED_EDGE('',*,*,#5347,.F.);
#5347 = EDGE_CURVE('',#5348,#5340,#5350,.T.);
#5348 = VERTEX_POINT('',#5349);
#5349 = CARTESIAN_POINT('',(91.,-201.7332005306,153.5));
#5350 = LINE('',#5351,#5352);
#5351 = CARTESIAN_POINT('',(91.,-254.5,153.5));
#5352 = VECTOR('',#5353,1.);
#5353 = DIRECTION('',(0.,-1.,0.));
#5354 = ORIENTED_EDGE('',*,*,#5355,.T.);
#5355 = EDGE_CURVE('',#5348,#5356,#5358,.T.);
#5356 = VERTEX_POINT('',#5357);
#5357 = CARTESIAN_POINT('',(91.,-201.7332005306,165.));
#5358 = LINE('',#5359,#5360);
#5359 = CARTESIAN_POINT('',(91.,-201.7332005306,153.5));
#5360 = VECTOR('',#5361,1.);
#5361 = DIRECTION('',(0.,0.,1.));
#5362 = ORIENTED_EDGE('',*,*,#5363,.F.);
#5363 = EDGE_CURVE('',#5364,#5356,#5366,.T.);
#5364 = VERTEX_POINT('',#5365);
#5365 = CARTESIAN_POINT('',(91.,-205.0748598998,165.));
#5366 = LINE('',#5367,#5368);
#5367 = CARTESIAN_POINT('',(91.,-324.,165.));
#5368 = VECTOR('',#5369,1.);
#5369 = DIRECTION('',(0.,1.,0.));
#5370 = ORIENTED_EDGE('',*,*,#5371,.F.);
#5371 = EDGE_CURVE('',#5329,#5364,#5372,.T.);
#5372 = LINE('',#5373,#5374);
#5373 = CARTESIAN_POINT('',(91.,-324.,165.));
#5374 = VECTOR('',#5375,1.);
#5375 = DIRECTION('',(0.,1.,0.));
#5376 = PLANE('',#5377);
#5377 = AXIS2_PLACEMENT_3D('',#5378,#5379,#5380);
#5378 = CARTESIAN_POINT('',(91.,-324.,140.));
#5379 = DIRECTION('',(1.,0.,0.));
#5380 = DIRECTION('',(0.,0.,1.));
#5381 = ADVANCED_FACE('',(#5382),#5401,.T.);
#5382 = FACE_BOUND('',#5383,.T.);
#5383 = EDGE_LOOP('',(#5384,#5392,#5399,#5400));
#5384 = ORIENTED_EDGE('',*,*,#5385,.T.);
#5385 = EDGE_CURVE('',#5185,#5386,#5388,.T.);
#5386 = VERTEX_POINT('',#5387);
#5387 = CARTESIAN_POINT('',(127.,-185.,153.5));
#5388 = LINE('',#5389,#5390);
#5389 = CARTESIAN_POINT('',(127.,-185.,142.));
#5390 = VECTOR('',#5391,1.);
#5391 = DIRECTION('',(0.,0.,1.));
#5392 = ORIENTED_EDGE('',*,*,#5393,.F.);
#5393 = EDGE_CURVE('',#5340,#5386,#5394,.T.);
#5394 = CIRCLE('',#5395,27.);
#5395 = AXIS2_PLACEMENT_3D('',#5396,#5397,#5398);
#5396 = CARTESIAN_POINT('',(100.,-185.,153.5));
#5397 = DIRECTION('',(0.,0.,1.));
#5398 = DIRECTION('',(1.,0.,0.));
#5399 = ORIENTED_EDGE('',*,*,#5339,.F.);
#5400 = ORIENTED_EDGE('',*,*,#5182,.T.);
#5401 = CYLINDRICAL_SURFACE('',#5402,27.);
#5402 = AXIS2_PLACEMENT_3D('',#5403,#5404,#5405);
#5403 = CARTESIAN_POINT('',(100.,-185.,142.));
#5404 = DIRECTION('',(0.,0.,1.));
#5405 = DIRECTION('',(1.,0.,0.));
#5406 = ADVANCED_FACE('',(#5407),#5419,.T.);
#5407 = FACE_BOUND('',#5408,.T.);
#5408 = EDGE_LOOP('',(#5409,#5416,#5417,#5418));
#5409 = ORIENTED_EDGE('',*,*,#5410,.F.);
#5410 = EDGE_CURVE('',#5386,#5243,#5411,.T.);
#5411 = CIRCLE('',#5412,27.);
#5412 = AXIS2_PLACEMENT_3D('',#5413,#5414,#5415);
#5413 = CARTESIAN_POINT('',(100.,-185.,153.5));
#5414 = DIRECTION('',(0.,0.,1.));
#5415 = DIRECTION('',(1.,0.,0.));
#5416 = ORIENTED_EDGE('',*,*,#5385,.F.);
#5417 = ORIENTED_EDGE('',*,*,#5193,.T.);
#5418 = ORIENTED_EDGE('',*,*,#5250,.T.);
#5419 = CYLINDRICAL_SURFACE('',#5420,27.);
#5420 = AXIS2_PLACEMENT_3D('',#5421,#5422,#5423);
#5421 = CARTESIAN_POINT('',(100.,-185.,142.));
#5422 = DIRECTION('',(0.,0.,1.));
#5423 = DIRECTION('',(1.,0.,0.));
#5424 = ADVANCED_FACE('',(#5425),#5461,.F.);
#5425 = FACE_BOUND('',#5426,.F.);
#5426 = EDGE_LOOP('',(#5427,#5436,#5443,#5444,#5453,#5460));
#5427 = ORIENTED_EDGE('',*,*,#5428,.T.);
#5428 = EDGE_CURVE('',#5364,#5429,#5431,.T.);
#5429 = VERTEX_POINT('',#5430);
#5430 = CARTESIAN_POINT('',(122.,-185.,165.));
#5431 = CIRCLE('',#5432,22.);
#5432 = AXIS2_PLACEMENT_3D('',#5433,#5434,#5435);
#5433 = CARTESIAN_POINT('',(100.,-185.,165.));
#5434 = DIRECTION('',(0.,0.,1.));
#5435 = DIRECTION('',(1.,0.,0.));
#5436 = ORIENTED_EDGE('',*,*,#5437,.T.);
#5437 = EDGE_CURVE('',#5429,#5227,#5438,.T.);
#5438 = CIRCLE('',#5439,22.);
#5439 = AXIS2_PLACEMENT_3D('',#5440,#5441,#5442);
#5440 = CARTESIAN_POINT('',(100.,-185.,165.));
#5441 = DIRECTION('',(0.,0.,1.));
#5442 = DIRECTION('',(1.,0.,0.));
#5443 = ORIENTED_EDGE('',*,*,#5224,.F.);
#5444 = ORIENTED_EDGE('',*,*,#5445,.F.);
#5445 = EDGE_CURVE('',#5446,#5225,#5448,.T.);
#5446 = VERTEX_POINT('',#5447);
#5447 = CARTESIAN_POINT('',(119.,-185.,165.));
#5448 = CIRCLE('',#5449,19.);
#5449 = AXIS2_PLACEMENT_3D('',#5450,#5451,#5452);
#5450 = CARTESIAN_POINT('',(100.,-185.,165.));
#5451 = DIRECTION('',(0.,0.,1.));
#5452 = DIRECTION('',(1.,0.,0.));
#5453 = ORIENTED_EDGE('',*,*,#5454,.F.);
#5454 = EDGE_CURVE('',#5356,#5446,#5455,.T.);
#5455 = CIRCLE('',#5456,19.);
#5456 = AXIS2_PLACEMENT_3D('',#5457,#5458,#5459);
#5457 = CARTESIAN_POINT('',(100.,-185.,165.));
#5458 = DIRECTION('',(0.,0.,1.));
#5459 = DIRECTION('',(1.,0.,0.));
#5460 = ORIENTED_EDGE('',*,*,#5363,.F.);
#5461 = PLANE('',#5462);
#5462 = AXIS2_PLACEMENT_3D('',#5463,#5464,#5465);
#5463 = CARTESIAN_POINT('',(100.,-185.,165.));
#5464 = DIRECTION('',(0.,0.,1.));
#5465 = DIRECTION('',(1.,0.,0.));
#5466 = ADVANCED_FACE('',(#5467),#5500,.T.);
#5467 = FACE_BOUND('',#5468,.T.);
#5468 = EDGE_LOOP('',(#5469,#5479,#5485,#5486,#5493,#5494));
#5469 = ORIENTED_EDGE('',*,*,#5470,.F.);
#5470 = EDGE_CURVE('',#5471,#5473,#5475,.T.);
#5471 = VERTEX_POINT('',#5472);
#5472 = CARTESIAN_POINT('',(49.,-324.,165.));
#5473 = VERTEX_POINT('',#5474);
#5474 = CARTESIAN_POINT('',(49.,-136.,165.));
#5475 = LINE('',#5476,#5477);
#5476 = CARTESIAN_POINT('',(49.,-324.,165.));
#5477 = VECTOR('',#5478,1.);
#5478 = DIRECTION('',(0.,1.,0.));
#5479 = ORIENTED_EDGE('',*,*,#5480,.T.);
#5480 = EDGE_CURVE('',#5471,#5329,#5481,.T.);
#5481 = LINE('',#5482,#5483);
#5482 = CARTESIAN_POINT('',(-130.,-324.,165.));
#5483 = VECTOR('',#5484,1.);
#5484 = DIRECTION('',(1.,0.,0.));
#5485 = ORIENTED_EDGE('',*,*,#5371,.T.);
#5486 = ORIENTED_EDGE('',*,*,#5487,.F.);
#5487 = EDGE_CURVE('',#5227,#5364,#5488,.T.);
#5488 = CIRCLE('',#5489,22.);
#5489 = AXIS2_PLACEMENT_3D('',#5490,#5491,#5492);
#5490 = CARTESIAN_POINT('',(100.,-185.,165.));
#5491 = DIRECTION('',(0.,0.,1.));
#5492 = DIRECTION('',(1.,0.,0.));
#5493 = ORIENTED_EDGE('',*,*,#5274,.T.);
#5494 = ORIENTED_EDGE('',*,*,#5495,.F.);
#5495 = EDGE_CURVE('',#5473,#5267,#5496,.T.);
#5496 = LINE('',#5497,#5498);
#5497 = CARTESIAN_POINT('',(-130.,-136.,165.));
#5498 = VECTOR('',#5499,1.);
#5499 = DIRECTION('',(1.,0.,0.));
#5500 = PLANE('',#5501);
#5501 = AXIS2_PLACEMENT_3D('',#5502,#5503,#5504);
#5502 = CARTESIAN_POINT('',(49.,-324.,165.));
#5503 = DIRECTION('',(0.,0.,1.));
#5504 = DIRECTION('',(1.,0.,0.));
#5505 = ADVANCED_FACE('',(#5506),#5539,.F.);
#5506 = FACE_BOUND('',#5507,.F.);
#5507 = EDGE_LOOP('',(#5508,#5516,#5517,#5525,#5533));
#5508 = ORIENTED_EDGE('',*,*,#5509,.F.);
#5509 = EDGE_CURVE('',#5259,#5510,#5512,.T.);
#5510 = VERTEX_POINT('',#5511);
#5511 = CARTESIAN_POINT('',(198.36669234721,-136.,140.));
#5512 = LINE('',#5513,#5514);
#5513 = CARTESIAN_POINT('',(-130.,-136.,140.));
#5514 = VECTOR('',#5515,1.);
#5515 = DIRECTION('',(1.,0.,0.));
#5516 = ORIENTED_EDGE('',*,*,#5266,.T.);
#5517 = ORIENTED_EDGE('',*,*,#5518,.T.);
#5518 = EDGE_CURVE('',#5267,#5519,#5521,.T.);
#5519 = VERTEX_POINT('',#5520);
#5520 = CARTESIAN_POINT('',(199.,-136.,165.));
#5521 = LINE('',#5522,#5523);
#5522 = CARTESIAN_POINT('',(-130.,-136.,165.));
#5523 = VECTOR('',#5524,1.);
#5524 = DIRECTION('',(1.,0.,0.));
#5525 = ORIENTED_EDGE('',*,*,#5526,.F.);
#5526 = EDGE_CURVE('',#5527,#5519,#5529,.T.);
#5527 = VERTEX_POINT('',#5528);
#5528 = CARTESIAN_POINT('',(199.,-136.,140.));
#5529 = LINE('',#5530,#5531);
#5530 = CARTESIAN_POINT('',(199.,-136.,140.));
#5531 = VECTOR('',#5532,1.);
#5532 = DIRECTION('',(0.,0.,1.));
#5533 = ORIENTED_EDGE('',*,*,#5534,.F.);
#5534 = EDGE_CURVE('',#5510,#5527,#5535,.T.);
#5535 = LINE('',#5536,#5537);
#5536 = CARTESIAN_POINT('',(-130.,-136.,140.));
#5537 = VECTOR('',#5538,1.);
#5538 = DIRECTION('',(1.,0.,0.));
#5539 = PLANE('',#5540);
#5540 = AXIS2_PLACEMENT_3D('',#5541,#5542,#5543);
#5541 = CARTESIAN_POINT('',(-130.,-136.,140.));
#5542 = DIRECTION('',(0.,1.,0.));
#5543 = DIRECTION('',(0.,0.,1.));
#5544 = ADVANCED_FACE('',(#5545),#5567,.T.);
#5545 = FACE_BOUND('',#5546,.T.);
#5546 = EDGE_LOOP('',(#5547,#5548,#5549,#5550,#5551,#5560));
#5547 = ORIENTED_EDGE('',*,*,#5347,.T.);
#5548 = ORIENTED_EDGE('',*,*,#5393,.T.);
#5549 = ORIENTED_EDGE('',*,*,#5410,.T.);
#5550 = ORIENTED_EDGE('',*,*,#5242,.T.);
#5551 = ORIENTED_EDGE('',*,*,#5552,.F.);
#5552 = EDGE_CURVE('',#5553,#5235,#5555,.T.);
#5553 = VERTEX_POINT('',#5554);
#5554 = CARTESIAN_POINT('',(119.,-185.,153.5));
#5555 = CIRCLE('',#5556,19.);
#5556 = AXIS2_PLACEMENT_3D('',#5557,#5558,#5559);
#5557 = CARTESIAN_POINT('',(100.,-185.,153.5));
#5558 = DIRECTION('',(0.,0.,1.));
#5559 = DIRECTION('',(1.,0.,0.));
#5560 = ORIENTED_EDGE('',*,*,#5561,.F.);
#5561 = EDGE_CURVE('',#5348,#5553,#5562,.T.);
#5562 = CIRCLE('',#5563,19.);
#5563 = AXIS2_PLACEMENT_3D('',#5564,#5565,#5566);
#5564 = CARTESIAN_POINT('',(100.,-185.,153.5));
#5565 = DIRECTION('',(0.,0.,1.));
#5566 = DIRECTION('',(1.,0.,0.));
#5567 = PLANE('',#5568);
#5568 = AXIS2_PLACEMENT_3D('',#5569,#5570,#5571);
#5569 = CARTESIAN_POINT('',(100.,-185.,153.5));
#5570 = DIRECTION('',(0.,0.,1.));
#5571 = DIRECTION('',(1.,0.,0.));
#5572 = ADVANCED_FACE('',(#5573),#5584,.T.);
#5573 = FACE_BOUND('',#5574,.T.);
#5574 = EDGE_LOOP('',(#5575,#5576,#5582,#5583));
#5575 = ORIENTED_EDGE('',*,*,#5445,.F.);
#5576 = ORIENTED_EDGE('',*,*,#5577,.F.);
#5577 = EDGE_CURVE('',#5553,#5446,#5578,.T.);
#5578 = LINE('',#5579,#5580);
#5579 = CARTESIAN_POINT('',(119.,-185.,153.5));
#5580 = VECTOR('',#5581,1.);
#5581 = DIRECTION('',(0.,0.,1.));
#5582 = ORIENTED_EDGE('',*,*,#5552,.T.);
#5583 = ORIENTED_EDGE('',*,*,#5234,.T.);
#5584 = CYLINDRICAL_SURFACE('',#5585,19.);
#5585 = AXIS2_PLACEMENT_3D('',#5586,#5587,#5588);
#5586 = CARTESIAN_POINT('',(100.,-185.,153.5));
#5587 = DIRECTION('',(0.,0.,1.));
#5588 = DIRECTION('',(1.,0.,0.));
#5589 = ADVANCED_FACE('',(#5590),#5606,.F.);
#5590 = FACE_BOUND('',#5591,.F.);
#5591 = EDGE_LOOP('',(#5592,#5598,#5599,#5605));
#5592 = ORIENTED_EDGE('',*,*,#5593,.F.);
#5593 = EDGE_CURVE('',#5289,#5471,#5594,.T.);
#5594 = LINE('',#5595,#5596);
#5595 = CARTESIAN_POINT('',(49.,-324.,140.));
#5596 = VECTOR('',#5597,1.);
#5597 = DIRECTION('',(0.,0.,1.));
#5598 = ORIENTED_EDGE('',*,*,#5288,.T.);
#5599 = ORIENTED_EDGE('',*,*,#5600,.T.);
#5600 = EDGE_CURVE('',#5291,#5473,#5601,.T.);
#5601 = LINE('',#5602,#5603);
#5602 = CARTESIAN_POINT('',(49.,-136.,140.));
#5603 = VECTOR('',#5604,1.);
#5604 = DIRECTION('',(0.,0.,1.));
#5605 = ORIENTED_EDGE('',*,*,#5470,.F.);
#5606 = PLANE('',#5607);
#5607 = AXIS2_PLACEMENT_3D('',#5608,#5609,#5610);
#5608 = CARTESIAN_POINT('',(49.,-324.,140.));
#5609 = DIRECTION('',(1.,0.,0.));
#5610 = DIRECTION('',(0.,0.,1.));
#5611 = ADVANCED_FACE('',(#5612),#5680,.F.);
#5612 = FACE_BOUND('',#5613,.F.);
#5613 = EDGE_LOOP('',(#5614,#5624,#5632,#5641,#5647,#5648,#5649,#5658,
    #5666,#5674));
#5614 = ORIENTED_EDGE('',*,*,#5615,.F.);
#5615 = EDGE_CURVE('',#5616,#5618,#5620,.T.);
#5616 = VERTEX_POINT('',#5617);
#5617 = CARTESIAN_POINT('',(-130.,-136.,140.));
#5618 = VERTEX_POINT('',#5619);
#5619 = CARTESIAN_POINT('',(-130.,-100.,140.));
#5620 = LINE('',#5621,#5622);
#5621 = CARTESIAN_POINT('',(-130.,-136.,140.));
#5622 = VECTOR('',#5623,1.);
#5623 = DIRECTION('',(0.,1.,0.));
#5624 = ORIENTED_EDGE('',*,*,#5625,.T.);
#5625 = EDGE_CURVE('',#5616,#5626,#5628,.T.);
#5626 = VERTEX_POINT('',#5627);
#5627 = CARTESIAN_POINT('',(-101.6333076527,-136.,140.));
#5628 = LINE('',#5629,#5630);
#5629 = CARTESIAN_POINT('',(-130.,-136.,140.));
#5630 = VECTOR('',#5631,1.);
#5631 = DIRECTION('',(1.,0.,0.));
#5632 = ORIENTED_EDGE('',*,*,#5633,.F.);
#5633 = EDGE_CURVE('',#5634,#5626,#5636,.T.);
#5634 = VERTEX_POINT('',#5635);
#5635 = CARTESIAN_POINT('',(-58.36669234721,-136.,140.));
#5636 = CIRCLE('',#5637,22.);
#5637 = AXIS2_PLACEMENT_3D('',#5638,#5639,#5640);
#5638 = CARTESIAN_POINT('',(-80.,-140.,140.));
#5639 = DIRECTION('',(0.,0.,1.));
#5640 = DIRECTION('',(1.,0.,0.));
#5641 = ORIENTED_EDGE('',*,*,#5642,.T.);
#5642 = EDGE_CURVE('',#5634,#5291,#5643,.T.);
#5643 = LINE('',#5644,#5645);
#5644 = CARTESIAN_POINT('',(-130.,-136.,140.));
#5645 = VECTOR('',#5646,1.);
#5646 = DIRECTION('',(1.,0.,0.));
#5647 = ORIENTED_EDGE('',*,*,#5314,.T.);
#5648 = ORIENTED_EDGE('',*,*,#5509,.T.);
#5649 = ORIENTED_EDGE('',*,*,#5650,.F.);
#5650 = EDGE_CURVE('',#5651,#5510,#5653,.T.);
#5651 = VERTEX_POINT('',#5652);
#5652 = CARTESIAN_POINT('',(241.63330765278,-136.,140.));
#5653 = CIRCLE('',#5654,22.);
#5654 = AXIS2_PLACEMENT_3D('',#5655,#5656,#5657);
#5655 = CARTESIAN_POINT('',(220.,-140.,140.));
#5656 = DIRECTION('',(0.,0.,1.));
#5657 = DIRECTION('',(1.,0.,0.));
#5658 = ORIENTED_EDGE('',*,*,#5659,.T.);
#5659 = EDGE_CURVE('',#5651,#5660,#5662,.T.);
#5660 = VERTEX_POINT('',#5661);
#5661 = CARTESIAN_POINT('',(270.,-136.,140.));
#5662 = LINE('',#5663,#5664);
#5663 = CARTESIAN_POINT('',(-130.,-136.,140.));
#5664 = VECTOR('',#5665,1.);
#5665 = DIRECTION('',(1.,0.,0.));
#5666 = ORIENTED_EDGE('',*,*,#5667,.T.);
#5667 = EDGE_CURVE('',#5660,#5668,#5670,.T.);
#5668 = VERTEX_POINT('',#5669);
#5669 = CARTESIAN_POINT('',(270.,-100.,140.));
#5670 = LINE('',#5671,#5672);
#5671 = CARTESIAN_POINT('',(270.,-136.,140.));
#5672 = VECTOR('',#5673,1.);
#5673 = DIRECTION('',(0.,1.,0.));
#5674 = ORIENTED_EDGE('',*,*,#5675,.F.);
#5675 = EDGE_CURVE('',#5618,#5668,#5676,.T.);
#5676 = LINE('',#5677,#5678);
#5677 = CARTESIAN_POINT('',(-130.,-100.,140.));
#5678 = VECTOR('',#5679,1.);
#5679 = DIRECTION('',(1.,0.,0.));
#5680 = PLANE('',#5681);
#5681 = AXIS2_PLACEMENT_3D('',#5682,#5683,#5684);
#5682 = CARTESIAN_POINT('',(-130.,-136.,140.));
#5683 = DIRECTION('',(0.,0.,1.));
#5684 = DIRECTION('',(1.,0.,0.));
#5685 = ADVANCED_FACE('',(#5686),#5761,.F.);
#5686 = FACE_BOUND('',#5687,.F.);
#5687 = EDGE_LOOP('',(#5688,#5698,#5706,#5714,#5722,#5731,#5737,#5738,
    #5746,#5755));
#5688 = ORIENTED_EDGE('',*,*,#5689,.F.);
#5689 = EDGE_CURVE('',#5690,#5692,#5694,.T.);
#5690 = VERTEX_POINT('',#5691);
#5691 = CARTESIAN_POINT('',(-130.,-360.,140.));
#5692 = VERTEX_POINT('',#5693);
#5693 = CARTESIAN_POINT('',(-130.,-324.,140.));
#5694 = LINE('',#5695,#5696);
#5695 = CARTESIAN_POINT('',(-130.,-360.,140.));
#5696 = VECTOR('',#5697,1.);
#5697 = DIRECTION('',(0.,1.,0.));
#5698 = ORIENTED_EDGE('',*,*,#5699,.T.);
#5699 = EDGE_CURVE('',#5690,#5700,#5702,.T.);
#5700 = VERTEX_POINT('',#5701);
#5701 = CARTESIAN_POINT('',(270.,-360.,140.));
#5702 = LINE('',#5703,#5704);
#5703 = CARTESIAN_POINT('',(-130.,-360.,140.));
#5704 = VECTOR('',#5705,1.);
#5705 = DIRECTION('',(1.,0.,0.));
#5706 = ORIENTED_EDGE('',*,*,#5707,.T.);
#5707 = EDGE_CURVE('',#5700,#5708,#5710,.T.);
#5708 = VERTEX_POINT('',#5709);
#5709 = CARTESIAN_POINT('',(270.,-324.,140.));
#5710 = LINE('',#5711,#5712);
#5711 = CARTESIAN_POINT('',(270.,-360.,140.));
#5712 = VECTOR('',#5713,1.);
#5713 = DIRECTION('',(0.,1.,0.));
#5714 = ORIENTED_EDGE('',*,*,#5715,.F.);
#5715 = EDGE_CURVE('',#5716,#5708,#5718,.T.);
#5716 = VERTEX_POINT('',#5717);
#5717 = CARTESIAN_POINT('',(241.63330765278,-324.,140.));
#5718 = LINE('',#5719,#5720);
#5719 = CARTESIAN_POINT('',(-130.,-324.,140.));
#5720 = VECTOR('',#5721,1.);
#5721 = DIRECTION('',(1.,0.,0.));
#5722 = ORIENTED_EDGE('',*,*,#5723,.F.);
#5723 = EDGE_CURVE('',#5724,#5716,#5726,.T.);
#5724 = VERTEX_POINT('',#5725);
#5725 = CARTESIAN_POINT('',(198.36669234721,-324.,140.));
#5726 = CIRCLE('',#5727,22.);
#5727 = AXIS2_PLACEMENT_3D('',#5728,#5729,#5730);
#5728 = CARTESIAN_POINT('',(220.,-320.,140.));
#5729 = DIRECTION('',(0.,0.,1.));
#5730 = DIRECTION('',(1.,0.,0.));
#5731 = ORIENTED_EDGE('',*,*,#5732,.F.);
#5732 = EDGE_CURVE('',#5299,#5724,#5733,.T.);
#5733 = LINE('',#5734,#5735);
#5734 = CARTESIAN_POINT('',(-130.,-324.,140.));
#5735 = VECTOR('',#5736,1.);
#5736 = DIRECTION('',(1.,0.,0.));
#5737 = ORIENTED_EDGE('',*,*,#5298,.F.);
#5738 = ORIENTED_EDGE('',*,*,#5739,.F.);
#5739 = EDGE_CURVE('',#5740,#5289,#5742,.T.);
#5740 = VERTEX_POINT('',#5741);
#5741 = CARTESIAN_POINT('',(-58.36669234721,-324.,140.));
#5742 = LINE('',#5743,#5744);
#5743 = CARTESIAN_POINT('',(-130.,-324.,140.));
#5744 = VECTOR('',#5745,1.);
#5745 = DIRECTION('',(1.,0.,0.));
#5746 = ORIENTED_EDGE('',*,*,#5747,.F.);
#5747 = EDGE_CURVE('',#5748,#5740,#5750,.T.);
#5748 = VERTEX_POINT('',#5749);
#5749 = CARTESIAN_POINT('',(-101.6333076527,-324.,140.));
#5750 = CIRCLE('',#5751,22.);
#5751 = AXIS2_PLACEMENT_3D('',#5752,#5753,#5754);
#5752 = CARTESIAN_POINT('',(-80.,-320.,140.));
#5753 = DIRECTION('',(0.,0.,1.));
#5754 = DIRECTION('',(1.,0.,0.));
#5755 = ORIENTED_EDGE('',*,*,#5756,.F.);
#5756 = EDGE_CURVE('',#5692,#5748,#5757,.T.);
#5757 = LINE('',#5758,#5759);
#5758 = CARTESIAN_POINT('',(-130.,-324.,140.));
#5759 = VECTOR('',#5760,1.);
#5760 = DIRECTION('',(1.,0.,0.));
#5761 = PLANE('',#5762);
#5762 = AXIS2_PLACEMENT_3D('',#5763,#5764,#5765);
#5763 = CARTESIAN_POINT('',(-130.,-360.,140.));
#5764 = DIRECTION('',(0.,0.,1.));
#5765 = DIRECTION('',(1.,0.,0.));
#5766 = ADVANCED_FACE('',(#5767),#5793,.T.);
#5767 = FACE_BOUND('',#5768,.T.);
#5768 = EDGE_LOOP('',(#5769,#5770,#5771,#5779,#5787));
#5769 = ORIENTED_EDGE('',*,*,#5732,.F.);
#5770 = ORIENTED_EDGE('',*,*,#5328,.T.);
#5771 = ORIENTED_EDGE('',*,*,#5772,.T.);
#5772 = EDGE_CURVE('',#5329,#5773,#5775,.T.);
#5773 = VERTEX_POINT('',#5774);
#5774 = CARTESIAN_POINT('',(199.,-324.,165.));
#5775 = LINE('',#5776,#5777);
#5776 = CARTESIAN_POINT('',(-130.,-324.,165.));
#5777 = VECTOR('',#5778,1.);
#5778 = DIRECTION('',(1.,0.,0.));
#5779 = ORIENTED_EDGE('',*,*,#5780,.F.);
#5780 = EDGE_CURVE('',#5781,#5773,#5783,.T.);
#5781 = VERTEX_POINT('',#5782);
#5782 = CARTESIAN_POINT('',(199.,-324.,140.));
#5783 = LINE('',#5784,#5785);
#5784 = CARTESIAN_POINT('',(199.,-324.,140.));
#5785 = VECTOR('',#5786,1.);
#5786 = DIRECTION('',(0.,0.,1.));
#5787 = ORIENTED_EDGE('',*,*,#5788,.F.);
#5788 = EDGE_CURVE('',#5724,#5781,#5789,.T.);
#5789 = LINE('',#5790,#5791);
#5790 = CARTESIAN_POINT('',(-130.,-324.,140.));
#5791 = VECTOR('',#5792,1.);
#5792 = DIRECTION('',(1.,0.,0.));
#5793 = PLANE('',#5794);
#5794 = AXIS2_PLACEMENT_3D('',#5795,#5796,#5797);
#5795 = CARTESIAN_POINT('',(-130.,-324.,140.));
#5796 = DIRECTION('',(0.,1.,0.));
#5797 = DIRECTION('',(0.,0.,1.));
#5798 = ADVANCED_FACE('',(#5799),#5805,.T.);
#5799 = FACE_BOUND('',#5800,.T.);
#5800 = EDGE_LOOP('',(#5801,#5802,#5803,#5804));
#5801 = ORIENTED_EDGE('',*,*,#5577,.T.);
#5802 = ORIENTED_EDGE('',*,*,#5454,.F.);
#5803 = ORIENTED_EDGE('',*,*,#5355,.F.);
#5804 = ORIENTED_EDGE('',*,*,#5561,.T.);
#5805 = CYLINDRICAL_SURFACE('',#5806,19.);
#5806 = AXIS2_PLACEMENT_3D('',#5807,#5808,#5809);
#5807 = CARTESIAN_POINT('',(100.,-185.,153.5));
#5808 = DIRECTION('',(0.,0.,1.));
#5809 = DIRECTION('',(1.,0.,0.));
#5810 = ADVANCED_FACE('',(#5811),#5832,.T.);
#5811 = FACE_BOUND('',#5812,.T.);
#5812 = EDGE_LOOP('',(#5813,#5821,#5828,#5829,#5830,#5831));
#5813 = ORIENTED_EDGE('',*,*,#5814,.T.);
#5814 = EDGE_CURVE('',#5429,#5815,#5817,.T.);
#5815 = VERTEX_POINT('',#5816);
#5816 = CARTESIAN_POINT('',(122.,-185.,175.));
#5817 = LINE('',#5818,#5819);
#5818 = CARTESIAN_POINT('',(122.,-185.,165.));
#5819 = VECTOR('',#5820,1.);
#5820 = DIRECTION('',(0.,0.,1.));
#5821 = ORIENTED_EDGE('',*,*,#5822,.F.);
#5822 = EDGE_CURVE('',#5815,#5815,#5823,.T.);
#5823 = CIRCLE('',#5824,22.);
#5824 = AXIS2_PLACEMENT_3D('',#5825,#5826,#5827);
#5825 = CARTESIAN_POINT('',(100.,-185.,175.));
#5826 = DIRECTION('',(0.,0.,1.));
#5827 = DIRECTION('',(1.,0.,0.));
#5828 = ORIENTED_EDGE('',*,*,#5814,.F.);
#5829 = ORIENTED_EDGE('',*,*,#5437,.T.);
#5830 = ORIENTED_EDGE('',*,*,#5487,.T.);
#5831 = ORIENTED_EDGE('',*,*,#5428,.T.);
#5832 = CYLINDRICAL_SURFACE('',#5833,22.);
#5833 = AXIS2_PLACEMENT_3D('',#5834,#5835,#5836);
#5834 = CARTESIAN_POINT('',(100.,-185.,165.));
#5835 = DIRECTION('',(0.,0.,1.));
#5836 = DIRECTION('',(1.,0.,0.));
#5837 = ADVANCED_FACE('',(#5838),#5920,.T.);
#5838 = FACE_BOUND('',#5839,.T.);
#5839 = EDGE_LOOP('',(#5840,#5850,#5858,#5866,#5874,#5880,#5881,#5882,
    #5890,#5898,#5906,#5914));
#5840 = ORIENTED_EDGE('',*,*,#5841,.F.);
#5841 = EDGE_CURVE('',#5842,#5844,#5846,.T.);
#5842 = VERTEX_POINT('',#5843);
#5843 = CARTESIAN_POINT('',(-130.,-136.,165.));
#5844 = VERTEX_POINT('',#5845);
#5845 = CARTESIAN_POINT('',(-130.,-100.,165.));
#5846 = LINE('',#5847,#5848);
#5847 = CARTESIAN_POINT('',(-130.,-136.,165.));
#5848 = VECTOR('',#5849,1.);
#5849 = DIRECTION('',(0.,1.,0.));
#5850 = ORIENTED_EDGE('',*,*,#5851,.T.);
#5851 = EDGE_CURVE('',#5842,#5852,#5854,.T.);
#5852 = VERTEX_POINT('',#5853);
#5853 = CARTESIAN_POINT('',(-101.,-136.,165.));
#5854 = LINE('',#5855,#5856);
#5855 = CARTESIAN_POINT('',(-130.,-136.,165.));
#5856 = VECTOR('',#5857,1.);
#5857 = DIRECTION('',(1.,0.,0.));
#5858 = ORIENTED_EDGE('',*,*,#5859,.T.);
#5859 = EDGE_CURVE('',#5852,#5860,#5862,.T.);
#5860 = VERTEX_POINT('',#5861);
#5861 = CARTESIAN_POINT('',(-94.,-136.,165.));
#5862 = LINE('',#5863,#5864);
#5863 = CARTESIAN_POINT('',(-130.,-136.,165.));
#5864 = VECTOR('',#5865,1.);
#5865 = DIRECTION('',(1.,0.,0.));
#5866 = ORIENTED_EDGE('',*,*,#5867,.T.);
#5867 = EDGE_CURVE('',#5860,#5868,#5870,.T.);
#5868 = VERTEX_POINT('',#5869);
#5869 = CARTESIAN_POINT('',(-59.,-136.,165.));
#5870 = LINE('',#5871,#5872);
#5871 = CARTESIAN_POINT('',(-130.,-136.,165.));
#5872 = VECTOR('',#5873,1.);
#5873 = DIRECTION('',(1.,0.,0.));
#5874 = ORIENTED_EDGE('',*,*,#5875,.T.);
#5875 = EDGE_CURVE('',#5868,#5473,#5876,.T.);
#5876 = LINE('',#5877,#5878);
#5877 = CARTESIAN_POINT('',(-130.,-136.,165.));
#5878 = VECTOR('',#5879,1.);
#5879 = DIRECTION('',(1.,0.,0.));
#5880 = ORIENTED_EDGE('',*,*,#5495,.T.);
#5881 = ORIENTED_EDGE('',*,*,#5518,.T.);
#5882 = ORIENTED_EDGE('',*,*,#5883,.T.);
#5883 = EDGE_CURVE('',#5519,#5884,#5886,.T.);
#5884 = VERTEX_POINT('',#5885);
#5885 = CARTESIAN_POINT('',(234.,-136.,165.));
#5886 = LINE('',#5887,#5888);
#5887 = CARTESIAN_POINT('',(-130.,-136.,165.));
#5888 = VECTOR('',#5889,1.);
#5889 = DIRECTION('',(1.,0.,0.));
#5890 = ORIENTED_EDGE('',*,*,#5891,.T.);
#5891 = EDGE_CURVE('',#5884,#5892,#5894,.T.);
#5892 = VERTEX_POINT('',#5893);
#5893 = CARTESIAN_POINT('',(241.,-136.,165.));
#5894 = LINE('',#5895,#5896);
#5895 = CARTESIAN_POINT('',(-130.,-136.,165.));
#5896 = VECTOR('',#5897,1.);
#5897 = DIRECTION('',(1.,0.,0.));
#5898 = ORIENTED_EDGE('',*,*,#5899,.T.);
#5899 = EDGE_CURVE('',#5892,#5900,#5902,.T.);
#5900 = VERTEX_POINT('',#5901);
#5901 = CARTESIAN_POINT('',(270.,-136.,165.));
#5902 = LINE('',#5903,#5904);
#5903 = CARTESIAN_POINT('',(-130.,-136.,165.));
#5904 = VECTOR('',#5905,1.);
#5905 = DIRECTION('',(1.,0.,0.));
#5906 = ORIENTED_EDGE('',*,*,#5907,.T.);
#5907 = EDGE_CURVE('',#5900,#5908,#5910,.T.);
#5908 = VERTEX_POINT('',#5909);
#5909 = CARTESIAN_POINT('',(270.,-100.,165.));
#5910 = LINE('',#5911,#5912);
#5911 = CARTESIAN_POINT('',(270.,-136.,165.));
#5912 = VECTOR('',#5913,1.);
#5913 = DIRECTION('',(0.,1.,0.));
#5914 = ORIENTED_EDGE('',*,*,#5915,.F.);
#5915 = EDGE_CURVE('',#5844,#5908,#5916,.T.);
#5916 = LINE('',#5917,#5918);
#5917 = CARTESIAN_POINT('',(-130.,-100.,165.));
#5918 = VECTOR('',#5919,1.);
#5919 = DIRECTION('',(1.,0.,0.));
#5920 = PLANE('',#5921);
#5921 = AXIS2_PLACEMENT_3D('',#5922,#5923,#5924);
#5922 = CARTESIAN_POINT('',(-130.,-136.,165.));
#5923 = DIRECTION('',(0.,0.,1.));
#5924 = DIRECTION('',(1.,0.,0.));
#5925 = ADVANCED_FACE('',(#5926),#6008,.T.);
#5926 = FACE_BOUND('',#5927,.T.);
#5927 = EDGE_LOOP('',(#5928,#5938,#5946,#5954,#5962,#5970,#5976,#5977,
    #5978,#5986,#5994,#6002));
#5928 = ORIENTED_EDGE('',*,*,#5929,.F.);
#5929 = EDGE_CURVE('',#5930,#5932,#5934,.T.);
#5930 = VERTEX_POINT('',#5931);
#5931 = CARTESIAN_POINT('',(-130.,-360.,165.));
#5932 = VERTEX_POINT('',#5933);
#5933 = CARTESIAN_POINT('',(-130.,-324.,165.));
#5934 = LINE('',#5935,#5936);
#5935 = CARTESIAN_POINT('',(-130.,-360.,165.));
#5936 = VECTOR('',#5937,1.);
#5937 = DIRECTION('',(0.,1.,0.));
#5938 = ORIENTED_EDGE('',*,*,#5939,.T.);
#5939 = EDGE_CURVE('',#5930,#5940,#5942,.T.);
#5940 = VERTEX_POINT('',#5941);
#5941 = CARTESIAN_POINT('',(270.,-360.,165.));
#5942 = LINE('',#5943,#5944);
#5943 = CARTESIAN_POINT('',(-130.,-360.,165.));
#5944 = VECTOR('',#5945,1.);
#5945 = DIRECTION('',(1.,0.,0.));
#5946 = ORIENTED_EDGE('',*,*,#5947,.T.);
#5947 = EDGE_CURVE('',#5940,#5948,#5950,.T.);
#5948 = VERTEX_POINT('',#5949);
#5949 = CARTESIAN_POINT('',(270.,-324.,165.));
#5950 = LINE('',#5951,#5952);
#5951 = CARTESIAN_POINT('',(270.,-360.,165.));
#5952 = VECTOR('',#5953,1.);
#5953 = DIRECTION('',(0.,1.,0.));
#5954 = ORIENTED_EDGE('',*,*,#5955,.F.);
#5955 = EDGE_CURVE('',#5956,#5948,#5958,.T.);
#5956 = VERTEX_POINT('',#5957);
#5957 = CARTESIAN_POINT('',(241.,-324.,165.));
#5958 = LINE('',#5959,#5960);
#5959 = CARTESIAN_POINT('',(-130.,-324.,165.));
#5960 = VECTOR('',#5961,1.);
#5961 = DIRECTION('',(1.,0.,0.));
#5962 = ORIENTED_EDGE('',*,*,#5963,.F.);
#5963 = EDGE_CURVE('',#5964,#5956,#5966,.T.);
#5964 = VERTEX_POINT('',#5965);
#5965 = CARTESIAN_POINT('',(234.,-324.,165.));
#5966 = LINE('',#5967,#5968);
#5967 = CARTESIAN_POINT('',(-130.,-324.,165.));
#5968 = VECTOR('',#5969,1.);
#5969 = DIRECTION('',(1.,0.,0.));
#5970 = ORIENTED_EDGE('',*,*,#5971,.F.);
#5971 = EDGE_CURVE('',#5773,#5964,#5972,.T.);
#5972 = LINE('',#5973,#5974);
#5973 = CARTESIAN_POINT('',(-130.,-324.,165.));
#5974 = VECTOR('',#5975,1.);
#5975 = DIRECTION('',(1.,0.,0.));
#5976 = ORIENTED_EDGE('',*,*,#5772,.F.);
#5977 = ORIENTED_EDGE('',*,*,#5480,.F.);
#5978 = ORIENTED_EDGE('',*,*,#5979,.F.);
#5979 = EDGE_CURVE('',#5980,#5471,#5982,.T.);
#5980 = VERTEX_POINT('',#5981);
#5981 = CARTESIAN_POINT('',(-59.,-324.,165.));
#5982 = LINE('',#5983,#5984);
#5983 = CARTESIAN_POINT('',(-130.,-324.,165.));
#5984 = VECTOR('',#5985,1.);
#5985 = DIRECTION('',(1.,0.,0.));
#5986 = ORIENTED_EDGE('',*,*,#5987,.F.);
#5987 = EDGE_CURVE('',#5988,#5980,#5990,.T.);
#5988 = VERTEX_POINT('',#5989);
#5989 = CARTESIAN_POINT('',(-94.,-324.,165.));
#5990 = LINE('',#5991,#5992);
#5991 = CARTESIAN_POINT('',(-130.,-324.,165.));
#5992 = VECTOR('',#5993,1.);
#5993 = DIRECTION('',(1.,0.,0.));
#5994 = ORIENTED_EDGE('',*,*,#5995,.F.);
#5995 = EDGE_CURVE('',#5996,#5988,#5998,.T.);
#5996 = VERTEX_POINT('',#5997);
#5997 = CARTESIAN_POINT('',(-101.,-324.,165.));
#5998 = LINE('',#5999,#6000);
#5999 = CARTESIAN_POINT('',(-130.,-324.,165.));
#6000 = VECTOR('',#6001,1.);
#6001 = DIRECTION('',(1.,0.,0.));
#6002 = ORIENTED_EDGE('',*,*,#6003,.F.);
#6003 = EDGE_CURVE('',#5932,#5996,#6004,.T.);
#6004 = LINE('',#6005,#6006);
#6005 = CARTESIAN_POINT('',(-130.,-324.,165.));
#6006 = VECTOR('',#6007,1.);
#6007 = DIRECTION('',(1.,0.,0.));
#6008 = PLANE('',#6009);
#6009 = AXIS2_PLACEMENT_3D('',#6010,#6011,#6012);
#6010 = CARTESIAN_POINT('',(-130.,-360.,165.));
#6011 = DIRECTION('',(0.,0.,1.));
#6012 = DIRECTION('',(1.,0.,0.));
#6013 = ADVANCED_FACE('',(#6014),#6032,.T.);
#6014 = FACE_BOUND('',#6015,.T.);
#6015 = EDGE_LOOP('',(#6016,#6017,#6026));
#6016 = ORIENTED_EDGE('',*,*,#5534,.F.);
#6017 = ORIENTED_EDGE('',*,*,#6018,.T.);
#6018 = EDGE_CURVE('',#5510,#6019,#6021,.T.);
#6019 = VERTEX_POINT('',#6020);
#6020 = CARTESIAN_POINT('',(199.,-146.5574385243,140.));
#6021 = CIRCLE('',#6022,22.);
#6022 = AXIS2_PLACEMENT_3D('',#6023,#6024,#6025);
#6023 = CARTESIAN_POINT('',(220.,-140.,140.));
#6024 = DIRECTION('',(0.,0.,1.));
#6025 = DIRECTION('',(1.,0.,0.));
#6026 = ORIENTED_EDGE('',*,*,#6027,.T.);
#6027 = EDGE_CURVE('',#6019,#5527,#6028,.T.);
#6028 = LINE('',#6029,#6030);
#6029 = CARTESIAN_POINT('',(199.,-324.,140.));
#6030 = VECTOR('',#6031,1.);
#6031 = DIRECTION('',(0.,1.,0.));
#6032 = PLANE('',#6033);
#6033 = AXIS2_PLACEMENT_3D('',#6034,#6035,#6036);
#6034 = CARTESIAN_POINT('',(220.,-140.,140.));
#6035 = DIRECTION('',(0.,0.,1.));
#6036 = DIRECTION('',(1.,0.,0.));
#6037 = ADVANCED_FACE('',(#6038),#6063,.F.);
#6038 = FACE_BOUND('',#6039,.F.);
#6039 = EDGE_LOOP('',(#6040,#6041,#6049,#6055,#6056,#6057));
#6040 = ORIENTED_EDGE('',*,*,#5780,.F.);
#6041 = ORIENTED_EDGE('',*,*,#6042,.T.);
#6042 = EDGE_CURVE('',#5781,#6043,#6045,.T.);
#6043 = VERTEX_POINT('',#6044);
#6044 = CARTESIAN_POINT('',(199.,-313.4425614756,140.));
#6045 = LINE('',#6046,#6047);
#6046 = CARTESIAN_POINT('',(199.,-324.,140.));
#6047 = VECTOR('',#6048,1.);
#6048 = DIRECTION('',(0.,1.,0.));
#6049 = ORIENTED_EDGE('',*,*,#6050,.T.);
#6050 = EDGE_CURVE('',#6043,#6019,#6051,.T.);
#6051 = LINE('',#6052,#6053);
#6052 = CARTESIAN_POINT('',(199.,-324.,140.));
#6053 = VECTOR('',#6054,1.);
#6054 = DIRECTION('',(0.,1.,0.));
#6055 = ORIENTED_EDGE('',*,*,#6027,.T.);
#6056 = ORIENTED_EDGE('',*,*,#5526,.T.);
#6057 = ORIENTED_EDGE('',*,*,#6058,.F.);
#6058 = EDGE_CURVE('',#5773,#5519,#6059,.T.);
#6059 = LINE('',#6060,#6061);
#6060 = CARTESIAN_POINT('',(199.,-324.,165.));
#6061 = VECTOR('',#6062,1.);
#6062 = DIRECTION('',(0.,1.,0.));
#6063 = PLANE('',#6064);
#6064 = AXIS2_PLACEMENT_3D('',#6065,#6066,#6067);
#6065 = CARTESIAN_POINT('',(199.,-324.,140.));
#6066 = DIRECTION('',(1.,0.,0.));
#6067 = DIRECTION('',(0.,0.,1.));
#6068 = ADVANCED_FACE('',(#6069),#6088,.T.);
#6069 = FACE_BOUND('',#6070,.T.);
#6070 = EDGE_LOOP('',(#6071,#6079,#6085,#6086,#6087));
#6071 = ORIENTED_EDGE('',*,*,#6072,.F.);
#6072 = EDGE_CURVE('',#6073,#5740,#6075,.T.);
#6073 = VERTEX_POINT('',#6074);
#6074 = CARTESIAN_POINT('',(-59.,-324.,140.));
#6075 = LINE('',#6076,#6077);
#6076 = CARTESIAN_POINT('',(-130.,-324.,140.));
#6077 = VECTOR('',#6078,1.);
#6078 = DIRECTION('',(1.,0.,0.));
#6079 = ORIENTED_EDGE('',*,*,#6080,.T.);
#6080 = EDGE_CURVE('',#6073,#5980,#6081,.T.);
#6081 = LINE('',#6082,#6083);
#6082 = CARTESIAN_POINT('',(-59.,-324.,140.));
#6083 = VECTOR('',#6084,1.);
#6084 = DIRECTION('',(0.,0.,1.));
#6085 = ORIENTED_EDGE('',*,*,#5979,.T.);
#6086 = ORIENTED_EDGE('',*,*,#5593,.F.);
#6087 = ORIENTED_EDGE('',*,*,#5739,.F.);
#6088 = PLANE('',#6089);
#6089 = AXIS2_PLACEMENT_3D('',#6090,#6091,#6092);
#6090 = CARTESIAN_POINT('',(-130.,-324.,140.));
#6091 = DIRECTION('',(0.,1.,0.));
#6092 = DIRECTION('',(0.,0.,1.));
#6093 = ADVANCED_FACE('',(#6094),#6113,.F.);
#6094 = FACE_BOUND('',#6095,.F.);
#6095 = EDGE_LOOP('',(#6096,#6104,#6110,#6111,#6112));
#6096 = ORIENTED_EDGE('',*,*,#6097,.F.);
#6097 = EDGE_CURVE('',#6098,#5634,#6100,.T.);
#6098 = VERTEX_POINT('',#6099);
#6099 = CARTESIAN_POINT('',(-59.,-136.,140.));
#6100 = LINE('',#6101,#6102);
#6101 = CARTESIAN_POINT('',(-130.,-136.,140.));
#6102 = VECTOR('',#6103,1.);
#6103 = DIRECTION('',(1.,0.,0.));
#6104 = ORIENTED_EDGE('',*,*,#6105,.T.);
#6105 = EDGE_CURVE('',#6098,#5868,#6106,.T.);
#6106 = LINE('',#6107,#6108);
#6107 = CARTESIAN_POINT('',(-59.,-136.,140.));
#6108 = VECTOR('',#6109,1.);
#6109 = DIRECTION('',(0.,0.,1.));
#6110 = ORIENTED_EDGE('',*,*,#5875,.T.);
#6111 = ORIENTED_EDGE('',*,*,#5600,.F.);
#6112 = ORIENTED_EDGE('',*,*,#5642,.F.);
#6113 = PLANE('',#6114);
#6114 = AXIS2_PLACEMENT_3D('',#6115,#6116,#6117);
#6115 = CARTESIAN_POINT('',(-130.,-136.,140.));
#6116 = DIRECTION('',(0.,1.,0.));
#6117 = DIRECTION('',(0.,0.,1.));
#6118 = ADVANCED_FACE('',(#6119),#6135,.F.);
#6119 = FACE_BOUND('',#6120,.F.);
#6120 = EDGE_LOOP('',(#6121,#6127,#6128,#6134));
#6121 = ORIENTED_EDGE('',*,*,#6122,.F.);
#6122 = EDGE_CURVE('',#5616,#5842,#6123,.T.);
#6123 = LINE('',#6124,#6125);
#6124 = CARTESIAN_POINT('',(-130.,-136.,140.));
#6125 = VECTOR('',#6126,1.);
#6126 = DIRECTION('',(0.,0.,1.));
#6127 = ORIENTED_EDGE('',*,*,#5615,.T.);
#6128 = ORIENTED_EDGE('',*,*,#6129,.T.);
#6129 = EDGE_CURVE('',#5618,#5844,#6130,.T.);
#6130 = LINE('',#6131,#6132);
#6131 = CARTESIAN_POINT('',(-130.,-100.,140.));
#6132 = VECTOR('',#6133,1.);
#6133 = DIRECTION('',(0.,0.,1.));
#6134 = ORIENTED_EDGE('',*,*,#5841,.F.);
#6135 = PLANE('',#6136);
#6136 = AXIS2_PLACEMENT_3D('',#6137,#6138,#6139);
#6137 = CARTESIAN_POINT('',(-130.,-136.,140.));
#6138 = DIRECTION('',(1.,0.,0.));
#6139 = DIRECTION('',(0.,0.,1.));
#6140 = ADVANCED_FACE('',(#6141),#6152,.T.);
#6141 = FACE_BOUND('',#6142,.T.);
#6142 = EDGE_LOOP('',(#6143,#6144,#6145,#6146));
#6143 = ORIENTED_EDGE('',*,*,#5675,.F.);
#6144 = ORIENTED_EDGE('',*,*,#6129,.T.);
#6145 = ORIENTED_EDGE('',*,*,#5915,.T.);
#6146 = ORIENTED_EDGE('',*,*,#6147,.F.);
#6147 = EDGE_CURVE('',#5668,#5908,#6148,.T.);
#6148 = LINE('',#6149,#6150);
#6149 = CARTESIAN_POINT('',(270.,-100.,140.));
#6150 = VECTOR('',#6151,1.);
#6151 = DIRECTION('',(0.,0.,1.));
#6152 = PLANE('',#6153);
#6153 = AXIS2_PLACEMENT_3D('',#6154,#6155,#6156);
#6154 = CARTESIAN_POINT('',(-130.,-100.,140.));
#6155 = DIRECTION('',(0.,1.,0.));
#6156 = DIRECTION('',(0.,0.,1.));
#6157 = ADVANCED_FACE('',(#6158),#6169,.T.);
#6158 = FACE_BOUND('',#6159,.T.);
#6159 = EDGE_LOOP('',(#6160,#6166,#6167,#6168));
#6160 = ORIENTED_EDGE('',*,*,#6161,.F.);
#6161 = EDGE_CURVE('',#5660,#5900,#6162,.T.);
#6162 = LINE('',#6163,#6164);
#6163 = CARTESIAN_POINT('',(270.,-136.,140.));
#6164 = VECTOR('',#6165,1.);
#6165 = DIRECTION('',(0.,0.,1.));
#6166 = ORIENTED_EDGE('',*,*,#5667,.T.);
#6167 = ORIENTED_EDGE('',*,*,#6147,.T.);
#6168 = ORIENTED_EDGE('',*,*,#5907,.F.);
#6169 = PLANE('',#6170);
#6170 = AXIS2_PLACEMENT_3D('',#6171,#6172,#6173);
#6171 = CARTESIAN_POINT('',(270.,-136.,140.));
#6172 = DIRECTION('',(1.,0.,0.));
#6173 = DIRECTION('',(0.,0.,1.));
#6174 = ADVANCED_FACE('',(#6175),#6227,.F.);
#6175 = FACE_BOUND('',#6176,.F.);
#6176 = EDGE_LOOP('',(#6177,#6187,#6196,#6203,#6204,#6210,#6211,#6220));
#6177 = ORIENTED_EDGE('',*,*,#6178,.F.);
#6178 = EDGE_CURVE('',#6179,#6181,#6183,.T.);
#6179 = VERTEX_POINT('',#6180);
#6180 = CARTESIAN_POINT('',(241.,-313.4425614756,140.));
#6181 = VERTEX_POINT('',#6182);
#6182 = CARTESIAN_POINT('',(241.,-146.5574385243,140.));
#6183 = LINE('',#6184,#6185);
#6184 = CARTESIAN_POINT('',(241.,-324.,140.));
#6185 = VECTOR('',#6186,1.);
#6186 = DIRECTION('',(0.,1.,0.));
#6187 = ORIENTED_EDGE('',*,*,#6188,.F.);
#6188 = EDGE_CURVE('',#6189,#6179,#6191,.T.);
#6189 = VERTEX_POINT('',#6190);
#6190 = CARTESIAN_POINT('',(242.,-320.,140.));
#6191 = CIRCLE('',#6192,22.);
#6192 = AXIS2_PLACEMENT_3D('',#6193,#6194,#6195);
#6193 = CARTESIAN_POINT('',(220.,-320.,140.));
#6194 = DIRECTION('',(0.,0.,1.));
#6195 = DIRECTION('',(1.,0.,0.));
#6196 = ORIENTED_EDGE('',*,*,#6197,.F.);
#6197 = EDGE_CURVE('',#5716,#6189,#6198,.T.);
#6198 = CIRCLE('',#6199,22.);
#6199 = AXIS2_PLACEMENT_3D('',#6200,#6201,#6202);
#6200 = CARTESIAN_POINT('',(220.,-320.,140.));
#6201 = DIRECTION('',(0.,0.,1.));
#6202 = DIRECTION('',(1.,0.,0.));
#6203 = ORIENTED_EDGE('',*,*,#5715,.T.);
#6204 = ORIENTED_EDGE('',*,*,#6205,.T.);
#6205 = EDGE_CURVE('',#5708,#5660,#6206,.T.);
#6206 = LINE('',#6207,#6208);
#6207 = CARTESIAN_POINT('',(270.,-324.,140.));
#6208 = VECTOR('',#6209,1.);
#6209 = DIRECTION('',(0.,1.,0.));
#6210 = ORIENTED_EDGE('',*,*,#5659,.F.);
#6211 = ORIENTED_EDGE('',*,*,#6212,.F.);
#6212 = EDGE_CURVE('',#6213,#5651,#6215,.T.);
#6213 = VERTEX_POINT('',#6214);
#6214 = CARTESIAN_POINT('',(242.,-140.,140.));
#6215 = CIRCLE('',#6216,22.);
#6216 = AXIS2_PLACEMENT_3D('',#6217,#6218,#6219);
#6217 = CARTESIAN_POINT('',(220.,-140.,140.));
#6218 = DIRECTION('',(0.,0.,1.));
#6219 = DIRECTION('',(1.,0.,0.));
#6220 = ORIENTED_EDGE('',*,*,#6221,.F.);
#6221 = EDGE_CURVE('',#6181,#6213,#6222,.T.);
#6222 = CIRCLE('',#6223,22.);
#6223 = AXIS2_PLACEMENT_3D('',#6224,#6225,#6226);
#6224 = CARTESIAN_POINT('',(220.,-140.,140.));
#6225 = DIRECTION('',(0.,0.,1.));
#6226 = DIRECTION('',(1.,0.,0.));
#6227 = PLANE('',#6228);
#6228 = AXIS2_PLACEMENT_3D('',#6229,#6230,#6231);
#6229 = CARTESIAN_POINT('',(234.,-324.,140.));
#6230 = DIRECTION('',(0.,0.,1.));
#6231 = DIRECTION('',(1.,0.,0.));
#6232 = ADVANCED_FACE('',(#6233),#6316,.T.);
#6233 = FACE_BOUND('',#6234,.T.);
#6234 = EDGE_LOOP('',(#6235,#6243,#6244,#6253,#6260,#6261,#6262,#6263,
    #6264,#6273,#6282,#6291,#6300,#6309));
#6235 = ORIENTED_EDGE('',*,*,#6236,.T.);
#6236 = EDGE_CURVE('',#6237,#6213,#6239,.T.);
#6237 = VERTEX_POINT('',#6238);
#6238 = CARTESIAN_POINT('',(242.,-140.,90.));
#6239 = LINE('',#6240,#6241);
#6240 = CARTESIAN_POINT('',(242.,-140.,90.));
#6241 = VECTOR('',#6242,1.);
#6242 = DIRECTION('',(0.,0.,1.));
#6243 = ORIENTED_EDGE('',*,*,#6221,.F.);
#6244 = ORIENTED_EDGE('',*,*,#6245,.F.);
#6245 = EDGE_CURVE('',#6246,#6181,#6248,.T.);
#6246 = VERTEX_POINT('',#6247);
#6247 = CARTESIAN_POINT('',(234.,-156.9705627484,140.));
#6248 = CIRCLE('',#6249,22.);
#6249 = AXIS2_PLACEMENT_3D('',#6250,#6251,#6252);
#6250 = CARTESIAN_POINT('',(220.,-140.,140.));
#6251 = DIRECTION('',(0.,0.,1.));
#6252 = DIRECTION('',(1.,0.,0.));
#6253 = ORIENTED_EDGE('',*,*,#6254,.F.);
#6254 = EDGE_CURVE('',#6019,#6246,#6255,.T.);
#6255 = CIRCLE('',#6256,22.);
#6256 = AXIS2_PLACEMENT_3D('',#6257,#6258,#6259);
#6257 = CARTESIAN_POINT('',(220.,-140.,140.));
#6258 = DIRECTION('',(0.,0.,1.));
#6259 = DIRECTION('',(1.,0.,0.));
#6260 = ORIENTED_EDGE('',*,*,#6018,.F.);
#6261 = ORIENTED_EDGE('',*,*,#5650,.F.);
#6262 = ORIENTED_EDGE('',*,*,#6212,.F.);
#6263 = ORIENTED_EDGE('',*,*,#6236,.F.);
#6264 = ORIENTED_EDGE('',*,*,#6265,.T.);
#6265 = EDGE_CURVE('',#6237,#6266,#6268,.T.);
#6266 = VERTEX_POINT('',#6267);
#6267 = CARTESIAN_POINT('',(241.63330765278,-136.,90.));
#6268 = CIRCLE('',#6269,22.);
#6269 = AXIS2_PLACEMENT_3D('',#6270,#6271,#6272);
#6270 = CARTESIAN_POINT('',(220.,-140.,90.));
#6271 = DIRECTION('',(0.,0.,1.));
#6272 = DIRECTION('',(1.,0.,0.));
#6273 = ORIENTED_EDGE('',*,*,#6274,.T.);
#6274 = EDGE_CURVE('',#6266,#6275,#6277,.T.);
#6275 = VERTEX_POINT('',#6276);
#6276 = CARTESIAN_POINT('',(198.36669234721,-136.,90.));
#6277 = CIRCLE('',#6278,22.);
#6278 = AXIS2_PLACEMENT_3D('',#6279,#6280,#6281);
#6279 = CARTESIAN_POINT('',(220.,-140.,90.));
#6280 = DIRECTION('',(0.,0.,1.));
#6281 = DIRECTION('',(1.,0.,0.));
#6282 = ORIENTED_EDGE('',*,*,#6283,.T.);
#6283 = EDGE_CURVE('',#6275,#6284,#6286,.T.);
#6284 = VERTEX_POINT('',#6285);
#6285 = CARTESIAN_POINT('',(199.,-146.5574385243,90.));
#6286 = CIRCLE('',#6287,22.);
#6287 = AXIS2_PLACEMENT_3D('',#6288,#6289,#6290);
#6288 = CARTESIAN_POINT('',(220.,-140.,90.));
#6289 = DIRECTION('',(0.,0.,1.));
#6290 = DIRECTION('',(1.,0.,0.));
#6291 = ORIENTED_EDGE('',*,*,#6292,.T.);
#6292 = EDGE_CURVE('',#6284,#6293,#6295,.T.);
#6293 = VERTEX_POINT('',#6294);
#6294 = CARTESIAN_POINT('',(234.,-156.9705627484,90.));
#6295 = CIRCLE('',#6296,22.);
#6296 = AXIS2_PLACEMENT_3D('',#6297,#6298,#6299);
#6297 = CARTESIAN_POINT('',(220.,-140.,90.));
#6298 = DIRECTION('',(0.,0.,1.));
#6299 = DIRECTION('',(1.,0.,0.));
#6300 = ORIENTED_EDGE('',*,*,#6301,.T.);
#6301 = EDGE_CURVE('',#6293,#6302,#6304,.T.);
#6302 = VERTEX_POINT('',#6303);
#6303 = CARTESIAN_POINT('',(241.,-146.5574385243,90.));
#6304 = CIRCLE('',#6305,22.);
#6305 = AXIS2_PLACEMENT_3D('',#6306,#6307,#6308);
#6306 = CARTESIAN_POINT('',(220.,-140.,90.));
#6307 = DIRECTION('',(0.,0.,1.));
#6308 = DIRECTION('',(1.,0.,0.));
#6309 = ORIENTED_EDGE('',*,*,#6310,.T.);
#6310 = EDGE_CURVE('',#6302,#6237,#6311,.T.);
#6311 = CIRCLE('',#6312,22.);
#6312 = AXIS2_PLACEMENT_3D('',#6313,#6314,#6315);
#6313 = CARTESIAN_POINT('',(220.,-140.,90.));
#6314 = DIRECTION('',(0.,0.,1.));
#6315 = DIRECTION('',(1.,0.,0.));
#6316 = CYLINDRICAL_SURFACE('',#6317,22.);
#6317 = AXIS2_PLACEMENT_3D('',#6318,#6319,#6320);
#6318 = CARTESIAN_POINT('',(220.,-140.,90.));
#6319 = DIRECTION('',(0.,0.,1.));
#6320 = DIRECTION('',(1.,0.,0.));
#6321 = ADVANCED_FACE('',(#6322),#6429,.T.);
#6322 = FACE_BOUND('',#6323,.T.);
#6323 = EDGE_LOOP('',(#6324,#6334,#6343,#6352,#6361,#6368,#6369,#6376,
    #6377,#6386,#6395,#6404,#6413,#6422));
#6324 = ORIENTED_EDGE('',*,*,#6325,.T.);
#6325 = EDGE_CURVE('',#6326,#6328,#6330,.T.);
#6326 = VERTEX_POINT('',#6327);
#6327 = CARTESIAN_POINT('',(-58.,-140.,90.));
#6328 = VERTEX_POINT('',#6329);
#6329 = CARTESIAN_POINT('',(-58.,-140.,140.));
#6330 = LINE('',#6331,#6332);
#6331 = CARTESIAN_POINT('',(-58.,-140.,90.));
#6332 = VECTOR('',#6333,1.);
#6333 = DIRECTION('',(0.,0.,1.));
#6334 = ORIENTED_EDGE('',*,*,#6335,.F.);
#6335 = EDGE_CURVE('',#6336,#6328,#6338,.T.);
#6336 = VERTEX_POINT('',#6337);
#6337 = CARTESIAN_POINT('',(-59.,-146.5574385243,140.));
#6338 = CIRCLE('',#6339,22.);
#6339 = AXIS2_PLACEMENT_3D('',#6340,#6341,#6342);
#6340 = CARTESIAN_POINT('',(-80.,-140.,140.));
#6341 = DIRECTION('',(0.,0.,1.));
#6342 = DIRECTION('',(1.,0.,0.));
#6343 = ORIENTED_EDGE('',*,*,#6344,.F.);
#6344 = EDGE_CURVE('',#6345,#6336,#6347,.T.);
#6345 = VERTEX_POINT('',#6346);
#6346 = CARTESIAN_POINT('',(-94.,-156.9705627484,140.));
#6347 = CIRCLE('',#6348,22.);
#6348 = AXIS2_PLACEMENT_3D('',#6349,#6350,#6351);
#6349 = CARTESIAN_POINT('',(-80.,-140.,140.));
#6350 = DIRECTION('',(0.,0.,1.));
#6351 = DIRECTION('',(1.,0.,0.));
#6352 = ORIENTED_EDGE('',*,*,#6353,.F.);
#6353 = EDGE_CURVE('',#6354,#6345,#6356,.T.);
#6354 = VERTEX_POINT('',#6355);
#6355 = CARTESIAN_POINT('',(-101.,-146.5574385243,140.));
#6356 = CIRCLE('',#6357,22.);
#6357 = AXIS2_PLACEMENT_3D('',#6358,#6359,#6360);
#6358 = CARTESIAN_POINT('',(-80.,-140.,140.));
#6359 = DIRECTION('',(0.,0.,1.));
#6360 = DIRECTION('',(1.,0.,0.));
#6361 = ORIENTED_EDGE('',*,*,#6362,.F.);
#6362 = EDGE_CURVE('',#5626,#6354,#6363,.T.);
#6363 = CIRCLE('',#6364,22.);
#6364 = AXIS2_PLACEMENT_3D('',#6365,#6366,#6367);
#6365 = CARTESIAN_POINT('',(-80.,-140.,140.));
#6366 = DIRECTION('',(0.,0.,1.));
#6367 = DIRECTION('',(1.,0.,0.));
#6368 = ORIENTED_EDGE('',*,*,#5633,.F.);
#6369 = ORIENTED_EDGE('',*,*,#6370,.F.);
#6370 = EDGE_CURVE('',#6328,#5634,#6371,.T.);
#6371 = CIRCLE('',#6372,22.);
#6372 = AXIS2_PLACEMENT_3D('',#6373,#6374,#6375);
#6373 = CARTESIAN_POINT('',(-80.,-140.,140.));
#6374 = DIRECTION('',(0.,0.,1.));
#6375 = DIRECTION('',(1.,0.,0.));
#6376 = ORIENTED_EDGE('',*,*,#6325,.F.);
#6377 = ORIENTED_EDGE('',*,*,#6378,.T.);
#6378 = EDGE_CURVE('',#6326,#6379,#6381,.T.);
#6379 = VERTEX_POINT('',#6380);
#6380 = CARTESIAN_POINT('',(-58.36669234721,-136.,90.));
#6381 = CIRCLE('',#6382,22.);
#6382 = AXIS2_PLACEMENT_3D('',#6383,#6384,#6385);
#6383 = CARTESIAN_POINT('',(-80.,-140.,90.));
#6384 = DIRECTION('',(0.,0.,1.));
#6385 = DIRECTION('',(1.,0.,0.));
#6386 = ORIENTED_EDGE('',*,*,#6387,.T.);
#6387 = EDGE_CURVE('',#6379,#6388,#6390,.T.);
#6388 = VERTEX_POINT('',#6389);
#6389 = CARTESIAN_POINT('',(-101.6333076527,-136.,90.));
#6390 = CIRCLE('',#6391,22.);
#6391 = AXIS2_PLACEMENT_3D('',#6392,#6393,#6394);
#6392 = CARTESIAN_POINT('',(-80.,-140.,90.));
#6393 = DIRECTION('',(0.,0.,1.));
#6394 = DIRECTION('',(1.,0.,0.));
#6395 = ORIENTED_EDGE('',*,*,#6396,.T.);
#6396 = EDGE_CURVE('',#6388,#6397,#6399,.T.);
#6397 = VERTEX_POINT('',#6398);
#6398 = CARTESIAN_POINT('',(-101.,-146.5574385243,90.));
#6399 = CIRCLE('',#6400,22.);
#6400 = AXIS2_PLACEMENT_3D('',#6401,#6402,#6403);
#6401 = CARTESIAN_POINT('',(-80.,-140.,90.));
#6402 = DIRECTION('',(0.,0.,1.));
#6403 = DIRECTION('',(1.,0.,0.));
#6404 = ORIENTED_EDGE('',*,*,#6405,.T.);
#6405 = EDGE_CURVE('',#6397,#6406,#6408,.T.);
#6406 = VERTEX_POINT('',#6407);
#6407 = CARTESIAN_POINT('',(-94.,-156.9705627484,90.));
#6408 = CIRCLE('',#6409,22.);
#6409 = AXIS2_PLACEMENT_3D('',#6410,#6411,#6412);
#6410 = CARTESIAN_POINT('',(-80.,-140.,90.));
#6411 = DIRECTION('',(0.,0.,1.));
#6412 = DIRECTION('',(1.,0.,0.));
#6413 = ORIENTED_EDGE('',*,*,#6414,.T.);
#6414 = EDGE_CURVE('',#6406,#6415,#6417,.T.);
#6415 = VERTEX_POINT('',#6416);
#6416 = CARTESIAN_POINT('',(-59.,-146.5574385243,90.));
#6417 = CIRCLE('',#6418,22.);
#6418 = AXIS2_PLACEMENT_3D('',#6419,#6420,#6421);
#6419 = CARTESIAN_POINT('',(-80.,-140.,90.));
#6420 = DIRECTION('',(0.,0.,1.));
#6421 = DIRECTION('',(1.,0.,0.));
#6422 = ORIENTED_EDGE('',*,*,#6423,.T.);
#6423 = EDGE_CURVE('',#6415,#6326,#6424,.T.);
#6424 = CIRCLE('',#6425,22.);
#6425 = AXIS2_PLACEMENT_3D('',#6426,#6427,#6428);
#6426 = CARTESIAN_POINT('',(-80.,-140.,90.));
#6427 = DIRECTION('',(0.,0.,1.));
#6428 = DIRECTION('',(1.,0.,0.));
#6429 = CYLINDRICAL_SURFACE('',#6430,22.);
#6430 = AXIS2_PLACEMENT_3D('',#6431,#6432,#6433);
#6431 = CARTESIAN_POINT('',(-80.,-140.,90.));
#6432 = DIRECTION('',(0.,0.,1.));
#6433 = DIRECTION('',(1.,0.,0.));
#6434 = ADVANCED_FACE('',(#6435),#6461,.F.);
#6435 = FACE_BOUND('',#6436,.F.);
#6436 = EDGE_LOOP('',(#6437,#6443,#6444,#6453,#6459,#6460));
#6437 = ORIENTED_EDGE('',*,*,#6438,.F.);
#6438 = EDGE_CURVE('',#5692,#5616,#6439,.T.);
#6439 = LINE('',#6440,#6441);
#6440 = CARTESIAN_POINT('',(-130.,-324.,140.));
#6441 = VECTOR('',#6442,1.);
#6442 = DIRECTION('',(0.,1.,0.));
#6443 = ORIENTED_EDGE('',*,*,#5756,.T.);
#6444 = ORIENTED_EDGE('',*,*,#6445,.F.);
#6445 = EDGE_CURVE('',#6446,#5748,#6448,.T.);
#6446 = VERTEX_POINT('',#6447);
#6447 = CARTESIAN_POINT('',(-101.,-313.4425614756,140.));
#6448 = CIRCLE('',#6449,22.);
#6449 = AXIS2_PLACEMENT_3D('',#6450,#6451,#6452);
#6450 = CARTESIAN_POINT('',(-80.,-320.,140.));
#6451 = DIRECTION('',(0.,0.,1.));
#6452 = DIRECTION('',(1.,0.,0.));
#6453 = ORIENTED_EDGE('',*,*,#6454,.T.);
#6454 = EDGE_CURVE('',#6446,#6354,#6455,.T.);
#6455 = LINE('',#6456,#6457);
#6456 = CARTESIAN_POINT('',(-101.,-324.,140.));
#6457 = VECTOR('',#6458,1.);
#6458 = DIRECTION('',(0.,1.,0.));
#6459 = ORIENTED_EDGE('',*,*,#6362,.F.);
#6460 = ORIENTED_EDGE('',*,*,#5625,.F.);
#6461 = PLANE('',#6462);
#6462 = AXIS2_PLACEMENT_3D('',#6463,#6464,#6465);
#6463 = CARTESIAN_POINT('',(-130.,-324.,140.));
#6464 = DIRECTION('',(0.,0.,1.));
#6465 = DIRECTION('',(1.,0.,0.));
#6466 = ADVANCED_FACE('',(#6467),#6483,.F.);
#6467 = FACE_BOUND('',#6468,.F.);
#6468 = EDGE_LOOP('',(#6469,#6475,#6476,#6482));
#6469 = ORIENTED_EDGE('',*,*,#6470,.F.);
#6470 = EDGE_CURVE('',#5690,#5930,#6471,.T.);
#6471 = LINE('',#6472,#6473);
#6472 = CARTESIAN_POINT('',(-130.,-360.,140.));
#6473 = VECTOR('',#6474,1.);
#6474 = DIRECTION('',(0.,0.,1.));
#6475 = ORIENTED_EDGE('',*,*,#5689,.T.);
#6476 = ORIENTED_EDGE('',*,*,#6477,.T.);
#6477 = EDGE_CURVE('',#5692,#5932,#6478,.T.);
#6478 = LINE('',#6479,#6480);
#6479 = CARTESIAN_POINT('',(-130.,-324.,140.));
#6480 = VECTOR('',#6481,1.);
#6481 = DIRECTION('',(0.,0.,1.));
#6482 = ORIENTED_EDGE('',*,*,#5929,.F.);
#6483 = PLANE('',#6484);
#6484 = AXIS2_PLACEMENT_3D('',#6485,#6486,#6487);
#6485 = CARTESIAN_POINT('',(-130.,-360.,140.));
#6486 = DIRECTION('',(1.,0.,0.));
#6487 = DIRECTION('',(0.,0.,1.));
#6488 = ADVANCED_FACE('',(#6489),#6588,.T.);
#6489 = FACE_BOUND('',#6490,.T.);
#6490 = EDGE_LOOP('',(#6491,#6501,#6508,#6509,#6510,#6519,#6528,#6535,
    #6536,#6545,#6554,#6563,#6572,#6581));
#6491 = ORIENTED_EDGE('',*,*,#6492,.T.);
#6492 = EDGE_CURVE('',#6493,#6495,#6497,.T.);
#6493 = VERTEX_POINT('',#6494);
#6494 = CARTESIAN_POINT('',(-58.,-320.,90.));
#6495 = VERTEX_POINT('',#6496);
#6496 = CARTESIAN_POINT('',(-58.,-320.,140.));
#6497 = LINE('',#6498,#6499);
#6498 = CARTESIAN_POINT('',(-58.,-320.,90.));
#6499 = VECTOR('',#6500,1.);
#6500 = DIRECTION('',(0.,0.,1.));
#6501 = ORIENTED_EDGE('',*,*,#6502,.F.);
#6502 = EDGE_CURVE('',#5740,#6495,#6503,.T.);
#6503 = CIRCLE('',#6504,22.);
#6504 = AXIS2_PLACEMENT_3D('',#6505,#6506,#6507);
#6505 = CARTESIAN_POINT('',(-80.,-320.,140.));
#6506 = DIRECTION('',(0.,0.,1.));
#6507 = DIRECTION('',(1.,0.,0.));
#6508 = ORIENTED_EDGE('',*,*,#5747,.F.);
#6509 = ORIENTED_EDGE('',*,*,#6445,.F.);
#6510 = ORIENTED_EDGE('',*,*,#6511,.F.);
#6511 = EDGE_CURVE('',#6512,#6446,#6514,.T.);
#6512 = VERTEX_POINT('',#6513);
#6513 = CARTESIAN_POINT('',(-94.,-303.0294372515,140.));
#6514 = CIRCLE('',#6515,22.);
#6515 = AXIS2_PLACEMENT_3D('',#6516,#6517,#6518);
#6516 = CARTESIAN_POINT('',(-80.,-320.,140.));
#6517 = DIRECTION('',(0.,0.,1.));
#6518 = DIRECTION('',(1.,0.,0.));
#6519 = ORIENTED_EDGE('',*,*,#6520,.F.);
#6520 = EDGE_CURVE('',#6521,#6512,#6523,.T.);
#6521 = VERTEX_POINT('',#6522);
#6522 = CARTESIAN_POINT('',(-59.,-313.4425614756,140.));
#6523 = CIRCLE('',#6524,22.);
#6524 = AXIS2_PLACEMENT_3D('',#6525,#6526,#6527);
#6525 = CARTESIAN_POINT('',(-80.,-320.,140.));
#6526 = DIRECTION('',(0.,0.,1.));
#6527 = DIRECTION('',(1.,0.,0.));
#6528 = ORIENTED_EDGE('',*,*,#6529,.F.);
#6529 = EDGE_CURVE('',#6495,#6521,#6530,.T.);
#6530 = CIRCLE('',#6531,22.);
#6531 = AXIS2_PLACEMENT_3D('',#6532,#6533,#6534);
#6532 = CARTESIAN_POINT('',(-80.,-320.,140.));
#6533 = DIRECTION('',(0.,0.,1.));
#6534 = DIRECTION('',(1.,0.,0.));
#6535 = ORIENTED_EDGE('',*,*,#6492,.F.);
#6536 = ORIENTED_EDGE('',*,*,#6537,.T.);
#6537 = EDGE_CURVE('',#6493,#6538,#6540,.T.);
#6538 = VERTEX_POINT('',#6539);
#6539 = CARTESIAN_POINT('',(-59.,-313.4425614756,90.));
#6540 = CIRCLE('',#6541,22.);
#6541 = AXIS2_PLACEMENT_3D('',#6542,#6543,#6544);
#6542 = CARTESIAN_POINT('',(-80.,-320.,90.));
#6543 = DIRECTION('',(0.,0.,1.));
#6544 = DIRECTION('',(1.,0.,0.));
#6545 = ORIENTED_EDGE('',*,*,#6546,.T.);
#6546 = EDGE_CURVE('',#6538,#6547,#6549,.T.);
#6547 = VERTEX_POINT('',#6548);
#6548 = CARTESIAN_POINT('',(-94.,-303.0294372515,90.));
#6549 = CIRCLE('',#6550,22.);
#6550 = AXIS2_PLACEMENT_3D('',#6551,#6552,#6553);
#6551 = CARTESIAN_POINT('',(-80.,-320.,90.));
#6552 = DIRECTION('',(0.,0.,1.));
#6553 = DIRECTION('',(1.,0.,0.));
#6554 = ORIENTED_EDGE('',*,*,#6555,.T.);
#6555 = EDGE_CURVE('',#6547,#6556,#6558,.T.);
#6556 = VERTEX_POINT('',#6557);
#6557 = CARTESIAN_POINT('',(-101.,-313.4425614756,90.));
#6558 = CIRCLE('',#6559,22.);
#6559 = AXIS2_PLACEMENT_3D('',#6560,#6561,#6562);
#6560 = CARTESIAN_POINT('',(-80.,-320.,90.));
#6561 = DIRECTION('',(0.,0.,1.));
#6562 = DIRECTION('',(1.,0.,0.));
#6563 = ORIENTED_EDGE('',*,*,#6564,.T.);
#6564 = EDGE_CURVE('',#6556,#6565,#6567,.T.);
#6565 = VERTEX_POINT('',#6566);
#6566 = CARTESIAN_POINT('',(-101.6333076527,-324.,90.));
#6567 = CIRCLE('',#6568,22.);
#6568 = AXIS2_PLACEMENT_3D('',#6569,#6570,#6571);
#6569 = CARTESIAN_POINT('',(-80.,-320.,90.));
#6570 = DIRECTION('',(0.,0.,1.));
#6571 = DIRECTION('',(1.,0.,0.));
#6572 = ORIENTED_EDGE('',*,*,#6573,.T.);
#6573 = EDGE_CURVE('',#6565,#6574,#6576,.T.);
#6574 = VERTEX_POINT('',#6575);
#6575 = CARTESIAN_POINT('',(-58.36669234721,-324.,90.));
#6576 = CIRCLE('',#6577,22.);
#6577 = AXIS2_PLACEMENT_3D('',#6578,#6579,#6580);
#6578 = CARTESIAN_POINT('',(-80.,-320.,90.));
#6579 = DIRECTION('',(0.,0.,1.));
#6580 = DIRECTION('',(1.,0.,0.));
#6581 = ORIENTED_EDGE('',*,*,#6582,.T.);
#6582 = EDGE_CURVE('',#6574,#6493,#6583,.T.);
#6583 = CIRCLE('',#6584,22.);
#6584 = AXIS2_PLACEMENT_3D('',#6585,#6586,#6587);
#6585 = CARTESIAN_POINT('',(-80.,-320.,90.));
#6586 = DIRECTION('',(0.,0.,1.));
#6587 = DIRECTION('',(1.,0.,0.));
#6588 = CYLINDRICAL_SURFACE('',#6589,22.);
#6589 = AXIS2_PLACEMENT_3D('',#6590,#6591,#6592);
#6590 = CARTESIAN_POINT('',(-80.,-320.,90.));
#6591 = DIRECTION('',(0.,0.,1.));
#6592 = DIRECTION('',(1.,0.,0.));
#6593 = ADVANCED_FACE('',(#6594),#6683,.T.);
#6594 = FACE_BOUND('',#6595,.T.);
#6595 = EDGE_LOOP('',(#6596,#6604,#6605,#6606,#6613,#6622,#6629,#6630,
    #6631,#6640,#6649,#6658,#6667,#6676));
#6596 = ORIENTED_EDGE('',*,*,#6597,.T.);
#6597 = EDGE_CURVE('',#6598,#6189,#6600,.T.);
#6598 = VERTEX_POINT('',#6599);
#6599 = CARTESIAN_POINT('',(242.,-320.,90.));
#6600 = LINE('',#6601,#6602);
#6601 = CARTESIAN_POINT('',(242.,-320.,90.));
#6602 = VECTOR('',#6603,1.);
#6603 = DIRECTION('',(0.,0.,1.));
#6604 = ORIENTED_EDGE('',*,*,#6197,.F.);
#6605 = ORIENTED_EDGE('',*,*,#5723,.F.);
#6606 = ORIENTED_EDGE('',*,*,#6607,.F.);
#6607 = EDGE_CURVE('',#6043,#5724,#6608,.T.);
#6608 = CIRCLE('',#6609,22.);
#6609 = AXIS2_PLACEMENT_3D('',#6610,#6611,#6612);
#6610 = CARTESIAN_POINT('',(220.,-320.,140.));
#6611 = DIRECTION('',(0.,0.,1.));
#6612 = DIRECTION('',(1.,0.,0.));
#6613 = ORIENTED_EDGE('',*,*,#6614,.F.);
#6614 = EDGE_CURVE('',#6615,#6043,#6617,.T.);
#6615 = VERTEX_POINT('',#6616);
#6616 = CARTESIAN_POINT('',(234.,-303.0294372515,140.));
#6617 = CIRCLE('',#6618,22.);
#6618 = AXIS2_PLACEMENT_3D('',#6619,#6620,#6621);
#6619 = CARTESIAN_POINT('',(220.,-320.,140.));
#6620 = DIRECTION('',(0.,0.,1.));
#6621 = DIRECTION('',(1.,0.,0.));
#6622 = ORIENTED_EDGE('',*,*,#6623,.F.);
#6623 = EDGE_CURVE('',#6179,#6615,#6624,.T.);
#6624 = CIRCLE('',#6625,22.);
#6625 = AXIS2_PLACEMENT_3D('',#6626,#6627,#6628);
#6626 = CARTESIAN_POINT('',(220.,-320.,140.));
#6627 = DIRECTION('',(0.,0.,1.));
#6628 = DIRECTION('',(1.,0.,0.));
#6629 = ORIENTED_EDGE('',*,*,#6188,.F.);
#6630 = ORIENTED_EDGE('',*,*,#6597,.F.);
#6631 = ORIENTED_EDGE('',*,*,#6632,.T.);
#6632 = EDGE_CURVE('',#6598,#6633,#6635,.T.);
#6633 = VERTEX_POINT('',#6634);
#6634 = CARTESIAN_POINT('',(241.,-313.4425614756,90.));
#6635 = CIRCLE('',#6636,22.);
#6636 = AXIS2_PLACEMENT_3D('',#6637,#6638,#6639);
#6637 = CARTESIAN_POINT('',(220.,-320.,90.));
#6638 = DIRECTION('',(0.,0.,1.));
#6639 = DIRECTION('',(1.,0.,0.));
#6640 = ORIENTED_EDGE('',*,*,#6641,.T.);
#6641 = EDGE_CURVE('',#6633,#6642,#6644,.T.);
#6642 = VERTEX_POINT('',#6643);
#6643 = CARTESIAN_POINT('',(234.,-303.0294372515,90.));
#6644 = CIRCLE('',#6645,22.);
#6645 = AXIS2_PLACEMENT_3D('',#6646,#6647,#6648);
#6646 = CARTESIAN_POINT('',(220.,-320.,90.));
#6647 = DIRECTION('',(0.,0.,1.));
#6648 = DIRECTION('',(1.,0.,0.));
#6649 = ORIENTED_EDGE('',*,*,#6650,.T.);
#6650 = EDGE_CURVE('',#6642,#6651,#6653,.T.);
#6651 = VERTEX_POINT('',#6652);
#6652 = CARTESIAN_POINT('',(199.,-313.4425614756,90.));
#6653 = CIRCLE('',#6654,22.);
#6654 = AXIS2_PLACEMENT_3D('',#6655,#6656,#6657);
#6655 = CARTESIAN_POINT('',(220.,-320.,90.));
#6656 = DIRECTION('',(0.,0.,1.));
#6657 = DIRECTION('',(1.,0.,0.));
#6658 = ORIENTED_EDGE('',*,*,#6659,.T.);
#6659 = EDGE_CURVE('',#6651,#6660,#6662,.T.);
#6660 = VERTEX_POINT('',#6661);
#6661 = CARTESIAN_POINT('',(198.36669234721,-324.,90.));
#6662 = CIRCLE('',#6663,22.);
#6663 = AXIS2_PLACEMENT_3D('',#6664,#6665,#6666);
#6664 = CARTESIAN_POINT('',(220.,-320.,90.));
#6665 = DIRECTION('',(0.,0.,1.));
#6666 = DIRECTION('',(1.,0.,0.));
#6667 = ORIENTED_EDGE('',*,*,#6668,.T.);
#6668 = EDGE_CURVE('',#6660,#6669,#6671,.T.);
#6669 = VERTEX_POINT('',#6670);
#6670 = CARTESIAN_POINT('',(241.63330765278,-324.,90.));
#6671 = CIRCLE('',#6672,22.);
#6672 = AXIS2_PLACEMENT_3D('',#6673,#6674,#6675);
#6673 = CARTESIAN_POINT('',(220.,-320.,90.));
#6674 = DIRECTION('',(0.,0.,1.));
#6675 = DIRECTION('',(1.,0.,0.));
#6676 = ORIENTED_EDGE('',*,*,#6677,.T.);
#6677 = EDGE_CURVE('',#6669,#6598,#6678,.T.);
#6678 = CIRCLE('',#6679,22.);
#6679 = AXIS2_PLACEMENT_3D('',#6680,#6681,#6682);
#6680 = CARTESIAN_POINT('',(220.,-320.,90.));
#6681 = DIRECTION('',(0.,0.,1.));
#6682 = DIRECTION('',(1.,0.,0.));
#6683 = CYLINDRICAL_SURFACE('',#6684,22.);
#6684 = AXIS2_PLACEMENT_3D('',#6685,#6686,#6687);
#6685 = CARTESIAN_POINT('',(220.,-320.,90.));
#6686 = DIRECTION('',(0.,0.,1.));
#6687 = DIRECTION('',(1.,0.,0.));
#6688 = ADVANCED_FACE('',(#6689),#6705,.T.);
#6689 = FACE_BOUND('',#6690,.T.);
#6690 = EDGE_LOOP('',(#6691,#6697,#6698,#6704));
#6691 = ORIENTED_EDGE('',*,*,#6692,.F.);
#6692 = EDGE_CURVE('',#5700,#5940,#6693,.T.);
#6693 = LINE('',#6694,#6695);
#6694 = CARTESIAN_POINT('',(270.,-360.,140.));
#6695 = VECTOR('',#6696,1.);
#6696 = DIRECTION('',(0.,0.,1.));
#6697 = ORIENTED_EDGE('',*,*,#5707,.T.);
#6698 = ORIENTED_EDGE('',*,*,#6699,.T.);
#6699 = EDGE_CURVE('',#5708,#5948,#6700,.T.);
#6700 = LINE('',#6701,#6702);
#6701 = CARTESIAN_POINT('',(270.,-324.,140.));
#6702 = VECTOR('',#6703,1.);
#6703 = DIRECTION('',(0.,0.,1.));
#6704 = ORIENTED_EDGE('',*,*,#5947,.F.);
#6705 = PLANE('',#6706);
#6706 = AXIS2_PLACEMENT_3D('',#6707,#6708,#6709);
#6707 = CARTESIAN_POINT('',(270.,-360.,140.));
#6708 = DIRECTION('',(1.,0.,0.));
#6709 = DIRECTION('',(0.,0.,1.));
#6710 = ADVANCED_FACE('',(#6711),#6717,.F.);
#6711 = FACE_BOUND('',#6712,.F.);
#6712 = EDGE_LOOP('',(#6713,#6714,#6715,#6716));
#6713 = ORIENTED_EDGE('',*,*,#5699,.F.);
#6714 = ORIENTED_EDGE('',*,*,#6470,.T.);
#6715 = ORIENTED_EDGE('',*,*,#5939,.T.);
#6716 = ORIENTED_EDGE('',*,*,#6692,.F.);
#6717 = PLANE('',#6718);
#6718 = AXIS2_PLACEMENT_3D('',#6719,#6720,#6721);
#6719 = CARTESIAN_POINT('',(-130.,-360.,140.));
#6720 = DIRECTION('',(0.,1.,0.));
#6721 = DIRECTION('',(0.,0.,1.));
#6722 = ADVANCED_FACE('',(#6723),#6728,.T.);
#6723 = FACE_BOUND('',#6724,.T.);
#6724 = EDGE_LOOP('',(#6725,#6726,#6727));
#6725 = ORIENTED_EDGE('',*,*,#6607,.T.);
#6726 = ORIENTED_EDGE('',*,*,#5788,.T.);
#6727 = ORIENTED_EDGE('',*,*,#6042,.T.);
#6728 = PLANE('',#6729);
#6729 = AXIS2_PLACEMENT_3D('',#6730,#6731,#6732);
#6730 = CARTESIAN_POINT('',(220.,-320.,140.));
#6731 = DIRECTION('',(0.,0.,1.));
#6732 = DIRECTION('',(1.,0.,0.));
#6733 = ADVANCED_FACE('',(#6734,#6737),#6771,.T.);
#6734 = FACE_BOUND('',#6735,.T.);
#6735 = EDGE_LOOP('',(#6736));
#6736 = ORIENTED_EDGE('',*,*,#5822,.T.);
#6737 = FACE_BOUND('',#6738,.T.);
#6738 = EDGE_LOOP('',(#6739,#6749,#6757,#6765));
#6739 = ORIENTED_EDGE('',*,*,#6740,.T.);
#6740 = EDGE_CURVE('',#6741,#6743,#6745,.T.);
#6741 = VERTEX_POINT('',#6742);
#6742 = CARTESIAN_POINT('',(108.,-192.5,175.));
#6743 = VERTEX_POINT('',#6744);
#6744 = CARTESIAN_POINT('',(92.,-192.5,175.));
#6745 = LINE('',#6746,#6747);
#6746 = CARTESIAN_POINT('',(96.,-192.5,175.));
#6747 = VECTOR('',#6748,1.);
#6748 = DIRECTION('',(-1.,0.,0.));
#6749 = ORIENTED_EDGE('',*,*,#6750,.T.);
#6750 = EDGE_CURVE('',#6743,#6751,#6753,.T.);
#6751 = VERTEX_POINT('',#6752);
#6752 = CARTESIAN_POINT('',(92.,-177.5,175.));
#6753 = LINE('',#6754,#6755);
#6754 = CARTESIAN_POINT('',(92.,-188.75,175.));
#6755 = VECTOR('',#6756,1.);
#6756 = DIRECTION('',(0.,1.,0.));
#6757 = ORIENTED_EDGE('',*,*,#6758,.F.);
#6758 = EDGE_CURVE('',#6759,#6751,#6761,.T.);
#6759 = VERTEX_POINT('',#6760);
#6760 = CARTESIAN_POINT('',(108.,-177.5,175.));
#6761 = LINE('',#6762,#6763);
#6762 = CARTESIAN_POINT('',(96.,-177.5,175.));
#6763 = VECTOR('',#6764,1.);
#6764 = DIRECTION('',(-1.,0.,0.));
#6765 = ORIENTED_EDGE('',*,*,#6766,.F.);
#6766 = EDGE_CURVE('',#6741,#6759,#6767,.T.);
#6767 = LINE('',#6768,#6769);
#6768 = CARTESIAN_POINT('',(108.,-188.75,175.));
#6769 = VECTOR('',#6770,1.);
#6770 = DIRECTION('',(0.,1.,0.));
#6771 = PLANE('',#6772);
#6772 = AXIS2_PLACEMENT_3D('',#6773,#6774,#6775);
#6773 = CARTESIAN_POINT('',(100.,-185.,175.));
#6774 = DIRECTION('',(0.,0.,1.));
#6775 = DIRECTION('',(1.,0.,0.));
#6776 = ADVANCED_FACE('',(#6777),#6793,.T.);
#6777 = FACE_BOUND('',#6778,.T.);
#6778 = EDGE_LOOP('',(#6779,#6785,#6786,#6792));
#6779 = ORIENTED_EDGE('',*,*,#6780,.F.);
#6780 = EDGE_CURVE('',#5932,#5842,#6781,.T.);
#6781 = LINE('',#6782,#6783);
#6782 = CARTESIAN_POINT('',(-130.,-324.,165.));
#6783 = VECTOR('',#6784,1.);
#6784 = DIRECTION('',(0.,1.,0.));
#6785 = ORIENTED_EDGE('',*,*,#6003,.T.);
#6786 = ORIENTED_EDGE('',*,*,#6787,.T.);
#6787 = EDGE_CURVE('',#5996,#5852,#6788,.T.);
#6788 = LINE('',#6789,#6790);
#6789 = CARTESIAN_POINT('',(-101.,-324.,165.));
#6790 = VECTOR('',#6791,1.);
#6791 = DIRECTION('',(0.,1.,0.));
#6792 = ORIENTED_EDGE('',*,*,#5851,.F.);
#6793 = PLANE('',#6794);
#6794 = AXIS2_PLACEMENT_3D('',#6795,#6796,#6797);
#6795 = CARTESIAN_POINT('',(-130.,-324.,165.));
#6796 = DIRECTION('',(0.,0.,1.));
#6797 = DIRECTION('',(1.,0.,0.));
#6798 = ADVANCED_FACE('',(#6799),#6810,.T.);
#6799 = FACE_BOUND('',#6800,.T.);
#6800 = EDGE_LOOP('',(#6801,#6802,#6803,#6809));
#6801 = ORIENTED_EDGE('',*,*,#6787,.F.);
#6802 = ORIENTED_EDGE('',*,*,#5995,.T.);
#6803 = ORIENTED_EDGE('',*,*,#6804,.T.);
#6804 = EDGE_CURVE('',#5988,#5860,#6805,.T.);
#6805 = LINE('',#6806,#6807);
#6806 = CARTESIAN_POINT('',(-94.,-324.,165.));
#6807 = VECTOR('',#6808,1.);
#6808 = DIRECTION('',(0.,1.,0.));
#6809 = ORIENTED_EDGE('',*,*,#5859,.F.);
#6810 = PLANE('',#6811);
#6811 = AXIS2_PLACEMENT_3D('',#6812,#6813,#6814);
#6812 = CARTESIAN_POINT('',(-130.,-324.,165.));
#6813 = DIRECTION('',(0.,0.,1.));
#6814 = DIRECTION('',(1.,0.,0.));
#6815 = ADVANCED_FACE('',(#6816,#6827),#6861,.T.);
#6816 = FACE_BOUND('',#6817,.T.);
#6817 = EDGE_LOOP('',(#6818,#6819,#6820,#6826));
#6818 = ORIENTED_EDGE('',*,*,#6804,.F.);
#6819 = ORIENTED_EDGE('',*,*,#5987,.T.);
#6820 = ORIENTED_EDGE('',*,*,#6821,.T.);
#6821 = EDGE_CURVE('',#5980,#5868,#6822,.T.);
#6822 = LINE('',#6823,#6824);
#6823 = CARTESIAN_POINT('',(-59.,-324.,165.));
#6824 = VECTOR('',#6825,1.);
#6825 = DIRECTION('',(0.,1.,0.));
#6826 = ORIENTED_EDGE('',*,*,#5867,.F.);
#6827 = FACE_BOUND('',#6828,.T.);
#6828 = EDGE_LOOP('',(#6829,#6839,#6847,#6855));
#6829 = ORIENTED_EDGE('',*,*,#6830,.T.);
#6830 = EDGE_CURVE('',#6831,#6833,#6835,.T.);
#6831 = VERTEX_POINT('',#6832);
#6832 = CARTESIAN_POINT('',(-79.,-283.6643191323,165.));
#6833 = VERTEX_POINT('',#6834);
#6834 = CARTESIAN_POINT('',(-79.,-236.3356808676,165.));
#6835 = LINE('',#6836,#6837);
#6836 = CARTESIAN_POINT('',(-79.,-292.,165.));
#6837 = VECTOR('',#6838,1.);
#6838 = DIRECTION('',(0.,1.,0.));
#6839 = ORIENTED_EDGE('',*,*,#6840,.T.);
#6840 = EDGE_CURVE('',#6833,#6841,#6843,.T.);
#6841 = VERTEX_POINT('',#6842);
#6842 = CARTESIAN_POINT('',(-61.,-236.3356808676,165.));
#6843 = LINE('',#6844,#6845);
#6844 = CARTESIAN_POINT('',(-79.,-236.3356808676,165.));
#6845 = VECTOR('',#6846,1.);
#6846 = DIRECTION('',(1.,0.,0.));
#6847 = ORIENTED_EDGE('',*,*,#6848,.F.);
#6848 = EDGE_CURVE('',#6849,#6841,#6851,.T.);
#6849 = VERTEX_POINT('',#6850);
#6850 = CARTESIAN_POINT('',(-61.,-283.6643191323,165.));
#6851 = LINE('',#6852,#6853);
#6852 = CARTESIAN_POINT('',(-61.,-292.,165.));
#6853 = VECTOR('',#6854,1.);
#6854 = DIRECTION('',(0.,1.,0.));
#6855 = ORIENTED_EDGE('',*,*,#6856,.F.);
#6856 = EDGE_CURVE('',#6831,#6849,#6857,.T.);
#6857 = LINE('',#6858,#6859);
#6858 = CARTESIAN_POINT('',(-79.,-283.6643191323,165.));
#6859 = VECTOR('',#6860,1.);
#6860 = DIRECTION('',(1.,0.,0.));
#6861 = PLANE('',#6862);
#6862 = AXIS2_PLACEMENT_3D('',#6863,#6864,#6865);
#6863 = CARTESIAN_POINT('',(-101.,-324.,165.));
#6864 = DIRECTION('',(0.,0.,1.));
#6865 = DIRECTION('',(1.,0.,0.));
#6866 = ADVANCED_FACE('',(#6867),#6878,.T.);
#6867 = FACE_BOUND('',#6868,.T.);
#6868 = EDGE_LOOP('',(#6869,#6870,#6871,#6877));
#6869 = ORIENTED_EDGE('',*,*,#6058,.F.);
#6870 = ORIENTED_EDGE('',*,*,#5971,.T.);
#6871 = ORIENTED_EDGE('',*,*,#6872,.T.);
#6872 = EDGE_CURVE('',#5964,#5884,#6873,.T.);
#6873 = LINE('',#6874,#6875);
#6874 = CARTESIAN_POINT('',(234.,-324.,165.));
#6875 = VECTOR('',#6876,1.);
#6876 = DIRECTION('',(0.,1.,0.));
#6877 = ORIENTED_EDGE('',*,*,#5883,.F.);
#6878 = PLANE('',#6879);
#6879 = AXIS2_PLACEMENT_3D('',#6880,#6881,#6882);
#6880 = CARTESIAN_POINT('',(199.,-324.,165.));
#6881 = DIRECTION('',(0.,0.,1.));
#6882 = DIRECTION('',(1.,0.,0.));
#6883 = ADVANCED_FACE('',(#6884),#6895,.T.);
#6884 = FACE_BOUND('',#6885,.T.);
#6885 = EDGE_LOOP('',(#6886,#6887,#6888,#6894));
#6886 = ORIENTED_EDGE('',*,*,#6872,.F.);
#6887 = ORIENTED_EDGE('',*,*,#5963,.T.);
#6888 = ORIENTED_EDGE('',*,*,#6889,.T.);
#6889 = EDGE_CURVE('',#5956,#5892,#6890,.T.);
#6890 = LINE('',#6891,#6892);
#6891 = CARTESIAN_POINT('',(241.,-324.,165.));
#6892 = VECTOR('',#6893,1.);
#6893 = DIRECTION('',(0.,1.,0.));
#6894 = ORIENTED_EDGE('',*,*,#5891,.F.);
#6895 = PLANE('',#6896);
#6896 = AXIS2_PLACEMENT_3D('',#6897,#6898,#6899);
#6897 = CARTESIAN_POINT('',(234.,-324.,165.));
#6898 = DIRECTION('',(0.,0.,1.));
#6899 = DIRECTION('',(1.,0.,0.));
#6900 = ADVANCED_FACE('',(#6901),#6912,.T.);
#6901 = FACE_BOUND('',#6902,.T.);
#6902 = EDGE_LOOP('',(#6903,#6904,#6905,#6911));
#6903 = ORIENTED_EDGE('',*,*,#6889,.F.);
#6904 = ORIENTED_EDGE('',*,*,#5955,.T.);
#6905 = ORIENTED_EDGE('',*,*,#6906,.T.);
#6906 = EDGE_CURVE('',#5948,#5900,#6907,.T.);
#6907 = LINE('',#6908,#6909);
#6908 = CARTESIAN_POINT('',(270.,-324.,165.));
#6909 = VECTOR('',#6910,1.);
#6910 = DIRECTION('',(0.,1.,0.));
#6911 = ORIENTED_EDGE('',*,*,#5899,.F.);
#6912 = PLANE('',#6913);
#6913 = AXIS2_PLACEMENT_3D('',#6914,#6915,#6916);
#6914 = CARTESIAN_POINT('',(234.,-324.,165.));
#6915 = DIRECTION('',(0.,0.,1.));
#6916 = DIRECTION('',(1.,0.,0.));
#6917 = ADVANCED_FACE('',(#6918),#6929,.F.);
#6918 = FACE_BOUND('',#6919,.F.);
#6919 = EDGE_LOOP('',(#6920,#6921,#6922,#6928));
#6920 = ORIENTED_EDGE('',*,*,#6050,.F.);
#6921 = ORIENTED_EDGE('',*,*,#6614,.F.);
#6922 = ORIENTED_EDGE('',*,*,#6923,.T.);
#6923 = EDGE_CURVE('',#6615,#6246,#6924,.T.);
#6924 = LINE('',#6925,#6926);
#6925 = CARTESIAN_POINT('',(234.,-324.,140.));
#6926 = VECTOR('',#6927,1.);
#6927 = DIRECTION('',(0.,1.,0.));
#6928 = ORIENTED_EDGE('',*,*,#6254,.F.);
#6929 = PLANE('',#6930);
#6930 = AXIS2_PLACEMENT_3D('',#6931,#6932,#6933);
#6931 = CARTESIAN_POINT('',(199.,-324.,140.));
#6932 = DIRECTION('',(0.,0.,1.));
#6933 = DIRECTION('',(1.,0.,0.));
#6934 = ADVANCED_FACE('',(#6935),#6946,.T.);
#6935 = FACE_BOUND('',#6936,.T.);
#6936 = EDGE_LOOP('',(#6937,#6938,#6939,#6945));
#6937 = ORIENTED_EDGE('',*,*,#6502,.T.);
#6938 = ORIENTED_EDGE('',*,*,#6529,.T.);
#6939 = ORIENTED_EDGE('',*,*,#6940,.F.);
#6940 = EDGE_CURVE('',#6073,#6521,#6941,.T.);
#6941 = LINE('',#6942,#6943);
#6942 = CARTESIAN_POINT('',(-59.,-324.,140.));
#6943 = VECTOR('',#6944,1.);
#6944 = DIRECTION('',(0.,1.,0.));
#6945 = ORIENTED_EDGE('',*,*,#6072,.T.);
#6946 = PLANE('',#6947);
#6947 = AXIS2_PLACEMENT_3D('',#6948,#6949,#6950);
#6948 = CARTESIAN_POINT('',(-80.,-320.,140.));
#6949 = DIRECTION('',(0.,0.,1.));
#6950 = DIRECTION('',(1.,0.,0.));
#6951 = ADVANCED_FACE('',(#6952),#6970,.T.);
#6952 = FACE_BOUND('',#6953,.T.);
#6953 = EDGE_LOOP('',(#6954,#6955,#6956,#6962,#6968,#6969));
#6954 = ORIENTED_EDGE('',*,*,#6080,.F.);
#6955 = ORIENTED_EDGE('',*,*,#6940,.T.);
#6956 = ORIENTED_EDGE('',*,*,#6957,.T.);
#6957 = EDGE_CURVE('',#6521,#6336,#6958,.T.);
#6958 = LINE('',#6959,#6960);
#6959 = CARTESIAN_POINT('',(-59.,-324.,140.));
#6960 = VECTOR('',#6961,1.);
#6961 = DIRECTION('',(0.,1.,0.));
#6962 = ORIENTED_EDGE('',*,*,#6963,.T.);
#6963 = EDGE_CURVE('',#6336,#6098,#6964,.T.);
#6964 = LINE('',#6965,#6966);
#6965 = CARTESIAN_POINT('',(-59.,-324.,140.));
#6966 = VECTOR('',#6967,1.);
#6967 = DIRECTION('',(0.,1.,0.));
#6968 = ORIENTED_EDGE('',*,*,#6105,.T.);
#6969 = ORIENTED_EDGE('',*,*,#6821,.F.);
#6970 = PLANE('',#6971);
#6971 = AXIS2_PLACEMENT_3D('',#6972,#6973,#6974);
#6972 = CARTESIAN_POINT('',(-59.,-324.,140.));
#6973 = DIRECTION('',(1.,0.,0.));
#6974 = DIRECTION('',(0.,0.,1.));
#6975 = ADVANCED_FACE('',(#6976),#6982,.T.);
#6976 = FACE_BOUND('',#6977,.T.);
#6977 = EDGE_LOOP('',(#6978,#6979,#6980,#6981));
#6978 = ORIENTED_EDGE('',*,*,#6335,.T.);
#6979 = ORIENTED_EDGE('',*,*,#6370,.T.);
#6980 = ORIENTED_EDGE('',*,*,#6097,.F.);
#6981 = ORIENTED_EDGE('',*,*,#6963,.F.);
#6982 = PLANE('',#6983);
#6983 = AXIS2_PLACEMENT_3D('',#6984,#6985,#6986);
#6984 = CARTESIAN_POINT('',(-80.,-140.,140.));
#6985 = DIRECTION('',(0.,0.,1.));
#6986 = DIRECTION('',(1.,0.,0.));
#6987 = ADVANCED_FACE('',(#6988),#6994,.F.);
#6988 = FACE_BOUND('',#6989,.F.);
#6989 = EDGE_LOOP('',(#6990,#6991,#6992,#6993));
#6990 = ORIENTED_EDGE('',*,*,#6477,.F.);
#6991 = ORIENTED_EDGE('',*,*,#6438,.T.);
#6992 = ORIENTED_EDGE('',*,*,#6122,.T.);
#6993 = ORIENTED_EDGE('',*,*,#6780,.F.);
#6994 = PLANE('',#6995);
#6995 = AXIS2_PLACEMENT_3D('',#6996,#6997,#6998);
#6996 = CARTESIAN_POINT('',(-130.,-324.,140.));
#6997 = DIRECTION('',(1.,0.,0.));
#6998 = DIRECTION('',(0.,0.,1.));
#6999 = ADVANCED_FACE('',(#7000),#7006,.T.);
#7000 = FACE_BOUND('',#7001,.T.);
#7001 = EDGE_LOOP('',(#7002,#7003,#7004,#7005));
#7002 = ORIENTED_EDGE('',*,*,#6699,.F.);
#7003 = ORIENTED_EDGE('',*,*,#6205,.T.);
#7004 = ORIENTED_EDGE('',*,*,#6161,.T.);
#7005 = ORIENTED_EDGE('',*,*,#6906,.F.);
#7006 = PLANE('',#7007);
#7007 = AXIS2_PLACEMENT_3D('',#7008,#7009,#7010);
#7008 = CARTESIAN_POINT('',(270.,-324.,140.));
#7009 = DIRECTION('',(1.,0.,0.));
#7010 = DIRECTION('',(0.,0.,1.));
#7011 = ADVANCED_FACE('',(#7012),#7018,.F.);
#7012 = FACE_BOUND('',#7013,.F.);
#7013 = EDGE_LOOP('',(#7014,#7015,#7016,#7017));
#7014 = ORIENTED_EDGE('',*,*,#6923,.F.);
#7015 = ORIENTED_EDGE('',*,*,#6623,.F.);
#7016 = ORIENTED_EDGE('',*,*,#6178,.T.);
#7017 = ORIENTED_EDGE('',*,*,#6245,.F.);
#7018 = PLANE('',#7019);
#7019 = AXIS2_PLACEMENT_3D('',#7020,#7021,#7022);
#7020 = CARTESIAN_POINT('',(234.,-324.,140.));
#7021 = DIRECTION('',(0.,0.,1.));
#7022 = DIRECTION('',(1.,0.,0.));
#7023 = ADVANCED_FACE('',(#7024),#7058,.T.);
#7024 = FACE_BOUND('',#7025,.T.);
#7025 = EDGE_LOOP('',(#7026,#7032,#7033,#7034,#7042,#7050,#7056,#7057));
#7026 = ORIENTED_EDGE('',*,*,#7027,.F.);
#7027 = EDGE_CURVE('',#6633,#6302,#7028,.T.);
#7028 = LINE('',#7029,#7030);
#7029 = CARTESIAN_POINT('',(241.,-324.,90.));
#7030 = VECTOR('',#7031,1.);
#7031 = DIRECTION('',(0.,1.,0.));
#7032 = ORIENTED_EDGE('',*,*,#6632,.F.);
#7033 = ORIENTED_EDGE('',*,*,#6677,.F.);
#7034 = ORIENTED_EDGE('',*,*,#7035,.T.);
#7035 = EDGE_CURVE('',#6669,#7036,#7038,.T.);
#7036 = VERTEX_POINT('',#7037);
#7037 = CARTESIAN_POINT('',(270.,-324.,90.));
#7038 = LINE('',#7039,#7040);
#7039 = CARTESIAN_POINT('',(-130.,-324.,90.));
#7040 = VECTOR('',#7041,1.);
#7041 = DIRECTION('',(1.,0.,0.));
#7042 = ORIENTED_EDGE('',*,*,#7043,.T.);
#7043 = EDGE_CURVE('',#7036,#7044,#7046,.T.);
#7044 = VERTEX_POINT('',#7045);
#7045 = CARTESIAN_POINT('',(270.,-136.,90.));
#7046 = LINE('',#7047,#7048);
#7047 = CARTESIAN_POINT('',(270.,-324.,90.));
#7048 = VECTOR('',#7049,1.);
#7049 = DIRECTION('',(0.,1.,0.));
#7050 = ORIENTED_EDGE('',*,*,#7051,.F.);
#7051 = EDGE_CURVE('',#6266,#7044,#7052,.T.);
#7052 = LINE('',#7053,#7054);
#7053 = CARTESIAN_POINT('',(-130.,-136.,90.));
#7054 = VECTOR('',#7055,1.);
#7055 = DIRECTION('',(1.,0.,0.));
#7056 = ORIENTED_EDGE('',*,*,#6265,.F.);
#7057 = ORIENTED_EDGE('',*,*,#6310,.F.);
#7058 = PLANE('',#7059);
#7059 = AXIS2_PLACEMENT_3D('',#7060,#7061,#7062);
#7060 = CARTESIAN_POINT('',(234.,-324.,90.));
#7061 = DIRECTION('',(0.,0.,1.));
#7062 = DIRECTION('',(1.,0.,0.));
#7063 = ADVANCED_FACE('',(#7064),#7075,.T.);
#7064 = FACE_BOUND('',#7065,.T.);
#7065 = EDGE_LOOP('',(#7066,#7072,#7073,#7074));
#7066 = ORIENTED_EDGE('',*,*,#7067,.F.);
#7067 = EDGE_CURVE('',#6642,#6293,#7068,.T.);
#7068 = LINE('',#7069,#7070);
#7069 = CARTESIAN_POINT('',(234.,-324.,90.));
#7070 = VECTOR('',#7071,1.);
#7071 = DIRECTION('',(0.,1.,0.));
#7072 = ORIENTED_EDGE('',*,*,#6641,.F.);
#7073 = ORIENTED_EDGE('',*,*,#7027,.T.);
#7074 = ORIENTED_EDGE('',*,*,#6301,.F.);
#7075 = PLANE('',#7076);
#7076 = AXIS2_PLACEMENT_3D('',#7077,#7078,#7079);
#7077 = CARTESIAN_POINT('',(234.,-324.,90.));
#7078 = DIRECTION('',(0.,0.,1.));
#7079 = DIRECTION('',(1.,0.,0.));
#7080 = ADVANCED_FACE('',(#7081),#7092,.T.);
#7081 = FACE_BOUND('',#7082,.T.);
#7082 = EDGE_LOOP('',(#7083,#7089,#7090,#7091));
#7083 = ORIENTED_EDGE('',*,*,#7084,.F.);
#7084 = EDGE_CURVE('',#6651,#6284,#7085,.T.);
#7085 = LINE('',#7086,#7087);
#7086 = CARTESIAN_POINT('',(199.,-324.,90.));
#7087 = VECTOR('',#7088,1.);
#7088 = DIRECTION('',(0.,1.,0.));
#7089 = ORIENTED_EDGE('',*,*,#6650,.F.);
#7090 = ORIENTED_EDGE('',*,*,#7067,.T.);
#7091 = ORIENTED_EDGE('',*,*,#6292,.F.);
#7092 = PLANE('',#7093);
#7093 = AXIS2_PLACEMENT_3D('',#7094,#7095,#7096);
#7094 = CARTESIAN_POINT('',(199.,-324.,90.));
#7095 = DIRECTION('',(0.,0.,1.));
#7096 = DIRECTION('',(1.,0.,0.));
#7097 = ADVANCED_FACE('',(#7098),#7115,.F.);
#7098 = FACE_BOUND('',#7099,.F.);
#7099 = EDGE_LOOP('',(#7100,#7108,#7109));
#7100 = ORIENTED_EDGE('',*,*,#7101,.F.);
#7101 = EDGE_CURVE('',#6275,#7102,#7104,.T.);
#7102 = VERTEX_POINT('',#7103);
#7103 = CARTESIAN_POINT('',(199.,-136.,90.));
#7104 = LINE('',#7105,#7106);
#7105 = CARTESIAN_POINT('',(-130.,-136.,90.));
#7106 = VECTOR('',#7107,1.);
#7107 = DIRECTION('',(1.,0.,0.));
#7108 = ORIENTED_EDGE('',*,*,#6283,.T.);
#7109 = ORIENTED_EDGE('',*,*,#7110,.T.);
#7110 = EDGE_CURVE('',#6284,#7102,#7111,.T.);
#7111 = LINE('',#7112,#7113);
#7112 = CARTESIAN_POINT('',(199.,-324.,90.));
#7113 = VECTOR('',#7114,1.);
#7114 = DIRECTION('',(0.,1.,0.));
#7115 = PLANE('',#7116);
#7116 = AXIS2_PLACEMENT_3D('',#7117,#7118,#7119);
#7117 = CARTESIAN_POINT('',(220.,-140.,90.));
#7118 = DIRECTION('',(0.,0.,1.));
#7119 = DIRECTION('',(1.,0.,0.));
#7120 = ADVANCED_FACE('',(#7121),#7178,.T.);
#7121 = FACE_BOUND('',#7122,.T.);
#7122 = EDGE_LOOP('',(#7123,#7133,#7139,#7140,#7148,#7156,#7162,#7163,
    #7164,#7172));
#7123 = ORIENTED_EDGE('',*,*,#7124,.F.);
#7124 = EDGE_CURVE('',#7125,#7127,#7129,.T.);
#7125 = VERTEX_POINT('',#7126);
#7126 = CARTESIAN_POINT('',(-130.,-136.,90.));
#7127 = VERTEX_POINT('',#7128);
#7128 = CARTESIAN_POINT('',(-130.,-100.,90.));
#7129 = LINE('',#7130,#7131);
#7130 = CARTESIAN_POINT('',(-130.,-136.,90.));
#7131 = VECTOR('',#7132,1.);
#7132 = DIRECTION('',(0.,1.,0.));
#7133 = ORIENTED_EDGE('',*,*,#7134,.T.);
#7134 = EDGE_CURVE('',#7125,#6388,#7135,.T.);
#7135 = LINE('',#7136,#7137);
#7136 = CARTESIAN_POINT('',(-130.,-136.,90.));
#7137 = VECTOR('',#7138,1.);
#7138 = DIRECTION('',(1.,0.,0.));
#7139 = ORIENTED_EDGE('',*,*,#6387,.F.);
#7140 = ORIENTED_EDGE('',*,*,#7141,.T.);
#7141 = EDGE_CURVE('',#6379,#7142,#7144,.T.);
#7142 = VERTEX_POINT('',#7143);
#7143 = CARTESIAN_POINT('',(49.,-136.,90.));
#7144 = LINE('',#7145,#7146);
#7145 = CARTESIAN_POINT('',(-130.,-136.,90.));
#7146 = VECTOR('',#7147,1.);
#7147 = DIRECTION('',(1.,0.,0.));
#7148 = ORIENTED_EDGE('',*,*,#7149,.T.);
#7149 = EDGE_CURVE('',#7142,#7150,#7152,.T.);
#7150 = VERTEX_POINT('',#7151);
#7151 = CARTESIAN_POINT('',(91.,-136.,90.));
#7152 = LINE('',#7153,#7154);
#7153 = CARTESIAN_POINT('',(-130.,-136.,90.));
#7154 = VECTOR('',#7155,1.);
#7155 = DIRECTION('',(1.,0.,0.));
#7156 = ORIENTED_EDGE('',*,*,#7157,.T.);
#7157 = EDGE_CURVE('',#7150,#6275,#7158,.T.);
#7158 = LINE('',#7159,#7160);
#7159 = CARTESIAN_POINT('',(-130.,-136.,90.));
#7160 = VECTOR('',#7161,1.);
#7161 = DIRECTION('',(1.,0.,0.));
#7162 = ORIENTED_EDGE('',*,*,#6274,.F.);
#7163 = ORIENTED_EDGE('',*,*,#7051,.T.);
#7164 = ORIENTED_EDGE('',*,*,#7165,.T.);
#7165 = EDGE_CURVE('',#7044,#7166,#7168,.T.);
#7166 = VERTEX_POINT('',#7167);
#7167 = CARTESIAN_POINT('',(270.,-100.,90.));
#7168 = LINE('',#7169,#7170);
#7169 = CARTESIAN_POINT('',(270.,-136.,90.));
#7170 = VECTOR('',#7171,1.);
#7171 = DIRECTION('',(0.,1.,0.));
#7172 = ORIENTED_EDGE('',*,*,#7173,.F.);
#7173 = EDGE_CURVE('',#7127,#7166,#7174,.T.);
#7174 = LINE('',#7175,#7176);
#7175 = CARTESIAN_POINT('',(-130.,-100.,90.));
#7176 = VECTOR('',#7177,1.);
#7177 = DIRECTION('',(1.,0.,0.));
#7178 = PLANE('',#7179);
#7179 = AXIS2_PLACEMENT_3D('',#7180,#7181,#7182);
#7180 = CARTESIAN_POINT('',(-130.,-136.,90.));
#7181 = DIRECTION('',(0.,0.,1.));
#7182 = DIRECTION('',(1.,0.,0.));
#7183 = ADVANCED_FACE('',(#7184),#7202,.F.);
#7184 = FACE_BOUND('',#7185,.F.);
#7185 = EDGE_LOOP('',(#7186,#7187,#7188,#7196));
#7186 = ORIENTED_EDGE('',*,*,#6423,.T.);
#7187 = ORIENTED_EDGE('',*,*,#6378,.T.);
#7188 = ORIENTED_EDGE('',*,*,#7189,.F.);
#7189 = EDGE_CURVE('',#7190,#6379,#7192,.T.);
#7190 = VERTEX_POINT('',#7191);
#7191 = CARTESIAN_POINT('',(-59.,-136.,90.));
#7192 = LINE('',#7193,#7194);
#7193 = CARTESIAN_POINT('',(-130.,-136.,90.));
#7194 = VECTOR('',#7195,1.);
#7195 = DIRECTION('',(1.,0.,0.));
#7196 = ORIENTED_EDGE('',*,*,#7197,.F.);
#7197 = EDGE_CURVE('',#6415,#7190,#7198,.T.);
#7198 = LINE('',#7199,#7200);
#7199 = CARTESIAN_POINT('',(-59.,-324.,90.));
#7200 = VECTOR('',#7201,1.);
#7201 = DIRECTION('',(0.,1.,0.));
#7202 = PLANE('',#7203);
#7203 = AXIS2_PLACEMENT_3D('',#7204,#7205,#7206);
#7204 = CARTESIAN_POINT('',(-80.,-140.,90.));
#7205 = DIRECTION('',(0.,0.,1.));
#7206 = DIRECTION('',(1.,0.,0.));
#7207 = ADVANCED_FACE('',(#7208),#7224,.T.);
#7208 = FACE_BOUND('',#7209,.T.);
#7209 = EDGE_LOOP('',(#7210,#7216,#7217,#7223));
#7210 = ORIENTED_EDGE('',*,*,#7211,.F.);
#7211 = EDGE_CURVE('',#6547,#6406,#7212,.T.);
#7212 = LINE('',#7213,#7214);
#7213 = CARTESIAN_POINT('',(-94.,-324.,90.));
#7214 = VECTOR('',#7215,1.);
#7215 = DIRECTION('',(0.,1.,0.));
#7216 = ORIENTED_EDGE('',*,*,#6546,.F.);
#7217 = ORIENTED_EDGE('',*,*,#7218,.T.);
#7218 = EDGE_CURVE('',#6538,#6415,#7219,.T.);
#7219 = LINE('',#7220,#7221);
#7220 = CARTESIAN_POINT('',(-59.,-324.,90.));
#7221 = VECTOR('',#7222,1.);
#7222 = DIRECTION('',(0.,1.,0.));
#7223 = ORIENTED_EDGE('',*,*,#6414,.F.);
#7224 = PLANE('',#7225);
#7225 = AXIS2_PLACEMENT_3D('',#7226,#7227,#7228);
#7226 = CARTESIAN_POINT('',(-101.,-324.,90.));
#7227 = DIRECTION('',(0.,0.,1.));
#7228 = DIRECTION('',(1.,0.,0.));
#7229 = ADVANCED_FACE('',(#7230),#7241,.T.);
#7230 = FACE_BOUND('',#7231,.T.);
#7231 = EDGE_LOOP('',(#7232,#7238,#7239,#7240));
#7232 = ORIENTED_EDGE('',*,*,#7233,.F.);
#7233 = EDGE_CURVE('',#6556,#6397,#7234,.T.);
#7234 = LINE('',#7235,#7236);
#7235 = CARTESIAN_POINT('',(-101.,-324.,90.));
#7236 = VECTOR('',#7237,1.);
#7237 = DIRECTION('',(0.,1.,0.));
#7238 = ORIENTED_EDGE('',*,*,#6555,.F.);
#7239 = ORIENTED_EDGE('',*,*,#7211,.T.);
#7240 = ORIENTED_EDGE('',*,*,#6405,.F.);
#7241 = PLANE('',#7242);
#7242 = AXIS2_PLACEMENT_3D('',#7243,#7244,#7245);
#7243 = CARTESIAN_POINT('',(-130.,-324.,90.));
#7244 = DIRECTION('',(0.,0.,1.));
#7245 = DIRECTION('',(1.,0.,0.));
#7246 = ADVANCED_FACE('',(#7247),#7267,.T.);
#7247 = FACE_BOUND('',#7248,.T.);
#7248 = EDGE_LOOP('',(#7249,#7257,#7263,#7264,#7265,#7266));
#7249 = ORIENTED_EDGE('',*,*,#7250,.F.);
#7250 = EDGE_CURVE('',#7251,#7125,#7253,.T.);
#7251 = VERTEX_POINT('',#7252);
#7252 = CARTESIAN_POINT('',(-130.,-324.,90.));
#7253 = LINE('',#7254,#7255);
#7254 = CARTESIAN_POINT('',(-130.,-324.,90.));
#7255 = VECTOR('',#7256,1.);
#7256 = DIRECTION('',(0.,1.,0.));
#7257 = ORIENTED_EDGE('',*,*,#7258,.T.);
#7258 = EDGE_CURVE('',#7251,#6565,#7259,.T.);
#7259 = LINE('',#7260,#7261);
#7260 = CARTESIAN_POINT('',(-130.,-324.,90.));
#7261 = VECTOR('',#7262,1.);
#7262 = DIRECTION('',(1.,0.,0.));
#7263 = ORIENTED_EDGE('',*,*,#6564,.F.);
#7264 = ORIENTED_EDGE('',*,*,#7233,.T.);
#7265 = ORIENTED_EDGE('',*,*,#6396,.F.);
#7266 = ORIENTED_EDGE('',*,*,#7134,.F.);
#7267 = PLANE('',#7268);
#7268 = AXIS2_PLACEMENT_3D('',#7269,#7270,#7271);
#7269 = CARTESIAN_POINT('',(-130.,-324.,90.));
#7270 = DIRECTION('',(0.,0.,1.));
#7271 = DIRECTION('',(1.,0.,0.));
#7272 = ADVANCED_FACE('',(#7273),#7284,.F.);
#7273 = FACE_BOUND('',#7274,.F.);
#7274 = EDGE_LOOP('',(#7275,#7276,#7277,#7283));
#7275 = ORIENTED_EDGE('',*,*,#6454,.F.);
#7276 = ORIENTED_EDGE('',*,*,#6511,.F.);
#7277 = ORIENTED_EDGE('',*,*,#7278,.T.);
#7278 = EDGE_CURVE('',#6512,#6345,#7279,.T.);
#7279 = LINE('',#7280,#7281);
#7280 = CARTESIAN_POINT('',(-94.,-324.,140.));
#7281 = VECTOR('',#7282,1.);
#7282 = DIRECTION('',(0.,1.,0.));
#7283 = ORIENTED_EDGE('',*,*,#6353,.F.);
#7284 = PLANE('',#7285);
#7285 = AXIS2_PLACEMENT_3D('',#7286,#7287,#7288);
#7286 = CARTESIAN_POINT('',(-130.,-324.,140.));
#7287 = DIRECTION('',(0.,0.,1.));
#7288 = DIRECTION('',(1.,0.,0.));
#7289 = ADVANCED_FACE('',(#7290),#7296,.F.);
#7290 = FACE_BOUND('',#7291,.F.);
#7291 = EDGE_LOOP('',(#7292,#7293,#7294,#7295));
#7292 = ORIENTED_EDGE('',*,*,#7278,.F.);
#7293 = ORIENTED_EDGE('',*,*,#6520,.F.);
#7294 = ORIENTED_EDGE('',*,*,#6957,.T.);
#7295 = ORIENTED_EDGE('',*,*,#6344,.F.);
#7296 = PLANE('',#7297);
#7297 = AXIS2_PLACEMENT_3D('',#7298,#7299,#7300);
#7298 = CARTESIAN_POINT('',(-101.,-324.,140.));
#7299 = DIRECTION('',(0.,0.,1.));
#7300 = DIRECTION('',(1.,0.,0.));
#7301 = ADVANCED_FACE('',(#7302),#7320,.F.);
#7302 = FACE_BOUND('',#7303,.F.);
#7303 = EDGE_LOOP('',(#7304,#7305,#7306,#7314));
#7304 = ORIENTED_EDGE('',*,*,#6582,.T.);
#7305 = ORIENTED_EDGE('',*,*,#6537,.T.);
#7306 = ORIENTED_EDGE('',*,*,#7307,.F.);
#7307 = EDGE_CURVE('',#7308,#6538,#7310,.T.);
#7308 = VERTEX_POINT('',#7309);
#7309 = CARTESIAN_POINT('',(-59.,-324.,90.));
#7310 = LINE('',#7311,#7312);
#7311 = CARTESIAN_POINT('',(-59.,-324.,90.));
#7312 = VECTOR('',#7313,1.);
#7313 = DIRECTION('',(0.,1.,0.));
#7314 = ORIENTED_EDGE('',*,*,#7315,.T.);
#7315 = EDGE_CURVE('',#7308,#6574,#7316,.T.);
#7316 = LINE('',#7317,#7318);
#7317 = CARTESIAN_POINT('',(-130.,-324.,90.));
#7318 = VECTOR('',#7319,1.);
#7319 = DIRECTION('',(1.,0.,0.));
#7320 = PLANE('',#7321);
#7321 = AXIS2_PLACEMENT_3D('',#7322,#7323,#7324);
#7322 = CARTESIAN_POINT('',(-80.,-320.,90.));
#7323 = DIRECTION('',(0.,0.,1.));
#7324 = DIRECTION('',(1.,0.,0.));
#7325 = ADVANCED_FACE('',(#7326),#7376,.T.);
#7326 = FACE_BOUND('',#7327,.T.);
#7327 = EDGE_LOOP('',(#7328,#7336,#7344,#7350,#7351,#7352,#7360,#7368,
    #7374,#7375));
#7328 = ORIENTED_EDGE('',*,*,#7329,.F.);
#7329 = EDGE_CURVE('',#7330,#7251,#7332,.T.);
#7330 = VERTEX_POINT('',#7331);
#7331 = CARTESIAN_POINT('',(-130.,-360.,90.));
#7332 = LINE('',#7333,#7334);
#7333 = CARTESIAN_POINT('',(-130.,-360.,90.));
#7334 = VECTOR('',#7335,1.);
#7335 = DIRECTION('',(0.,1.,0.));
#7336 = ORIENTED_EDGE('',*,*,#7337,.T.);
#7337 = EDGE_CURVE('',#7330,#7338,#7340,.T.);
#7338 = VERTEX_POINT('',#7339);
#7339 = CARTESIAN_POINT('',(270.,-360.,90.));
#7340 = LINE('',#7341,#7342);
#7341 = CARTESIAN_POINT('',(-130.,-360.,90.));
#7342 = VECTOR('',#7343,1.);
#7343 = DIRECTION('',(1.,0.,0.));
#7344 = ORIENTED_EDGE('',*,*,#7345,.T.);
#7345 = EDGE_CURVE('',#7338,#7036,#7346,.T.);
#7346 = LINE('',#7347,#7348);
#7347 = CARTESIAN_POINT('',(270.,-360.,90.));
#7348 = VECTOR('',#7349,1.);
#7349 = DIRECTION('',(0.,1.,0.));
#7350 = ORIENTED_EDGE('',*,*,#7035,.F.);
#7351 = ORIENTED_EDGE('',*,*,#6668,.F.);
#7352 = ORIENTED_EDGE('',*,*,#7353,.F.);
#7353 = EDGE_CURVE('',#7354,#6660,#7356,.T.);
#7354 = VERTEX_POINT('',#7355);
#7355 = CARTESIAN_POINT('',(91.,-324.,90.));
#7356 = LINE('',#7357,#7358);
#7357 = CARTESIAN_POINT('',(-130.,-324.,90.));
#7358 = VECTOR('',#7359,1.);
#7359 = DIRECTION('',(1.,0.,0.));
#7360 = ORIENTED_EDGE('',*,*,#7361,.F.);
#7361 = EDGE_CURVE('',#7362,#7354,#7364,.T.);
#7362 = VERTEX_POINT('',#7363);
#7363 = CARTESIAN_POINT('',(49.,-324.,90.));
#7364 = LINE('',#7365,#7366);
#7365 = CARTESIAN_POINT('',(-130.,-324.,90.));
#7366 = VECTOR('',#7367,1.);
#7367 = DIRECTION('',(1.,0.,0.));
#7368 = ORIENTED_EDGE('',*,*,#7369,.F.);
#7369 = EDGE_CURVE('',#6574,#7362,#7370,.T.);
#7370 = LINE('',#7371,#7372);
#7371 = CARTESIAN_POINT('',(-130.,-324.,90.));
#7372 = VECTOR('',#7373,1.);
#7373 = DIRECTION('',(1.,0.,0.));
#7374 = ORIENTED_EDGE('',*,*,#6573,.F.);
#7375 = ORIENTED_EDGE('',*,*,#7258,.F.);
#7376 = PLANE('',#7377);
#7377 = AXIS2_PLACEMENT_3D('',#7378,#7379,#7380);
#7378 = CARTESIAN_POINT('',(-130.,-360.,90.));
#7379 = DIRECTION('',(0.,0.,1.));
#7380 = DIRECTION('',(1.,0.,0.));
#7381 = ADVANCED_FACE('',(#7382),#7399,.F.);
#7382 = FACE_BOUND('',#7383,.F.);
#7383 = EDGE_LOOP('',(#7384,#7385,#7393));
#7384 = ORIENTED_EDGE('',*,*,#6659,.T.);
#7385 = ORIENTED_EDGE('',*,*,#7386,.T.);
#7386 = EDGE_CURVE('',#6660,#7387,#7389,.T.);
#7387 = VERTEX_POINT('',#7388);
#7388 = CARTESIAN_POINT('',(199.,-324.,90.));
#7389 = LINE('',#7390,#7391);
#7390 = CARTESIAN_POINT('',(-130.,-324.,90.));
#7391 = VECTOR('',#7392,1.);
#7392 = DIRECTION('',(1.,0.,0.));
#7393 = ORIENTED_EDGE('',*,*,#7394,.T.);
#7394 = EDGE_CURVE('',#7387,#6651,#7395,.T.);
#7395 = LINE('',#7396,#7397);
#7396 = CARTESIAN_POINT('',(199.,-324.,90.));
#7397 = VECTOR('',#7398,1.);
#7398 = DIRECTION('',(0.,1.,0.));
#7399 = PLANE('',#7400);
#7400 = AXIS2_PLACEMENT_3D('',#7401,#7402,#7403);
#7401 = CARTESIAN_POINT('',(220.,-320.,90.));
#7402 = DIRECTION('',(0.,0.,1.));
#7403 = DIRECTION('',(1.,0.,0.));
#7404 = ADVANCED_FACE('',(#7405),#7430,.F.);
#7405 = FACE_BOUND('',#7406,.F.);
#7406 = EDGE_LOOP('',(#7407,#7415,#7416,#7424));
#7407 = ORIENTED_EDGE('',*,*,#7408,.F.);
#7408 = EDGE_CURVE('',#6741,#7409,#7411,.T.);
#7409 = VERTEX_POINT('',#7410);
#7410 = CARTESIAN_POINT('',(108.,-192.5,900.));
#7411 = LINE('',#7412,#7413);
#7412 = CARTESIAN_POINT('',(108.,-192.5,171.));
#7413 = VECTOR('',#7414,1.);
#7414 = DIRECTION('',(0.,0.,1.));
#7415 = ORIENTED_EDGE('',*,*,#6740,.T.);
#7416 = ORIENTED_EDGE('',*,*,#7417,.T.);
#7417 = EDGE_CURVE('',#6743,#7418,#7420,.T.);
#7418 = VERTEX_POINT('',#7419);
#7419 = CARTESIAN_POINT('',(92.,-192.5,900.));
#7420 = LINE('',#7421,#7422);
#7421 = CARTESIAN_POINT('',(92.,-192.5,171.));
#7422 = VECTOR('',#7423,1.);
#7423 = DIRECTION('',(0.,0.,1.));
#7424 = ORIENTED_EDGE('',*,*,#7425,.T.);
#7425 = EDGE_CURVE('',#7418,#7409,#7426,.T.);
#7426 = LINE('',#7427,#7428);
#7427 = CARTESIAN_POINT('',(92.,-192.5,900.));
#7428 = VECTOR('',#7429,1.);
#7429 = DIRECTION('',(1.,0.,0.));
#7430 = PLANE('',#7431);
#7431 = AXIS2_PLACEMENT_3D('',#7432,#7433,#7434);
#7432 = CARTESIAN_POINT('',(92.,-192.5,171.));
#7433 = DIRECTION('',(0.,1.,0.));
#7434 = DIRECTION('',(0.,0.,1.));
#7435 = ADVANCED_FACE('',(#7436),#7454,.T.);
#7436 = FACE_BOUND('',#7437,.T.);
#7437 = EDGE_LOOP('',(#7438,#7439,#7440,#7448));
#7438 = ORIENTED_EDGE('',*,*,#7408,.F.);
#7439 = ORIENTED_EDGE('',*,*,#6766,.T.);
#7440 = ORIENTED_EDGE('',*,*,#7441,.T.);
#7441 = EDGE_CURVE('',#6759,#7442,#7444,.T.);
#7442 = VERTEX_POINT('',#7443);
#7443 = CARTESIAN_POINT('',(108.,-177.5,900.));
#7444 = LINE('',#7445,#7446);
#7445 = CARTESIAN_POINT('',(108.,-177.5,171.));
#7446 = VECTOR('',#7447,1.);
#7447 = DIRECTION('',(0.,0.,1.));
#7448 = ORIENTED_EDGE('',*,*,#7449,.F.);
#7449 = EDGE_CURVE('',#7409,#7442,#7450,.T.);
#7450 = LINE('',#7451,#7452);
#7451 = CARTESIAN_POINT('',(108.,-192.5,900.));
#7452 = VECTOR('',#7453,1.);
#7453 = DIRECTION('',(0.,1.,0.));
#7454 = PLANE('',#7455);
#7455 = AXIS2_PLACEMENT_3D('',#7456,#7457,#7458);
#7456 = CARTESIAN_POINT('',(108.,-192.5,171.));
#7457 = DIRECTION('',(1.,0.,0.));
#7458 = DIRECTION('',(0.,0.,1.));
#7459 = ADVANCED_FACE('',(#7460),#7478,.T.);
#7460 = FACE_BOUND('',#7461,.T.);
#7461 = EDGE_LOOP('',(#7462,#7463,#7464,#7472));
#7462 = ORIENTED_EDGE('',*,*,#7441,.F.);
#7463 = ORIENTED_EDGE('',*,*,#6758,.T.);
#7464 = ORIENTED_EDGE('',*,*,#7465,.T.);
#7465 = EDGE_CURVE('',#6751,#7466,#7468,.T.);
#7466 = VERTEX_POINT('',#7467);
#7467 = CARTESIAN_POINT('',(92.,-177.5,900.));
#7468 = LINE('',#7469,#7470);
#7469 = CARTESIAN_POINT('',(92.,-177.5,171.));
#7470 = VECTOR('',#7471,1.);
#7471 = DIRECTION('',(0.,0.,1.));
#7472 = ORIENTED_EDGE('',*,*,#7473,.T.);
#7473 = EDGE_CURVE('',#7466,#7442,#7474,.T.);
#7474 = LINE('',#7475,#7476);
#7475 = CARTESIAN_POINT('',(92.,-177.5,900.));
#7476 = VECTOR('',#7477,1.);
#7477 = DIRECTION('',(1.,0.,0.));
#7478 = PLANE('',#7479);
#7479 = AXIS2_PLACEMENT_3D('',#7480,#7481,#7482);
#7480 = CARTESIAN_POINT('',(92.,-177.5,171.));
#7481 = DIRECTION('',(0.,1.,0.));
#7482 = DIRECTION('',(0.,0.,1.));
#7483 = ADVANCED_FACE('',(#7484,#7495,#7529,#7563,#7597,#7631,#7665,
    #7699,#7733,#7767,#7801),#7835,.F.);
#7484 = FACE_BOUND('',#7485,.F.);
#7485 = EDGE_LOOP('',(#7486,#7487,#7488,#7489));
#7486 = ORIENTED_EDGE('',*,*,#7417,.F.);
#7487 = ORIENTED_EDGE('',*,*,#6750,.T.);
#7488 = ORIENTED_EDGE('',*,*,#7465,.T.);
#7489 = ORIENTED_EDGE('',*,*,#7490,.F.);
#7490 = EDGE_CURVE('',#7418,#7466,#7491,.T.);
#7491 = LINE('',#7492,#7493);
#7492 = CARTESIAN_POINT('',(92.,-192.5,900.));
#7493 = VECTOR('',#7494,1.);
#7494 = DIRECTION('',(0.,1.,0.));
#7495 = FACE_BOUND('',#7496,.F.);
#7496 = EDGE_LOOP('',(#7497,#7507,#7515,#7523));
#7497 = ORIENTED_EDGE('',*,*,#7498,.T.);
#7498 = EDGE_CURVE('',#7499,#7501,#7503,.T.);
#7499 = VERTEX_POINT('',#7500);
#7500 = CARTESIAN_POINT('',(92.,-178.,740.));
#7501 = VERTEX_POINT('',#7502);
#7502 = CARTESIAN_POINT('',(92.,-192.,740.));
#7503 = LINE('',#7504,#7505);
#7504 = CARTESIAN_POINT('',(92.,-192.25,740.));
#7505 = VECTOR('',#7506,1.);
#7506 = DIRECTION('',(0.,-1.,0.));
#7507 = ORIENTED_EDGE('',*,*,#7508,.T.);
#7508 = EDGE_CURVE('',#7501,#7509,#7511,.T.);
#7509 = VERTEX_POINT('',#7510);
#7510 = CARTESIAN_POINT('',(92.,-192.,748.));
#7511 = LINE('',#7512,#7513);
#7512 = CARTESIAN_POINT('',(92.,-192.,455.5));
#7513 = VECTOR('',#7514,1.);
#7514 = DIRECTION('',(0.,0.,1.));
#7515 = ORIENTED_EDGE('',*,*,#7516,.F.);
#7516 = EDGE_CURVE('',#7517,#7509,#7519,.T.);
#7517 = VERTEX_POINT('',#7518);
#7518 = CARTESIAN_POINT('',(92.,-178.,748.));
#7519 = LINE('',#7520,#7521);
#7520 = CARTESIAN_POINT('',(92.,-192.25,748.));
#7521 = VECTOR('',#7522,1.);
#7522 = DIRECTION('',(0.,-1.,0.));
#7523 = ORIENTED_EDGE('',*,*,#7524,.F.);
#7524 = EDGE_CURVE('',#7499,#7517,#7525,.T.);
#7525 = LINE('',#7526,#7527);
#7526 = CARTESIAN_POINT('',(92.,-178.,455.5));
#7527 = VECTOR('',#7528,1.);
#7528 = DIRECTION('',(0.,0.,1.));
#7529 = FACE_BOUND('',#7530,.F.);
#7530 = EDGE_LOOP('',(#7531,#7541,#7549,#7557));
#7531 = ORIENTED_EDGE('',*,*,#7532,.T.);
#7532 = EDGE_CURVE('',#7533,#7535,#7537,.T.);
#7533 = VERTEX_POINT('',#7534);
#7534 = CARTESIAN_POINT('',(92.,-178.,756.));
#7535 = VERTEX_POINT('',#7536);
#7536 = CARTESIAN_POINT('',(92.,-192.,756.));
#7537 = LINE('',#7538,#7539);
#7538 = CARTESIAN_POINT('',(92.,-192.25,756.));
#7539 = VECTOR('',#7540,1.);
#7540 = DIRECTION('',(0.,-1.,0.));
#7541 = ORIENTED_EDGE('',*,*,#7542,.T.);
#7542 = EDGE_CURVE('',#7535,#7543,#7545,.T.);
#7543 = VERTEX_POINT('',#7544);
#7544 = CARTESIAN_POINT('',(92.,-192.,764.));
#7545 = LINE('',#7546,#7547);
#7546 = CARTESIAN_POINT('',(92.,-192.,463.5));
#7547 = VECTOR('',#7548,1.);
#7548 = DIRECTION('',(0.,0.,1.));
#7549 = ORIENTED_EDGE('',*,*,#7550,.F.);
#7550 = EDGE_CURVE('',#7551,#7543,#7553,.T.);
#7551 = VERTEX_POINT('',#7552);
#7552 = CARTESIAN_POINT('',(92.,-178.,764.));
#7553 = LINE('',#7554,#7555);
#7554 = CARTESIAN_POINT('',(92.,-192.25,764.));
#7555 = VECTOR('',#7556,1.);
#7556 = DIRECTION('',(0.,-1.,0.));
#7557 = ORIENTED_EDGE('',*,*,#7558,.F.);
#7558 = EDGE_CURVE('',#7533,#7551,#7559,.T.);
#7559 = LINE('',#7560,#7561);
#7560 = CARTESIAN_POINT('',(92.,-178.,463.5));
#7561 = VECTOR('',#7562,1.);
#7562 = DIRECTION('',(0.,0.,1.));
#7563 = FACE_BOUND('',#7564,.F.);
#7564 = EDGE_LOOP('',(#7565,#7575,#7583,#7591));
#7565 = ORIENTED_EDGE('',*,*,#7566,.T.);
#7566 = EDGE_CURVE('',#7567,#7569,#7571,.T.);
#7567 = VERTEX_POINT('',#7568);
#7568 = CARTESIAN_POINT('',(92.,-178.,772.));
#7569 = VERTEX_POINT('',#7570);
#7570 = CARTESIAN_POINT('',(92.,-192.,772.));
#7571 = LINE('',#7572,#7573);
#7572 = CARTESIAN_POINT('',(92.,-192.25,772.));
#7573 = VECTOR('',#7574,1.);
#7574 = DIRECTION('',(0.,-1.,0.));
#7575 = ORIENTED_EDGE('',*,*,#7576,.T.);
#7576 = EDGE_CURVE('',#7569,#7577,#7579,.T.);
#7577 = VERTEX_POINT('',#7578);
#7578 = CARTESIAN_POINT('',(92.,-192.,780.));
#7579 = LINE('',#7580,#7581);
#7580 = CARTESIAN_POINT('',(92.,-192.,471.5));
#7581 = VECTOR('',#7582,1.);
#7582 = DIRECTION('',(0.,0.,1.));
#7583 = ORIENTED_EDGE('',*,*,#7584,.F.);
#7584 = EDGE_CURVE('',#7585,#7577,#7587,.T.);
#7585 = VERTEX_POINT('',#7586);
#7586 = CARTESIAN_POINT('',(92.,-178.,780.));
#7587 = LINE('',#7588,#7589);
#7588 = CARTESIAN_POINT('',(92.,-192.25,780.));
#7589 = VECTOR('',#7590,1.);
#7590 = DIRECTION('',(0.,-1.,0.));
#7591 = ORIENTED_EDGE('',*,*,#7592,.F.);
#7592 = EDGE_CURVE('',#7567,#7585,#7593,.T.);
#7593 = LINE('',#7594,#7595);
#7594 = CARTESIAN_POINT('',(92.,-178.,471.5));
#7595 = VECTOR('',#7596,1.);
#7596 = DIRECTION('',(0.,0.,1.));
#7597 = FACE_BOUND('',#7598,.F.);
#7598 = EDGE_LOOP('',(#7599,#7609,#7617,#7625));
#7599 = ORIENTED_EDGE('',*,*,#7600,.T.);
#7600 = EDGE_CURVE('',#7601,#7603,#7605,.T.);
#7601 = VERTEX_POINT('',#7602);
#7602 = CARTESIAN_POINT('',(92.,-178.,788.));
#7603 = VERTEX_POINT('',#7604);
#7604 = CARTESIAN_POINT('',(92.,-192.,788.));
#7605 = LINE('',#7606,#7607);
#7606 = CARTESIAN_POINT('',(92.,-192.25,788.));
#7607 = VECTOR('',#7608,1.);
#7608 = DIRECTION('',(0.,-1.,0.));
#7609 = ORIENTED_EDGE('',*,*,#7610,.T.);
#7610 = EDGE_CURVE('',#7603,#7611,#7613,.T.);
#7611 = VERTEX_POINT('',#7612);
#7612 = CARTESIAN_POINT('',(92.,-192.,796.));
#7613 = LINE('',#7614,#7615);
#7614 = CARTESIAN_POINT('',(92.,-192.,479.5));
#7615 = VECTOR('',#7616,1.);
#7616 = DIRECTION('',(0.,0.,1.));
#7617 = ORIENTED_EDGE('',*,*,#7618,.F.);
#7618 = EDGE_CURVE('',#7619,#7611,#7621,.T.);
#7619 = VERTEX_POINT('',#7620);
#7620 = CARTESIAN_POINT('',(92.,-178.,796.));
#7621 = LINE('',#7622,#7623);
#7622 = CARTESIAN_POINT('',(92.,-192.25,796.));
#7623 = VECTOR('',#7624,1.);
#7624 = DIRECTION('',(0.,-1.,0.));
#7625 = ORIENTED_EDGE('',*,*,#7626,.F.);
#7626 = EDGE_CURVE('',#7601,#7619,#7627,.T.);
#7627 = LINE('',#7628,#7629);
#7628 = CARTESIAN_POINT('',(92.,-178.,479.5));
#7629 = VECTOR('',#7630,1.);
#7630 = DIRECTION('',(0.,0.,1.));
#7631 = FACE_BOUND('',#7632,.F.);
#7632 = EDGE_LOOP('',(#7633,#7643,#7651,#7659));
#7633 = ORIENTED_EDGE('',*,*,#7634,.T.);
#7634 = EDGE_CURVE('',#7635,#7637,#7639,.T.);
#7635 = VERTEX_POINT('',#7636);
#7636 = CARTESIAN_POINT('',(92.,-178.,804.));
#7637 = VERTEX_POINT('',#7638);
#7638 = CARTESIAN_POINT('',(92.,-192.,804.));
#7639 = LINE('',#7640,#7641);
#7640 = CARTESIAN_POINT('',(92.,-192.25,804.));
#7641 = VECTOR('',#7642,1.);
#7642 = DIRECTION('',(0.,-1.,0.));
#7643 = ORIENTED_EDGE('',*,*,#7644,.T.);
#7644 = EDGE_CURVE('',#7637,#7645,#7647,.T.);
#7645 = VERTEX_POINT('',#7646);
#7646 = CARTESIAN_POINT('',(92.,-192.,812.));
#7647 = LINE('',#7648,#7649);
#7648 = CARTESIAN_POINT('',(92.,-192.,487.5));
#7649 = VECTOR('',#7650,1.);
#7650 = DIRECTION('',(0.,0.,1.));
#7651 = ORIENTED_EDGE('',*,*,#7652,.F.);
#7652 = EDGE_CURVE('',#7653,#7645,#7655,.T.);
#7653 = VERTEX_POINT('',#7654);
#7654 = CARTESIAN_POINT('',(92.,-178.,812.));
#7655 = LINE('',#7656,#7657);
#7656 = CARTESIAN_POINT('',(92.,-192.25,812.));
#7657 = VECTOR('',#7658,1.);
#7658 = DIRECTION('',(0.,-1.,0.));
#7659 = ORIENTED_EDGE('',*,*,#7660,.F.);
#7660 = EDGE_CURVE('',#7635,#7653,#7661,.T.);
#7661 = LINE('',#7662,#7663);
#7662 = CARTESIAN_POINT('',(92.,-178.,487.5));
#7663 = VECTOR('',#7664,1.);
#7664 = DIRECTION('',(0.,0.,1.));
#7665 = FACE_BOUND('',#7666,.F.);
#7666 = EDGE_LOOP('',(#7667,#7677,#7685,#7693));
#7667 = ORIENTED_EDGE('',*,*,#7668,.T.);
#7668 = EDGE_CURVE('',#7669,#7671,#7673,.T.);
#7669 = VERTEX_POINT('',#7670);
#7670 = CARTESIAN_POINT('',(92.,-178.,820.));
#7671 = VERTEX_POINT('',#7672);
#7672 = CARTESIAN_POINT('',(92.,-192.,820.));
#7673 = LINE('',#7674,#7675);
#7674 = CARTESIAN_POINT('',(92.,-192.25,820.));
#7675 = VECTOR('',#7676,1.);
#7676 = DIRECTION('',(0.,-1.,0.));
#7677 = ORIENTED_EDGE('',*,*,#7678,.T.);
#7678 = EDGE_CURVE('',#7671,#7679,#7681,.T.);
#7679 = VERTEX_POINT('',#7680);
#7680 = CARTESIAN_POINT('',(92.,-192.,828.));
#7681 = LINE('',#7682,#7683);
#7682 = CARTESIAN_POINT('',(92.,-192.,495.5));
#7683 = VECTOR('',#7684,1.);
#7684 = DIRECTION('',(0.,0.,1.));
#7685 = ORIENTED_EDGE('',*,*,#7686,.F.);
#7686 = EDGE_CURVE('',#7687,#7679,#7689,.T.);
#7687 = VERTEX_POINT('',#7688);
#7688 = CARTESIAN_POINT('',(92.,-178.,828.));
#7689 = LINE('',#7690,#7691);
#7690 = CARTESIAN_POINT('',(92.,-192.25,828.));
#7691 = VECTOR('',#7692,1.);
#7692 = DIRECTION('',(0.,-1.,0.));
#7693 = ORIENTED_EDGE('',*,*,#7694,.F.);
#7694 = EDGE_CURVE('',#7669,#7687,#7695,.T.);
#7695 = LINE('',#7696,#7697);
#7696 = CARTESIAN_POINT('',(92.,-178.,495.5));
#7697 = VECTOR('',#7698,1.);
#7698 = DIRECTION('',(0.,0.,1.));
#7699 = FACE_BOUND('',#7700,.F.);
#7700 = EDGE_LOOP('',(#7701,#7711,#7719,#7727));
#7701 = ORIENTED_EDGE('',*,*,#7702,.T.);
#7702 = EDGE_CURVE('',#7703,#7705,#7707,.T.);
#7703 = VERTEX_POINT('',#7704);
#7704 = CARTESIAN_POINT('',(92.,-178.,836.));
#7705 = VERTEX_POINT('',#7706);
#7706 = CARTESIAN_POINT('',(92.,-192.,836.));
#7707 = LINE('',#7708,#7709);
#7708 = CARTESIAN_POINT('',(92.,-192.25,836.));
#7709 = VECTOR('',#7710,1.);
#7710 = DIRECTION('',(0.,-1.,0.));
#7711 = ORIENTED_EDGE('',*,*,#7712,.T.);
#7712 = EDGE_CURVE('',#7705,#7713,#7715,.T.);
#7713 = VERTEX_POINT('',#7714);
#7714 = CARTESIAN_POINT('',(92.,-192.,844.));
#7715 = LINE('',#7716,#7717);
#7716 = CARTESIAN_POINT('',(92.,-192.,503.5));
#7717 = VECTOR('',#7718,1.);
#7718 = DIRECTION('',(0.,0.,1.));
#7719 = ORIENTED_EDGE('',*,*,#7720,.F.);
#7720 = EDGE_CURVE('',#7721,#7713,#7723,.T.);
#7721 = VERTEX_POINT('',#7722);
#7722 = CARTESIAN_POINT('',(92.,-178.,844.));
#7723 = LINE('',#7724,#7725);
#7724 = CARTESIAN_POINT('',(92.,-192.25,844.));
#7725 = VECTOR('',#7726,1.);
#7726 = DIRECTION('',(0.,-1.,0.));
#7727 = ORIENTED_EDGE('',*,*,#7728,.F.);
#7728 = EDGE_CURVE('',#7703,#7721,#7729,.T.);
#7729 = LINE('',#7730,#7731);
#7730 = CARTESIAN_POINT('',(92.,-178.,503.5));
#7731 = VECTOR('',#7732,1.);
#7732 = DIRECTION('',(0.,0.,1.));
#7733 = FACE_BOUND('',#7734,.F.);
#7734 = EDGE_LOOP('',(#7735,#7745,#7753,#7761));
#7735 = ORIENTED_EDGE('',*,*,#7736,.T.);
#7736 = EDGE_CURVE('',#7737,#7739,#7741,.T.);
#7737 = VERTEX_POINT('',#7738);
#7738 = CARTESIAN_POINT('',(92.,-178.,852.));
#7739 = VERTEX_POINT('',#7740);
#7740 = CARTESIAN_POINT('',(92.,-192.,852.));
#7741 = LINE('',#7742,#7743);
#7742 = CARTESIAN_POINT('',(92.,-192.25,852.));
#7743 = VECTOR('',#7744,1.);
#7744 = DIRECTION('',(0.,-1.,0.));
#7745 = ORIENTED_EDGE('',*,*,#7746,.T.);
#7746 = EDGE_CURVE('',#7739,#7747,#7749,.T.);
#7747 = VERTEX_POINT('',#7748);
#7748 = CARTESIAN_POINT('',(92.,-192.,860.));
#7749 = LINE('',#7750,#7751);
#7750 = CARTESIAN_POINT('',(92.,-192.,511.5));
#7751 = VECTOR('',#7752,1.);
#7752 = DIRECTION('',(0.,0.,1.));
#7753 = ORIENTED_EDGE('',*,*,#7754,.F.);
#7754 = EDGE_CURVE('',#7755,#7747,#7757,.T.);
#7755 = VERTEX_POINT('',#7756);
#7756 = CARTESIAN_POINT('',(92.,-178.,860.));
#7757 = LINE('',#7758,#7759);
#7758 = CARTESIAN_POINT('',(92.,-192.25,860.));
#7759 = VECTOR('',#7760,1.);
#7760 = DIRECTION('',(0.,-1.,0.));
#7761 = ORIENTED_EDGE('',*,*,#7762,.F.);
#7762 = EDGE_CURVE('',#7737,#7755,#7763,.T.);
#7763 = LINE('',#7764,#7765);
#7764 = CARTESIAN_POINT('',(92.,-178.,511.5));
#7765 = VECTOR('',#7766,1.);
#7766 = DIRECTION('',(0.,0.,1.));
#7767 = FACE_BOUND('',#7768,.F.);
#7768 = EDGE_LOOP('',(#7769,#7779,#7787,#7795));
#7769 = ORIENTED_EDGE('',*,*,#7770,.T.);
#7770 = EDGE_CURVE('',#7771,#7773,#7775,.T.);
#7771 = VERTEX_POINT('',#7772);
#7772 = CARTESIAN_POINT('',(92.,-178.,868.));
#7773 = VERTEX_POINT('',#7774);
#7774 = CARTESIAN_POINT('',(92.,-192.,868.));
#7775 = LINE('',#7776,#7777);
#7776 = CARTESIAN_POINT('',(92.,-192.25,868.));
#7777 = VECTOR('',#7778,1.);
#7778 = DIRECTION('',(0.,-1.,0.));
#7779 = ORIENTED_EDGE('',*,*,#7780,.T.);
#7780 = EDGE_CURVE('',#7773,#7781,#7783,.T.);
#7781 = VERTEX_POINT('',#7782);
#7782 = CARTESIAN_POINT('',(92.,-192.,876.));
#7783 = LINE('',#7784,#7785);
#7784 = CARTESIAN_POINT('',(92.,-192.,519.5));
#7785 = VECTOR('',#7786,1.);
#7786 = DIRECTION('',(0.,0.,1.));
#7787 = ORIENTED_EDGE('',*,*,#7788,.F.);
#7788 = EDGE_CURVE('',#7789,#7781,#7791,.T.);
#7789 = VERTEX_POINT('',#7790);
#7790 = CARTESIAN_POINT('',(92.,-178.,876.));
#7791 = LINE('',#7792,#7793);
#7792 = CARTESIAN_POINT('',(92.,-192.25,876.));
#7793 = VECTOR('',#7794,1.);
#7794 = DIRECTION('',(0.,-1.,0.));
#7795 = ORIENTED_EDGE('',*,*,#7796,.F.);
#7796 = EDGE_CURVE('',#7771,#7789,#7797,.T.);
#7797 = LINE('',#7798,#7799);
#7798 = CARTESIAN_POINT('',(92.,-178.,519.5));
#7799 = VECTOR('',#7800,1.);
#7800 = DIRECTION('',(0.,0.,1.));
#7801 = FACE_BOUND('',#7802,.F.);
#7802 = EDGE_LOOP('',(#7803,#7813,#7821,#7829));
#7803 = ORIENTED_EDGE('',*,*,#7804,.T.);
#7804 = EDGE_CURVE('',#7805,#7807,#7809,.T.);
#7805 = VERTEX_POINT('',#7806);
#7806 = CARTESIAN_POINT('',(92.,-178.,884.));
#7807 = VERTEX_POINT('',#7808);
#7808 = CARTESIAN_POINT('',(92.,-192.,884.));
#7809 = LINE('',#7810,#7811);
#7810 = CARTESIAN_POINT('',(92.,-192.25,884.));
#7811 = VECTOR('',#7812,1.);
#7812 = DIRECTION('',(0.,-1.,0.));
#7813 = ORIENTED_EDGE('',*,*,#7814,.T.);
#7814 = EDGE_CURVE('',#7807,#7815,#7817,.T.);
#7815 = VERTEX_POINT('',#7816);
#7816 = CARTESIAN_POINT('',(92.,-192.,892.));
#7817 = LINE('',#7818,#7819);
#7818 = CARTESIAN_POINT('',(92.,-192.,527.5));
#7819 = VECTOR('',#7820,1.);
#7820 = DIRECTION('',(0.,0.,1.));
#7821 = ORIENTED_EDGE('',*,*,#7822,.F.);
#7822 = EDGE_CURVE('',#7823,#7815,#7825,.T.);
#7823 = VERTEX_POINT('',#7824);
#7824 = CARTESIAN_POINT('',(92.,-178.,892.));
#7825 = LINE('',#7826,#7827);
#7826 = CARTESIAN_POINT('',(92.,-192.25,892.));
#7827 = VECTOR('',#7828,1.);
#7828 = DIRECTION('',(0.,-1.,0.));
#7829 = ORIENTED_EDGE('',*,*,#7830,.F.);
#7830 = EDGE_CURVE('',#7805,#7823,#7831,.T.);
#7831 = LINE('',#7832,#7833);
#7832 = CARTESIAN_POINT('',(92.,-178.,527.5));
#7833 = VECTOR('',#7834,1.);
#7834 = DIRECTION('',(0.,0.,1.));
#7835 = PLANE('',#7836);
#7836 = AXIS2_PLACEMENT_3D('',#7837,#7838,#7839);
#7837 = CARTESIAN_POINT('',(92.,-192.5,171.));
#7838 = DIRECTION('',(1.,0.,0.));
#7839 = DIRECTION('',(0.,0.,1.));
#7840 = ADVANCED_FACE('',(#7841,#7860),#7871,.F.);
#7841 = FACE_BOUND('',#7842,.F.);
#7842 = EDGE_LOOP('',(#7843,#7852,#7859));
#7843 = ORIENTED_EDGE('',*,*,#7844,.T.);
#7844 = EDGE_CURVE('',#6833,#7845,#7847,.T.);
#7845 = VERTEX_POINT('',#7846);
#7846 = CARTESIAN_POINT('',(-79.,-260.,221.));
#7847 = CIRCLE('',#7848,33.);
#7848 = AXIS2_PLACEMENT_3D('',#7849,#7850,#7851);
#7849 = CARTESIAN_POINT('',(-79.,-260.,188.));
#7850 = DIRECTION('',(1.,0.,-0.));
#7851 = DIRECTION('',(0.,0.,1.));
#7852 = ORIENTED_EDGE('',*,*,#7853,.T.);
#7853 = EDGE_CURVE('',#7845,#6831,#7854,.T.);
#7854 = CIRCLE('',#7855,33.);
#7855 = AXIS2_PLACEMENT_3D('',#7856,#7857,#7858);
#7856 = CARTESIAN_POINT('',(-79.,-260.,188.));
#7857 = DIRECTION('',(1.,0.,-0.));
#7858 = DIRECTION('',(0.,0.,1.));
#7859 = ORIENTED_EDGE('',*,*,#6830,.T.);
#7860 = FACE_BOUND('',#7861,.F.);
#7861 = EDGE_LOOP('',(#7862));
#7862 = ORIENTED_EDGE('',*,*,#7863,.F.);
#7863 = EDGE_CURVE('',#7864,#7864,#7866,.T.);
#7864 = VERTEX_POINT('',#7865);
#7865 = CARTESIAN_POINT('',(-79.,-260.,210.));
#7866 = CIRCLE('',#7867,22.);
#7867 = AXIS2_PLACEMENT_3D('',#7868,#7869,#7870);
#7868 = CARTESIAN_POINT('',(-79.,-260.,188.));
#7869 = DIRECTION('',(1.,0.,-0.));
#7870 = DIRECTION('',(0.,0.,1.));
#7871 = PLANE('',#7872);
#7872 = AXIS2_PLACEMENT_3D('',#7873,#7874,#7875);
#7873 = CARTESIAN_POINT('',(-79.,-260.,188.));
#7874 = DIRECTION('',(1.,0.,0.));
#7875 = DIRECTION('',(0.,0.,1.));
#7876 = ADVANCED_FACE('',(#7877),#7896,.T.);
#7877 = FACE_BOUND('',#7878,.T.);
#7878 = EDGE_LOOP('',(#7879,#7888,#7894,#7895));
#7879 = ORIENTED_EDGE('',*,*,#7880,.F.);
#7880 = EDGE_CURVE('',#7881,#6849,#7883,.T.);
#7881 = VERTEX_POINT('',#7882);
#7882 = CARTESIAN_POINT('',(-61.,-260.,221.));
#7883 = CIRCLE('',#7884,33.);
#7884 = AXIS2_PLACEMENT_3D('',#7885,#7886,#7887);
#7885 = CARTESIAN_POINT('',(-61.,-260.,188.));
#7886 = DIRECTION('',(1.,0.,-0.));
#7887 = DIRECTION('',(0.,0.,1.));
#7888 = ORIENTED_EDGE('',*,*,#7889,.F.);
#7889 = EDGE_CURVE('',#7845,#7881,#7890,.T.);
#7890 = LINE('',#7891,#7892);
#7891 = CARTESIAN_POINT('',(-79.,-260.,221.));
#7892 = VECTOR('',#7893,1.);
#7893 = DIRECTION('',(1.,0.,0.));
#7894 = ORIENTED_EDGE('',*,*,#7853,.T.);
#7895 = ORIENTED_EDGE('',*,*,#6856,.T.);
#7896 = CYLINDRICAL_SURFACE('',#7897,33.);
#7897 = AXIS2_PLACEMENT_3D('',#7898,#7899,#7900);
#7898 = CARTESIAN_POINT('',(-79.,-260.,188.));
#7899 = DIRECTION('',(1.,0.,0.));
#7900 = DIRECTION('',(0.,0.,1.));
#7901 = ADVANCED_FACE('',(#7902,#7913),#7924,.T.);
#7902 = FACE_BOUND('',#7903,.T.);
#7903 = EDGE_LOOP('',(#7904,#7911,#7912));
#7904 = ORIENTED_EDGE('',*,*,#7905,.T.);
#7905 = EDGE_CURVE('',#6841,#7881,#7906,.T.);
#7906 = CIRCLE('',#7907,33.);
#7907 = AXIS2_PLACEMENT_3D('',#7908,#7909,#7910);
#7908 = CARTESIAN_POINT('',(-61.,-260.,188.));
#7909 = DIRECTION('',(1.,0.,-0.));
#7910 = DIRECTION('',(0.,0.,1.));
#7911 = ORIENTED_EDGE('',*,*,#7880,.T.);
#7912 = ORIENTED_EDGE('',*,*,#6848,.T.);
#7913 = FACE_BOUND('',#7914,.T.);
#7914 = EDGE_LOOP('',(#7915));
#7915 = ORIENTED_EDGE('',*,*,#7916,.F.);
#7916 = EDGE_CURVE('',#7917,#7917,#7919,.T.);
#7917 = VERTEX_POINT('',#7918);
#7918 = CARTESIAN_POINT('',(-61.,-260.,210.));
#7919 = CIRCLE('',#7920,22.);
#7920 = AXIS2_PLACEMENT_3D('',#7921,#7922,#7923);
#7921 = CARTESIAN_POINT('',(-61.,-260.,188.));
#7922 = DIRECTION('',(1.,0.,-0.));
#7923 = DIRECTION('',(0.,0.,1.));
#7924 = PLANE('',#7925);
#7925 = AXIS2_PLACEMENT_3D('',#7926,#7927,#7928);
#7926 = CARTESIAN_POINT('',(-61.,-260.,188.));
#7927 = DIRECTION('',(1.,0.,0.));
#7928 = DIRECTION('',(0.,0.,1.));
#7929 = ADVANCED_FACE('',(#7930),#7936,.T.);
#7930 = FACE_BOUND('',#7931,.T.);
#7931 = EDGE_LOOP('',(#7932,#7933,#7934,#7935));
#7932 = ORIENTED_EDGE('',*,*,#7889,.T.);
#7933 = ORIENTED_EDGE('',*,*,#7905,.F.);
#7934 = ORIENTED_EDGE('',*,*,#6840,.F.);
#7935 = ORIENTED_EDGE('',*,*,#7844,.T.);
#7936 = CYLINDRICAL_SURFACE('',#7937,33.);
#7937 = AXIS2_PLACEMENT_3D('',#7938,#7939,#7940);
#7938 = CARTESIAN_POINT('',(-79.,-260.,188.));
#7939 = DIRECTION('',(1.,0.,0.));
#7940 = DIRECTION('',(0.,0.,1.));
#7941 = ADVANCED_FACE('',(#7942),#7967,.T.);
#7942 = FACE_BOUND('',#7943,.T.);
#7943 = EDGE_LOOP('',(#7944,#7952,#7960,#7966));
#7944 = ORIENTED_EDGE('',*,*,#7945,.F.);
#7945 = EDGE_CURVE('',#7946,#7036,#7948,.T.);
#7946 = VERTEX_POINT('',#7947);
#7947 = CARTESIAN_POINT('',(270.,-324.,60.));
#7948 = LINE('',#7949,#7950);
#7949 = CARTESIAN_POINT('',(270.,-324.,60.));
#7950 = VECTOR('',#7951,1.);
#7951 = DIRECTION('',(0.,0.,1.));
#7952 = ORIENTED_EDGE('',*,*,#7953,.T.);
#7953 = EDGE_CURVE('',#7946,#7954,#7956,.T.);
#7954 = VERTEX_POINT('',#7955);
#7955 = CARTESIAN_POINT('',(270.,-136.,60.));
#7956 = LINE('',#7957,#7958);
#7957 = CARTESIAN_POINT('',(270.,-324.,60.));
#7958 = VECTOR('',#7959,1.);
#7959 = DIRECTION('',(0.,1.,0.));
#7960 = ORIENTED_EDGE('',*,*,#7961,.T.);
#7961 = EDGE_CURVE('',#7954,#7044,#7962,.T.);
#7962 = LINE('',#7963,#7964);
#7963 = CARTESIAN_POINT('',(270.,-136.,60.));
#7964 = VECTOR('',#7965,1.);
#7965 = DIRECTION('',(0.,0.,1.));
#7966 = ORIENTED_EDGE('',*,*,#7043,.F.);
#7967 = PLANE('',#7968);
#7968 = AXIS2_PLACEMENT_3D('',#7969,#7970,#7971);
#7969 = CARTESIAN_POINT('',(270.,-324.,60.));
#7970 = DIRECTION('',(1.,0.,0.));
#7971 = DIRECTION('',(0.,0.,1.));
#7972 = ADVANCED_FACE('',(#7973),#8000,.F.);
#7973 = FACE_BOUND('',#7974,.F.);
#7974 = EDGE_LOOP('',(#7975,#7983,#7991,#7997,#7998,#7999));
#7975 = ORIENTED_EDGE('',*,*,#7976,.F.);
#7976 = EDGE_CURVE('',#7977,#7387,#7979,.T.);
#7977 = VERTEX_POINT('',#7978);
#7978 = CARTESIAN_POINT('',(199.,-324.,60.));
#7979 = LINE('',#7980,#7981);
#7980 = CARTESIAN_POINT('',(199.,-324.,60.));
#7981 = VECTOR('',#7982,1.);
#7982 = DIRECTION('',(0.,0.,1.));
#7983 = ORIENTED_EDGE('',*,*,#7984,.T.);
#7984 = EDGE_CURVE('',#7977,#7985,#7987,.T.);
#7985 = VERTEX_POINT('',#7986);
#7986 = CARTESIAN_POINT('',(199.,-136.,60.));
#7987 = LINE('',#7988,#7989);
#7988 = CARTESIAN_POINT('',(199.,-324.,60.));
#7989 = VECTOR('',#7990,1.);
#7990 = DIRECTION('',(0.,1.,0.));
#7991 = ORIENTED_EDGE('',*,*,#7992,.T.);
#7992 = EDGE_CURVE('',#7985,#7102,#7993,.T.);
#7993 = LINE('',#7994,#7995);
#7994 = CARTESIAN_POINT('',(199.,-136.,60.));
#7995 = VECTOR('',#7996,1.);
#7996 = DIRECTION('',(0.,0.,1.));
#7997 = ORIENTED_EDGE('',*,*,#7110,.F.);
#7998 = ORIENTED_EDGE('',*,*,#7084,.F.);
#7999 = ORIENTED_EDGE('',*,*,#7394,.F.);
#8000 = PLANE('',#8001);
#8001 = AXIS2_PLACEMENT_3D('',#8002,#8003,#8004);
#8002 = CARTESIAN_POINT('',(199.,-324.,60.));
#8003 = DIRECTION('',(1.,0.,0.));
#8004 = DIRECTION('',(0.,0.,1.));
#8005 = ADVANCED_FACE('',(#8006),#8025,.F.);
#8006 = FACE_BOUND('',#8007,.F.);
#8007 = EDGE_LOOP('',(#8008,#8016,#8022,#8023,#8024));
#8008 = ORIENTED_EDGE('',*,*,#8009,.F.);
#8009 = EDGE_CURVE('',#8010,#7985,#8012,.T.);
#8010 = VERTEX_POINT('',#8011);
#8011 = CARTESIAN_POINT('',(91.,-136.,60.));
#8012 = LINE('',#8013,#8014);
#8013 = CARTESIAN_POINT('',(-130.,-136.,60.));
#8014 = VECTOR('',#8015,1.);
#8015 = DIRECTION('',(1.,0.,0.));
#8016 = ORIENTED_EDGE('',*,*,#8017,.T.);
#8017 = EDGE_CURVE('',#8010,#7150,#8018,.T.);
#8018 = LINE('',#8019,#8020);
#8019 = CARTESIAN_POINT('',(91.,-136.,60.));
#8020 = VECTOR('',#8021,1.);
#8021 = DIRECTION('',(0.,0.,1.));
#8022 = ORIENTED_EDGE('',*,*,#7157,.T.);
#8023 = ORIENTED_EDGE('',*,*,#7101,.T.);
#8024 = ORIENTED_EDGE('',*,*,#7992,.F.);
#8025 = PLANE('',#8026);
#8026 = AXIS2_PLACEMENT_3D('',#8027,#8028,#8029);
#8027 = CARTESIAN_POINT('',(-130.,-136.,60.));
#8028 = DIRECTION('',(0.,1.,0.));
#8029 = DIRECTION('',(0.,0.,1.));
#8030 = ADVANCED_FACE('',(#8031),#8056,.F.);
#8031 = FACE_BOUND('',#8032,.F.);
#8032 = EDGE_LOOP('',(#8033,#8041,#8049,#8055));
#8033 = ORIENTED_EDGE('',*,*,#8034,.F.);
#8034 = EDGE_CURVE('',#8035,#7125,#8037,.T.);
#8035 = VERTEX_POINT('',#8036);
#8036 = CARTESIAN_POINT('',(-130.,-136.,60.));
#8037 = LINE('',#8038,#8039);
#8038 = CARTESIAN_POINT('',(-130.,-136.,60.));
#8039 = VECTOR('',#8040,1.);
#8040 = DIRECTION('',(0.,0.,1.));
#8041 = ORIENTED_EDGE('',*,*,#8042,.T.);
#8042 = EDGE_CURVE('',#8035,#8043,#8045,.T.);
#8043 = VERTEX_POINT('',#8044);
#8044 = CARTESIAN_POINT('',(-130.,-100.,60.));
#8045 = LINE('',#8046,#8047);
#8046 = CARTESIAN_POINT('',(-130.,-360.,60.));
#8047 = VECTOR('',#8048,1.);
#8048 = DIRECTION('',(0.,1.,0.));
#8049 = ORIENTED_EDGE('',*,*,#8050,.T.);
#8050 = EDGE_CURVE('',#8043,#7127,#8051,.T.);
#8051 = LINE('',#8052,#8053);
#8052 = CARTESIAN_POINT('',(-130.,-100.,60.));
#8053 = VECTOR('',#8054,1.);
#8054 = DIRECTION('',(0.,0.,1.));
#8055 = ORIENTED_EDGE('',*,*,#7124,.F.);
#8056 = PLANE('',#8057);
#8057 = AXIS2_PLACEMENT_3D('',#8058,#8059,#8060);
#8058 = CARTESIAN_POINT('',(-130.,-136.,60.));
#8059 = DIRECTION('',(1.,0.,0.));
#8060 = DIRECTION('',(0.,0.,1.));
#8061 = ADVANCED_FACE('',(#8062),#8096,.T.);
#8062 = FACE_BOUND('',#8063,.T.);
#8063 = EDGE_LOOP('',(#8064,#8072,#8073,#8074,#8082,#8090));
#8064 = ORIENTED_EDGE('',*,*,#8065,.F.);
#8065 = EDGE_CURVE('',#8043,#8066,#8068,.T.);
#8066 = VERTEX_POINT('',#8067);
#8067 = CARTESIAN_POINT('',(70.,-100.,60.));
#8068 = LINE('',#8069,#8070);
#8069 = CARTESIAN_POINT('',(-130.,-100.,60.));
#8070 = VECTOR('',#8071,1.);
#8071 = DIRECTION('',(1.,0.,0.));
#8072 = ORIENTED_EDGE('',*,*,#8050,.T.);
#8073 = ORIENTED_EDGE('',*,*,#7173,.T.);
#8074 = ORIENTED_EDGE('',*,*,#8075,.F.);
#8075 = EDGE_CURVE('',#8076,#7166,#8078,.T.);
#8076 = VERTEX_POINT('',#8077);
#8077 = CARTESIAN_POINT('',(270.,-100.,60.));
#8078 = LINE('',#8079,#8080);
#8079 = CARTESIAN_POINT('',(270.,-100.,60.));
#8080 = VECTOR('',#8081,1.);
#8081 = DIRECTION('',(0.,0.,1.));
#8082 = ORIENTED_EDGE('',*,*,#8083,.F.);
#8083 = EDGE_CURVE('',#8084,#8076,#8086,.T.);
#8084 = VERTEX_POINT('',#8085);
#8085 = CARTESIAN_POINT('',(250.,-100.,60.));
#8086 = LINE('',#8087,#8088);
#8087 = CARTESIAN_POINT('',(-130.,-100.,60.));
#8088 = VECTOR('',#8089,1.);
#8089 = DIRECTION('',(1.,0.,0.));
#8090 = ORIENTED_EDGE('',*,*,#8091,.F.);
#8091 = EDGE_CURVE('',#8066,#8084,#8092,.T.);
#8092 = LINE('',#8093,#8094);
#8093 = CARTESIAN_POINT('',(70.,-100.,60.));
#8094 = VECTOR('',#8095,1.);
#8095 = DIRECTION('',(1.,0.,0.));
#8096 = PLANE('',#8097);
#8097 = AXIS2_PLACEMENT_3D('',#8098,#8099,#8100);
#8098 = CARTESIAN_POINT('',(-130.,-100.,60.));
#8099 = DIRECTION('',(0.,1.,0.));
#8100 = DIRECTION('',(0.,0.,1.));
#8101 = ADVANCED_FACE('',(#8102),#8113,.T.);
#8102 = FACE_BOUND('',#8103,.T.);
#8103 = EDGE_LOOP('',(#8104,#8105,#8111,#8112));
#8104 = ORIENTED_EDGE('',*,*,#7961,.F.);
#8105 = ORIENTED_EDGE('',*,*,#8106,.T.);
#8106 = EDGE_CURVE('',#7954,#8076,#8107,.T.);
#8107 = LINE('',#8108,#8109);
#8108 = CARTESIAN_POINT('',(270.,-136.,60.));
#8109 = VECTOR('',#8110,1.);
#8110 = DIRECTION('',(0.,1.,0.));
#8111 = ORIENTED_EDGE('',*,*,#8075,.T.);
#8112 = ORIENTED_EDGE('',*,*,#7165,.F.);
#8113 = PLANE('',#8114);
#8114 = AXIS2_PLACEMENT_3D('',#8115,#8116,#8117);
#8115 = CARTESIAN_POINT('',(270.,-136.,60.));
#8116 = DIRECTION('',(1.,0.,0.));
#8117 = DIRECTION('',(0.,0.,1.));
#8118 = ADVANCED_FACE('',(#8119),#8135,.T.);
#8119 = FACE_BOUND('',#8120,.T.);
#8120 = EDGE_LOOP('',(#8121,#8127,#8128,#8134));
#8121 = ORIENTED_EDGE('',*,*,#8122,.F.);
#8122 = EDGE_CURVE('',#7362,#7142,#8123,.T.);
#8123 = LINE('',#8124,#8125);
#8124 = CARTESIAN_POINT('',(49.,-324.,90.));
#8125 = VECTOR('',#8126,1.);
#8126 = DIRECTION('',(0.,1.,0.));
#8127 = ORIENTED_EDGE('',*,*,#7361,.T.);
#8128 = ORIENTED_EDGE('',*,*,#8129,.T.);
#8129 = EDGE_CURVE('',#7354,#7150,#8130,.T.);
#8130 = LINE('',#8131,#8132);
#8131 = CARTESIAN_POINT('',(91.,-324.,90.));
#8132 = VECTOR('',#8133,1.);
#8133 = DIRECTION('',(0.,1.,0.));
#8134 = ORIENTED_EDGE('',*,*,#7149,.F.);
#8135 = PLANE('',#8136);
#8136 = AXIS2_PLACEMENT_3D('',#8137,#8138,#8139);
#8137 = CARTESIAN_POINT('',(49.,-324.,90.));
#8138 = DIRECTION('',(0.,0.,1.));
#8139 = DIRECTION('',(1.,0.,0.));
#8140 = ADVANCED_FACE('',(#8141),#8167,.F.);
#8141 = FACE_BOUND('',#8142,.F.);
#8142 = EDGE_LOOP('',(#8143,#8153,#8159,#8160,#8161));
#8143 = ORIENTED_EDGE('',*,*,#8144,.F.);
#8144 = EDGE_CURVE('',#8145,#8147,#8149,.T.);
#8145 = VERTEX_POINT('',#8146);
#8146 = CARTESIAN_POINT('',(-59.,-136.,60.));
#8147 = VERTEX_POINT('',#8148);
#8148 = CARTESIAN_POINT('',(49.,-136.,60.));
#8149 = LINE('',#8150,#8151);
#8150 = CARTESIAN_POINT('',(-130.,-136.,60.));
#8151 = VECTOR('',#8152,1.);
#8152 = DIRECTION('',(1.,0.,0.));
#8153 = ORIENTED_EDGE('',*,*,#8154,.T.);
#8154 = EDGE_CURVE('',#8145,#7190,#8155,.T.);
#8155 = LINE('',#8156,#8157);
#8156 = CARTESIAN_POINT('',(-59.,-136.,60.));
#8157 = VECTOR('',#8158,1.);
#8158 = DIRECTION('',(0.,0.,1.));
#8159 = ORIENTED_EDGE('',*,*,#7189,.T.);
#8160 = ORIENTED_EDGE('',*,*,#7141,.T.);
#8161 = ORIENTED_EDGE('',*,*,#8162,.F.);
#8162 = EDGE_CURVE('',#8147,#7142,#8163,.T.);
#8163 = LINE('',#8164,#8165);
#8164 = CARTESIAN_POINT('',(49.,-136.,60.));
#8165 = VECTOR('',#8166,1.);
#8166 = DIRECTION('',(0.,0.,1.));
#8167 = PLANE('',#8168);
#8168 = AXIS2_PLACEMENT_3D('',#8169,#8170,#8171);
#8169 = CARTESIAN_POINT('',(-130.,-136.,60.));
#8170 = DIRECTION('',(0.,1.,0.));
#8171 = DIRECTION('',(0.,0.,1.));
#8172 = ADVANCED_FACE('',(#8173),#8193,.T.);
#8173 = FACE_BOUND('',#8174,.T.);
#8174 = EDGE_LOOP('',(#8175,#8183,#8189,#8190,#8191,#8192));
#8175 = ORIENTED_EDGE('',*,*,#8176,.F.);
#8176 = EDGE_CURVE('',#8177,#7308,#8179,.T.);
#8177 = VERTEX_POINT('',#8178);
#8178 = CARTESIAN_POINT('',(-59.,-324.,60.));
#8179 = LINE('',#8180,#8181);
#8180 = CARTESIAN_POINT('',(-59.,-324.,60.));
#8181 = VECTOR('',#8182,1.);
#8182 = DIRECTION('',(0.,0.,1.));
#8183 = ORIENTED_EDGE('',*,*,#8184,.T.);
#8184 = EDGE_CURVE('',#8177,#8145,#8185,.T.);
#8185 = LINE('',#8186,#8187);
#8186 = CARTESIAN_POINT('',(-59.,-324.,60.));
#8187 = VECTOR('',#8188,1.);
#8188 = DIRECTION('',(0.,1.,0.));
#8189 = ORIENTED_EDGE('',*,*,#8154,.T.);
#8190 = ORIENTED_EDGE('',*,*,#7197,.F.);
#8191 = ORIENTED_EDGE('',*,*,#7218,.F.);
#8192 = ORIENTED_EDGE('',*,*,#7307,.F.);
#8193 = PLANE('',#8194);
#8194 = AXIS2_PLACEMENT_3D('',#8195,#8196,#8197);
#8195 = CARTESIAN_POINT('',(-59.,-324.,60.));
#8196 = DIRECTION('',(1.,0.,0.));
#8197 = DIRECTION('',(0.,0.,1.));
#8198 = ADVANCED_FACE('',(#8199),#8217,.F.);
#8199 = FACE_BOUND('',#8200,.F.);
#8200 = EDGE_LOOP('',(#8201,#8209,#8215,#8216));
#8201 = ORIENTED_EDGE('',*,*,#8202,.F.);
#8202 = EDGE_CURVE('',#8203,#7251,#8205,.T.);
#8203 = VERTEX_POINT('',#8204);
#8204 = CARTESIAN_POINT('',(-130.,-324.,60.));
#8205 = LINE('',#8206,#8207);
#8206 = CARTESIAN_POINT('',(-130.,-324.,60.));
#8207 = VECTOR('',#8208,1.);
#8208 = DIRECTION('',(0.,0.,1.));
#8209 = ORIENTED_EDGE('',*,*,#8210,.T.);
#8210 = EDGE_CURVE('',#8203,#8035,#8211,.T.);
#8211 = LINE('',#8212,#8213);
#8212 = CARTESIAN_POINT('',(-130.,-360.,60.));
#8213 = VECTOR('',#8214,1.);
#8214 = DIRECTION('',(0.,1.,0.));
#8215 = ORIENTED_EDGE('',*,*,#8034,.T.);
#8216 = ORIENTED_EDGE('',*,*,#7250,.F.);
#8217 = PLANE('',#8218);
#8218 = AXIS2_PLACEMENT_3D('',#8219,#8220,#8221);
#8219 = CARTESIAN_POINT('',(-130.,-324.,60.));
#8220 = DIRECTION('',(1.,0.,0.));
#8221 = DIRECTION('',(0.,0.,1.));
#8222 = ADVANCED_FACE('',(#8223),#8242,.T.);
#8223 = FACE_BOUND('',#8224,.T.);
#8224 = EDGE_LOOP('',(#8225,#8233,#8234,#8235,#8236));
#8225 = ORIENTED_EDGE('',*,*,#8226,.F.);
#8226 = EDGE_CURVE('',#8177,#8227,#8229,.T.);
#8227 = VERTEX_POINT('',#8228);
#8228 = CARTESIAN_POINT('',(49.,-324.,60.));
#8229 = LINE('',#8230,#8231);
#8230 = CARTESIAN_POINT('',(-130.,-324.,60.));
#8231 = VECTOR('',#8232,1.);
#8232 = DIRECTION('',(1.,0.,0.));
#8233 = ORIENTED_EDGE('',*,*,#8176,.T.);
#8234 = ORIENTED_EDGE('',*,*,#7315,.T.);
#8235 = ORIENTED_EDGE('',*,*,#7369,.T.);
#8236 = ORIENTED_EDGE('',*,*,#8237,.F.);
#8237 = EDGE_CURVE('',#8227,#7362,#8238,.T.);
#8238 = LINE('',#8239,#8240);
#8239 = CARTESIAN_POINT('',(49.,-324.,60.));
#8240 = VECTOR('',#8241,1.);
#8241 = DIRECTION('',(0.,0.,1.));
#8242 = PLANE('',#8243);
#8243 = AXIS2_PLACEMENT_3D('',#8244,#8245,#8246);
#8244 = CARTESIAN_POINT('',(-130.,-324.,60.));
#8245 = DIRECTION('',(0.,1.,0.));
#8246 = DIRECTION('',(0.,0.,1.));
#8247 = ADVANCED_FACE('',(#8248),#8266,.F.);
#8248 = FACE_BOUND('',#8249,.F.);
#8249 = EDGE_LOOP('',(#8250,#8258,#8264,#8265));
#8250 = ORIENTED_EDGE('',*,*,#8251,.F.);
#8251 = EDGE_CURVE('',#8252,#7330,#8254,.T.);
#8252 = VERTEX_POINT('',#8253);
#8253 = CARTESIAN_POINT('',(-130.,-360.,60.));
#8254 = LINE('',#8255,#8256);
#8255 = CARTESIAN_POINT('',(-130.,-360.,60.));
#8256 = VECTOR('',#8257,1.);
#8257 = DIRECTION('',(0.,0.,1.));
#8258 = ORIENTED_EDGE('',*,*,#8259,.T.);
#8259 = EDGE_CURVE('',#8252,#8203,#8260,.T.);
#8260 = LINE('',#8261,#8262);
#8261 = CARTESIAN_POINT('',(-130.,-360.,60.));
#8262 = VECTOR('',#8263,1.);
#8263 = DIRECTION('',(0.,1.,0.));
#8264 = ORIENTED_EDGE('',*,*,#8202,.T.);
#8265 = ORIENTED_EDGE('',*,*,#7329,.F.);
#8266 = PLANE('',#8267);
#8267 = AXIS2_PLACEMENT_3D('',#8268,#8269,#8270);
#8268 = CARTESIAN_POINT('',(-130.,-360.,60.));
#8269 = DIRECTION('',(1.,0.,0.));
#8270 = DIRECTION('',(0.,0.,1.));
#8271 = ADVANCED_FACE('',(#8272),#8291,.T.);
#8272 = FACE_BOUND('',#8273,.T.);
#8273 = EDGE_LOOP('',(#8274,#8282,#8288,#8289,#8290));
#8274 = ORIENTED_EDGE('',*,*,#8275,.F.);
#8275 = EDGE_CURVE('',#8276,#7977,#8278,.T.);
#8276 = VERTEX_POINT('',#8277);
#8277 = CARTESIAN_POINT('',(91.,-324.,60.));
#8278 = LINE('',#8279,#8280);
#8279 = CARTESIAN_POINT('',(-130.,-324.,60.));
#8280 = VECTOR('',#8281,1.);
#8281 = DIRECTION('',(1.,0.,0.));
#8282 = ORIENTED_EDGE('',*,*,#8283,.T.);
#8283 = EDGE_CURVE('',#8276,#7354,#8284,.T.);
#8284 = LINE('',#8285,#8286);
#8285 = CARTESIAN_POINT('',(91.,-324.,60.));
#8286 = VECTOR('',#8287,1.);
#8287 = DIRECTION('',(0.,0.,1.));
#8288 = ORIENTED_EDGE('',*,*,#7353,.T.);
#8289 = ORIENTED_EDGE('',*,*,#7386,.T.);
#8290 = ORIENTED_EDGE('',*,*,#7976,.F.);
#8291 = PLANE('',#8292);
#8292 = AXIS2_PLACEMENT_3D('',#8293,#8294,#8295);
#8293 = CARTESIAN_POINT('',(-130.,-324.,60.));
#8294 = DIRECTION('',(0.,1.,0.));
#8295 = DIRECTION('',(0.,0.,1.));
#8296 = ADVANCED_FACE('',(#8297),#8315,.T.);
#8297 = FACE_BOUND('',#8298,.T.);
#8298 = EDGE_LOOP('',(#8299,#8307,#8313,#8314));
#8299 = ORIENTED_EDGE('',*,*,#8300,.F.);
#8300 = EDGE_CURVE('',#8301,#7338,#8303,.T.);
#8301 = VERTEX_POINT('',#8302);
#8302 = CARTESIAN_POINT('',(270.,-360.,60.));
#8303 = LINE('',#8304,#8305);
#8304 = CARTESIAN_POINT('',(270.,-360.,60.));
#8305 = VECTOR('',#8306,1.);
#8306 = DIRECTION('',(0.,0.,1.));
#8307 = ORIENTED_EDGE('',*,*,#8308,.T.);
#8308 = EDGE_CURVE('',#8301,#7946,#8309,.T.);
#8309 = LINE('',#8310,#8311);
#8310 = CARTESIAN_POINT('',(270.,-360.,60.));
#8311 = VECTOR('',#8312,1.);
#8312 = DIRECTION('',(0.,1.,0.));
#8313 = ORIENTED_EDGE('',*,*,#7945,.T.);
#8314 = ORIENTED_EDGE('',*,*,#7345,.F.);
#8315 = PLANE('',#8316);
#8316 = AXIS2_PLACEMENT_3D('',#8317,#8318,#8319);
#8317 = CARTESIAN_POINT('',(270.,-360.,60.));
#8318 = DIRECTION('',(1.,0.,0.));
#8319 = DIRECTION('',(0.,0.,1.));
#8320 = ADVANCED_FACE('',(#8321),#8348,.F.);
#8321 = FACE_BOUND('',#8322,.F.);
#8322 = EDGE_LOOP('',(#8323,#8331,#8332,#8333,#8334,#8342));
#8323 = ORIENTED_EDGE('',*,*,#8324,.F.);
#8324 = EDGE_CURVE('',#8252,#8325,#8327,.T.);
#8325 = VERTEX_POINT('',#8326);
#8326 = CARTESIAN_POINT('',(70.,-360.,60.));
#8327 = LINE('',#8328,#8329);
#8328 = CARTESIAN_POINT('',(-130.,-360.,60.));
#8329 = VECTOR('',#8330,1.);
#8330 = DIRECTION('',(1.,0.,0.));
#8331 = ORIENTED_EDGE('',*,*,#8251,.T.);
#8332 = ORIENTED_EDGE('',*,*,#7337,.T.);
#8333 = ORIENTED_EDGE('',*,*,#8300,.F.);
#8334 = ORIENTED_EDGE('',*,*,#8335,.F.);
#8335 = EDGE_CURVE('',#8336,#8301,#8338,.T.);
#8336 = VERTEX_POINT('',#8337);
#8337 = CARTESIAN_POINT('',(250.,-360.,60.));
#8338 = LINE('',#8339,#8340);
#8339 = CARTESIAN_POINT('',(-130.,-360.,60.));
#8340 = VECTOR('',#8341,1.);
#8341 = DIRECTION('',(1.,0.,0.));
#8342 = ORIENTED_EDGE('',*,*,#8343,.F.);
#8343 = EDGE_CURVE('',#8325,#8336,#8344,.T.);
#8344 = LINE('',#8345,#8346);
#8345 = CARTESIAN_POINT('',(70.,-360.,60.));
#8346 = VECTOR('',#8347,1.);
#8347 = DIRECTION('',(1.,0.,0.));
#8348 = PLANE('',#8349);
#8349 = AXIS2_PLACEMENT_3D('',#8350,#8351,#8352);
#8350 = CARTESIAN_POINT('',(-130.,-360.,60.));
#8351 = DIRECTION('',(0.,1.,0.));
#8352 = DIRECTION('',(0.,0.,1.));
#8353 = ADVANCED_FACE('',(#8354),#8360,.T.);
#8354 = FACE_BOUND('',#8355,.T.);
#8355 = EDGE_LOOP('',(#8356,#8357,#8358,#8359));
#8356 = ORIENTED_EDGE('',*,*,#7490,.F.);
#8357 = ORIENTED_EDGE('',*,*,#7425,.T.);
#8358 = ORIENTED_EDGE('',*,*,#7449,.T.);
#8359 = ORIENTED_EDGE('',*,*,#7473,.F.);
#8360 = PLANE('',#8361);
#8361 = AXIS2_PLACEMENT_3D('',#8362,#8363,#8364);
#8362 = CARTESIAN_POINT('',(92.,-192.5,900.));
#8363 = DIRECTION('',(0.,0.,1.));
#8364 = DIRECTION('',(1.,0.,0.));
#8365 = ADVANCED_FACE('',(#8366),#8391,.F.);
#8366 = FACE_BOUND('',#8367,.F.);
#8367 = EDGE_LOOP('',(#8368,#8376,#8384,#8390));
#8368 = ORIENTED_EDGE('',*,*,#8369,.F.);
#8369 = EDGE_CURVE('',#8370,#7499,#8372,.T.);
#8370 = VERTEX_POINT('',#8371);
#8371 = CARTESIAN_POINT('',(85.,-178.,740.));
#8372 = LINE('',#8373,#8374);
#8373 = CARTESIAN_POINT('',(85.,-178.,740.));
#8374 = VECTOR('',#8375,1.);
#8375 = DIRECTION('',(1.,0.,0.));
#8376 = ORIENTED_EDGE('',*,*,#8377,.F.);
#8377 = EDGE_CURVE('',#8378,#8370,#8380,.T.);
#8378 = VERTEX_POINT('',#8379);
#8379 = CARTESIAN_POINT('',(85.,-192.,740.));
#8380 = LINE('',#8381,#8382);
#8381 = CARTESIAN_POINT('',(85.,-192.,740.));
#8382 = VECTOR('',#8383,1.);
#8383 = DIRECTION('',(0.,1.,0.));
#8384 = ORIENTED_EDGE('',*,*,#8385,.T.);
#8385 = EDGE_CURVE('',#8378,#7501,#8386,.T.);
#8386 = LINE('',#8387,#8388);
#8387 = CARTESIAN_POINT('',(85.,-192.,740.));
#8388 = VECTOR('',#8389,1.);
#8389 = DIRECTION('',(1.,0.,0.));
#8390 = ORIENTED_EDGE('',*,*,#7498,.F.);
#8391 = PLANE('',#8392);
#8392 = AXIS2_PLACEMENT_3D('',#8393,#8394,#8395);
#8393 = CARTESIAN_POINT('',(85.,-192.,740.));
#8394 = DIRECTION('',(0.,0.,1.));
#8395 = DIRECTION('',(1.,0.,0.));
#8396 = ADVANCED_FACE('',(#8397),#8415,.T.);
#8397 = FACE_BOUND('',#8398,.T.);
#8398 = EDGE_LOOP('',(#8399,#8400,#8408,#8414));
#8399 = ORIENTED_EDGE('',*,*,#8369,.F.);
#8400 = ORIENTED_EDGE('',*,*,#8401,.T.);
#8401 = EDGE_CURVE('',#8370,#8402,#8404,.T.);
#8402 = VERTEX_POINT('',#8403);
#8403 = CARTESIAN_POINT('',(85.,-178.,748.));
#8404 = LINE('',#8405,#8406);
#8405 = CARTESIAN_POINT('',(85.,-178.,740.));
#8406 = VECTOR('',#8407,1.);
#8407 = DIRECTION('',(0.,0.,1.));
#8408 = ORIENTED_EDGE('',*,*,#8409,.T.);
#8409 = EDGE_CURVE('',#8402,#7517,#8410,.T.);
#8410 = LINE('',#8411,#8412);
#8411 = CARTESIAN_POINT('',(85.,-178.,748.));
#8412 = VECTOR('',#8413,1.);
#8413 = DIRECTION('',(1.,0.,0.));
#8414 = ORIENTED_EDGE('',*,*,#7524,.F.);
#8415 = PLANE('',#8416);
#8416 = AXIS2_PLACEMENT_3D('',#8417,#8418,#8419);
#8417 = CARTESIAN_POINT('',(85.,-178.,740.));
#8418 = DIRECTION('',(0.,1.,0.));
#8419 = DIRECTION('',(0.,0.,1.));
#8420 = ADVANCED_FACE('',(#8421),#8439,.F.);
#8421 = FACE_BOUND('',#8422,.F.);
#8422 = EDGE_LOOP('',(#8423,#8424,#8432,#8438));
#8423 = ORIENTED_EDGE('',*,*,#8385,.F.);
#8424 = ORIENTED_EDGE('',*,*,#8425,.T.);
#8425 = EDGE_CURVE('',#8378,#8426,#8428,.T.);
#8426 = VERTEX_POINT('',#8427);
#8427 = CARTESIAN_POINT('',(85.,-192.,748.));
#8428 = LINE('',#8429,#8430);
#8429 = CARTESIAN_POINT('',(85.,-192.,740.));
#8430 = VECTOR('',#8431,1.);
#8431 = DIRECTION('',(0.,0.,1.));
#8432 = ORIENTED_EDGE('',*,*,#8433,.T.);
#8433 = EDGE_CURVE('',#8426,#7509,#8434,.T.);
#8434 = LINE('',#8435,#8436);
#8435 = CARTESIAN_POINT('',(85.,-192.,748.));
#8436 = VECTOR('',#8437,1.);
#8437 = DIRECTION('',(1.,0.,0.));
#8438 = ORIENTED_EDGE('',*,*,#7508,.F.);
#8439 = PLANE('',#8440);
#8440 = AXIS2_PLACEMENT_3D('',#8441,#8442,#8443);
#8441 = CARTESIAN_POINT('',(85.,-192.,740.));
#8442 = DIRECTION('',(0.,1.,0.));
#8443 = DIRECTION('',(0.,0.,1.));
#8444 = ADVANCED_FACE('',(#8445),#8456,.T.);
#8445 = FACE_BOUND('',#8446,.T.);
#8446 = EDGE_LOOP('',(#8447,#8448,#8454,#8455));
#8447 = ORIENTED_EDGE('',*,*,#8409,.F.);
#8448 = ORIENTED_EDGE('',*,*,#8449,.F.);
#8449 = EDGE_CURVE('',#8426,#8402,#8450,.T.);
#8450 = LINE('',#8451,#8452);
#8451 = CARTESIAN_POINT('',(85.,-192.,748.));
#8452 = VECTOR('',#8453,1.);
#8453 = DIRECTION('',(0.,1.,0.));
#8454 = ORIENTED_EDGE('',*,*,#8433,.T.);
#8455 = ORIENTED_EDGE('',*,*,#7516,.F.);
#8456 = PLANE('',#8457);
#8457 = AXIS2_PLACEMENT_3D('',#8458,#8459,#8460);
#8458 = CARTESIAN_POINT('',(85.,-192.,748.));
#8459 = DIRECTION('',(0.,0.,1.));
#8460 = DIRECTION('',(1.,0.,0.));
#8461 = ADVANCED_FACE('',(#8462),#8487,.F.);
#8462 = FACE_BOUND('',#8463,.F.);
#8463 = EDGE_LOOP('',(#8464,#8472,#8480,#8486));
#8464 = ORIENTED_EDGE('',*,*,#8465,.F.);
#8465 = EDGE_CURVE('',#8466,#7533,#8468,.T.);
#8466 = VERTEX_POINT('',#8467);
#8467 = CARTESIAN_POINT('',(85.,-178.,756.));
#8468 = LINE('',#8469,#8470);
#8469 = CARTESIAN_POINT('',(85.,-178.,756.));
#8470 = VECTOR('',#8471,1.);
#8471 = DIRECTION('',(1.,0.,0.));
#8472 = ORIENTED_EDGE('',*,*,#8473,.F.);
#8473 = EDGE_CURVE('',#8474,#8466,#8476,.T.);
#8474 = VERTEX_POINT('',#8475);
#8475 = CARTESIAN_POINT('',(85.,-192.,756.));
#8476 = LINE('',#8477,#8478);
#8477 = CARTESIAN_POINT('',(85.,-192.,756.));
#8478 = VECTOR('',#8479,1.);
#8479 = DIRECTION('',(0.,1.,0.));
#8480 = ORIENTED_EDGE('',*,*,#8481,.T.);
#8481 = EDGE_CURVE('',#8474,#7535,#8482,.T.);
#8482 = LINE('',#8483,#8484);
#8483 = CARTESIAN_POINT('',(85.,-192.,756.));
#8484 = VECTOR('',#8485,1.);
#8485 = DIRECTION('',(1.,0.,0.));
#8486 = ORIENTED_EDGE('',*,*,#7532,.F.);
#8487 = PLANE('',#8488);
#8488 = AXIS2_PLACEMENT_3D('',#8489,#8490,#8491);
#8489 = CARTESIAN_POINT('',(85.,-192.,756.));
#8490 = DIRECTION('',(0.,0.,1.));
#8491 = DIRECTION('',(1.,0.,0.));
#8492 = ADVANCED_FACE('',(#8493),#8511,.T.);
#8493 = FACE_BOUND('',#8494,.T.);
#8494 = EDGE_LOOP('',(#8495,#8496,#8504,#8510));
#8495 = ORIENTED_EDGE('',*,*,#8465,.F.);
#8496 = ORIENTED_EDGE('',*,*,#8497,.T.);
#8497 = EDGE_CURVE('',#8466,#8498,#8500,.T.);
#8498 = VERTEX_POINT('',#8499);
#8499 = CARTESIAN_POINT('',(85.,-178.,764.));
#8500 = LINE('',#8501,#8502);
#8501 = CARTESIAN_POINT('',(85.,-178.,756.));
#8502 = VECTOR('',#8503,1.);
#8503 = DIRECTION('',(0.,0.,1.));
#8504 = ORIENTED_EDGE('',*,*,#8505,.T.);
#8505 = EDGE_CURVE('',#8498,#7551,#8506,.T.);
#8506 = LINE('',#8507,#8508);
#8507 = CARTESIAN_POINT('',(85.,-178.,764.));
#8508 = VECTOR('',#8509,1.);
#8509 = DIRECTION('',(1.,0.,0.));
#8510 = ORIENTED_EDGE('',*,*,#7558,.F.);
#8511 = PLANE('',#8512);
#8512 = AXIS2_PLACEMENT_3D('',#8513,#8514,#8515);
#8513 = CARTESIAN_POINT('',(85.,-178.,756.));
#8514 = DIRECTION('',(0.,1.,0.));
#8515 = DIRECTION('',(0.,0.,1.));
#8516 = ADVANCED_FACE('',(#8517),#8535,.F.);
#8517 = FACE_BOUND('',#8518,.F.);
#8518 = EDGE_LOOP('',(#8519,#8520,#8528,#8534));
#8519 = ORIENTED_EDGE('',*,*,#8481,.F.);
#8520 = ORIENTED_EDGE('',*,*,#8521,.T.);
#8521 = EDGE_CURVE('',#8474,#8522,#8524,.T.);
#8522 = VERTEX_POINT('',#8523);
#8523 = CARTESIAN_POINT('',(85.,-192.,764.));
#8524 = LINE('',#8525,#8526);
#8525 = CARTESIAN_POINT('',(85.,-192.,756.));
#8526 = VECTOR('',#8527,1.);
#8527 = DIRECTION('',(0.,0.,1.));
#8528 = ORIENTED_EDGE('',*,*,#8529,.T.);
#8529 = EDGE_CURVE('',#8522,#7543,#8530,.T.);
#8530 = LINE('',#8531,#8532);
#8531 = CARTESIAN_POINT('',(85.,-192.,764.));
#8532 = VECTOR('',#8533,1.);
#8533 = DIRECTION('',(1.,0.,0.));
#8534 = ORIENTED_EDGE('',*,*,#7542,.F.);
#8535 = PLANE('',#8536);
#8536 = AXIS2_PLACEMENT_3D('',#8537,#8538,#8539);
#8537 = CARTESIAN_POINT('',(85.,-192.,756.));
#8538 = DIRECTION('',(0.,1.,0.));
#8539 = DIRECTION('',(0.,0.,1.));
#8540 = ADVANCED_FACE('',(#8541),#8552,.T.);
#8541 = FACE_BOUND('',#8542,.T.);
#8542 = EDGE_LOOP('',(#8543,#8544,#8550,#8551));
#8543 = ORIENTED_EDGE('',*,*,#8505,.F.);
#8544 = ORIENTED_EDGE('',*,*,#8545,.F.);
#8545 = EDGE_CURVE('',#8522,#8498,#8546,.T.);
#8546 = LINE('',#8547,#8548);
#8547 = CARTESIAN_POINT('',(85.,-192.,764.));
#8548 = VECTOR('',#8549,1.);
#8549 = DIRECTION('',(0.,1.,0.));
#8550 = ORIENTED_EDGE('',*,*,#8529,.T.);
#8551 = ORIENTED_EDGE('',*,*,#7550,.F.);
#8552 = PLANE('',#8553);
#8553 = AXIS2_PLACEMENT_3D('',#8554,#8555,#8556);
#8554 = CARTESIAN_POINT('',(85.,-192.,764.));
#8555 = DIRECTION('',(0.,0.,1.));
#8556 = DIRECTION('',(1.,0.,0.));
#8557 = ADVANCED_FACE('',(#8558),#8583,.F.);
#8558 = FACE_BOUND('',#8559,.F.);
#8559 = EDGE_LOOP('',(#8560,#8568,#8576,#8582));
#8560 = ORIENTED_EDGE('',*,*,#8561,.F.);
#8561 = EDGE_CURVE('',#8562,#7567,#8564,.T.);
#8562 = VERTEX_POINT('',#8563);
#8563 = CARTESIAN_POINT('',(85.,-178.,772.));
#8564 = LINE('',#8565,#8566);
#8565 = CARTESIAN_POINT('',(85.,-178.,772.));
#8566 = VECTOR('',#8567,1.);
#8567 = DIRECTION('',(1.,0.,0.));
#8568 = ORIENTED_EDGE('',*,*,#8569,.F.);
#8569 = EDGE_CURVE('',#8570,#8562,#8572,.T.);
#8570 = VERTEX_POINT('',#8571);
#8571 = CARTESIAN_POINT('',(85.,-192.,772.));
#8572 = LINE('',#8573,#8574);
#8573 = CARTESIAN_POINT('',(85.,-192.,772.));
#8574 = VECTOR('',#8575,1.);
#8575 = DIRECTION('',(0.,1.,0.));
#8576 = ORIENTED_EDGE('',*,*,#8577,.T.);
#8577 = EDGE_CURVE('',#8570,#7569,#8578,.T.);
#8578 = LINE('',#8579,#8580);
#8579 = CARTESIAN_POINT('',(85.,-192.,772.));
#8580 = VECTOR('',#8581,1.);
#8581 = DIRECTION('',(1.,0.,0.));
#8582 = ORIENTED_EDGE('',*,*,#7566,.F.);
#8583 = PLANE('',#8584);
#8584 = AXIS2_PLACEMENT_3D('',#8585,#8586,#8587);
#8585 = CARTESIAN_POINT('',(85.,-192.,772.));
#8586 = DIRECTION('',(0.,0.,1.));
#8587 = DIRECTION('',(1.,0.,0.));
#8588 = ADVANCED_FACE('',(#8589),#8607,.T.);
#8589 = FACE_BOUND('',#8590,.T.);
#8590 = EDGE_LOOP('',(#8591,#8592,#8600,#8606));
#8591 = ORIENTED_EDGE('',*,*,#8561,.F.);
#8592 = ORIENTED_EDGE('',*,*,#8593,.T.);
#8593 = EDGE_CURVE('',#8562,#8594,#8596,.T.);
#8594 = VERTEX_POINT('',#8595);
#8595 = CARTESIAN_POINT('',(85.,-178.,780.));
#8596 = LINE('',#8597,#8598);
#8597 = CARTESIAN_POINT('',(85.,-178.,772.));
#8598 = VECTOR('',#8599,1.);
#8599 = DIRECTION('',(0.,0.,1.));
#8600 = ORIENTED_EDGE('',*,*,#8601,.T.);
#8601 = EDGE_CURVE('',#8594,#7585,#8602,.T.);
#8602 = LINE('',#8603,#8604);
#8603 = CARTESIAN_POINT('',(85.,-178.,780.));
#8604 = VECTOR('',#8605,1.);
#8605 = DIRECTION('',(1.,0.,0.));
#8606 = ORIENTED_EDGE('',*,*,#7592,.F.);
#8607 = PLANE('',#8608);
#8608 = AXIS2_PLACEMENT_3D('',#8609,#8610,#8611);
#8609 = CARTESIAN_POINT('',(85.,-178.,772.));
#8610 = DIRECTION('',(0.,1.,0.));
#8611 = DIRECTION('',(0.,0.,1.));
#8612 = ADVANCED_FACE('',(#8613),#8631,.F.);
#8613 = FACE_BOUND('',#8614,.F.);
#8614 = EDGE_LOOP('',(#8615,#8616,#8624,#8630));
#8615 = ORIENTED_EDGE('',*,*,#8577,.F.);
#8616 = ORIENTED_EDGE('',*,*,#8617,.T.);
#8617 = EDGE_CURVE('',#8570,#8618,#8620,.T.);
#8618 = VERTEX_POINT('',#8619);
#8619 = CARTESIAN_POINT('',(85.,-192.,780.));
#8620 = LINE('',#8621,#8622);
#8621 = CARTESIAN_POINT('',(85.,-192.,772.));
#8622 = VECTOR('',#8623,1.);
#8623 = DIRECTION('',(0.,0.,1.));
#8624 = ORIENTED_EDGE('',*,*,#8625,.T.);
#8625 = EDGE_CURVE('',#8618,#7577,#8626,.T.);
#8626 = LINE('',#8627,#8628);
#8627 = CARTESIAN_POINT('',(85.,-192.,780.));
#8628 = VECTOR('',#8629,1.);
#8629 = DIRECTION('',(1.,0.,0.));
#8630 = ORIENTED_EDGE('',*,*,#7576,.F.);
#8631 = PLANE('',#8632);
#8632 = AXIS2_PLACEMENT_3D('',#8633,#8634,#8635);
#8633 = CARTESIAN_POINT('',(85.,-192.,772.));
#8634 = DIRECTION('',(0.,1.,0.));
#8635 = DIRECTION('',(0.,0.,1.));
#8636 = ADVANCED_FACE('',(#8637),#8648,.T.);
#8637 = FACE_BOUND('',#8638,.T.);
#8638 = EDGE_LOOP('',(#8639,#8640,#8646,#8647));
#8639 = ORIENTED_EDGE('',*,*,#8601,.F.);
#8640 = ORIENTED_EDGE('',*,*,#8641,.F.);
#8641 = EDGE_CURVE('',#8618,#8594,#8642,.T.);
#8642 = LINE('',#8643,#8644);
#8643 = CARTESIAN_POINT('',(85.,-192.,780.));
#8644 = VECTOR('',#8645,1.);
#8645 = DIRECTION('',(0.,1.,0.));
#8646 = ORIENTED_EDGE('',*,*,#8625,.T.);
#8647 = ORIENTED_EDGE('',*,*,#7584,.F.);
#8648 = PLANE('',#8649);
#8649 = AXIS2_PLACEMENT_3D('',#8650,#8651,#8652);
#8650 = CARTESIAN_POINT('',(85.,-192.,780.));
#8651 = DIRECTION('',(0.,0.,1.));
#8652 = DIRECTION('',(1.,0.,0.));
#8653 = ADVANCED_FACE('',(#8654),#8679,.F.);
#8654 = FACE_BOUND('',#8655,.F.);
#8655 = EDGE_LOOP('',(#8656,#8664,#8672,#8678));
#8656 = ORIENTED_EDGE('',*,*,#8657,.F.);
#8657 = EDGE_CURVE('',#8658,#7601,#8660,.T.);
#8658 = VERTEX_POINT('',#8659);
#8659 = CARTESIAN_POINT('',(85.,-178.,788.));
#8660 = LINE('',#8661,#8662);
#8661 = CARTESIAN_POINT('',(85.,-178.,788.));
#8662 = VECTOR('',#8663,1.);
#8663 = DIRECTION('',(1.,0.,0.));
#8664 = ORIENTED_EDGE('',*,*,#8665,.F.);
#8665 = EDGE_CURVE('',#8666,#8658,#8668,.T.);
#8666 = VERTEX_POINT('',#8667);
#8667 = CARTESIAN_POINT('',(85.,-192.,788.));
#8668 = LINE('',#8669,#8670);
#8669 = CARTESIAN_POINT('',(85.,-192.,788.));
#8670 = VECTOR('',#8671,1.);
#8671 = DIRECTION('',(0.,1.,0.));
#8672 = ORIENTED_EDGE('',*,*,#8673,.T.);
#8673 = EDGE_CURVE('',#8666,#7603,#8674,.T.);
#8674 = LINE('',#8675,#8676);
#8675 = CARTESIAN_POINT('',(85.,-192.,788.));
#8676 = VECTOR('',#8677,1.);
#8677 = DIRECTION('',(1.,0.,0.));
#8678 = ORIENTED_EDGE('',*,*,#7600,.F.);
#8679 = PLANE('',#8680);
#8680 = AXIS2_PLACEMENT_3D('',#8681,#8682,#8683);
#8681 = CARTESIAN_POINT('',(85.,-192.,788.));
#8682 = DIRECTION('',(0.,0.,1.));
#8683 = DIRECTION('',(1.,0.,0.));
#8684 = ADVANCED_FACE('',(#8685),#8703,.T.);
#8685 = FACE_BOUND('',#8686,.T.);
#8686 = EDGE_LOOP('',(#8687,#8688,#8696,#8702));
#8687 = ORIENTED_EDGE('',*,*,#8657,.F.);
#8688 = ORIENTED_EDGE('',*,*,#8689,.T.);
#8689 = EDGE_CURVE('',#8658,#8690,#8692,.T.);
#8690 = VERTEX_POINT('',#8691);
#8691 = CARTESIAN_POINT('',(85.,-178.,796.));
#8692 = LINE('',#8693,#8694);
#8693 = CARTESIAN_POINT('',(85.,-178.,788.));
#8694 = VECTOR('',#8695,1.);
#8695 = DIRECTION('',(0.,0.,1.));
#8696 = ORIENTED_EDGE('',*,*,#8697,.T.);
#8697 = EDGE_CURVE('',#8690,#7619,#8698,.T.);
#8698 = LINE('',#8699,#8700);
#8699 = CARTESIAN_POINT('',(85.,-178.,796.));
#8700 = VECTOR('',#8701,1.);
#8701 = DIRECTION('',(1.,0.,0.));
#8702 = ORIENTED_EDGE('',*,*,#7626,.F.);
#8703 = PLANE('',#8704);
#8704 = AXIS2_PLACEMENT_3D('',#8705,#8706,#8707);
#8705 = CARTESIAN_POINT('',(85.,-178.,788.));
#8706 = DIRECTION('',(0.,1.,0.));
#8707 = DIRECTION('',(0.,0.,1.));
#8708 = ADVANCED_FACE('',(#8709),#8727,.F.);
#8709 = FACE_BOUND('',#8710,.F.);
#8710 = EDGE_LOOP('',(#8711,#8712,#8720,#8726));
#8711 = ORIENTED_EDGE('',*,*,#8673,.F.);
#8712 = ORIENTED_EDGE('',*,*,#8713,.T.);
#8713 = EDGE_CURVE('',#8666,#8714,#8716,.T.);
#8714 = VERTEX_POINT('',#8715);
#8715 = CARTESIAN_POINT('',(85.,-192.,796.));
#8716 = LINE('',#8717,#8718);
#8717 = CARTESIAN_POINT('',(85.,-192.,788.));
#8718 = VECTOR('',#8719,1.);
#8719 = DIRECTION('',(0.,0.,1.));
#8720 = ORIENTED_EDGE('',*,*,#8721,.T.);
#8721 = EDGE_CURVE('',#8714,#7611,#8722,.T.);
#8722 = LINE('',#8723,#8724);
#8723 = CARTESIAN_POINT('',(85.,-192.,796.));
#8724 = VECTOR('',#8725,1.);
#8725 = DIRECTION('',(1.,0.,0.));
#8726 = ORIENTED_EDGE('',*,*,#7610,.F.);
#8727 = PLANE('',#8728);
#8728 = AXIS2_PLACEMENT_3D('',#8729,#8730,#8731);
#8729 = CARTESIAN_POINT('',(85.,-192.,788.));
#8730 = DIRECTION('',(0.,1.,0.));
#8731 = DIRECTION('',(0.,0.,1.));
#8732 = ADVANCED_FACE('',(#8733),#8744,.T.);
#8733 = FACE_BOUND('',#8734,.T.);
#8734 = EDGE_LOOP('',(#8735,#8736,#8742,#8743));
#8735 = ORIENTED_EDGE('',*,*,#8697,.F.);
#8736 = ORIENTED_EDGE('',*,*,#8737,.F.);
#8737 = EDGE_CURVE('',#8714,#8690,#8738,.T.);
#8738 = LINE('',#8739,#8740);
#8739 = CARTESIAN_POINT('',(85.,-192.,796.));
#8740 = VECTOR('',#8741,1.);
#8741 = DIRECTION('',(0.,1.,0.));
#8742 = ORIENTED_EDGE('',*,*,#8721,.T.);
#8743 = ORIENTED_EDGE('',*,*,#7618,.F.);
#8744 = PLANE('',#8745);
#8745 = AXIS2_PLACEMENT_3D('',#8746,#8747,#8748);
#8746 = CARTESIAN_POINT('',(85.,-192.,796.));
#8747 = DIRECTION('',(0.,0.,1.));
#8748 = DIRECTION('',(1.,0.,0.));
#8749 = ADVANCED_FACE('',(#8750),#8775,.F.);
#8750 = FACE_BOUND('',#8751,.F.);
#8751 = EDGE_LOOP('',(#8752,#8760,#8768,#8774));
#8752 = ORIENTED_EDGE('',*,*,#8753,.F.);
#8753 = EDGE_CURVE('',#8754,#7635,#8756,.T.);
#8754 = VERTEX_POINT('',#8755);
#8755 = CARTESIAN_POINT('',(85.,-178.,804.));
#8756 = LINE('',#8757,#8758);
#8757 = CARTESIAN_POINT('',(85.,-178.,804.));
#8758 = VECTOR('',#8759,1.);
#8759 = DIRECTION('',(1.,0.,0.));
#8760 = ORIENTED_EDGE('',*,*,#8761,.F.);
#8761 = EDGE_CURVE('',#8762,#8754,#8764,.T.);
#8762 = VERTEX_POINT('',#8763);
#8763 = CARTESIAN_POINT('',(85.,-192.,804.));
#8764 = LINE('',#8765,#8766);
#8765 = CARTESIAN_POINT('',(85.,-192.,804.));
#8766 = VECTOR('',#8767,1.);
#8767 = DIRECTION('',(0.,1.,0.));
#8768 = ORIENTED_EDGE('',*,*,#8769,.T.);
#8769 = EDGE_CURVE('',#8762,#7637,#8770,.T.);
#8770 = LINE('',#8771,#8772);
#8771 = CARTESIAN_POINT('',(85.,-192.,804.));
#8772 = VECTOR('',#8773,1.);
#8773 = DIRECTION('',(1.,0.,0.));
#8774 = ORIENTED_EDGE('',*,*,#7634,.F.);
#8775 = PLANE('',#8776);
#8776 = AXIS2_PLACEMENT_3D('',#8777,#8778,#8779);
#8777 = CARTESIAN_POINT('',(85.,-192.,804.));
#8778 = DIRECTION('',(0.,0.,1.));
#8779 = DIRECTION('',(1.,0.,0.));
#8780 = ADVANCED_FACE('',(#8781),#8799,.T.);
#8781 = FACE_BOUND('',#8782,.T.);
#8782 = EDGE_LOOP('',(#8783,#8784,#8792,#8798));
#8783 = ORIENTED_EDGE('',*,*,#8753,.F.);
#8784 = ORIENTED_EDGE('',*,*,#8785,.T.);
#8785 = EDGE_CURVE('',#8754,#8786,#8788,.T.);
#8786 = VERTEX_POINT('',#8787);
#8787 = CARTESIAN_POINT('',(85.,-178.,812.));
#8788 = LINE('',#8789,#8790);
#8789 = CARTESIAN_POINT('',(85.,-178.,804.));
#8790 = VECTOR('',#8791,1.);
#8791 = DIRECTION('',(0.,0.,1.));
#8792 = ORIENTED_EDGE('',*,*,#8793,.T.);
#8793 = EDGE_CURVE('',#8786,#7653,#8794,.T.);
#8794 = LINE('',#8795,#8796);
#8795 = CARTESIAN_POINT('',(85.,-178.,812.));
#8796 = VECTOR('',#8797,1.);
#8797 = DIRECTION('',(1.,0.,0.));
#8798 = ORIENTED_EDGE('',*,*,#7660,.F.);
#8799 = PLANE('',#8800);
#8800 = AXIS2_PLACEMENT_3D('',#8801,#8802,#8803);
#8801 = CARTESIAN_POINT('',(85.,-178.,804.));
#8802 = DIRECTION('',(0.,1.,0.));
#8803 = DIRECTION('',(0.,0.,1.));
#8804 = ADVANCED_FACE('',(#8805),#8823,.F.);
#8805 = FACE_BOUND('',#8806,.F.);
#8806 = EDGE_LOOP('',(#8807,#8808,#8816,#8822));
#8807 = ORIENTED_EDGE('',*,*,#8769,.F.);
#8808 = ORIENTED_EDGE('',*,*,#8809,.T.);
#8809 = EDGE_CURVE('',#8762,#8810,#8812,.T.);
#8810 = VERTEX_POINT('',#8811);
#8811 = CARTESIAN_POINT('',(85.,-192.,812.));
#8812 = LINE('',#8813,#8814);
#8813 = CARTESIAN_POINT('',(85.,-192.,804.));
#8814 = VECTOR('',#8815,1.);
#8815 = DIRECTION('',(0.,0.,1.));
#8816 = ORIENTED_EDGE('',*,*,#8817,.T.);
#8817 = EDGE_CURVE('',#8810,#7645,#8818,.T.);
#8818 = LINE('',#8819,#8820);
#8819 = CARTESIAN_POINT('',(85.,-192.,812.));
#8820 = VECTOR('',#8821,1.);
#8821 = DIRECTION('',(1.,0.,0.));
#8822 = ORIENTED_EDGE('',*,*,#7644,.F.);
#8823 = PLANE('',#8824);
#8824 = AXIS2_PLACEMENT_3D('',#8825,#8826,#8827);
#8825 = CARTESIAN_POINT('',(85.,-192.,804.));
#8826 = DIRECTION('',(0.,1.,0.));
#8827 = DIRECTION('',(0.,0.,1.));
#8828 = ADVANCED_FACE('',(#8829),#8840,.T.);
#8829 = FACE_BOUND('',#8830,.T.);
#8830 = EDGE_LOOP('',(#8831,#8832,#8838,#8839));
#8831 = ORIENTED_EDGE('',*,*,#8793,.F.);
#8832 = ORIENTED_EDGE('',*,*,#8833,.F.);
#8833 = EDGE_CURVE('',#8810,#8786,#8834,.T.);
#8834 = LINE('',#8835,#8836);
#8835 = CARTESIAN_POINT('',(85.,-192.,812.));
#8836 = VECTOR('',#8837,1.);
#8837 = DIRECTION('',(0.,1.,0.));
#8838 = ORIENTED_EDGE('',*,*,#8817,.T.);
#8839 = ORIENTED_EDGE('',*,*,#7652,.F.);
#8840 = PLANE('',#8841);
#8841 = AXIS2_PLACEMENT_3D('',#8842,#8843,#8844);
#8842 = CARTESIAN_POINT('',(85.,-192.,812.));
#8843 = DIRECTION('',(0.,0.,1.));
#8844 = DIRECTION('',(1.,0.,0.));
#8845 = ADVANCED_FACE('',(#8846),#8871,.F.);
#8846 = FACE_BOUND('',#8847,.F.);
#8847 = EDGE_LOOP('',(#8848,#8856,#8864,#8870));
#8848 = ORIENTED_EDGE('',*,*,#8849,.F.);
#8849 = EDGE_CURVE('',#8850,#7669,#8852,.T.);
#8850 = VERTEX_POINT('',#8851);
#8851 = CARTESIAN_POINT('',(85.,-178.,820.));
#8852 = LINE('',#8853,#8854);
#8853 = CARTESIAN_POINT('',(85.,-178.,820.));
#8854 = VECTOR('',#8855,1.);
#8855 = DIRECTION('',(1.,0.,0.));
#8856 = ORIENTED_EDGE('',*,*,#8857,.F.);
#8857 = EDGE_CURVE('',#8858,#8850,#8860,.T.);
#8858 = VERTEX_POINT('',#8859);
#8859 = CARTESIAN_POINT('',(85.,-192.,820.));
#8860 = LINE('',#8861,#8862);
#8861 = CARTESIAN_POINT('',(85.,-192.,820.));
#8862 = VECTOR('',#8863,1.);
#8863 = DIRECTION('',(0.,1.,0.));
#8864 = ORIENTED_EDGE('',*,*,#8865,.T.);
#8865 = EDGE_CURVE('',#8858,#7671,#8866,.T.);
#8866 = LINE('',#8867,#8868);
#8867 = CARTESIAN_POINT('',(85.,-192.,820.));
#8868 = VECTOR('',#8869,1.);
#8869 = DIRECTION('',(1.,0.,0.));
#8870 = ORIENTED_EDGE('',*,*,#7668,.F.);
#8871 = PLANE('',#8872);
#8872 = AXIS2_PLACEMENT_3D('',#8873,#8874,#8875);
#8873 = CARTESIAN_POINT('',(85.,-192.,820.));
#8874 = DIRECTION('',(0.,0.,1.));
#8875 = DIRECTION('',(1.,0.,0.));
#8876 = ADVANCED_FACE('',(#8877),#8895,.T.);
#8877 = FACE_BOUND('',#8878,.T.);
#8878 = EDGE_LOOP('',(#8879,#8880,#8888,#8894));
#8879 = ORIENTED_EDGE('',*,*,#8849,.F.);
#8880 = ORIENTED_EDGE('',*,*,#8881,.T.);
#8881 = EDGE_CURVE('',#8850,#8882,#8884,.T.);
#8882 = VERTEX_POINT('',#8883);
#8883 = CARTESIAN_POINT('',(85.,-178.,828.));
#8884 = LINE('',#8885,#8886);
#8885 = CARTESIAN_POINT('',(85.,-178.,820.));
#8886 = VECTOR('',#8887,1.);
#8887 = DIRECTION('',(0.,0.,1.));
#8888 = ORIENTED_EDGE('',*,*,#8889,.T.);
#8889 = EDGE_CURVE('',#8882,#7687,#8890,.T.);
#8890 = LINE('',#8891,#8892);
#8891 = CARTESIAN_POINT('',(85.,-178.,828.));
#8892 = VECTOR('',#8893,1.);
#8893 = DIRECTION('',(1.,0.,0.));
#8894 = ORIENTED_EDGE('',*,*,#7694,.F.);
#8895 = PLANE('',#8896);
#8896 = AXIS2_PLACEMENT_3D('',#8897,#8898,#8899);
#8897 = CARTESIAN_POINT('',(85.,-178.,820.));
#8898 = DIRECTION('',(0.,1.,0.));
#8899 = DIRECTION('',(0.,0.,1.));
#8900 = ADVANCED_FACE('',(#8901),#8919,.F.);
#8901 = FACE_BOUND('',#8902,.F.);
#8902 = EDGE_LOOP('',(#8903,#8904,#8912,#8918));
#8903 = ORIENTED_EDGE('',*,*,#8865,.F.);
#8904 = ORIENTED_EDGE('',*,*,#8905,.T.);
#8905 = EDGE_CURVE('',#8858,#8906,#8908,.T.);
#8906 = VERTEX_POINT('',#8907);
#8907 = CARTESIAN_POINT('',(85.,-192.,828.));
#8908 = LINE('',#8909,#8910);
#8909 = CARTESIAN_POINT('',(85.,-192.,820.));
#8910 = VECTOR('',#8911,1.);
#8911 = DIRECTION('',(0.,0.,1.));
#8912 = ORIENTED_EDGE('',*,*,#8913,.T.);
#8913 = EDGE_CURVE('',#8906,#7679,#8914,.T.);
#8914 = LINE('',#8915,#8916);
#8915 = CARTESIAN_POINT('',(85.,-192.,828.));
#8916 = VECTOR('',#8917,1.);
#8917 = DIRECTION('',(1.,0.,0.));
#8918 = ORIENTED_EDGE('',*,*,#7678,.F.);
#8919 = PLANE('',#8920);
#8920 = AXIS2_PLACEMENT_3D('',#8921,#8922,#8923);
#8921 = CARTESIAN_POINT('',(85.,-192.,820.));
#8922 = DIRECTION('',(0.,1.,0.));
#8923 = DIRECTION('',(0.,0.,1.));
#8924 = ADVANCED_FACE('',(#8925),#8936,.T.);
#8925 = FACE_BOUND('',#8926,.T.);
#8926 = EDGE_LOOP('',(#8927,#8928,#8934,#8935));
#8927 = ORIENTED_EDGE('',*,*,#8889,.F.);
#8928 = ORIENTED_EDGE('',*,*,#8929,.F.);
#8929 = EDGE_CURVE('',#8906,#8882,#8930,.T.);
#8930 = LINE('',#8931,#8932);
#8931 = CARTESIAN_POINT('',(85.,-192.,828.));
#8932 = VECTOR('',#8933,1.);
#8933 = DIRECTION('',(0.,1.,0.));
#8934 = ORIENTED_EDGE('',*,*,#8913,.T.);
#8935 = ORIENTED_EDGE('',*,*,#7686,.F.);
#8936 = PLANE('',#8937);
#8937 = AXIS2_PLACEMENT_3D('',#8938,#8939,#8940);
#8938 = CARTESIAN_POINT('',(85.,-192.,828.));
#8939 = DIRECTION('',(0.,0.,1.));
#8940 = DIRECTION('',(1.,0.,0.));
#8941 = ADVANCED_FACE('',(#8942),#8967,.F.);
#8942 = FACE_BOUND('',#8943,.F.);
#8943 = EDGE_LOOP('',(#8944,#8952,#8960,#8966));
#8944 = ORIENTED_EDGE('',*,*,#8945,.F.);
#8945 = EDGE_CURVE('',#8946,#7703,#8948,.T.);
#8946 = VERTEX_POINT('',#8947);
#8947 = CARTESIAN_POINT('',(85.,-178.,836.));
#8948 = LINE('',#8949,#8950);
#8949 = CARTESIAN_POINT('',(85.,-178.,836.));
#8950 = VECTOR('',#8951,1.);
#8951 = DIRECTION('',(1.,0.,0.));
#8952 = ORIENTED_EDGE('',*,*,#8953,.F.);
#8953 = EDGE_CURVE('',#8954,#8946,#8956,.T.);
#8954 = VERTEX_POINT('',#8955);
#8955 = CARTESIAN_POINT('',(85.,-192.,836.));
#8956 = LINE('',#8957,#8958);
#8957 = CARTESIAN_POINT('',(85.,-192.,836.));
#8958 = VECTOR('',#8959,1.);
#8959 = DIRECTION('',(0.,1.,0.));
#8960 = ORIENTED_EDGE('',*,*,#8961,.T.);
#8961 = EDGE_CURVE('',#8954,#7705,#8962,.T.);
#8962 = LINE('',#8963,#8964);
#8963 = CARTESIAN_POINT('',(85.,-192.,836.));
#8964 = VECTOR('',#8965,1.);
#8965 = DIRECTION('',(1.,0.,0.));
#8966 = ORIENTED_EDGE('',*,*,#7702,.F.);
#8967 = PLANE('',#8968);
#8968 = AXIS2_PLACEMENT_3D('',#8969,#8970,#8971);
#8969 = CARTESIAN_POINT('',(85.,-192.,836.));
#8970 = DIRECTION('',(0.,0.,1.));
#8971 = DIRECTION('',(1.,0.,0.));
#8972 = ADVANCED_FACE('',(#8973),#8991,.T.);
#8973 = FACE_BOUND('',#8974,.T.);
#8974 = EDGE_LOOP('',(#8975,#8976,#8984,#8990));
#8975 = ORIENTED_EDGE('',*,*,#8945,.F.);
#8976 = ORIENTED_EDGE('',*,*,#8977,.T.);
#8977 = EDGE_CURVE('',#8946,#8978,#8980,.T.);
#8978 = VERTEX_POINT('',#8979);
#8979 = CARTESIAN_POINT('',(85.,-178.,844.));
#8980 = LINE('',#8981,#8982);
#8981 = CARTESIAN_POINT('',(85.,-178.,836.));
#8982 = VECTOR('',#8983,1.);
#8983 = DIRECTION('',(0.,0.,1.));
#8984 = ORIENTED_EDGE('',*,*,#8985,.T.);
#8985 = EDGE_CURVE('',#8978,#7721,#8986,.T.);
#8986 = LINE('',#8987,#8988);
#8987 = CARTESIAN_POINT('',(85.,-178.,844.));
#8988 = VECTOR('',#8989,1.);
#8989 = DIRECTION('',(1.,0.,0.));
#8990 = ORIENTED_EDGE('',*,*,#7728,.F.);
#8991 = PLANE('',#8992);
#8992 = AXIS2_PLACEMENT_3D('',#8993,#8994,#8995);
#8993 = CARTESIAN_POINT('',(85.,-178.,836.));
#8994 = DIRECTION('',(0.,1.,0.));
#8995 = DIRECTION('',(0.,0.,1.));
#8996 = ADVANCED_FACE('',(#8997),#9015,.F.);
#8997 = FACE_BOUND('',#8998,.F.);
#8998 = EDGE_LOOP('',(#8999,#9000,#9008,#9014));
#8999 = ORIENTED_EDGE('',*,*,#8961,.F.);
#9000 = ORIENTED_EDGE('',*,*,#9001,.T.);
#9001 = EDGE_CURVE('',#8954,#9002,#9004,.T.);
#9002 = VERTEX_POINT('',#9003);
#9003 = CARTESIAN_POINT('',(85.,-192.,844.));
#9004 = LINE('',#9005,#9006);
#9005 = CARTESIAN_POINT('',(85.,-192.,836.));
#9006 = VECTOR('',#9007,1.);
#9007 = DIRECTION('',(0.,0.,1.));
#9008 = ORIENTED_EDGE('',*,*,#9009,.T.);
#9009 = EDGE_CURVE('',#9002,#7713,#9010,.T.);
#9010 = LINE('',#9011,#9012);
#9011 = CARTESIAN_POINT('',(85.,-192.,844.));
#9012 = VECTOR('',#9013,1.);
#9013 = DIRECTION('',(1.,0.,0.));
#9014 = ORIENTED_EDGE('',*,*,#7712,.F.);
#9015 = PLANE('',#9016);
#9016 = AXIS2_PLACEMENT_3D('',#9017,#9018,#9019);
#9017 = CARTESIAN_POINT('',(85.,-192.,836.));
#9018 = DIRECTION('',(0.,1.,0.));
#9019 = DIRECTION('',(0.,0.,1.));
#9020 = ADVANCED_FACE('',(#9021),#9032,.T.);
#9021 = FACE_BOUND('',#9022,.T.);
#9022 = EDGE_LOOP('',(#9023,#9024,#9030,#9031));
#9023 = ORIENTED_EDGE('',*,*,#8985,.F.);
#9024 = ORIENTED_EDGE('',*,*,#9025,.F.);
#9025 = EDGE_CURVE('',#9002,#8978,#9026,.T.);
#9026 = LINE('',#9027,#9028);
#9027 = CARTESIAN_POINT('',(85.,-192.,844.));
#9028 = VECTOR('',#9029,1.);
#9029 = DIRECTION('',(0.,1.,0.));
#9030 = ORIENTED_EDGE('',*,*,#9009,.T.);
#9031 = ORIENTED_EDGE('',*,*,#7720,.F.);
#9032 = PLANE('',#9033);
#9033 = AXIS2_PLACEMENT_3D('',#9034,#9035,#9036);
#9034 = CARTESIAN_POINT('',(85.,-192.,844.));
#9035 = DIRECTION('',(0.,0.,1.));
#9036 = DIRECTION('',(1.,0.,0.));
#9037 = ADVANCED_FACE('',(#9038),#9063,.F.);
#9038 = FACE_BOUND('',#9039,.F.);
#9039 = EDGE_LOOP('',(#9040,#9048,#9056,#9062));
#9040 = ORIENTED_EDGE('',*,*,#9041,.F.);
#9041 = EDGE_CURVE('',#9042,#7737,#9044,.T.);
#9042 = VERTEX_POINT('',#9043);
#9043 = CARTESIAN_POINT('',(85.,-178.,852.));
#9044 = LINE('',#9045,#9046);
#9045 = CARTESIAN_POINT('',(85.,-178.,852.));
#9046 = VECTOR('',#9047,1.);
#9047 = DIRECTION('',(1.,0.,0.));
#9048 = ORIENTED_EDGE('',*,*,#9049,.F.);
#9049 = EDGE_CURVE('',#9050,#9042,#9052,.T.);
#9050 = VERTEX_POINT('',#9051);
#9051 = CARTESIAN_POINT('',(85.,-192.,852.));
#9052 = LINE('',#9053,#9054);
#9053 = CARTESIAN_POINT('',(85.,-192.,852.));
#9054 = VECTOR('',#9055,1.);
#9055 = DIRECTION('',(0.,1.,0.));
#9056 = ORIENTED_EDGE('',*,*,#9057,.T.);
#9057 = EDGE_CURVE('',#9050,#7739,#9058,.T.);
#9058 = LINE('',#9059,#9060);
#9059 = CARTESIAN_POINT('',(85.,-192.,852.));
#9060 = VECTOR('',#9061,1.);
#9061 = DIRECTION('',(1.,0.,0.));
#9062 = ORIENTED_EDGE('',*,*,#7736,.F.);
#9063 = PLANE('',#9064);
#9064 = AXIS2_PLACEMENT_3D('',#9065,#9066,#9067);
#9065 = CARTESIAN_POINT('',(85.,-192.,852.));
#9066 = DIRECTION('',(0.,0.,1.));
#9067 = DIRECTION('',(1.,0.,0.));
#9068 = ADVANCED_FACE('',(#9069),#9087,.T.);
#9069 = FACE_BOUND('',#9070,.T.);
#9070 = EDGE_LOOP('',(#9071,#9072,#9080,#9086));
#9071 = ORIENTED_EDGE('',*,*,#9041,.F.);
#9072 = ORIENTED_EDGE('',*,*,#9073,.T.);
#9073 = EDGE_CURVE('',#9042,#9074,#9076,.T.);
#9074 = VERTEX_POINT('',#9075);
#9075 = CARTESIAN_POINT('',(85.,-178.,860.));
#9076 = LINE('',#9077,#9078);
#9077 = CARTESIAN_POINT('',(85.,-178.,852.));
#9078 = VECTOR('',#9079,1.);
#9079 = DIRECTION('',(0.,0.,1.));
#9080 = ORIENTED_EDGE('',*,*,#9081,.T.);
#9081 = EDGE_CURVE('',#9074,#7755,#9082,.T.);
#9082 = LINE('',#9083,#9084);
#9083 = CARTESIAN_POINT('',(85.,-178.,860.));
#9084 = VECTOR('',#9085,1.);
#9085 = DIRECTION('',(1.,0.,0.));
#9086 = ORIENTED_EDGE('',*,*,#7762,.F.);
#9087 = PLANE('',#9088);
#9088 = AXIS2_PLACEMENT_3D('',#9089,#9090,#9091);
#9089 = CARTESIAN_POINT('',(85.,-178.,852.));
#9090 = DIRECTION('',(0.,1.,0.));
#9091 = DIRECTION('',(0.,0.,1.));
#9092 = ADVANCED_FACE('',(#9093),#9111,.F.);
#9093 = FACE_BOUND('',#9094,.F.);
#9094 = EDGE_LOOP('',(#9095,#9096,#9104,#9110));
#9095 = ORIENTED_EDGE('',*,*,#9057,.F.);
#9096 = ORIENTED_EDGE('',*,*,#9097,.T.);
#9097 = EDGE_CURVE('',#9050,#9098,#9100,.T.);
#9098 = VERTEX_POINT('',#9099);
#9099 = CARTESIAN_POINT('',(85.,-192.,860.));
#9100 = LINE('',#9101,#9102);
#9101 = CARTESIAN_POINT('',(85.,-192.,852.));
#9102 = VECTOR('',#9103,1.);
#9103 = DIRECTION('',(0.,0.,1.));
#9104 = ORIENTED_EDGE('',*,*,#9105,.T.);
#9105 = EDGE_CURVE('',#9098,#7747,#9106,.T.);
#9106 = LINE('',#9107,#9108);
#9107 = CARTESIAN_POINT('',(85.,-192.,860.));
#9108 = VECTOR('',#9109,1.);
#9109 = DIRECTION('',(1.,0.,0.));
#9110 = ORIENTED_EDGE('',*,*,#7746,.F.);
#9111 = PLANE('',#9112);
#9112 = AXIS2_PLACEMENT_3D('',#9113,#9114,#9115);
#9113 = CARTESIAN_POINT('',(85.,-192.,852.));
#9114 = DIRECTION('',(0.,1.,0.));
#9115 = DIRECTION('',(0.,0.,1.));
#9116 = ADVANCED_FACE('',(#9117),#9128,.T.);
#9117 = FACE_BOUND('',#9118,.T.);
#9118 = EDGE_LOOP('',(#9119,#9120,#9126,#9127));
#9119 = ORIENTED_EDGE('',*,*,#9081,.F.);
#9120 = ORIENTED_EDGE('',*,*,#9121,.F.);
#9121 = EDGE_CURVE('',#9098,#9074,#9122,.T.);
#9122 = LINE('',#9123,#9124);
#9123 = CARTESIAN_POINT('',(85.,-192.,860.));
#9124 = VECTOR('',#9125,1.);
#9125 = DIRECTION('',(0.,1.,0.));
#9126 = ORIENTED_EDGE('',*,*,#9105,.T.);
#9127 = ORIENTED_EDGE('',*,*,#7754,.F.);
#9128 = PLANE('',#9129);
#9129 = AXIS2_PLACEMENT_3D('',#9130,#9131,#9132);
#9130 = CARTESIAN_POINT('',(85.,-192.,860.));
#9131 = DIRECTION('',(0.,0.,1.));
#9132 = DIRECTION('',(1.,0.,0.));
#9133 = ADVANCED_FACE('',(#9134),#9159,.F.);
#9134 = FACE_BOUND('',#9135,.F.);
#9135 = EDGE_LOOP('',(#9136,#9144,#9152,#9158));
#9136 = ORIENTED_EDGE('',*,*,#9137,.F.);
#9137 = EDGE_CURVE('',#9138,#7771,#9140,.T.);
#9138 = VERTEX_POINT('',#9139);
#9139 = CARTESIAN_POINT('',(85.,-178.,868.));
#9140 = LINE('',#9141,#9142);
#9141 = CARTESIAN_POINT('',(85.,-178.,868.));
#9142 = VECTOR('',#9143,1.);
#9143 = DIRECTION('',(1.,0.,0.));
#9144 = ORIENTED_EDGE('',*,*,#9145,.F.);
#9145 = EDGE_CURVE('',#9146,#9138,#9148,.T.);
#9146 = VERTEX_POINT('',#9147);
#9147 = CARTESIAN_POINT('',(85.,-192.,868.));
#9148 = LINE('',#9149,#9150);
#9149 = CARTESIAN_POINT('',(85.,-192.,868.));
#9150 = VECTOR('',#9151,1.);
#9151 = DIRECTION('',(0.,1.,0.));
#9152 = ORIENTED_EDGE('',*,*,#9153,.T.);
#9153 = EDGE_CURVE('',#9146,#7773,#9154,.T.);
#9154 = LINE('',#9155,#9156);
#9155 = CARTESIAN_POINT('',(85.,-192.,868.));
#9156 = VECTOR('',#9157,1.);
#9157 = DIRECTION('',(1.,0.,0.));
#9158 = ORIENTED_EDGE('',*,*,#7770,.F.);
#9159 = PLANE('',#9160);
#9160 = AXIS2_PLACEMENT_3D('',#9161,#9162,#9163);
#9161 = CARTESIAN_POINT('',(85.,-192.,868.));
#9162 = DIRECTION('',(0.,0.,1.));
#9163 = DIRECTION('',(1.,0.,0.));
#9164 = ADVANCED_FACE('',(#9165),#9183,.T.);
#9165 = FACE_BOUND('',#9166,.T.);
#9166 = EDGE_LOOP('',(#9167,#9168,#9176,#9182));
#9167 = ORIENTED_EDGE('',*,*,#9137,.F.);
#9168 = ORIENTED_EDGE('',*,*,#9169,.T.);
#9169 = EDGE_CURVE('',#9138,#9170,#9172,.T.);
#9170 = VERTEX_POINT('',#9171);
#9171 = CARTESIAN_POINT('',(85.,-178.,876.));
#9172 = LINE('',#9173,#9174);
#9173 = CARTESIAN_POINT('',(85.,-178.,868.));
#9174 = VECTOR('',#9175,1.);
#9175 = DIRECTION('',(0.,0.,1.));
#9176 = ORIENTED_EDGE('',*,*,#9177,.T.);
#9177 = EDGE_CURVE('',#9170,#7789,#9178,.T.);
#9178 = LINE('',#9179,#9180);
#9179 = CARTESIAN_POINT('',(85.,-178.,876.));
#9180 = VECTOR('',#9181,1.);
#9181 = DIRECTION('',(1.,0.,0.));
#9182 = ORIENTED_EDGE('',*,*,#7796,.F.);
#9183 = PLANE('',#9184);
#9184 = AXIS2_PLACEMENT_3D('',#9185,#9186,#9187);
#9185 = CARTESIAN_POINT('',(85.,-178.,868.));
#9186 = DIRECTION('',(0.,1.,0.));
#9187 = DIRECTION('',(0.,0.,1.));
#9188 = ADVANCED_FACE('',(#9189),#9207,.F.);
#9189 = FACE_BOUND('',#9190,.F.);
#9190 = EDGE_LOOP('',(#9191,#9192,#9200,#9206));
#9191 = ORIENTED_EDGE('',*,*,#9153,.F.);
#9192 = ORIENTED_EDGE('',*,*,#9193,.T.);
#9193 = EDGE_CURVE('',#9146,#9194,#9196,.T.);
#9194 = VERTEX_POINT('',#9195);
#9195 = CARTESIAN_POINT('',(85.,-192.,876.));
#9196 = LINE('',#9197,#9198);
#9197 = CARTESIAN_POINT('',(85.,-192.,868.));
#9198 = VECTOR('',#9199,1.);
#9199 = DIRECTION('',(0.,0.,1.));
#9200 = ORIENTED_EDGE('',*,*,#9201,.T.);
#9201 = EDGE_CURVE('',#9194,#7781,#9202,.T.);
#9202 = LINE('',#9203,#9204);
#9203 = CARTESIAN_POINT('',(85.,-192.,876.));
#9204 = VECTOR('',#9205,1.);
#9205 = DIRECTION('',(1.,0.,0.));
#9206 = ORIENTED_EDGE('',*,*,#7780,.F.);
#9207 = PLANE('',#9208);
#9208 = AXIS2_PLACEMENT_3D('',#9209,#9210,#9211);
#9209 = CARTESIAN_POINT('',(85.,-192.,868.));
#9210 = DIRECTION('',(0.,1.,0.));
#9211 = DIRECTION('',(0.,0.,1.));
#9212 = ADVANCED_FACE('',(#9213),#9224,.T.);
#9213 = FACE_BOUND('',#9214,.T.);
#9214 = EDGE_LOOP('',(#9215,#9216,#9222,#9223));
#9215 = ORIENTED_EDGE('',*,*,#9177,.F.);
#9216 = ORIENTED_EDGE('',*,*,#9217,.F.);
#9217 = EDGE_CURVE('',#9194,#9170,#9218,.T.);
#9218 = LINE('',#9219,#9220);
#9219 = CARTESIAN_POINT('',(85.,-192.,876.));
#9220 = VECTOR('',#9221,1.);
#9221 = DIRECTION('',(0.,1.,0.));
#9222 = ORIENTED_EDGE('',*,*,#9201,.T.);
#9223 = ORIENTED_EDGE('',*,*,#7788,.F.);
#9224 = PLANE('',#9225);
#9225 = AXIS2_PLACEMENT_3D('',#9226,#9227,#9228);
#9226 = CARTESIAN_POINT('',(85.,-192.,876.));
#9227 = DIRECTION('',(0.,0.,1.));
#9228 = DIRECTION('',(1.,0.,0.));
#9229 = ADVANCED_FACE('',(#9230),#9255,.F.);
#9230 = FACE_BOUND('',#9231,.F.);
#9231 = EDGE_LOOP('',(#9232,#9240,#9248,#9254));
#9232 = ORIENTED_EDGE('',*,*,#9233,.F.);
#9233 = EDGE_CURVE('',#9234,#7805,#9236,.T.);
#9234 = VERTEX_POINT('',#9235);
#9235 = CARTESIAN_POINT('',(85.,-178.,884.));
#9236 = LINE('',#9237,#9238);
#9237 = CARTESIAN_POINT('',(85.,-178.,884.));
#9238 = VECTOR('',#9239,1.);
#9239 = DIRECTION('',(1.,0.,0.));
#9240 = ORIENTED_EDGE('',*,*,#9241,.F.);
#9241 = EDGE_CURVE('',#9242,#9234,#9244,.T.);
#9242 = VERTEX_POINT('',#9243);
#9243 = CARTESIAN_POINT('',(85.,-192.,884.));
#9244 = LINE('',#9245,#9246);
#9245 = CARTESIAN_POINT('',(85.,-192.,884.));
#9246 = VECTOR('',#9247,1.);
#9247 = DIRECTION('',(0.,1.,0.));
#9248 = ORIENTED_EDGE('',*,*,#9249,.T.);
#9249 = EDGE_CURVE('',#9242,#7807,#9250,.T.);
#9250 = LINE('',#9251,#9252);
#9251 = CARTESIAN_POINT('',(85.,-192.,884.));
#9252 = VECTOR('',#9253,1.);
#9253 = DIRECTION('',(1.,0.,0.));
#9254 = ORIENTED_EDGE('',*,*,#7804,.F.);
#9255 = PLANE('',#9256);
#9256 = AXIS2_PLACEMENT_3D('',#9257,#9258,#9259);
#9257 = CARTESIAN_POINT('',(85.,-192.,884.));
#9258 = DIRECTION('',(0.,0.,1.));
#9259 = DIRECTION('',(1.,0.,0.));
#9260 = ADVANCED_FACE('',(#9261),#9279,.T.);
#9261 = FACE_BOUND('',#9262,.T.);
#9262 = EDGE_LOOP('',(#9263,#9264,#9272,#9278));
#9263 = ORIENTED_EDGE('',*,*,#9233,.F.);
#9264 = ORIENTED_EDGE('',*,*,#9265,.T.);
#9265 = EDGE_CURVE('',#9234,#9266,#9268,.T.);
#9266 = VERTEX_POINT('',#9267);
#9267 = CARTESIAN_POINT('',(85.,-178.,892.));
#9268 = LINE('',#9269,#9270);
#9269 = CARTESIAN_POINT('',(85.,-178.,884.));
#9270 = VECTOR('',#9271,1.);
#9271 = DIRECTION('',(0.,0.,1.));
#9272 = ORIENTED_EDGE('',*,*,#9273,.T.);
#9273 = EDGE_CURVE('',#9266,#7823,#9274,.T.);
#9274 = LINE('',#9275,#9276);
#9275 = CARTESIAN_POINT('',(85.,-178.,892.));
#9276 = VECTOR('',#9277,1.);
#9277 = DIRECTION('',(1.,0.,0.));
#9278 = ORIENTED_EDGE('',*,*,#7830,.F.);
#9279 = PLANE('',#9280);
#9280 = AXIS2_PLACEMENT_3D('',#9281,#9282,#9283);
#9281 = CARTESIAN_POINT('',(85.,-178.,884.));
#9282 = DIRECTION('',(0.,1.,0.));
#9283 = DIRECTION('',(0.,0.,1.));
#9284 = ADVANCED_FACE('',(#9285),#9303,.T.);
#9285 = FACE_BOUND('',#9286,.T.);
#9286 = EDGE_LOOP('',(#9287,#9288,#9296,#9302));
#9287 = ORIENTED_EDGE('',*,*,#9273,.F.);
#9288 = ORIENTED_EDGE('',*,*,#9289,.F.);
#9289 = EDGE_CURVE('',#9290,#9266,#9292,.T.);
#9290 = VERTEX_POINT('',#9291);
#9291 = CARTESIAN_POINT('',(85.,-192.,892.));
#9292 = LINE('',#9293,#9294);
#9293 = CARTESIAN_POINT('',(85.,-192.,892.));
#9294 = VECTOR('',#9295,1.);
#9295 = DIRECTION('',(0.,1.,0.));
#9296 = ORIENTED_EDGE('',*,*,#9297,.T.);
#9297 = EDGE_CURVE('',#9290,#7815,#9298,.T.);
#9298 = LINE('',#9299,#9300);
#9299 = CARTESIAN_POINT('',(85.,-192.,892.));
#9300 = VECTOR('',#9301,1.);
#9301 = DIRECTION('',(1.,0.,0.));
#9302 = ORIENTED_EDGE('',*,*,#7822,.F.);
#9303 = PLANE('',#9304);
#9304 = AXIS2_PLACEMENT_3D('',#9305,#9306,#9307);
#9305 = CARTESIAN_POINT('',(85.,-192.,892.));
#9306 = DIRECTION('',(0.,0.,1.));
#9307 = DIRECTION('',(1.,0.,0.));
#9308 = ADVANCED_FACE('',(#9309),#9320,.F.);
#9309 = FACE_BOUND('',#9310,.F.);
#9310 = EDGE_LOOP('',(#9311,#9312,#9318,#9319));
#9311 = ORIENTED_EDGE('',*,*,#9249,.F.);
#9312 = ORIENTED_EDGE('',*,*,#9313,.T.);
#9313 = EDGE_CURVE('',#9242,#9290,#9314,.T.);
#9314 = LINE('',#9315,#9316);
#9315 = CARTESIAN_POINT('',(85.,-192.,884.));
#9316 = VECTOR('',#9317,1.);
#9317 = DIRECTION('',(0.,0.,1.));
#9318 = ORIENTED_EDGE('',*,*,#9297,.T.);
#9319 = ORIENTED_EDGE('',*,*,#7814,.F.);
#9320 = PLANE('',#9321);
#9321 = AXIS2_PLACEMENT_3D('',#9322,#9323,#9324);
#9322 = CARTESIAN_POINT('',(85.,-192.,884.));
#9323 = DIRECTION('',(0.,1.,0.));
#9324 = DIRECTION('',(0.,0.,1.));
#9325 = ADVANCED_FACE('',(#9326),#9345,.T.);
#9326 = FACE_BOUND('',#9327,.T.);
#9327 = EDGE_LOOP('',(#9328,#9329,#9337,#9344));
#9328 = ORIENTED_EDGE('',*,*,#7863,.F.);
#9329 = ORIENTED_EDGE('',*,*,#9330,.F.);
#9330 = EDGE_CURVE('',#9331,#7864,#9333,.T.);
#9331 = VERTEX_POINT('',#9332);
#9332 = CARTESIAN_POINT('',(-105.,-260.,210.));
#9333 = LINE('',#9334,#9335);
#9334 = CARTESIAN_POINT('',(-105.,-260.,210.));
#9335 = VECTOR('',#9336,1.);
#9336 = DIRECTION('',(1.,0.,0.));
#9337 = ORIENTED_EDGE('',*,*,#9338,.T.);
#9338 = EDGE_CURVE('',#9331,#9331,#9339,.T.);
#9339 = CIRCLE('',#9340,22.);
#9340 = AXIS2_PLACEMENT_3D('',#9341,#9342,#9343);
#9341 = CARTESIAN_POINT('',(-105.,-260.,188.));
#9342 = DIRECTION('',(1.,0.,-0.));
#9343 = DIRECTION('',(0.,0.,1.));
#9344 = ORIENTED_EDGE('',*,*,#9330,.T.);
#9345 = CYLINDRICAL_SURFACE('',#9346,22.);
#9346 = AXIS2_PLACEMENT_3D('',#9347,#9348,#9349);
#9347 = CARTESIAN_POINT('',(-105.,-260.,188.));
#9348 = DIRECTION('',(1.,0.,0.));
#9349 = DIRECTION('',(0.,0.,1.));
#9350 = ADVANCED_FACE('',(#9351),#9370,.T.);
#9351 = FACE_BOUND('',#9352,.T.);
#9352 = EDGE_LOOP('',(#9353,#9361,#9368,#9369));
#9353 = ORIENTED_EDGE('',*,*,#9354,.T.);
#9354 = EDGE_CURVE('',#7917,#9355,#9357,.T.);
#9355 = VERTEX_POINT('',#9356);
#9356 = CARTESIAN_POINT('',(-35.,-260.,210.));
#9357 = LINE('',#9358,#9359);
#9358 = CARTESIAN_POINT('',(-105.,-260.,210.));
#9359 = VECTOR('',#9360,1.);
#9360 = DIRECTION('',(1.,0.,0.));
#9361 = ORIENTED_EDGE('',*,*,#9362,.F.);
#9362 = EDGE_CURVE('',#9355,#9355,#9363,.T.);
#9363 = CIRCLE('',#9364,22.);
#9364 = AXIS2_PLACEMENT_3D('',#9365,#9366,#9367);
#9365 = CARTESIAN_POINT('',(-35.,-260.,188.));
#9366 = DIRECTION('',(1.,0.,-0.));
#9367 = DIRECTION('',(0.,0.,1.));
#9368 = ORIENTED_EDGE('',*,*,#9354,.F.);
#9369 = ORIENTED_EDGE('',*,*,#7916,.T.);
#9370 = CYLINDRICAL_SURFACE('',#9371,22.);
#9371 = AXIS2_PLACEMENT_3D('',#9372,#9373,#9374);
#9372 = CARTESIAN_POINT('',(-105.,-260.,188.));
#9373 = DIRECTION('',(1.,0.,0.));
#9374 = DIRECTION('',(0.,0.,1.));
#9375 = ADVANCED_FACE('',(#9376),#9401,.F.);
#9376 = FACE_BOUND('',#9377,.F.);
#9377 = EDGE_LOOP('',(#9378,#9388,#9394,#9395));
#9378 = ORIENTED_EDGE('',*,*,#9379,.F.);
#9379 = EDGE_CURVE('',#9380,#9382,#9384,.T.);
#9380 = VERTEX_POINT('',#9381);
#9381 = CARTESIAN_POINT('',(250.,-324.,60.));
#9382 = VERTEX_POINT('',#9383);
#9383 = CARTESIAN_POINT('',(250.,-136.,60.));
#9384 = LINE('',#9385,#9386);
#9385 = CARTESIAN_POINT('',(250.,-360.,60.));
#9386 = VECTOR('',#9387,1.);
#9387 = DIRECTION('',(0.,1.,0.));
#9388 = ORIENTED_EDGE('',*,*,#9389,.T.);
#9389 = EDGE_CURVE('',#9380,#7946,#9390,.T.);
#9390 = LINE('',#9391,#9392);
#9391 = CARTESIAN_POINT('',(-130.,-324.,60.));
#9392 = VECTOR('',#9393,1.);
#9393 = DIRECTION('',(1.,0.,0.));
#9394 = ORIENTED_EDGE('',*,*,#7953,.T.);
#9395 = ORIENTED_EDGE('',*,*,#9396,.F.);
#9396 = EDGE_CURVE('',#9382,#7954,#9397,.T.);
#9397 = LINE('',#9398,#9399);
#9398 = CARTESIAN_POINT('',(-130.,-136.,60.));
#9399 = VECTOR('',#9400,1.);
#9400 = DIRECTION('',(1.,0.,0.));
#9401 = PLANE('',#9402);
#9402 = AXIS2_PLACEMENT_3D('',#9403,#9404,#9405);
#9403 = CARTESIAN_POINT('',(234.,-324.,60.));
#9404 = DIRECTION('',(0.,0.,1.));
#9405 = DIRECTION('',(1.,0.,0.));
#9406 = ADVANCED_FACE('',(#9407),#9418,.T.);
#9407 = FACE_BOUND('',#9408,.T.);
#9408 = EDGE_LOOP('',(#9409,#9415,#9416,#9417));
#9409 = ORIENTED_EDGE('',*,*,#9410,.F.);
#9410 = EDGE_CURVE('',#8276,#8010,#9411,.T.);
#9411 = LINE('',#9412,#9413);
#9412 = CARTESIAN_POINT('',(91.,-324.,60.));
#9413 = VECTOR('',#9414,1.);
#9414 = DIRECTION('',(0.,1.,0.));
#9415 = ORIENTED_EDGE('',*,*,#8275,.T.);
#9416 = ORIENTED_EDGE('',*,*,#7984,.T.);
#9417 = ORIENTED_EDGE('',*,*,#8009,.F.);
#9418 = PLANE('',#9419);
#9419 = AXIS2_PLACEMENT_3D('',#9420,#9421,#9422);
#9420 = CARTESIAN_POINT('',(70.,-360.,60.));
#9421 = DIRECTION('',(0.,0.,1.));
#9422 = DIRECTION('',(1.,0.,0.));
#9423 = ADVANCED_FACE('',(#9424),#9430,.T.);
#9424 = FACE_BOUND('',#9425,.T.);
#9425 = EDGE_LOOP('',(#9426,#9427,#9428,#9429));
#9426 = ORIENTED_EDGE('',*,*,#8283,.F.);
#9427 = ORIENTED_EDGE('',*,*,#9410,.T.);
#9428 = ORIENTED_EDGE('',*,*,#8017,.T.);
#9429 = ORIENTED_EDGE('',*,*,#8129,.F.);
#9430 = PLANE('',#9431);
#9431 = AXIS2_PLACEMENT_3D('',#9432,#9433,#9434);
#9432 = CARTESIAN_POINT('',(91.,-324.,60.));
#9433 = DIRECTION('',(1.,0.,0.));
#9434 = DIRECTION('',(0.,0.,1.));
#9435 = ADVANCED_FACE('',(#9436),#9463,.F.);
#9436 = FACE_BOUND('',#9437,.F.);
#9437 = EDGE_LOOP('',(#9438,#9446,#9454,#9460,#9461,#9462));
#9438 = ORIENTED_EDGE('',*,*,#9439,.F.);
#9439 = EDGE_CURVE('',#9440,#8252,#9442,.T.);
#9440 = VERTEX_POINT('',#9441);
#9441 = CARTESIAN_POINT('',(-130.,-360.,0.));
#9442 = LINE('',#9443,#9444);
#9443 = CARTESIAN_POINT('',(-130.,-360.,0.));
#9444 = VECTOR('',#9445,1.);
#9445 = DIRECTION('',(0.,0.,1.));
#9446 = ORIENTED_EDGE('',*,*,#9447,.T.);
#9447 = EDGE_CURVE('',#9440,#9448,#9450,.T.);
#9448 = VERTEX_POINT('',#9449);
#9449 = CARTESIAN_POINT('',(-130.,-100.,0.));
#9450 = LINE('',#9451,#9452);
#9451 = CARTESIAN_POINT('',(-130.,-360.,0.));
#9452 = VECTOR('',#9453,1.);
#9453 = DIRECTION('',(0.,1.,0.));
#9454 = ORIENTED_EDGE('',*,*,#9455,.T.);
#9455 = EDGE_CURVE('',#9448,#8043,#9456,.T.);
#9456 = LINE('',#9457,#9458);
#9457 = CARTESIAN_POINT('',(-130.,-100.,0.));
#9458 = VECTOR('',#9459,1.);
#9459 = DIRECTION('',(0.,0.,1.));
#9460 = ORIENTED_EDGE('',*,*,#8042,.F.);
#9461 = ORIENTED_EDGE('',*,*,#8210,.F.);
#9462 = ORIENTED_EDGE('',*,*,#8259,.F.);
#9463 = PLANE('',#9464);
#9464 = AXIS2_PLACEMENT_3D('',#9465,#9466,#9467);
#9465 = CARTESIAN_POINT('',(-130.,-360.,0.));
#9466 = DIRECTION('',(1.,0.,0.));
#9467 = DIRECTION('',(0.,0.,1.));
#9468 = ADVANCED_FACE('',(#9469),#9487,.T.);
#9469 = FACE_BOUND('',#9470,.T.);
#9470 = EDGE_LOOP('',(#9471,#9479,#9480,#9481));
#9471 = ORIENTED_EDGE('',*,*,#9472,.F.);
#9472 = EDGE_CURVE('',#9448,#9473,#9475,.T.);
#9473 = VERTEX_POINT('',#9474);
#9474 = CARTESIAN_POINT('',(70.,-100.,0.));
#9475 = LINE('',#9476,#9477);
#9476 = CARTESIAN_POINT('',(-130.,-100.,0.));
#9477 = VECTOR('',#9478,1.);
#9478 = DIRECTION('',(1.,0.,0.));
#9479 = ORIENTED_EDGE('',*,*,#9455,.T.);
#9480 = ORIENTED_EDGE('',*,*,#8065,.T.);
#9481 = ORIENTED_EDGE('',*,*,#9482,.F.);
#9482 = EDGE_CURVE('',#9473,#8066,#9483,.T.);
#9483 = LINE('',#9484,#9485);
#9484 = CARTESIAN_POINT('',(70.,-100.,0.));
#9485 = VECTOR('',#9486,1.);
#9486 = DIRECTION('',(0.,0.,1.));
#9487 = PLANE('',#9488);
#9488 = AXIS2_PLACEMENT_3D('',#9489,#9490,#9491);
#9489 = CARTESIAN_POINT('',(-130.,-100.,0.));
#9490 = DIRECTION('',(0.,1.,0.));
#9491 = DIRECTION('',(0.,0.,1.));
#9492 = ADVANCED_FACE('',(#9493),#9504,.T.);
#9493 = FACE_BOUND('',#9494,.T.);
#9494 = EDGE_LOOP('',(#9495,#9502,#9503));
#9495 = ORIENTED_EDGE('',*,*,#9496,.T.);
#9496 = EDGE_CURVE('',#8084,#9473,#9497,.T.);
#9497 = CIRCLE('',#9498,300.);
#9498 = AXIS2_PLACEMENT_3D('',#9499,#9500,#9501);
#9499 = CARTESIAN_POINT('',(70.,-100.,300.));
#9500 = DIRECTION('',(0.,1.,0.));
#9501 = DIRECTION('',(0.,0.,1.));
#9502 = ORIENTED_EDGE('',*,*,#9482,.T.);
#9503 = ORIENTED_EDGE('',*,*,#8091,.T.);
#9504 = PLANE('',#9505);
#9505 = AXIS2_PLACEMENT_3D('',#9506,#9507,#9508);
#9506 = CARTESIAN_POINT('',(70.,-100.,0.));
#9507 = DIRECTION('',(0.,1.,0.));
#9508 = DIRECTION('',(0.,0.,1.));
#9509 = ADVANCED_FACE('',(#9510),#9521,.F.);
#9510 = FACE_BOUND('',#9511,.F.);
#9511 = EDGE_LOOP('',(#9512,#9513,#9519,#9520));
#9512 = ORIENTED_EDGE('',*,*,#8083,.F.);
#9513 = ORIENTED_EDGE('',*,*,#9514,.F.);
#9514 = EDGE_CURVE('',#9382,#8084,#9515,.T.);
#9515 = LINE('',#9516,#9517);
#9516 = CARTESIAN_POINT('',(250.,-360.,60.));
#9517 = VECTOR('',#9518,1.);
#9518 = DIRECTION('',(0.,1.,0.));
#9519 = ORIENTED_EDGE('',*,*,#9396,.T.);
#9520 = ORIENTED_EDGE('',*,*,#8106,.T.);
#9521 = PLANE('',#9522);
#9522 = AXIS2_PLACEMENT_3D('',#9523,#9524,#9525);
#9523 = CARTESIAN_POINT('',(-130.,-136.,60.));
#9524 = DIRECTION('',(0.,0.,1.));
#9525 = DIRECTION('',(1.,0.,0.));
#9526 = ADVANCED_FACE('',(#9527),#9538,.F.);
#9527 = FACE_BOUND('',#9528,.F.);
#9528 = EDGE_LOOP('',(#9529,#9530,#9536,#9537));
#9529 = ORIENTED_EDGE('',*,*,#8237,.F.);
#9530 = ORIENTED_EDGE('',*,*,#9531,.T.);
#9531 = EDGE_CURVE('',#8227,#8147,#9532,.T.);
#9532 = LINE('',#9533,#9534);
#9533 = CARTESIAN_POINT('',(49.,-324.,60.));
#9534 = VECTOR('',#9535,1.);
#9535 = DIRECTION('',(0.,1.,0.));
#9536 = ORIENTED_EDGE('',*,*,#8162,.T.);
#9537 = ORIENTED_EDGE('',*,*,#8122,.F.);
#9538 = PLANE('',#9539);
#9539 = AXIS2_PLACEMENT_3D('',#9540,#9541,#9542);
#9540 = CARTESIAN_POINT('',(49.,-324.,60.));
#9541 = DIRECTION('',(1.,0.,0.));
#9542 = DIRECTION('',(0.,0.,1.));
#9543 = ADVANCED_FACE('',(#9544),#9550,.T.);
#9544 = FACE_BOUND('',#9545,.T.);
#9545 = EDGE_LOOP('',(#9546,#9547,#9548,#9549));
#9546 = ORIENTED_EDGE('',*,*,#8226,.T.);
#9547 = ORIENTED_EDGE('',*,*,#9531,.T.);
#9548 = ORIENTED_EDGE('',*,*,#8144,.F.);
#9549 = ORIENTED_EDGE('',*,*,#8184,.F.);
#9550 = PLANE('',#9551);
#9551 = AXIS2_PLACEMENT_3D('',#9552,#9553,#9554);
#9552 = CARTESIAN_POINT('',(-130.,-360.,60.));
#9553 = DIRECTION('',(0.,0.,1.));
#9554 = DIRECTION('',(1.,0.,0.));
#9555 = ADVANCED_FACE('',(#9556),#9567,.F.);
#9556 = FACE_BOUND('',#9557,.F.);
#9557 = EDGE_LOOP('',(#9558,#9564,#9565,#9566));
#9558 = ORIENTED_EDGE('',*,*,#9559,.F.);
#9559 = EDGE_CURVE('',#8336,#9380,#9560,.T.);
#9560 = LINE('',#9561,#9562);
#9561 = CARTESIAN_POINT('',(250.,-360.,60.));
#9562 = VECTOR('',#9563,1.);
#9563 = DIRECTION('',(0.,1.,0.));
#9564 = ORIENTED_EDGE('',*,*,#8335,.T.);
#9565 = ORIENTED_EDGE('',*,*,#8308,.T.);
#9566 = ORIENTED_EDGE('',*,*,#9389,.F.);
#9567 = PLANE('',#9568);
#9568 = AXIS2_PLACEMENT_3D('',#9569,#9570,#9571);
#9569 = CARTESIAN_POINT('',(-130.,-360.,60.));
#9570 = DIRECTION('',(0.,0.,1.));
#9571 = DIRECTION('',(1.,0.,0.));
#9572 = ADVANCED_FACE('',(#9573),#9591,.F.);
#9573 = FACE_BOUND('',#9574,.F.);
#9574 = EDGE_LOOP('',(#9575,#9583,#9584,#9585));
#9575 = ORIENTED_EDGE('',*,*,#9576,.F.);
#9576 = EDGE_CURVE('',#9440,#9577,#9579,.T.);
#9577 = VERTEX_POINT('',#9578);
#9578 = CARTESIAN_POINT('',(70.,-360.,0.));
#9579 = LINE('',#9580,#9581);
#9580 = CARTESIAN_POINT('',(-130.,-360.,0.));
#9581 = VECTOR('',#9582,1.);
#9582 = DIRECTION('',(1.,0.,0.));
#9583 = ORIENTED_EDGE('',*,*,#9439,.T.);
#9584 = ORIENTED_EDGE('',*,*,#8324,.T.);
#9585 = ORIENTED_EDGE('',*,*,#9586,.F.);
#9586 = EDGE_CURVE('',#9577,#8325,#9587,.T.);
#9587 = LINE('',#9588,#9589);
#9588 = CARTESIAN_POINT('',(70.,-360.,0.));
#9589 = VECTOR('',#9590,1.);
#9590 = DIRECTION('',(0.,0.,1.));
#9591 = PLANE('',#9592);
#9592 = AXIS2_PLACEMENT_3D('',#9593,#9594,#9595);
#9593 = CARTESIAN_POINT('',(-130.,-360.,0.));
#9594 = DIRECTION('',(0.,1.,0.));
#9595 = DIRECTION('',(0.,0.,1.));
#9596 = ADVANCED_FACE('',(#9597),#9608,.F.);
#9597 = FACE_BOUND('',#9598,.F.);
#9598 = EDGE_LOOP('',(#9599,#9606,#9607));
#9599 = ORIENTED_EDGE('',*,*,#9600,.T.);
#9600 = EDGE_CURVE('',#8336,#9577,#9601,.T.);
#9601 = CIRCLE('',#9602,300.);
#9602 = AXIS2_PLACEMENT_3D('',#9603,#9604,#9605);
#9603 = CARTESIAN_POINT('',(70.,-360.,300.));
#9604 = DIRECTION('',(0.,1.,0.));
#9605 = DIRECTION('',(0.,0.,1.));
#9606 = ORIENTED_EDGE('',*,*,#9586,.T.);
#9607 = ORIENTED_EDGE('',*,*,#8343,.T.);
#9608 = PLANE('',#9609);
#9609 = AXIS2_PLACEMENT_3D('',#9610,#9611,#9612);
#9610 = CARTESIAN_POINT('',(70.,-360.,0.));
#9611 = DIRECTION('',(0.,1.,0.));
#9612 = DIRECTION('',(0.,0.,1.));
#9613 = ADVANCED_FACE('',(#9614),#9620,.F.);
#9614 = FACE_BOUND('',#9615,.F.);
#9615 = EDGE_LOOP('',(#9616,#9617,#9618,#9619));
#9616 = ORIENTED_EDGE('',*,*,#8425,.F.);
#9617 = ORIENTED_EDGE('',*,*,#8377,.T.);
#9618 = ORIENTED_EDGE('',*,*,#8401,.T.);
#9619 = ORIENTED_EDGE('',*,*,#8449,.F.);
#9620 = PLANE('',#9621);
#9621 = AXIS2_PLACEMENT_3D('',#9622,#9623,#9624);
#9622 = CARTESIAN_POINT('',(85.,-192.,740.));
#9623 = DIRECTION('',(1.,0.,0.));
#9624 = DIRECTION('',(0.,0.,1.));
#9625 = ADVANCED_FACE('',(#9626),#9632,.F.);
#9626 = FACE_BOUND('',#9627,.F.);
#9627 = EDGE_LOOP('',(#9628,#9629,#9630,#9631));
#9628 = ORIENTED_EDGE('',*,*,#8521,.F.);
#9629 = ORIENTED_EDGE('',*,*,#8473,.T.);
#9630 = ORIENTED_EDGE('',*,*,#8497,.T.);
#9631 = ORIENTED_EDGE('',*,*,#8545,.F.);
#9632 = PLANE('',#9633);
#9633 = AXIS2_PLACEMENT_3D('',#9634,#9635,#9636);
#9634 = CARTESIAN_POINT('',(85.,-192.,756.));
#9635 = DIRECTION('',(1.,0.,0.));
#9636 = DIRECTION('',(0.,0.,1.));
#9637 = ADVANCED_FACE('',(#9638),#9644,.F.);
#9638 = FACE_BOUND('',#9639,.F.);
#9639 = EDGE_LOOP('',(#9640,#9641,#9642,#9643));
#9640 = ORIENTED_EDGE('',*,*,#8617,.F.);
#9641 = ORIENTED_EDGE('',*,*,#8569,.T.);
#9642 = ORIENTED_EDGE('',*,*,#8593,.T.);
#9643 = ORIENTED_EDGE('',*,*,#8641,.F.);
#9644 = PLANE('',#9645);
#9645 = AXIS2_PLACEMENT_3D('',#9646,#9647,#9648);
#9646 = CARTESIAN_POINT('',(85.,-192.,772.));
#9647 = DIRECTION('',(1.,0.,0.));
#9648 = DIRECTION('',(0.,0.,1.));
#9649 = ADVANCED_FACE('',(#9650),#9656,.F.);
#9650 = FACE_BOUND('',#9651,.F.);
#9651 = EDGE_LOOP('',(#9652,#9653,#9654,#9655));
#9652 = ORIENTED_EDGE('',*,*,#8713,.F.);
#9653 = ORIENTED_EDGE('',*,*,#8665,.T.);
#9654 = ORIENTED_EDGE('',*,*,#8689,.T.);
#9655 = ORIENTED_EDGE('',*,*,#8737,.F.);
#9656 = PLANE('',#9657);
#9657 = AXIS2_PLACEMENT_3D('',#9658,#9659,#9660);
#9658 = CARTESIAN_POINT('',(85.,-192.,788.));
#9659 = DIRECTION('',(1.,0.,0.));
#9660 = DIRECTION('',(0.,0.,1.));
#9661 = ADVANCED_FACE('',(#9662),#9668,.F.);
#9662 = FACE_BOUND('',#9663,.F.);
#9663 = EDGE_LOOP('',(#9664,#9665,#9666,#9667));
#9664 = ORIENTED_EDGE('',*,*,#8809,.F.);
#9665 = ORIENTED_EDGE('',*,*,#8761,.T.);
#9666 = ORIENTED_EDGE('',*,*,#8785,.T.);
#9667 = ORIENTED_EDGE('',*,*,#8833,.F.);
#9668 = PLANE('',#9669);
#9669 = AXIS2_PLACEMENT_3D('',#9670,#9671,#9672);
#9670 = CARTESIAN_POINT('',(85.,-192.,804.));
#9671 = DIRECTION('',(1.,0.,0.));
#9672 = DIRECTION('',(0.,0.,1.));
#9673 = ADVANCED_FACE('',(#9674),#9680,.F.);
#9674 = FACE_BOUND('',#9675,.F.);
#9675 = EDGE_LOOP('',(#9676,#9677,#9678,#9679));
#9676 = ORIENTED_EDGE('',*,*,#8905,.F.);
#9677 = ORIENTED_EDGE('',*,*,#8857,.T.);
#9678 = ORIENTED_EDGE('',*,*,#8881,.T.);
#9679 = ORIENTED_EDGE('',*,*,#8929,.F.);
#9680 = PLANE('',#9681);
#9681 = AXIS2_PLACEMENT_3D('',#9682,#9683,#9684);
#9682 = CARTESIAN_POINT('',(85.,-192.,820.));
#9683 = DIRECTION('',(1.,0.,0.));
#9684 = DIRECTION('',(0.,0.,1.));
#9685 = ADVANCED_FACE('',(#9686),#9692,.F.);
#9686 = FACE_BOUND('',#9687,.F.);
#9687 = EDGE_LOOP('',(#9688,#9689,#9690,#9691));
#9688 = ORIENTED_EDGE('',*,*,#9001,.F.);
#9689 = ORIENTED_EDGE('',*,*,#8953,.T.);
#9690 = ORIENTED_EDGE('',*,*,#8977,.T.);
#9691 = ORIENTED_EDGE('',*,*,#9025,.F.);
#9692 = PLANE('',#9693);
#9693 = AXIS2_PLACEMENT_3D('',#9694,#9695,#9696);
#9694 = CARTESIAN_POINT('',(85.,-192.,836.));
#9695 = DIRECTION('',(1.,0.,0.));
#9696 = DIRECTION('',(0.,0.,1.));
#9697 = ADVANCED_FACE('',(#9698),#9704,.F.);
#9698 = FACE_BOUND('',#9699,.F.);
#9699 = EDGE_LOOP('',(#9700,#9701,#9702,#9703));
#9700 = ORIENTED_EDGE('',*,*,#9097,.F.);
#9701 = ORIENTED_EDGE('',*,*,#9049,.T.);
#9702 = ORIENTED_EDGE('',*,*,#9073,.T.);
#9703 = ORIENTED_EDGE('',*,*,#9121,.F.);
#9704 = PLANE('',#9705);
#9705 = AXIS2_PLACEMENT_3D('',#9706,#9707,#9708);
#9706 = CARTESIAN_POINT('',(85.,-192.,852.));
#9707 = DIRECTION('',(1.,0.,0.));
#9708 = DIRECTION('',(0.,0.,1.));
#9709 = ADVANCED_FACE('',(#9710),#9716,.F.);
#9710 = FACE_BOUND('',#9711,.F.);
#9711 = EDGE_LOOP('',(#9712,#9713,#9714,#9715));
#9712 = ORIENTED_EDGE('',*,*,#9193,.F.);
#9713 = ORIENTED_EDGE('',*,*,#9145,.T.);
#9714 = ORIENTED_EDGE('',*,*,#9169,.T.);
#9715 = ORIENTED_EDGE('',*,*,#9217,.F.);
#9716 = PLANE('',#9717);
#9717 = AXIS2_PLACEMENT_3D('',#9718,#9719,#9720);
#9718 = CARTESIAN_POINT('',(85.,-192.,868.));
#9719 = DIRECTION('',(1.,0.,0.));
#9720 = DIRECTION('',(0.,0.,1.));
#9721 = ADVANCED_FACE('',(#9722),#9728,.F.);
#9722 = FACE_BOUND('',#9723,.F.);
#9723 = EDGE_LOOP('',(#9724,#9725,#9726,#9727));
#9724 = ORIENTED_EDGE('',*,*,#9313,.F.);
#9725 = ORIENTED_EDGE('',*,*,#9241,.T.);
#9726 = ORIENTED_EDGE('',*,*,#9265,.T.);
#9727 = ORIENTED_EDGE('',*,*,#9289,.F.);
#9728 = PLANE('',#9729);
#9729 = AXIS2_PLACEMENT_3D('',#9730,#9731,#9732);
#9730 = CARTESIAN_POINT('',(85.,-192.,884.));
#9731 = DIRECTION('',(1.,0.,0.));
#9732 = DIRECTION('',(0.,0.,1.));
#9733 = ADVANCED_FACE('',(#9734),#9737,.F.);
#9734 = FACE_BOUND('',#9735,.T.);
#9735 = EDGE_LOOP('',(#9736));
#9736 = ORIENTED_EDGE('',*,*,#9338,.F.);
#9737 = PLANE('',#9738);
#9738 = AXIS2_PLACEMENT_3D('',#9739,#9740,#9741);
#9739 = CARTESIAN_POINT('',(-105.,-260.,188.));
#9740 = DIRECTION('',(1.,0.,0.));
#9741 = DIRECTION('',(0.,0.,1.));
#9742 = ADVANCED_FACE('',(#9743),#9746,.T.);
#9743 = FACE_BOUND('',#9744,.T.);
#9744 = EDGE_LOOP('',(#9745));
#9745 = ORIENTED_EDGE('',*,*,#9362,.T.);
#9746 = PLANE('',#9747);
#9747 = AXIS2_PLACEMENT_3D('',#9748,#9749,#9750);
#9748 = CARTESIAN_POINT('',(-35.,-260.,188.));
#9749 = DIRECTION('',(1.,0.,0.));
#9750 = DIRECTION('',(0.,0.,1.));
#9751 = ADVANCED_FACE('',(#9752),#9765,.T.);
#9752 = FACE_BOUND('',#9753,.T.);
#9753 = EDGE_LOOP('',(#9754,#9755,#9761,#9762,#9763,#9764));
#9754 = ORIENTED_EDGE('',*,*,#9600,.T.);
#9755 = ORIENTED_EDGE('',*,*,#9756,.T.);
#9756 = EDGE_CURVE('',#9577,#9473,#9757,.T.);
#9757 = LINE('',#9758,#9759);
#9758 = CARTESIAN_POINT('',(70.,-360.,0.));
#9759 = VECTOR('',#9760,1.);
#9760 = DIRECTION('',(0.,1.,0.));
#9761 = ORIENTED_EDGE('',*,*,#9496,.F.);
#9762 = ORIENTED_EDGE('',*,*,#9514,.F.);
#9763 = ORIENTED_EDGE('',*,*,#9379,.F.);
#9764 = ORIENTED_EDGE('',*,*,#9559,.F.);
#9765 = CYLINDRICAL_SURFACE('',#9766,300.);
#9766 = AXIS2_PLACEMENT_3D('',#9767,#9768,#9769);
#9767 = CARTESIAN_POINT('',(70.,-365.,300.));
#9768 = DIRECTION('',(0.,1.,0.));
#9769 = DIRECTION('',(0.,0.,1.));
#9770 = ADVANCED_FACE('',(#9771),#9777,.F.);
#9771 = FACE_BOUND('',#9772,.F.);
#9772 = EDGE_LOOP('',(#9773,#9774,#9775,#9776));
#9773 = ORIENTED_EDGE('',*,*,#9447,.F.);
#9774 = ORIENTED_EDGE('',*,*,#9576,.T.);
#9775 = ORIENTED_EDGE('',*,*,#9756,.T.);
#9776 = ORIENTED_EDGE('',*,*,#9472,.F.);
#9777 = PLANE('',#9778);
#9778 = AXIS2_PLACEMENT_3D('',#9779,#9780,#9781);
#9779 = CARTESIAN_POINT('',(-130.,-360.,0.));
#9780 = DIRECTION('',(0.,0.,1.));
#9781 = DIRECTION('',(1.,0.,0.));
#9782 = MANIFOLD_SOLID_BREP('',#9783);
#9783 = CLOSED_SHELL('',(#9784));
#9784 = ADVANCED_FACE('',(#9785),#9789,.T.);
#9785 = FACE_BOUND('',#9786,.T.);
#9786 = VERTEX_LOOP('',#9787);
#9787 = VERTEX_POINT('',#9788);
#9788 = CARTESIAN_POINT('',(70.,-230.,165.));
#9789 = ( BOUNDED_SURFACE() B_SPLINE_SURFACE(2,2,(
    (#9790,#9791,#9792,#9793,#9794)
    ,(#9795,#9796,#9797,#9798,#9799)
    ,(#9800,#9801,#9802,#9803,#9804)
    ,(#9805,#9806,#9807,#9808,#9809)
    ,(#9810,#9811,#9812,#9813,#9814)
    ,(#9815,#9816,#9817,#9818,#9819)
    ,(#9820,#9821,#9822,#9823,#9824
)),.UNSPECIFIED.,.T.,.F.,.F.) B_SPLINE_SURFACE_WITH_KNOTS((1,2,2,2,2,1),
  (3,2,3),(-2.094395102393,0.,2.094395102393,4.188790204786,
    6.28318530718,8.377580409573),(-1.570796326795,0.,1.570796326795),
.UNSPECIFIED.) GEOMETRIC_REPRESENTATION_ITEM() RATIONAL_B_SPLINE_SURFACE
((
    (1.,0.707106781187,1.,0.707106781187,1.)
    ,(0.5,0.353553390593,0.5,0.353553390593,0.5)
    ,(1.,0.707106781187,1.,0.707106781187,1.)
    ,(0.5,0.353553390593,0.5,0.353553390593,0.5)
    ,(1.,0.707106781187,1.,0.707106781187,1.)
    ,(0.5,0.353553390593,0.5,0.353553390593,0.5)
,(1.,0.707106781187,1.,0.707106781187,1.
))) REPRESENTATION_ITEM('') SURFACE() );
#9790 = CARTESIAN_POINT('',(70.,-230.,165.));
#9791 = CARTESIAN_POINT('',(220.,-230.,165.));
#9792 = CARTESIAN_POINT('',(220.,-230.,220.));
#9793 = CARTESIAN_POINT('',(220.,-230.,275.));
#9794 = CARTESIAN_POINT('',(70.,-230.,275.));
#9795 = CARTESIAN_POINT('',(70.,-230.,165.));
#9796 = CARTESIAN_POINT('',(220.,-74.1154273188,165.));
#9797 = CARTESIAN_POINT('',(220.,-74.1154273188,220.));
#9798 = CARTESIAN_POINT('',(220.,-74.1154273188,275.));
#9799 = CARTESIAN_POINT('',(70.,-230.,275.));
#9800 = CARTESIAN_POINT('',(70.,-230.,165.));
#9801 = CARTESIAN_POINT('',(-5.,-152.0577136594,165.));
#9802 = CARTESIAN_POINT('',(-5.,-152.0577136594,220.));
#9803 = CARTESIAN_POINT('',(-5.,-152.0577136594,275.));
#9804 = CARTESIAN_POINT('',(70.,-230.,275.));
#9805 = CARTESIAN_POINT('',(70.,-230.,165.));
#9806 = CARTESIAN_POINT('',(-230.,-230.,165.));
#9807 = CARTESIAN_POINT('',(-230.,-230.,220.));
#9808 = CARTESIAN_POINT('',(-230.,-230.,275.));
#9809 = CARTESIAN_POINT('',(70.,-230.,275.));
#9810 = CARTESIAN_POINT('',(70.,-230.,165.));
#9811 = CARTESIAN_POINT('',(-5.,-307.9422863405,165.));
#9812 = CARTESIAN_POINT('',(-5.,-307.9422863405,220.));
#9813 = CARTESIAN_POINT('',(-5.,-307.9422863405,275.));
#9814 = CARTESIAN_POINT('',(70.,-230.,275.));
#9815 = CARTESIAN_POINT('',(70.,-230.,165.));
#9816 = CARTESIAN_POINT('',(220.,-385.8845726811,165.));
#9817 = CARTESIAN_POINT('',(220.,-385.8845726811,220.));
#9818 = CARTESIAN_POINT('',(220.,-385.8845726811,275.));
#9819 = CARTESIAN_POINT('',(70.,-230.,275.));
#9820 = CARTESIAN_POINT('',(70.,-230.,165.));
#9821 = CARTESIAN_POINT('',(220.,-230.,165.));
#9822 = CARTESIAN_POINT('',(220.,-230.,220.));
#9823 = CARTESIAN_POINT('',(220.,-230.,275.));
#9824 = CARTESIAN_POINT('',(70.,-230.,275.));
#9825 = MANIFOLD_SOLID_BREP('',#9826);
#9826 = CLOSED_SHELL('',(#9827,#9860,#9880,#9889,#9914,#9934,#9959,#9979
    ,#10038,#10080,#10144,#10184,#10241,#10266,#10284,#10326,#10365,
    #10404,#10432,#10449,#10471,#10545,#10626,#10658,#10670,#10697,
    #10785,#10873,#10897,#10928,#10953,#10978,#11000,#11017,#11034,
    #11092,#11181,#11294,#11326,#11348,#11453,#11548,#11570,#11582,
    #11593,#11636,#11658,#11675,#11726,#11743,#11760,#11777,#11794,
    #11811,#11835,#11847,#11859,#11871,#11883,#11923,#11940,#11957,
    #11980,#12043,#12067,#12089,#12106,#12132,#12149,#12161,#12185,
    #12241,#12264,#12295,#12319,#12343,#12700,#12736,#12761,#12789,
    #12801,#12832,#12865,#12890,#12921,#12961,#12978,#13000,#13032,
    #13058,#13082,#13107,#13131,#13156,#13180,#13213,#13225,#13256,
    #13280,#13304,#13321,#13352,#13376,#13400,#13417,#13448,#13472,
    #13496,#13513,#13544,#13568,#13592,#13609,#13640,#13664,#13688,
    #13705,#13736,#13760,#13784,#13801,#13832,#13856,#13880,#13897,
    #13928,#13952,#13976,#13993,#14024,#14048,#14072,#14089,#14120,
    #14144,#14168,#14185,#14210,#14235,#14266,#14283,#14295,#14328,
    #14352,#14369,#14386,#14403,#14415,#14432,#14456,#14473,#14485,
    #14497,#14509,#14521,#14533,#14545,#14557,#14569,#14581,#14593,
    #14602,#14611,#14630));
#9827 = ADVANCED_FACE('',(#9828),#9855,.T.);
#9828 = FACE_BOUND('',#9829,.T.);
#9829 = EDGE_LOOP('',(#9830,#9839,#9847,#9854));
#9830 = ORIENTED_EDGE('',*,*,#9831,.F.);
#9831 = EDGE_CURVE('',#9832,#9832,#9834,.T.);
#9832 = VERTEX_POINT('',#9833);
#9833 = CARTESIAN_POINT('',(-13.,185.,107.5));
#9834 = CIRCLE('',#9835,27.);
#9835 = AXIS2_PLACEMENT_3D('',#9836,#9837,#9838);
#9836 = CARTESIAN_POINT('',(-40.,185.,107.5));
#9837 = DIRECTION('',(0.,0.,1.));
#9838 = DIRECTION('',(1.,0.,0.));
#9839 = ORIENTED_EDGE('',*,*,#9840,.F.);
#9840 = EDGE_CURVE('',#9841,#9832,#9843,.T.);
#9841 = VERTEX_POINT('',#9842);
#9842 = CARTESIAN_POINT('',(-13.,185.,96.));
#9843 = LINE('',#9844,#9845);
#9844 = CARTESIAN_POINT('',(-13.,185.,96.));
#9845 = VECTOR('',#9846,1.);
#9846 = DIRECTION('',(0.,0.,1.));
#9847 = ORIENTED_EDGE('',*,*,#9848,.T.);
#9848 = EDGE_CURVE('',#9841,#9841,#9849,.T.);
#9849 = CIRCLE('',#9850,27.);
#9850 = AXIS2_PLACEMENT_3D('',#9851,#9852,#9853);
#9851 = CARTESIAN_POINT('',(-40.,185.,96.));
#9852 = DIRECTION('',(0.,0.,1.));
#9853 = DIRECTION('',(1.,0.,0.));
#9854 = ORIENTED_EDGE('',*,*,#9840,.T.);
#9855 = CYLINDRICAL_SURFACE('',#9856,27.);
#9856 = AXIS2_PLACEMENT_3D('',#9857,#9858,#9859);
#9857 = CARTESIAN_POINT('',(-40.,185.,96.));
#9858 = DIRECTION('',(0.,0.,1.));
#9859 = DIRECTION('',(1.,0.,0.));
#9860 = ADVANCED_FACE('',(#9861,#9864),#9875,.T.);
#9861 = FACE_BOUND('',#9862,.T.);
#9862 = EDGE_LOOP('',(#9863));
#9863 = ORIENTED_EDGE('',*,*,#9831,.T.);
#9864 = FACE_BOUND('',#9865,.T.);
#9865 = EDGE_LOOP('',(#9866));
#9866 = ORIENTED_EDGE('',*,*,#9867,.F.);
#9867 = EDGE_CURVE('',#9868,#9868,#9870,.T.);
#9868 = VERTEX_POINT('',#9869);
#9869 = CARTESIAN_POINT('',(-21.,185.,107.5));
#9870 = CIRCLE('',#9871,19.);
#9871 = AXIS2_PLACEMENT_3D('',#9872,#9873,#9874);
#9872 = CARTESIAN_POINT('',(-40.,185.,107.5));
#9873 = DIRECTION('',(0.,0.,1.));
#9874 = DIRECTION('',(1.,0.,0.));
#9875 = PLANE('',#9876);
#9876 = AXIS2_PLACEMENT_3D('',#9877,#9878,#9879);
#9877 = CARTESIAN_POINT('',(-40.,185.,107.5));
#9878 = DIRECTION('',(0.,0.,1.));
#9879 = DIRECTION('',(1.,0.,0.));
#9880 = ADVANCED_FACE('',(#9881),#9884,.F.);
#9881 = FACE_BOUND('',#9882,.T.);
#9882 = EDGE_LOOP('',(#9883));
#9883 = ORIENTED_EDGE('',*,*,#9848,.F.);
#9884 = PLANE('',#9885);
#9885 = AXIS2_PLACEMENT_3D('',#9886,#9887,#9888);
#9886 = CARTESIAN_POINT('',(-40.,185.,96.));
#9887 = DIRECTION('',(0.,0.,1.));
#9888 = DIRECTION('',(1.,0.,0.));
#9889 = ADVANCED_FACE('',(#9890),#9909,.T.);
#9890 = FACE_BOUND('',#9891,.T.);
#9891 = EDGE_LOOP('',(#9892,#9901,#9907,#9908));
#9892 = ORIENTED_EDGE('',*,*,#9893,.F.);
#9893 = EDGE_CURVE('',#9894,#9894,#9896,.T.);
#9894 = VERTEX_POINT('',#9895);
#9895 = CARTESIAN_POINT('',(-21.,185.,119.));
#9896 = CIRCLE('',#9897,19.);
#9897 = AXIS2_PLACEMENT_3D('',#9898,#9899,#9900);
#9898 = CARTESIAN_POINT('',(-40.,185.,119.));
#9899 = DIRECTION('',(0.,0.,1.));
#9900 = DIRECTION('',(1.,0.,0.));
#9901 = ORIENTED_EDGE('',*,*,#9902,.F.);
#9902 = EDGE_CURVE('',#9868,#9894,#9903,.T.);
#9903 = LINE('',#9904,#9905);
#9904 = CARTESIAN_POINT('',(-21.,185.,107.5));
#9905 = VECTOR('',#9906,1.);
#9906 = DIRECTION('',(0.,0.,1.));
#9907 = ORIENTED_EDGE('',*,*,#9867,.T.);
#9908 = ORIENTED_EDGE('',*,*,#9902,.T.);
#9909 = CYLINDRICAL_SURFACE('',#9910,19.);
#9910 = AXIS2_PLACEMENT_3D('',#9911,#9912,#9913);
#9911 = CARTESIAN_POINT('',(-40.,185.,107.5));
#9912 = DIRECTION('',(0.,0.,1.));
#9913 = DIRECTION('',(1.,0.,0.));
#9914 = ADVANCED_FACE('',(#9915,#9926),#9929,.F.);
#9915 = FACE_BOUND('',#9916,.F.);
#9916 = EDGE_LOOP('',(#9917));
#9917 = ORIENTED_EDGE('',*,*,#9918,.T.);
#9918 = EDGE_CURVE('',#9919,#9919,#9921,.T.);
#9919 = VERTEX_POINT('',#9920);
#9920 = CARTESIAN_POINT('',(-13.,185.,119.));
#9921 = CIRCLE('',#9922,27.);
#9922 = AXIS2_PLACEMENT_3D('',#9923,#9924,#9925);
#9923 = CARTESIAN_POINT('',(-40.,185.,119.));
#9924 = DIRECTION('',(0.,0.,1.));
#9925 = DIRECTION('',(1.,0.,0.));
#9926 = FACE_BOUND('',#9927,.F.);
#9927 = EDGE_LOOP('',(#9928));
#9928 = ORIENTED_EDGE('',*,*,#9893,.F.);
#9929 = PLANE('',#9930);
#9930 = AXIS2_PLACEMENT_3D('',#9931,#9932,#9933);
#9931 = CARTESIAN_POINT('',(-40.,185.,119.));
#9932 = DIRECTION('',(0.,0.,1.));
#9933 = DIRECTION('',(1.,0.,0.));
#9934 = ADVANCED_FACE('',(#9935),#9954,.T.);
#9935 = FACE_BOUND('',#9936,.T.);
#9936 = EDGE_LOOP('',(#9937,#9946,#9952,#9953));
#9937 = ORIENTED_EDGE('',*,*,#9938,.F.);
#9938 = EDGE_CURVE('',#9939,#9939,#9941,.T.);
#9939 = VERTEX_POINT('',#9940);
#9940 = CARTESIAN_POINT('',(-13.,185.,130.5));
#9941 = CIRCLE('',#9942,27.);
#9942 = AXIS2_PLACEMENT_3D('',#9943,#9944,#9945);
#9943 = CARTESIAN_POINT('',(-40.,185.,130.5));
#9944 = DIRECTION('',(0.,0.,1.));
#9945 = DIRECTION('',(1.,0.,0.));
#9946 = ORIENTED_EDGE('',*,*,#9947,.F.);
#9947 = EDGE_CURVE('',#9919,#9939,#9948,.T.);
#9948 = LINE('',#9949,#9950);
#9949 = CARTESIAN_POINT('',(-13.,185.,119.));
#9950 = VECTOR('',#9951,1.);
#9951 = DIRECTION('',(0.,0.,1.));
#9952 = ORIENTED_EDGE('',*,*,#9918,.T.);
#9953 = ORIENTED_EDGE('',*,*,#9947,.T.);
#9954 = CYLINDRICAL_SURFACE('',#9955,27.);
#9955 = AXIS2_PLACEMENT_3D('',#9956,#9957,#9958);
#9956 = CARTESIAN_POINT('',(-40.,185.,119.));
#9957 = DIRECTION('',(0.,0.,1.));
#9958 = DIRECTION('',(1.,0.,0.));
#9959 = ADVANCED_FACE('',(#9960,#9963),#9974,.T.);
#9960 = FACE_BOUND('',#9961,.T.);
#9961 = EDGE_LOOP('',(#9962));
#9962 = ORIENTED_EDGE('',*,*,#9938,.T.);
#9963 = FACE_BOUND('',#9964,.T.);
#9964 = EDGE_LOOP('',(#9965));
#9965 = ORIENTED_EDGE('',*,*,#9966,.F.);
#9966 = EDGE_CURVE('',#9967,#9967,#9969,.T.);
#9967 = VERTEX_POINT('',#9968);
#9968 = CARTESIAN_POINT('',(-21.,185.,130.5));
#9969 = CIRCLE('',#9970,19.);
#9970 = AXIS2_PLACEMENT_3D('',#9971,#9972,#9973);
#9971 = CARTESIAN_POINT('',(-40.,185.,130.5));
#9972 = DIRECTION('',(0.,0.,1.));
#9973 = DIRECTION('',(1.,0.,0.));
#9974 = PLANE('',#9975);
#9975 = AXIS2_PLACEMENT_3D('',#9976,#9977,#9978);
#9976 = CARTESIAN_POINT('',(-40.,185.,130.5));
#9977 = DIRECTION('',(0.,0.,1.));
#9978 = DIRECTION('',(1.,0.,0.));
#9979 = ADVANCED_FACE('',(#9980),#10033,.T.);
#9980 = FACE_BOUND('',#9981,.T.);
#9981 = EDGE_LOOP('',(#9982,#9983,#9991,#10000,#10008,#10017,#10025,
    #10032));
#9982 = ORIENTED_EDGE('',*,*,#9966,.T.);
#9983 = ORIENTED_EDGE('',*,*,#9984,.T.);
#9984 = EDGE_CURVE('',#9967,#9985,#9987,.T.);
#9985 = VERTEX_POINT('',#9986);
#9986 = CARTESIAN_POINT('',(-21.,185.,142.));
#9987 = LINE('',#9988,#9989);
#9988 = CARTESIAN_POINT('',(-21.,185.,130.5));
#9989 = VECTOR('',#9990,1.);
#9990 = DIRECTION('',(0.,0.,1.));
#9991 = ORIENTED_EDGE('',*,*,#9992,.F.);
#9992 = EDGE_CURVE('',#9993,#9985,#9995,.T.);
#9993 = VERTEX_POINT('',#9994);
#9994 = CARTESIAN_POINT('',(-49.,168.26679946931,142.));
#9995 = CIRCLE('',#9996,19.);
#9996 = AXIS2_PLACEMENT_3D('',#9997,#9998,#9999);
#9997 = CARTESIAN_POINT('',(-40.,185.,142.));
#9998 = DIRECTION('',(0.,0.,1.));
#9999 = DIRECTION('',(1.,0.,0.));
#10000 = ORIENTED_EDGE('',*,*,#10001,.F.);
#10001 = EDGE_CURVE('',#10002,#9993,#10004,.T.);
#10002 = VERTEX_POINT('',#10003);
#10003 = CARTESIAN_POINT('',(-49.,168.26679946931,140.));
#10004 = LINE('',#10005,#10006);
#10005 = CARTESIAN_POINT('',(-49.,168.26679946931,130.5));
#10006 = VECTOR('',#10007,1.);
#10007 = DIRECTION('',(0.,0.,1.));
#10008 = ORIENTED_EDGE('',*,*,#10009,.F.);
#10009 = EDGE_CURVE('',#10010,#10002,#10012,.T.);
#10010 = VERTEX_POINT('',#10011);
#10011 = CARTESIAN_POINT('',(-49.,201.73320053068,140.));
#10012 = CIRCLE('',#10013,19.);
#10013 = AXIS2_PLACEMENT_3D('',#10014,#10015,#10016);
#10014 = CARTESIAN_POINT('',(-40.,185.,140.));
#10015 = DIRECTION('',(0.,0.,1.));
#10016 = DIRECTION('',(1.,0.,0.));
#10017 = ORIENTED_EDGE('',*,*,#10018,.T.);
#10018 = EDGE_CURVE('',#10010,#10019,#10021,.T.);
#10019 = VERTEX_POINT('',#10020);
#10020 = CARTESIAN_POINT('',(-49.,201.73320053068,142.));
#10021 = LINE('',#10022,#10023);
#10022 = CARTESIAN_POINT('',(-49.,201.73320053068,130.5));
#10023 = VECTOR('',#10024,1.);
#10024 = DIRECTION('',(0.,0.,1.));
#10025 = ORIENTED_EDGE('',*,*,#10026,.F.);
#10026 = EDGE_CURVE('',#9985,#10019,#10027,.T.);
#10027 = CIRCLE('',#10028,19.);
#10028 = AXIS2_PLACEMENT_3D('',#10029,#10030,#10031);
#10029 = CARTESIAN_POINT('',(-40.,185.,142.));
#10030 = DIRECTION('',(0.,0.,1.));
#10031 = DIRECTION('',(1.,0.,0.));
#10032 = ORIENTED_EDGE('',*,*,#9984,.F.);
#10033 = CYLINDRICAL_SURFACE('',#10034,19.);
#10034 = AXIS2_PLACEMENT_3D('',#10035,#10036,#10037);
#10035 = CARTESIAN_POINT('',(-40.,185.,130.5));
#10036 = DIRECTION('',(0.,0.,1.));
#10037 = DIRECTION('',(1.,0.,0.));
#10038 = ADVANCED_FACE('',(#10039),#10075,.F.);
#10039 = FACE_BOUND('',#10040,.F.);
#10040 = EDGE_LOOP('',(#10041,#10052,#10061,#10067,#10068,#10069));
#10041 = ORIENTED_EDGE('',*,*,#10042,.T.);
#10042 = EDGE_CURVE('',#10043,#10045,#10047,.T.);
#10043 = VERTEX_POINT('',#10044);
#10044 = CARTESIAN_POINT('',(-49.,159.54415587728,142.));
#10045 = VERTEX_POINT('',#10046);
#10046 = CARTESIAN_POINT('',(-13.,185.,142.));
#10047 = CIRCLE('',#10048,27.);
#10048 = AXIS2_PLACEMENT_3D('',#10049,#10050,#10051);
#10049 = CARTESIAN_POINT('',(-40.,185.,142.));
#10050 = DIRECTION('',(0.,0.,1.));
#10051 = DIRECTION('',(1.,0.,0.));
#10052 = ORIENTED_EDGE('',*,*,#10053,.T.);
#10053 = EDGE_CURVE('',#10045,#10054,#10056,.T.);
#10054 = VERTEX_POINT('',#10055);
#10055 = CARTESIAN_POINT('',(-49.,210.45584412271,142.));
#10056 = CIRCLE('',#10057,27.);
#10057 = AXIS2_PLACEMENT_3D('',#10058,#10059,#10060);
#10058 = CARTESIAN_POINT('',(-40.,185.,142.));
#10059 = DIRECTION('',(0.,0.,1.));
#10060 = DIRECTION('',(1.,0.,0.));
#10061 = ORIENTED_EDGE('',*,*,#10062,.T.);
#10062 = EDGE_CURVE('',#10054,#10019,#10063,.T.);
#10063 = LINE('',#10064,#10065);
#10064 = CARTESIAN_POINT('',(-49.,160.5,142.));
#10065 = VECTOR('',#10066,1.);
#10066 = DIRECTION('',(0.,-1.,0.));
#10067 = ORIENTED_EDGE('',*,*,#10026,.F.);
#10068 = ORIENTED_EDGE('',*,*,#9992,.F.);
#10069 = ORIENTED_EDGE('',*,*,#10070,.T.);
#10070 = EDGE_CURVE('',#9993,#10043,#10071,.T.);
#10071 = LINE('',#10072,#10073);
#10072 = CARTESIAN_POINT('',(-49.,160.5,142.));
#10073 = VECTOR('',#10074,1.);
#10074 = DIRECTION('',(0.,-1.,0.));
#10075 = PLANE('',#10076);
#10076 = AXIS2_PLACEMENT_3D('',#10077,#10078,#10079);
#10077 = CARTESIAN_POINT('',(-40.,185.,142.));
#10078 = DIRECTION('',(0.,0.,1.));
#10079 = DIRECTION('',(1.,0.,0.));
#10080 = ADVANCED_FACE('',(#10081),#10139,.T.);
#10081 = FACE_BOUND('',#10082,.T.);
#10082 = EDGE_LOOP('',(#10083,#10093,#10101,#10109,#10115,#10116,#10117,
    #10125,#10133));
#10083 = ORIENTED_EDGE('',*,*,#10084,.F.);
#10084 = EDGE_CURVE('',#10085,#10087,#10089,.T.);
#10085 = VERTEX_POINT('',#10086);
#10086 = CARTESIAN_POINT('',(-49.,201.73320053068,165.));
#10087 = VERTEX_POINT('',#10088);
#10088 = CARTESIAN_POINT('',(-49.,205.07485989988,165.));
#10089 = LINE('',#10090,#10091);
#10090 = CARTESIAN_POINT('',(-49.,136.,165.));
#10091 = VECTOR('',#10092,1.);
#10092 = DIRECTION('',(0.,1.,0.));
#10093 = ORIENTED_EDGE('',*,*,#10094,.F.);
#10094 = EDGE_CURVE('',#10095,#10085,#10097,.T.);
#10095 = VERTEX_POINT('',#10096);
#10096 = CARTESIAN_POINT('',(-49.,201.73320053068,153.5));
#10097 = LINE('',#10098,#10099);
#10098 = CARTESIAN_POINT('',(-49.,201.73320053068,153.5));
#10099 = VECTOR('',#10100,1.);
#10100 = DIRECTION('',(0.,0.,1.));
#10101 = ORIENTED_EDGE('',*,*,#10102,.F.);
#10102 = EDGE_CURVE('',#10103,#10095,#10105,.T.);
#10103 = VERTEX_POINT('',#10104);
#10104 = CARTESIAN_POINT('',(-49.,210.45584412271,153.5));
#10105 = LINE('',#10106,#10107);
#10106 = CARTESIAN_POINT('',(-49.,160.5,153.5));
#10107 = VECTOR('',#10108,1.);
#10108 = DIRECTION('',(0.,-1.,0.));
#10109 = ORIENTED_EDGE('',*,*,#10110,.F.);
#10110 = EDGE_CURVE('',#10054,#10103,#10111,.T.);
#10111 = LINE('',#10112,#10113);
#10112 = CARTESIAN_POINT('',(-49.,210.45584412271,142.));
#10113 = VECTOR('',#10114,1.);
#10114 = DIRECTION('',(0.,0.,1.));
#10115 = ORIENTED_EDGE('',*,*,#10062,.T.);
#10116 = ORIENTED_EDGE('',*,*,#10018,.F.);
#10117 = ORIENTED_EDGE('',*,*,#10118,.T.);
#10118 = EDGE_CURVE('',#10010,#10119,#10121,.T.);
#10119 = VERTEX_POINT('',#10120);
#10120 = CARTESIAN_POINT('',(-49.,324.,140.));
#10121 = LINE('',#10122,#10123);
#10122 = CARTESIAN_POINT('',(-49.,136.,140.));
#10123 = VECTOR('',#10124,1.);
#10124 = DIRECTION('',(0.,1.,0.));
#10125 = ORIENTED_EDGE('',*,*,#10126,.T.);
#10126 = EDGE_CURVE('',#10119,#10127,#10129,.T.);
#10127 = VERTEX_POINT('',#10128);
#10128 = CARTESIAN_POINT('',(-49.,324.,165.));
#10129 = LINE('',#10130,#10131);
#10130 = CARTESIAN_POINT('',(-49.,324.,140.));
#10131 = VECTOR('',#10132,1.);
#10132 = DIRECTION('',(0.,0.,1.));
#10133 = ORIENTED_EDGE('',*,*,#10134,.F.);
#10134 = EDGE_CURVE('',#10087,#10127,#10135,.T.);
#10135 = LINE('',#10136,#10137);
#10136 = CARTESIAN_POINT('',(-49.,136.,165.));
#10137 = VECTOR('',#10138,1.);
#10138 = DIRECTION('',(0.,1.,0.));
#10139 = PLANE('',#10140);
#10140 = AXIS2_PLACEMENT_3D('',#10141,#10142,#10143);
#10141 = CARTESIAN_POINT('',(-49.,136.,140.));
#10142 = DIRECTION('',(1.,0.,0.));
#10143 = DIRECTION('',(0.,0.,1.));
#10144 = ADVANCED_FACE('',(#10145),#10179,.F.);
#10145 = FACE_BOUND('',#10146,.F.);
#10146 = EDGE_LOOP('',(#10147,#10157,#10165,#10171,#10172,#10173));
#10147 = ORIENTED_EDGE('',*,*,#10148,.F.);
#10148 = EDGE_CURVE('',#10149,#10151,#10153,.T.);
#10149 = VERTEX_POINT('',#10150);
#10150 = CARTESIAN_POINT('',(-91.,136.,140.));
#10151 = VERTEX_POINT('',#10152);
#10152 = CARTESIAN_POINT('',(-91.,324.,140.));
#10153 = LINE('',#10154,#10155);
#10154 = CARTESIAN_POINT('',(-91.,136.,140.));
#10155 = VECTOR('',#10156,1.);
#10156 = DIRECTION('',(0.,1.,0.));
#10157 = ORIENTED_EDGE('',*,*,#10158,.T.);
#10158 = EDGE_CURVE('',#10149,#10159,#10161,.T.);
#10159 = VERTEX_POINT('',#10160);
#10160 = CARTESIAN_POINT('',(-49.,136.,140.));
#10161 = LINE('',#10162,#10163);
#10162 = CARTESIAN_POINT('',(-270.,136.,140.));
#10163 = VECTOR('',#10164,1.);
#10164 = DIRECTION('',(1.,0.,0.));
#10165 = ORIENTED_EDGE('',*,*,#10166,.T.);
#10166 = EDGE_CURVE('',#10159,#10002,#10167,.T.);
#10167 = LINE('',#10168,#10169);
#10168 = CARTESIAN_POINT('',(-49.,136.,140.));
#10169 = VECTOR('',#10170,1.);
#10170 = DIRECTION('',(0.,1.,0.));
#10171 = ORIENTED_EDGE('',*,*,#10009,.F.);
#10172 = ORIENTED_EDGE('',*,*,#10118,.T.);
#10173 = ORIENTED_EDGE('',*,*,#10174,.F.);
#10174 = EDGE_CURVE('',#10151,#10119,#10175,.T.);
#10175 = LINE('',#10176,#10177);
#10176 = CARTESIAN_POINT('',(-270.,324.,140.));
#10177 = VECTOR('',#10178,1.);
#10178 = DIRECTION('',(1.,0.,0.));
#10179 = PLANE('',#10180);
#10180 = AXIS2_PLACEMENT_3D('',#10181,#10182,#10183);
#10181 = CARTESIAN_POINT('',(-91.,136.,140.));
#10182 = DIRECTION('',(0.,0.,1.));
#10183 = DIRECTION('',(1.,0.,0.));
#10184 = ADVANCED_FACE('',(#10185),#10236,.T.);
#10185 = FACE_BOUND('',#10186,.T.);
#10186 = EDGE_LOOP('',(#10187,#10195,#10196,#10197,#10198,#10206,#10214,
    #10222,#10230));
#10187 = ORIENTED_EDGE('',*,*,#10188,.F.);
#10188 = EDGE_CURVE('',#10159,#10189,#10191,.T.);
#10189 = VERTEX_POINT('',#10190);
#10190 = CARTESIAN_POINT('',(-49.,136.,165.));
#10191 = LINE('',#10192,#10193);
#10192 = CARTESIAN_POINT('',(-49.,136.,140.));
#10193 = VECTOR('',#10194,1.);
#10194 = DIRECTION('',(0.,0.,1.));
#10195 = ORIENTED_EDGE('',*,*,#10166,.T.);
#10196 = ORIENTED_EDGE('',*,*,#10001,.T.);
#10197 = ORIENTED_EDGE('',*,*,#10070,.T.);
#10198 = ORIENTED_EDGE('',*,*,#10199,.T.);
#10199 = EDGE_CURVE('',#10043,#10200,#10202,.T.);
#10200 = VERTEX_POINT('',#10201);
#10201 = CARTESIAN_POINT('',(-49.,159.54415587728,153.5));
#10202 = LINE('',#10203,#10204);
#10203 = CARTESIAN_POINT('',(-49.,159.54415587728,142.));
#10204 = VECTOR('',#10205,1.);
#10205 = DIRECTION('',(0.,0.,1.));
#10206 = ORIENTED_EDGE('',*,*,#10207,.F.);
#10207 = EDGE_CURVE('',#10208,#10200,#10210,.T.);
#10208 = VERTEX_POINT('',#10209);
#10209 = CARTESIAN_POINT('',(-49.,168.26679946931,153.5));
#10210 = LINE('',#10211,#10212);
#10211 = CARTESIAN_POINT('',(-49.,160.5,153.5));
#10212 = VECTOR('',#10213,1.);
#10213 = DIRECTION('',(0.,-1.,0.));
#10214 = ORIENTED_EDGE('',*,*,#10215,.T.);
#10215 = EDGE_CURVE('',#10208,#10216,#10218,.T.);
#10216 = VERTEX_POINT('',#10217);
#10217 = CARTESIAN_POINT('',(-49.,168.26679946931,165.));
#10218 = LINE('',#10219,#10220);
#10219 = CARTESIAN_POINT('',(-49.,168.26679946931,153.5));
#10220 = VECTOR('',#10221,1.);
#10221 = DIRECTION('',(0.,0.,1.));
#10222 = ORIENTED_EDGE('',*,*,#10223,.F.);
#10223 = EDGE_CURVE('',#10224,#10216,#10226,.T.);
#10224 = VERTEX_POINT('',#10225);
#10225 = CARTESIAN_POINT('',(-49.,164.92514010011,165.));
#10226 = LINE('',#10227,#10228);
#10227 = CARTESIAN_POINT('',(-49.,136.,165.));
#10228 = VECTOR('',#10229,1.);
#10229 = DIRECTION('',(0.,1.,0.));
#10230 = ORIENTED_EDGE('',*,*,#10231,.F.);
#10231 = EDGE_CURVE('',#10189,#10224,#10232,.T.);
#10232 = LINE('',#10233,#10234);
#10233 = CARTESIAN_POINT('',(-49.,136.,165.));
#10234 = VECTOR('',#10235,1.);
#10235 = DIRECTION('',(0.,1.,0.));
#10236 = PLANE('',#10237);
#10237 = AXIS2_PLACEMENT_3D('',#10238,#10239,#10240);
#10238 = CARTESIAN_POINT('',(-49.,136.,140.));
#10239 = DIRECTION('',(1.,0.,0.));
#10240 = DIRECTION('',(0.,0.,1.));
#10241 = ADVANCED_FACE('',(#10242),#10261,.T.);
#10242 = FACE_BOUND('',#10243,.T.);
#10243 = EDGE_LOOP('',(#10244,#10252,#10259,#10260));
#10244 = ORIENTED_EDGE('',*,*,#10245,.T.);
#10245 = EDGE_CURVE('',#10045,#10246,#10248,.T.);
#10246 = VERTEX_POINT('',#10247);
#10247 = CARTESIAN_POINT('',(-13.,185.,153.5));
#10248 = LINE('',#10249,#10250);
#10249 = CARTESIAN_POINT('',(-13.,185.,142.));
#10250 = VECTOR('',#10251,1.);
#10251 = DIRECTION('',(0.,0.,1.));
#10252 = ORIENTED_EDGE('',*,*,#10253,.F.);
#10253 = EDGE_CURVE('',#10200,#10246,#10254,.T.);
#10254 = CIRCLE('',#10255,27.);
#10255 = AXIS2_PLACEMENT_3D('',#10256,#10257,#10258);
#10256 = CARTESIAN_POINT('',(-40.,185.,153.5));
#10257 = DIRECTION('',(0.,0.,1.));
#10258 = DIRECTION('',(1.,0.,0.));
#10259 = ORIENTED_EDGE('',*,*,#10199,.F.);
#10260 = ORIENTED_EDGE('',*,*,#10042,.T.);
#10261 = CYLINDRICAL_SURFACE('',#10262,27.);
#10262 = AXIS2_PLACEMENT_3D('',#10263,#10264,#10265);
#10263 = CARTESIAN_POINT('',(-40.,185.,142.));
#10264 = DIRECTION('',(0.,0.,1.));
#10265 = DIRECTION('',(1.,0.,0.));
#10266 = ADVANCED_FACE('',(#10267),#10279,.T.);
#10267 = FACE_BOUND('',#10268,.T.);
#10268 = EDGE_LOOP('',(#10269,#10276,#10277,#10278));
#10269 = ORIENTED_EDGE('',*,*,#10270,.F.);
#10270 = EDGE_CURVE('',#10246,#10103,#10271,.T.);
#10271 = CIRCLE('',#10272,27.);
#10272 = AXIS2_PLACEMENT_3D('',#10273,#10274,#10275);
#10273 = CARTESIAN_POINT('',(-40.,185.,153.5));
#10274 = DIRECTION('',(0.,0.,1.));
#10275 = DIRECTION('',(1.,0.,0.));
#10276 = ORIENTED_EDGE('',*,*,#10245,.F.);
#10277 = ORIENTED_EDGE('',*,*,#10053,.T.);
#10278 = ORIENTED_EDGE('',*,*,#10110,.T.);
#10279 = CYLINDRICAL_SURFACE('',#10280,27.);
#10280 = AXIS2_PLACEMENT_3D('',#10281,#10282,#10283);
#10281 = CARTESIAN_POINT('',(-40.,185.,142.));
#10282 = DIRECTION('',(0.,0.,1.));
#10283 = DIRECTION('',(1.,0.,0.));
#10284 = ADVANCED_FACE('',(#10285),#10321,.F.);
#10285 = FACE_BOUND('',#10286,.F.);
#10286 = EDGE_LOOP('',(#10287,#10296,#10303,#10304,#10313,#10320));
#10287 = ORIENTED_EDGE('',*,*,#10288,.T.);
#10288 = EDGE_CURVE('',#10224,#10289,#10291,.T.);
#10289 = VERTEX_POINT('',#10290);
#10290 = CARTESIAN_POINT('',(-18.,185.,165.));
#10291 = CIRCLE('',#10292,22.);
#10292 = AXIS2_PLACEMENT_3D('',#10293,#10294,#10295);
#10293 = CARTESIAN_POINT('',(-40.,185.,165.));
#10294 = DIRECTION('',(0.,0.,1.));
#10295 = DIRECTION('',(1.,0.,0.));
#10296 = ORIENTED_EDGE('',*,*,#10297,.T.);
#10297 = EDGE_CURVE('',#10289,#10087,#10298,.T.);
#10298 = CIRCLE('',#10299,22.);
#10299 = AXIS2_PLACEMENT_3D('',#10300,#10301,#10302);
#10300 = CARTESIAN_POINT('',(-40.,185.,165.));
#10301 = DIRECTION('',(0.,0.,1.));
#10302 = DIRECTION('',(1.,0.,0.));
#10303 = ORIENTED_EDGE('',*,*,#10084,.F.);
#10304 = ORIENTED_EDGE('',*,*,#10305,.F.);
#10305 = EDGE_CURVE('',#10306,#10085,#10308,.T.);
#10306 = VERTEX_POINT('',#10307);
#10307 = CARTESIAN_POINT('',(-21.,185.,165.));
#10308 = CIRCLE('',#10309,19.);
#10309 = AXIS2_PLACEMENT_3D('',#10310,#10311,#10312);
#10310 = CARTESIAN_POINT('',(-40.,185.,165.));
#10311 = DIRECTION('',(0.,0.,1.));
#10312 = DIRECTION('',(1.,0.,0.));
#10313 = ORIENTED_EDGE('',*,*,#10314,.F.);
#10314 = EDGE_CURVE('',#10216,#10306,#10315,.T.);
#10315 = CIRCLE('',#10316,19.);
#10316 = AXIS2_PLACEMENT_3D('',#10317,#10318,#10319);
#10317 = CARTESIAN_POINT('',(-40.,185.,165.));
#10318 = DIRECTION('',(0.,0.,1.));
#10319 = DIRECTION('',(1.,0.,0.));
#10320 = ORIENTED_EDGE('',*,*,#10223,.F.);
#10321 = PLANE('',#10322);
#10322 = AXIS2_PLACEMENT_3D('',#10323,#10324,#10325);
#10323 = CARTESIAN_POINT('',(-40.,185.,165.));
#10324 = DIRECTION('',(0.,0.,1.));
#10325 = DIRECTION('',(1.,0.,0.));
#10326 = ADVANCED_FACE('',(#10327),#10360,.T.);
#10327 = FACE_BOUND('',#10328,.T.);
#10328 = EDGE_LOOP('',(#10329,#10339,#10345,#10346,#10353,#10354));
#10329 = ORIENTED_EDGE('',*,*,#10330,.F.);
#10330 = EDGE_CURVE('',#10331,#10333,#10335,.T.);
#10331 = VERTEX_POINT('',#10332);
#10332 = CARTESIAN_POINT('',(-91.,136.,165.));
#10333 = VERTEX_POINT('',#10334);
#10334 = CARTESIAN_POINT('',(-91.,324.,165.));
#10335 = LINE('',#10336,#10337);
#10336 = CARTESIAN_POINT('',(-91.,136.,165.));
#10337 = VECTOR('',#10338,1.);
#10338 = DIRECTION('',(0.,1.,0.));
#10339 = ORIENTED_EDGE('',*,*,#10340,.T.);
#10340 = EDGE_CURVE('',#10331,#10189,#10341,.T.);
#10341 = LINE('',#10342,#10343);
#10342 = CARTESIAN_POINT('',(-270.,136.,165.));
#10343 = VECTOR('',#10344,1.);
#10344 = DIRECTION('',(1.,0.,0.));
#10345 = ORIENTED_EDGE('',*,*,#10231,.T.);
#10346 = ORIENTED_EDGE('',*,*,#10347,.F.);
#10347 = EDGE_CURVE('',#10087,#10224,#10348,.T.);
#10348 = CIRCLE('',#10349,22.);
#10349 = AXIS2_PLACEMENT_3D('',#10350,#10351,#10352);
#10350 = CARTESIAN_POINT('',(-40.,185.,165.));
#10351 = DIRECTION('',(0.,0.,1.));
#10352 = DIRECTION('',(1.,0.,0.));
#10353 = ORIENTED_EDGE('',*,*,#10134,.T.);
#10354 = ORIENTED_EDGE('',*,*,#10355,.F.);
#10355 = EDGE_CURVE('',#10333,#10127,#10356,.T.);
#10356 = LINE('',#10357,#10358);
#10357 = CARTESIAN_POINT('',(-270.,324.,165.));
#10358 = VECTOR('',#10359,1.);
#10359 = DIRECTION('',(1.,0.,0.));
#10360 = PLANE('',#10361);
#10361 = AXIS2_PLACEMENT_3D('',#10362,#10363,#10364);
#10362 = CARTESIAN_POINT('',(-91.,136.,165.));
#10363 = DIRECTION('',(0.,0.,1.));
#10364 = DIRECTION('',(1.,0.,0.));
#10365 = ADVANCED_FACE('',(#10366),#10399,.F.);
#10366 = FACE_BOUND('',#10367,.F.);
#10367 = EDGE_LOOP('',(#10368,#10376,#10377,#10385,#10393));
#10368 = ORIENTED_EDGE('',*,*,#10369,.F.);
#10369 = EDGE_CURVE('',#10119,#10370,#10372,.T.);
#10370 = VERTEX_POINT('',#10371);
#10371 = CARTESIAN_POINT('',(58.366692347216,324.,140.));
#10372 = LINE('',#10373,#10374);
#10373 = CARTESIAN_POINT('',(-270.,324.,140.));
#10374 = VECTOR('',#10375,1.);
#10375 = DIRECTION('',(1.,0.,0.));
#10376 = ORIENTED_EDGE('',*,*,#10126,.T.);
#10377 = ORIENTED_EDGE('',*,*,#10378,.T.);
#10378 = EDGE_CURVE('',#10127,#10379,#10381,.T.);
#10379 = VERTEX_POINT('',#10380);
#10380 = CARTESIAN_POINT('',(59.,324.,165.));
#10381 = LINE('',#10382,#10383);
#10382 = CARTESIAN_POINT('',(-270.,324.,165.));
#10383 = VECTOR('',#10384,1.);
#10384 = DIRECTION('',(1.,0.,0.));
#10385 = ORIENTED_EDGE('',*,*,#10386,.F.);
#10386 = EDGE_CURVE('',#10387,#10379,#10389,.T.);
#10387 = VERTEX_POINT('',#10388);
#10388 = CARTESIAN_POINT('',(59.,324.,140.));
#10389 = LINE('',#10390,#10391);
#10390 = CARTESIAN_POINT('',(59.,324.,140.));
#10391 = VECTOR('',#10392,1.);
#10392 = DIRECTION('',(0.,0.,1.));
#10393 = ORIENTED_EDGE('',*,*,#10394,.F.);
#10394 = EDGE_CURVE('',#10370,#10387,#10395,.T.);
#10395 = LINE('',#10396,#10397);
#10396 = CARTESIAN_POINT('',(-270.,324.,140.));
#10397 = VECTOR('',#10398,1.);
#10398 = DIRECTION('',(1.,0.,0.));
#10399 = PLANE('',#10400);
#10400 = AXIS2_PLACEMENT_3D('',#10401,#10402,#10403);
#10401 = CARTESIAN_POINT('',(-270.,324.,140.));
#10402 = DIRECTION('',(0.,1.,0.));
#10403 = DIRECTION('',(0.,0.,1.));
#10404 = ADVANCED_FACE('',(#10405),#10427,.T.);
#10405 = FACE_BOUND('',#10406,.T.);
#10406 = EDGE_LOOP('',(#10407,#10408,#10409,#10410,#10411,#10420));
#10407 = ORIENTED_EDGE('',*,*,#10207,.T.);
#10408 = ORIENTED_EDGE('',*,*,#10253,.T.);
#10409 = ORIENTED_EDGE('',*,*,#10270,.T.);
#10410 = ORIENTED_EDGE('',*,*,#10102,.T.);
#10411 = ORIENTED_EDGE('',*,*,#10412,.F.);
#10412 = EDGE_CURVE('',#10413,#10095,#10415,.T.);
#10413 = VERTEX_POINT('',#10414);
#10414 = CARTESIAN_POINT('',(-21.,185.,153.5));
#10415 = CIRCLE('',#10416,19.);
#10416 = AXIS2_PLACEMENT_3D('',#10417,#10418,#10419);
#10417 = CARTESIAN_POINT('',(-40.,185.,153.5));
#10418 = DIRECTION('',(0.,0.,1.));
#10419 = DIRECTION('',(1.,0.,0.));
#10420 = ORIENTED_EDGE('',*,*,#10421,.F.);
#10421 = EDGE_CURVE('',#10208,#10413,#10422,.T.);
#10422 = CIRCLE('',#10423,19.);
#10423 = AXIS2_PLACEMENT_3D('',#10424,#10425,#10426);
#10424 = CARTESIAN_POINT('',(-40.,185.,153.5));
#10425 = DIRECTION('',(0.,0.,1.));
#10426 = DIRECTION('',(1.,0.,0.));
#10427 = PLANE('',#10428);
#10428 = AXIS2_PLACEMENT_3D('',#10429,#10430,#10431);
#10429 = CARTESIAN_POINT('',(-40.,185.,153.5));
#10430 = DIRECTION('',(0.,0.,1.));
#10431 = DIRECTION('',(1.,0.,0.));
#10432 = ADVANCED_FACE('',(#10433),#10444,.T.);
#10433 = FACE_BOUND('',#10434,.T.);
#10434 = EDGE_LOOP('',(#10435,#10436,#10442,#10443));
#10435 = ORIENTED_EDGE('',*,*,#10305,.F.);
#10436 = ORIENTED_EDGE('',*,*,#10437,.F.);
#10437 = EDGE_CURVE('',#10413,#10306,#10438,.T.);
#10438 = LINE('',#10439,#10440);
#10439 = CARTESIAN_POINT('',(-21.,185.,153.5));
#10440 = VECTOR('',#10441,1.);
#10441 = DIRECTION('',(0.,0.,1.));
#10442 = ORIENTED_EDGE('',*,*,#10412,.T.);
#10443 = ORIENTED_EDGE('',*,*,#10094,.T.);
#10444 = CYLINDRICAL_SURFACE('',#10445,19.);
#10445 = AXIS2_PLACEMENT_3D('',#10446,#10447,#10448);
#10446 = CARTESIAN_POINT('',(-40.,185.,153.5));
#10447 = DIRECTION('',(0.,0.,1.));
#10448 = DIRECTION('',(1.,0.,0.));
#10449 = ADVANCED_FACE('',(#10450),#10466,.F.);
#10450 = FACE_BOUND('',#10451,.F.);
#10451 = EDGE_LOOP('',(#10452,#10458,#10459,#10465));
#10452 = ORIENTED_EDGE('',*,*,#10453,.F.);
#10453 = EDGE_CURVE('',#10149,#10331,#10454,.T.);
#10454 = LINE('',#10455,#10456);
#10455 = CARTESIAN_POINT('',(-91.,136.,140.));
#10456 = VECTOR('',#10457,1.);
#10457 = DIRECTION('',(0.,0.,1.));
#10458 = ORIENTED_EDGE('',*,*,#10148,.T.);
#10459 = ORIENTED_EDGE('',*,*,#10460,.T.);
#10460 = EDGE_CURVE('',#10151,#10333,#10461,.T.);
#10461 = LINE('',#10462,#10463);
#10462 = CARTESIAN_POINT('',(-91.,324.,140.));
#10463 = VECTOR('',#10464,1.);
#10464 = DIRECTION('',(0.,0.,1.));
#10465 = ORIENTED_EDGE('',*,*,#10330,.F.);
#10466 = PLANE('',#10467);
#10467 = AXIS2_PLACEMENT_3D('',#10468,#10469,#10470);
#10468 = CARTESIAN_POINT('',(-91.,136.,140.));
#10469 = DIRECTION('',(1.,0.,0.));
#10470 = DIRECTION('',(0.,0.,1.));
#10471 = ADVANCED_FACE('',(#10472),#10540,.F.);
#10472 = FACE_BOUND('',#10473,.F.);
#10473 = EDGE_LOOP('',(#10474,#10484,#10492,#10501,#10507,#10508,#10509,
    #10518,#10526,#10534));
#10474 = ORIENTED_EDGE('',*,*,#10475,.F.);
#10475 = EDGE_CURVE('',#10476,#10478,#10480,.T.);
#10476 = VERTEX_POINT('',#10477);
#10477 = CARTESIAN_POINT('',(-270.,324.,140.));
#10478 = VERTEX_POINT('',#10479);
#10479 = CARTESIAN_POINT('',(-270.,360.,140.));
#10480 = LINE('',#10481,#10482);
#10481 = CARTESIAN_POINT('',(-270.,324.,140.));
#10482 = VECTOR('',#10483,1.);
#10483 = DIRECTION('',(0.,1.,0.));
#10484 = ORIENTED_EDGE('',*,*,#10485,.T.);
#10485 = EDGE_CURVE('',#10476,#10486,#10488,.T.);
#10486 = VERTEX_POINT('',#10487);
#10487 = CARTESIAN_POINT('',(-241.6333076527,324.,140.));
#10488 = LINE('',#10489,#10490);
#10489 = CARTESIAN_POINT('',(-270.,324.,140.));
#10490 = VECTOR('',#10491,1.);
#10491 = DIRECTION('',(1.,0.,0.));
#10492 = ORIENTED_EDGE('',*,*,#10493,.F.);
#10493 = EDGE_CURVE('',#10494,#10486,#10496,.T.);
#10494 = VERTEX_POINT('',#10495);
#10495 = CARTESIAN_POINT('',(-198.3666923472,324.,140.));
#10496 = CIRCLE('',#10497,22.);
#10497 = AXIS2_PLACEMENT_3D('',#10498,#10499,#10500);
#10498 = CARTESIAN_POINT('',(-220.,320.,140.));
#10499 = DIRECTION('',(0.,0.,1.));
#10500 = DIRECTION('',(1.,0.,0.));
#10501 = ORIENTED_EDGE('',*,*,#10502,.T.);
#10502 = EDGE_CURVE('',#10494,#10151,#10503,.T.);
#10503 = LINE('',#10504,#10505);
#10504 = CARTESIAN_POINT('',(-270.,324.,140.));
#10505 = VECTOR('',#10506,1.);
#10506 = DIRECTION('',(1.,0.,0.));
#10507 = ORIENTED_EDGE('',*,*,#10174,.T.);
#10508 = ORIENTED_EDGE('',*,*,#10369,.T.);
#10509 = ORIENTED_EDGE('',*,*,#10510,.F.);
#10510 = EDGE_CURVE('',#10511,#10370,#10513,.T.);
#10511 = VERTEX_POINT('',#10512);
#10512 = CARTESIAN_POINT('',(101.63330765278,324.,140.));
#10513 = CIRCLE('',#10514,22.);
#10514 = AXIS2_PLACEMENT_3D('',#10515,#10516,#10517);
#10515 = CARTESIAN_POINT('',(80.,320.,140.));
#10516 = DIRECTION('',(0.,0.,1.));
#10517 = DIRECTION('',(1.,0.,0.));
#10518 = ORIENTED_EDGE('',*,*,#10519,.T.);
#10519 = EDGE_CURVE('',#10511,#10520,#10522,.T.);
#10520 = VERTEX_POINT('',#10521);
#10521 = CARTESIAN_POINT('',(130.,324.,140.));
#10522 = LINE('',#10523,#10524);
#10523 = CARTESIAN_POINT('',(-270.,324.,140.));
#10524 = VECTOR('',#10525,1.);
#10525 = DIRECTION('',(1.,0.,0.));
#10526 = ORIENTED_EDGE('',*,*,#10527,.T.);
#10527 = EDGE_CURVE('',#10520,#10528,#10530,.T.);
#10528 = VERTEX_POINT('',#10529);
#10529 = CARTESIAN_POINT('',(130.,360.,140.));
#10530 = LINE('',#10531,#10532);
#10531 = CARTESIAN_POINT('',(130.,324.,140.));
#10532 = VECTOR('',#10533,1.);
#10533 = DIRECTION('',(0.,1.,0.));
#10534 = ORIENTED_EDGE('',*,*,#10535,.F.);
#10535 = EDGE_CURVE('',#10478,#10528,#10536,.T.);
#10536 = LINE('',#10537,#10538);
#10537 = CARTESIAN_POINT('',(-270.,360.,140.));
#10538 = VECTOR('',#10539,1.);
#10539 = DIRECTION('',(1.,0.,0.));
#10540 = PLANE('',#10541);
#10541 = AXIS2_PLACEMENT_3D('',#10542,#10543,#10544);
#10542 = CARTESIAN_POINT('',(-270.,324.,140.));
#10543 = DIRECTION('',(0.,0.,1.));
#10544 = DIRECTION('',(1.,0.,0.));
#10545 = ADVANCED_FACE('',(#10546),#10621,.F.);
#10546 = FACE_BOUND('',#10547,.F.);
#10547 = EDGE_LOOP('',(#10548,#10558,#10566,#10574,#10582,#10591,#10597,
    #10598,#10606,#10615));
#10548 = ORIENTED_EDGE('',*,*,#10549,.F.);
#10549 = EDGE_CURVE('',#10550,#10552,#10554,.T.);
#10550 = VERTEX_POINT('',#10551);
#10551 = CARTESIAN_POINT('',(-270.,100.,140.));
#10552 = VERTEX_POINT('',#10553);
#10553 = CARTESIAN_POINT('',(-270.,136.,140.));
#10554 = LINE('',#10555,#10556);
#10555 = CARTESIAN_POINT('',(-270.,100.,140.));
#10556 = VECTOR('',#10557,1.);
#10557 = DIRECTION('',(0.,1.,0.));
#10558 = ORIENTED_EDGE('',*,*,#10559,.T.);
#10559 = EDGE_CURVE('',#10550,#10560,#10562,.T.);
#10560 = VERTEX_POINT('',#10561);
#10561 = CARTESIAN_POINT('',(130.,100.,140.));
#10562 = LINE('',#10563,#10564);
#10563 = CARTESIAN_POINT('',(-270.,100.,140.));
#10564 = VECTOR('',#10565,1.);
#10565 = DIRECTION('',(1.,0.,0.));
#10566 = ORIENTED_EDGE('',*,*,#10567,.T.);
#10567 = EDGE_CURVE('',#10560,#10568,#10570,.T.);
#10568 = VERTEX_POINT('',#10569);
#10569 = CARTESIAN_POINT('',(130.,136.,140.));
#10570 = LINE('',#10571,#10572);
#10571 = CARTESIAN_POINT('',(130.,100.,140.));
#10572 = VECTOR('',#10573,1.);
#10573 = DIRECTION('',(0.,1.,0.));
#10574 = ORIENTED_EDGE('',*,*,#10575,.F.);
#10575 = EDGE_CURVE('',#10576,#10568,#10578,.T.);
#10576 = VERTEX_POINT('',#10577);
#10577 = CARTESIAN_POINT('',(101.63330765278,136.,140.));
#10578 = LINE('',#10579,#10580);
#10579 = CARTESIAN_POINT('',(-270.,136.,140.));
#10580 = VECTOR('',#10581,1.);
#10581 = DIRECTION('',(1.,0.,0.));
#10582 = ORIENTED_EDGE('',*,*,#10583,.F.);
#10583 = EDGE_CURVE('',#10584,#10576,#10586,.T.);
#10584 = VERTEX_POINT('',#10585);
#10585 = CARTESIAN_POINT('',(58.366692347216,136.,140.));
#10586 = CIRCLE('',#10587,22.);
#10587 = AXIS2_PLACEMENT_3D('',#10588,#10589,#10590);
#10588 = CARTESIAN_POINT('',(80.,140.,140.));
#10589 = DIRECTION('',(0.,0.,1.));
#10590 = DIRECTION('',(1.,0.,0.));
#10591 = ORIENTED_EDGE('',*,*,#10592,.F.);
#10592 = EDGE_CURVE('',#10159,#10584,#10593,.T.);
#10593 = LINE('',#10594,#10595);
#10594 = CARTESIAN_POINT('',(-270.,136.,140.));
#10595 = VECTOR('',#10596,1.);
#10596 = DIRECTION('',(1.,0.,0.));
#10597 = ORIENTED_EDGE('',*,*,#10158,.F.);
#10598 = ORIENTED_EDGE('',*,*,#10599,.F.);
#10599 = EDGE_CURVE('',#10600,#10149,#10602,.T.);
#10600 = VERTEX_POINT('',#10601);
#10601 = CARTESIAN_POINT('',(-198.3666923472,136.,140.));
#10602 = LINE('',#10603,#10604);
#10603 = CARTESIAN_POINT('',(-270.,136.,140.));
#10604 = VECTOR('',#10605,1.);
#10605 = DIRECTION('',(1.,0.,0.));
#10606 = ORIENTED_EDGE('',*,*,#10607,.F.);
#10607 = EDGE_CURVE('',#10608,#10600,#10610,.T.);
#10608 = VERTEX_POINT('',#10609);
#10609 = CARTESIAN_POINT('',(-241.6333076527,136.,140.));
#10610 = CIRCLE('',#10611,22.);
#10611 = AXIS2_PLACEMENT_3D('',#10612,#10613,#10614);
#10612 = CARTESIAN_POINT('',(-220.,140.,140.));
#10613 = DIRECTION('',(0.,0.,1.));
#10614 = DIRECTION('',(1.,0.,0.));
#10615 = ORIENTED_EDGE('',*,*,#10616,.F.);
#10616 = EDGE_CURVE('',#10552,#10608,#10617,.T.);
#10617 = LINE('',#10618,#10619);
#10618 = CARTESIAN_POINT('',(-270.,136.,140.));
#10619 = VECTOR('',#10620,1.);
#10620 = DIRECTION('',(1.,0.,0.));
#10621 = PLANE('',#10622);
#10622 = AXIS2_PLACEMENT_3D('',#10623,#10624,#10625);
#10623 = CARTESIAN_POINT('',(-270.,100.,140.));
#10624 = DIRECTION('',(0.,0.,1.));
#10625 = DIRECTION('',(1.,0.,0.));
#10626 = ADVANCED_FACE('',(#10627),#10653,.T.);
#10627 = FACE_BOUND('',#10628,.T.);
#10628 = EDGE_LOOP('',(#10629,#10630,#10631,#10639,#10647));
#10629 = ORIENTED_EDGE('',*,*,#10592,.F.);
#10630 = ORIENTED_EDGE('',*,*,#10188,.T.);
#10631 = ORIENTED_EDGE('',*,*,#10632,.T.);
#10632 = EDGE_CURVE('',#10189,#10633,#10635,.T.);
#10633 = VERTEX_POINT('',#10634);
#10634 = CARTESIAN_POINT('',(59.,136.,165.));
#10635 = LINE('',#10636,#10637);
#10636 = CARTESIAN_POINT('',(-270.,136.,165.));
#10637 = VECTOR('',#10638,1.);
#10638 = DIRECTION('',(1.,0.,0.));
#10639 = ORIENTED_EDGE('',*,*,#10640,.F.);
#10640 = EDGE_CURVE('',#10641,#10633,#10643,.T.);
#10641 = VERTEX_POINT('',#10642);
#10642 = CARTESIAN_POINT('',(59.,136.,140.));
#10643 = LINE('',#10644,#10645);
#10644 = CARTESIAN_POINT('',(59.,136.,140.));
#10645 = VECTOR('',#10646,1.);
#10646 = DIRECTION('',(0.,0.,1.));
#10647 = ORIENTED_EDGE('',*,*,#10648,.F.);
#10648 = EDGE_CURVE('',#10584,#10641,#10649,.T.);
#10649 = LINE('',#10650,#10651);
#10650 = CARTESIAN_POINT('',(-270.,136.,140.));
#10651 = VECTOR('',#10652,1.);
#10652 = DIRECTION('',(1.,0.,0.));
#10653 = PLANE('',#10654);
#10654 = AXIS2_PLACEMENT_3D('',#10655,#10656,#10657);
#10655 = CARTESIAN_POINT('',(-270.,136.,140.));
#10656 = DIRECTION('',(0.,1.,0.));
#10657 = DIRECTION('',(0.,0.,1.));
#10658 = ADVANCED_FACE('',(#10659),#10665,.T.);
#10659 = FACE_BOUND('',#10660,.T.);
#10660 = EDGE_LOOP('',(#10661,#10662,#10663,#10664));
#10661 = ORIENTED_EDGE('',*,*,#10437,.T.);
#10662 = ORIENTED_EDGE('',*,*,#10314,.F.);
#10663 = ORIENTED_EDGE('',*,*,#10215,.F.);
#10664 = ORIENTED_EDGE('',*,*,#10421,.T.);
#10665 = CYLINDRICAL_SURFACE('',#10666,19.);
#10666 = AXIS2_PLACEMENT_3D('',#10667,#10668,#10669);
#10667 = CARTESIAN_POINT('',(-40.,185.,153.5));
#10668 = DIRECTION('',(0.,0.,1.));
#10669 = DIRECTION('',(1.,0.,0.));
#10670 = ADVANCED_FACE('',(#10671),#10692,.T.);
#10671 = FACE_BOUND('',#10672,.T.);
#10672 = EDGE_LOOP('',(#10673,#10681,#10688,#10689,#10690,#10691));
#10673 = ORIENTED_EDGE('',*,*,#10674,.T.);
#10674 = EDGE_CURVE('',#10289,#10675,#10677,.T.);
#10675 = VERTEX_POINT('',#10676);
#10676 = CARTESIAN_POINT('',(-18.,185.,175.));
#10677 = LINE('',#10678,#10679);
#10678 = CARTESIAN_POINT('',(-18.,185.,165.));
#10679 = VECTOR('',#10680,1.);
#10680 = DIRECTION('',(0.,0.,1.));
#10681 = ORIENTED_EDGE('',*,*,#10682,.F.);
#10682 = EDGE_CURVE('',#10675,#10675,#10683,.T.);
#10683 = CIRCLE('',#10684,22.);
#10684 = AXIS2_PLACEMENT_3D('',#10685,#10686,#10687);
#10685 = CARTESIAN_POINT('',(-40.,185.,175.));
#10686 = DIRECTION('',(0.,0.,1.));
#10687 = DIRECTION('',(1.,0.,0.));
#10688 = ORIENTED_EDGE('',*,*,#10674,.F.);
#10689 = ORIENTED_EDGE('',*,*,#10297,.T.);
#10690 = ORIENTED_EDGE('',*,*,#10347,.T.);
#10691 = ORIENTED_EDGE('',*,*,#10288,.T.);
#10692 = CYLINDRICAL_SURFACE('',#10693,22.);
#10693 = AXIS2_PLACEMENT_3D('',#10694,#10695,#10696);
#10694 = CARTESIAN_POINT('',(-40.,185.,165.));
#10695 = DIRECTION('',(0.,0.,1.));
#10696 = DIRECTION('',(1.,0.,0.));
#10697 = ADVANCED_FACE('',(#10698),#10780,.T.);
#10698 = FACE_BOUND('',#10699,.T.);
#10699 = EDGE_LOOP('',(#10700,#10710,#10718,#10726,#10734,#10740,#10741,
    #10742,#10750,#10758,#10766,#10774));
#10700 = ORIENTED_EDGE('',*,*,#10701,.F.);
#10701 = EDGE_CURVE('',#10702,#10704,#10706,.T.);
#10702 = VERTEX_POINT('',#10703);
#10703 = CARTESIAN_POINT('',(-270.,324.,165.));
#10704 = VERTEX_POINT('',#10705);
#10705 = CARTESIAN_POINT('',(-270.,360.,165.));
#10706 = LINE('',#10707,#10708);
#10707 = CARTESIAN_POINT('',(-270.,324.,165.));
#10708 = VECTOR('',#10709,1.);
#10709 = DIRECTION('',(0.,1.,0.));
#10710 = ORIENTED_EDGE('',*,*,#10711,.T.);
#10711 = EDGE_CURVE('',#10702,#10712,#10714,.T.);
#10712 = VERTEX_POINT('',#10713);
#10713 = CARTESIAN_POINT('',(-241.,324.,165.));
#10714 = LINE('',#10715,#10716);
#10715 = CARTESIAN_POINT('',(-270.,324.,165.));
#10716 = VECTOR('',#10717,1.);
#10717 = DIRECTION('',(1.,0.,0.));
#10718 = ORIENTED_EDGE('',*,*,#10719,.T.);
#10719 = EDGE_CURVE('',#10712,#10720,#10722,.T.);
#10720 = VERTEX_POINT('',#10721);
#10721 = CARTESIAN_POINT('',(-234.,324.,165.));
#10722 = LINE('',#10723,#10724);
#10723 = CARTESIAN_POINT('',(-270.,324.,165.));
#10724 = VECTOR('',#10725,1.);
#10725 = DIRECTION('',(1.,0.,0.));
#10726 = ORIENTED_EDGE('',*,*,#10727,.T.);
#10727 = EDGE_CURVE('',#10720,#10728,#10730,.T.);
#10728 = VERTEX_POINT('',#10729);
#10729 = CARTESIAN_POINT('',(-199.,324.,165.));
#10730 = LINE('',#10731,#10732);
#10731 = CARTESIAN_POINT('',(-270.,324.,165.));
#10732 = VECTOR('',#10733,1.);
#10733 = DIRECTION('',(1.,0.,0.));
#10734 = ORIENTED_EDGE('',*,*,#10735,.T.);
#10735 = EDGE_CURVE('',#10728,#10333,#10736,.T.);
#10736 = LINE('',#10737,#10738);
#10737 = CARTESIAN_POINT('',(-270.,324.,165.));
#10738 = VECTOR('',#10739,1.);
#10739 = DIRECTION('',(1.,0.,0.));
#10740 = ORIENTED_EDGE('',*,*,#10355,.T.);
#10741 = ORIENTED_EDGE('',*,*,#10378,.T.);
#10742 = ORIENTED_EDGE('',*,*,#10743,.T.);
#10743 = EDGE_CURVE('',#10379,#10744,#10746,.T.);
#10744 = VERTEX_POINT('',#10745);
#10745 = CARTESIAN_POINT('',(94.,324.,165.));
#10746 = LINE('',#10747,#10748);
#10747 = CARTESIAN_POINT('',(-270.,324.,165.));
#10748 = VECTOR('',#10749,1.);
#10749 = DIRECTION('',(1.,0.,0.));
#10750 = ORIENTED_EDGE('',*,*,#10751,.T.);
#10751 = EDGE_CURVE('',#10744,#10752,#10754,.T.);
#10752 = VERTEX_POINT('',#10753);
#10753 = CARTESIAN_POINT('',(101.,324.,165.));
#10754 = LINE('',#10755,#10756);
#10755 = CARTESIAN_POINT('',(-270.,324.,165.));
#10756 = VECTOR('',#10757,1.);
#10757 = DIRECTION('',(1.,0.,0.));
#10758 = ORIENTED_EDGE('',*,*,#10759,.T.);
#10759 = EDGE_CURVE('',#10752,#10760,#10762,.T.);
#10760 = VERTEX_POINT('',#10761);
#10761 = CARTESIAN_POINT('',(130.,324.,165.));
#10762 = LINE('',#10763,#10764);
#10763 = CARTESIAN_POINT('',(-270.,324.,165.));
#10764 = VECTOR('',#10765,1.);
#10765 = DIRECTION('',(1.,0.,0.));
#10766 = ORIENTED_EDGE('',*,*,#10767,.T.);
#10767 = EDGE_CURVE('',#10760,#10768,#10770,.T.);
#10768 = VERTEX_POINT('',#10769);
#10769 = CARTESIAN_POINT('',(130.,360.,165.));
#10770 = LINE('',#10771,#10772);
#10771 = CARTESIAN_POINT('',(130.,324.,165.));
#10772 = VECTOR('',#10773,1.);
#10773 = DIRECTION('',(0.,1.,0.));
#10774 = ORIENTED_EDGE('',*,*,#10775,.F.);
#10775 = EDGE_CURVE('',#10704,#10768,#10776,.T.);
#10776 = LINE('',#10777,#10778);
#10777 = CARTESIAN_POINT('',(-270.,360.,165.));
#10778 = VECTOR('',#10779,1.);
#10779 = DIRECTION('',(1.,0.,0.));
#10780 = PLANE('',#10781);
#10781 = AXIS2_PLACEMENT_3D('',#10782,#10783,#10784);
#10782 = CARTESIAN_POINT('',(-270.,324.,165.));
#10783 = DIRECTION('',(0.,0.,1.));
#10784 = DIRECTION('',(1.,0.,0.));
#10785 = ADVANCED_FACE('',(#10786),#10868,.T.);
#10786 = FACE_BOUND('',#10787,.T.);
#10787 = EDGE_LOOP('',(#10788,#10798,#10806,#10814,#10822,#10830,#10836,
    #10837,#10838,#10846,#10854,#10862));
#10788 = ORIENTED_EDGE('',*,*,#10789,.F.);
#10789 = EDGE_CURVE('',#10790,#10792,#10794,.T.);
#10790 = VERTEX_POINT('',#10791);
#10791 = CARTESIAN_POINT('',(-270.,100.,165.));
#10792 = VERTEX_POINT('',#10793);
#10793 = CARTESIAN_POINT('',(-270.,136.,165.));
#10794 = LINE('',#10795,#10796);
#10795 = CARTESIAN_POINT('',(-270.,100.,165.));
#10796 = VECTOR('',#10797,1.);
#10797 = DIRECTION('',(0.,1.,0.));
#10798 = ORIENTED_EDGE('',*,*,#10799,.T.);
#10799 = EDGE_CURVE('',#10790,#10800,#10802,.T.);
#10800 = VERTEX_POINT('',#10801);
#10801 = CARTESIAN_POINT('',(130.,100.,165.));
#10802 = LINE('',#10803,#10804);
#10803 = CARTESIAN_POINT('',(-270.,100.,165.));
#10804 = VECTOR('',#10805,1.);
#10805 = DIRECTION('',(1.,0.,0.));
#10806 = ORIENTED_EDGE('',*,*,#10807,.T.);
#10807 = EDGE_CURVE('',#10800,#10808,#10810,.T.);
#10808 = VERTEX_POINT('',#10809);
#10809 = CARTESIAN_POINT('',(130.,136.,165.));
#10810 = LINE('',#10811,#10812);
#10811 = CARTESIAN_POINT('',(130.,100.,165.));
#10812 = VECTOR('',#10813,1.);
#10813 = DIRECTION('',(0.,1.,0.));
#10814 = ORIENTED_EDGE('',*,*,#10815,.F.);
#10815 = EDGE_CURVE('',#10816,#10808,#10818,.T.);
#10816 = VERTEX_POINT('',#10817);
#10817 = CARTESIAN_POINT('',(101.,136.,165.));
#10818 = LINE('',#10819,#10820);
#10819 = CARTESIAN_POINT('',(-270.,136.,165.));
#10820 = VECTOR('',#10821,1.);
#10821 = DIRECTION('',(1.,0.,0.));
#10822 = ORIENTED_EDGE('',*,*,#10823,.F.);
#10823 = EDGE_CURVE('',#10824,#10816,#10826,.T.);
#10824 = VERTEX_POINT('',#10825);
#10825 = CARTESIAN_POINT('',(94.,136.,165.));
#10826 = LINE('',#10827,#10828);
#10827 = CARTESIAN_POINT('',(-270.,136.,165.));
#10828 = VECTOR('',#10829,1.);
#10829 = DIRECTION('',(1.,0.,0.));
#10830 = ORIENTED_EDGE('',*,*,#10831,.F.);
#10831 = EDGE_CURVE('',#10633,#10824,#10832,.T.);
#10832 = LINE('',#10833,#10834);
#10833 = CARTESIAN_POINT('',(-270.,136.,165.));
#10834 = VECTOR('',#10835,1.);
#10835 = DIRECTION('',(1.,0.,0.));
#10836 = ORIENTED_EDGE('',*,*,#10632,.F.);
#10837 = ORIENTED_EDGE('',*,*,#10340,.F.);
#10838 = ORIENTED_EDGE('',*,*,#10839,.F.);
#10839 = EDGE_CURVE('',#10840,#10331,#10842,.T.);
#10840 = VERTEX_POINT('',#10841);
#10841 = CARTESIAN_POINT('',(-199.,136.,165.));
#10842 = LINE('',#10843,#10844);
#10843 = CARTESIAN_POINT('',(-270.,136.,165.));
#10844 = VECTOR('',#10845,1.);
#10845 = DIRECTION('',(1.,0.,0.));
#10846 = ORIENTED_EDGE('',*,*,#10847,.F.);
#10847 = EDGE_CURVE('',#10848,#10840,#10850,.T.);
#10848 = VERTEX_POINT('',#10849);
#10849 = CARTESIAN_POINT('',(-234.,136.,165.));
#10850 = LINE('',#10851,#10852);
#10851 = CARTESIAN_POINT('',(-270.,136.,165.));
#10852 = VECTOR('',#10853,1.);
#10853 = DIRECTION('',(1.,0.,0.));
#10854 = ORIENTED_EDGE('',*,*,#10855,.F.);
#10855 = EDGE_CURVE('',#10856,#10848,#10858,.T.);
#10856 = VERTEX_POINT('',#10857);
#10857 = CARTESIAN_POINT('',(-241.,136.,165.));
#10858 = LINE('',#10859,#10860);
#10859 = CARTESIAN_POINT('',(-270.,136.,165.));
#10860 = VECTOR('',#10861,1.);
#10861 = DIRECTION('',(1.,0.,0.));
#10862 = ORIENTED_EDGE('',*,*,#10863,.F.);
#10863 = EDGE_CURVE('',#10792,#10856,#10864,.T.);
#10864 = LINE('',#10865,#10866);
#10865 = CARTESIAN_POINT('',(-270.,136.,165.));
#10866 = VECTOR('',#10867,1.);
#10867 = DIRECTION('',(1.,0.,0.));
#10868 = PLANE('',#10869);
#10869 = AXIS2_PLACEMENT_3D('',#10870,#10871,#10872);
#10870 = CARTESIAN_POINT('',(-270.,100.,165.));
#10871 = DIRECTION('',(0.,0.,1.));
#10872 = DIRECTION('',(1.,0.,0.));
#10873 = ADVANCED_FACE('',(#10874),#10892,.T.);
#10874 = FACE_BOUND('',#10875,.T.);
#10875 = EDGE_LOOP('',(#10876,#10877,#10886));
#10876 = ORIENTED_EDGE('',*,*,#10394,.F.);
#10877 = ORIENTED_EDGE('',*,*,#10878,.T.);
#10878 = EDGE_CURVE('',#10370,#10879,#10881,.T.);
#10879 = VERTEX_POINT('',#10880);
#10880 = CARTESIAN_POINT('',(59.,313.44256147569,140.));
#10881 = CIRCLE('',#10882,22.);
#10882 = AXIS2_PLACEMENT_3D('',#10883,#10884,#10885);
#10883 = CARTESIAN_POINT('',(80.,320.,140.));
#10884 = DIRECTION('',(0.,0.,1.));
#10885 = DIRECTION('',(1.,0.,0.));
#10886 = ORIENTED_EDGE('',*,*,#10887,.T.);
#10887 = EDGE_CURVE('',#10879,#10387,#10888,.T.);
#10888 = LINE('',#10889,#10890);
#10889 = CARTESIAN_POINT('',(59.,136.,140.));
#10890 = VECTOR('',#10891,1.);
#10891 = DIRECTION('',(0.,1.,0.));
#10892 = PLANE('',#10893);
#10893 = AXIS2_PLACEMENT_3D('',#10894,#10895,#10896);
#10894 = CARTESIAN_POINT('',(80.,320.,140.));
#10895 = DIRECTION('',(0.,0.,1.));
#10896 = DIRECTION('',(1.,0.,0.));
#10897 = ADVANCED_FACE('',(#10898),#10923,.F.);
#10898 = FACE_BOUND('',#10899,.F.);
#10899 = EDGE_LOOP('',(#10900,#10901,#10909,#10915,#10916,#10917));
#10900 = ORIENTED_EDGE('',*,*,#10640,.F.);
#10901 = ORIENTED_EDGE('',*,*,#10902,.T.);
#10902 = EDGE_CURVE('',#10641,#10903,#10905,.T.);
#10903 = VERTEX_POINT('',#10904);
#10904 = CARTESIAN_POINT('',(59.,146.5574385243,140.));
#10905 = LINE('',#10906,#10907);
#10906 = CARTESIAN_POINT('',(59.,136.,140.));
#10907 = VECTOR('',#10908,1.);
#10908 = DIRECTION('',(0.,1.,0.));
#10909 = ORIENTED_EDGE('',*,*,#10910,.T.);
#10910 = EDGE_CURVE('',#10903,#10879,#10911,.T.);
#10911 = LINE('',#10912,#10913);
#10912 = CARTESIAN_POINT('',(59.,136.,140.));
#10913 = VECTOR('',#10914,1.);
#10914 = DIRECTION('',(0.,1.,0.));
#10915 = ORIENTED_EDGE('',*,*,#10887,.T.);
#10916 = ORIENTED_EDGE('',*,*,#10386,.T.);
#10917 = ORIENTED_EDGE('',*,*,#10918,.F.);
#10918 = EDGE_CURVE('',#10633,#10379,#10919,.T.);
#10919 = LINE('',#10920,#10921);
#10920 = CARTESIAN_POINT('',(59.,136.,165.));
#10921 = VECTOR('',#10922,1.);
#10922 = DIRECTION('',(0.,1.,0.));
#10923 = PLANE('',#10924);
#10924 = AXIS2_PLACEMENT_3D('',#10925,#10926,#10927);
#10925 = CARTESIAN_POINT('',(59.,136.,140.));
#10926 = DIRECTION('',(1.,0.,0.));
#10927 = DIRECTION('',(0.,0.,1.));
#10928 = ADVANCED_FACE('',(#10929),#10948,.T.);
#10929 = FACE_BOUND('',#10930,.T.);
#10930 = EDGE_LOOP('',(#10931,#10939,#10945,#10946,#10947));
#10931 = ORIENTED_EDGE('',*,*,#10932,.F.);
#10932 = EDGE_CURVE('',#10933,#10600,#10935,.T.);
#10933 = VERTEX_POINT('',#10934);
#10934 = CARTESIAN_POINT('',(-199.,136.,140.));
#10935 = LINE('',#10936,#10937);
#10936 = CARTESIAN_POINT('',(-270.,136.,140.));
#10937 = VECTOR('',#10938,1.);
#10938 = DIRECTION('',(1.,0.,0.));
#10939 = ORIENTED_EDGE('',*,*,#10940,.T.);
#10940 = EDGE_CURVE('',#10933,#10840,#10941,.T.);
#10941 = LINE('',#10942,#10943);
#10942 = CARTESIAN_POINT('',(-199.,136.,140.));
#10943 = VECTOR('',#10944,1.);
#10944 = DIRECTION('',(0.,0.,1.));
#10945 = ORIENTED_EDGE('',*,*,#10839,.T.);
#10946 = ORIENTED_EDGE('',*,*,#10453,.F.);
#10947 = ORIENTED_EDGE('',*,*,#10599,.F.);
#10948 = PLANE('',#10949);
#10949 = AXIS2_PLACEMENT_3D('',#10950,#10951,#10952);
#10950 = CARTESIAN_POINT('',(-270.,136.,140.));
#10951 = DIRECTION('',(0.,1.,0.));
#10952 = DIRECTION('',(0.,0.,1.));
#10953 = ADVANCED_FACE('',(#10954),#10973,.F.);
#10954 = FACE_BOUND('',#10955,.F.);
#10955 = EDGE_LOOP('',(#10956,#10964,#10970,#10971,#10972));
#10956 = ORIENTED_EDGE('',*,*,#10957,.F.);
#10957 = EDGE_CURVE('',#10958,#10494,#10960,.T.);
#10958 = VERTEX_POINT('',#10959);
#10959 = CARTESIAN_POINT('',(-199.,324.,140.));
#10960 = LINE('',#10961,#10962);
#10961 = CARTESIAN_POINT('',(-270.,324.,140.));
#10962 = VECTOR('',#10963,1.);
#10963 = DIRECTION('',(1.,0.,0.));
#10964 = ORIENTED_EDGE('',*,*,#10965,.T.);
#10965 = EDGE_CURVE('',#10958,#10728,#10966,.T.);
#10966 = LINE('',#10967,#10968);
#10967 = CARTESIAN_POINT('',(-199.,324.,140.));
#10968 = VECTOR('',#10969,1.);
#10969 = DIRECTION('',(0.,0.,1.));
#10970 = ORIENTED_EDGE('',*,*,#10735,.T.);
#10971 = ORIENTED_EDGE('',*,*,#10460,.F.);
#10972 = ORIENTED_EDGE('',*,*,#10502,.F.);
#10973 = PLANE('',#10974);
#10974 = AXIS2_PLACEMENT_3D('',#10975,#10976,#10977);
#10975 = CARTESIAN_POINT('',(-270.,324.,140.));
#10976 = DIRECTION('',(0.,1.,0.));
#10977 = DIRECTION('',(0.,0.,1.));
#10978 = ADVANCED_FACE('',(#10979),#10995,.F.);
#10979 = FACE_BOUND('',#10980,.F.);
#10980 = EDGE_LOOP('',(#10981,#10987,#10988,#10994));
#10981 = ORIENTED_EDGE('',*,*,#10982,.F.);
#10982 = EDGE_CURVE('',#10476,#10702,#10983,.T.);
#10983 = LINE('',#10984,#10985);
#10984 = CARTESIAN_POINT('',(-270.,324.,140.));
#10985 = VECTOR('',#10986,1.);
#10986 = DIRECTION('',(0.,0.,1.));
#10987 = ORIENTED_EDGE('',*,*,#10475,.T.);
#10988 = ORIENTED_EDGE('',*,*,#10989,.T.);
#10989 = EDGE_CURVE('',#10478,#10704,#10990,.T.);
#10990 = LINE('',#10991,#10992);
#10991 = CARTESIAN_POINT('',(-270.,360.,140.));
#10992 = VECTOR('',#10993,1.);
#10993 = DIRECTION('',(0.,0.,1.));
#10994 = ORIENTED_EDGE('',*,*,#10701,.F.);
#10995 = PLANE('',#10996);
#10996 = AXIS2_PLACEMENT_3D('',#10997,#10998,#10999);
#10997 = CARTESIAN_POINT('',(-270.,324.,140.));
#10998 = DIRECTION('',(1.,0.,0.));
#10999 = DIRECTION('',(0.,0.,1.));
#11000 = ADVANCED_FACE('',(#11001),#11012,.T.);
#11001 = FACE_BOUND('',#11002,.T.);
#11002 = EDGE_LOOP('',(#11003,#11004,#11005,#11006));
#11003 = ORIENTED_EDGE('',*,*,#10535,.F.);
#11004 = ORIENTED_EDGE('',*,*,#10989,.T.);
#11005 = ORIENTED_EDGE('',*,*,#10775,.T.);
#11006 = ORIENTED_EDGE('',*,*,#11007,.F.);
#11007 = EDGE_CURVE('',#10528,#10768,#11008,.T.);
#11008 = LINE('',#11009,#11010);
#11009 = CARTESIAN_POINT('',(130.,360.,140.));
#11010 = VECTOR('',#11011,1.);
#11011 = DIRECTION('',(0.,0.,1.));
#11012 = PLANE('',#11013);
#11013 = AXIS2_PLACEMENT_3D('',#11014,#11015,#11016);
#11014 = CARTESIAN_POINT('',(-270.,360.,140.));
#11015 = DIRECTION('',(0.,1.,0.));
#11016 = DIRECTION('',(0.,0.,1.));
#11017 = ADVANCED_FACE('',(#11018),#11029,.T.);
#11018 = FACE_BOUND('',#11019,.T.);
#11019 = EDGE_LOOP('',(#11020,#11026,#11027,#11028));
#11020 = ORIENTED_EDGE('',*,*,#11021,.F.);
#11021 = EDGE_CURVE('',#10520,#10760,#11022,.T.);
#11022 = LINE('',#11023,#11024);
#11023 = CARTESIAN_POINT('',(130.,324.,140.));
#11024 = VECTOR('',#11025,1.);
#11025 = DIRECTION('',(0.,0.,1.));
#11026 = ORIENTED_EDGE('',*,*,#10527,.T.);
#11027 = ORIENTED_EDGE('',*,*,#11007,.T.);
#11028 = ORIENTED_EDGE('',*,*,#10767,.F.);
#11029 = PLANE('',#11030);
#11030 = AXIS2_PLACEMENT_3D('',#11031,#11032,#11033);
#11031 = CARTESIAN_POINT('',(130.,324.,140.));
#11032 = DIRECTION('',(1.,0.,0.));
#11033 = DIRECTION('',(0.,0.,1.));
#11034 = ADVANCED_FACE('',(#11035),#11087,.F.);
#11035 = FACE_BOUND('',#11036,.F.);
#11036 = EDGE_LOOP('',(#11037,#11047,#11056,#11063,#11064,#11070,#11071,
    #11080));
#11037 = ORIENTED_EDGE('',*,*,#11038,.F.);
#11038 = EDGE_CURVE('',#11039,#11041,#11043,.T.);
#11039 = VERTEX_POINT('',#11040);
#11040 = CARTESIAN_POINT('',(101.,146.5574385243,140.));
#11041 = VERTEX_POINT('',#11042);
#11042 = CARTESIAN_POINT('',(101.,313.44256147569,140.));
#11043 = LINE('',#11044,#11045);
#11044 = CARTESIAN_POINT('',(101.,136.,140.));
#11045 = VECTOR('',#11046,1.);
#11046 = DIRECTION('',(0.,1.,0.));
#11047 = ORIENTED_EDGE('',*,*,#11048,.F.);
#11048 = EDGE_CURVE('',#11049,#11039,#11051,.T.);
#11049 = VERTEX_POINT('',#11050);
#11050 = CARTESIAN_POINT('',(102.,140.,140.));
#11051 = CIRCLE('',#11052,22.);
#11052 = AXIS2_PLACEMENT_3D('',#11053,#11054,#11055);
#11053 = CARTESIAN_POINT('',(80.,140.,140.));
#11054 = DIRECTION('',(0.,0.,1.));
#11055 = DIRECTION('',(1.,0.,0.));
#11056 = ORIENTED_EDGE('',*,*,#11057,.F.);
#11057 = EDGE_CURVE('',#10576,#11049,#11058,.T.);
#11058 = CIRCLE('',#11059,22.);
#11059 = AXIS2_PLACEMENT_3D('',#11060,#11061,#11062);
#11060 = CARTESIAN_POINT('',(80.,140.,140.));
#11061 = DIRECTION('',(0.,0.,1.));
#11062 = DIRECTION('',(1.,0.,0.));
#11063 = ORIENTED_EDGE('',*,*,#10575,.T.);
#11064 = ORIENTED_EDGE('',*,*,#11065,.T.);
#11065 = EDGE_CURVE('',#10568,#10520,#11066,.T.);
#11066 = LINE('',#11067,#11068);
#11067 = CARTESIAN_POINT('',(130.,136.,140.));
#11068 = VECTOR('',#11069,1.);
#11069 = DIRECTION('',(0.,1.,0.));
#11070 = ORIENTED_EDGE('',*,*,#10519,.F.);
#11071 = ORIENTED_EDGE('',*,*,#11072,.F.);
#11072 = EDGE_CURVE('',#11073,#10511,#11075,.T.);
#11073 = VERTEX_POINT('',#11074);
#11074 = CARTESIAN_POINT('',(102.,320.,140.));
#11075 = CIRCLE('',#11076,22.);
#11076 = AXIS2_PLACEMENT_3D('',#11077,#11078,#11079);
#11077 = CARTESIAN_POINT('',(80.,320.,140.));
#11078 = DIRECTION('',(0.,0.,1.));
#11079 = DIRECTION('',(1.,0.,0.));
#11080 = ORIENTED_EDGE('',*,*,#11081,.F.);
#11081 = EDGE_CURVE('',#11041,#11073,#11082,.T.);
#11082 = CIRCLE('',#11083,22.);
#11083 = AXIS2_PLACEMENT_3D('',#11084,#11085,#11086);
#11084 = CARTESIAN_POINT('',(80.,320.,140.));
#11085 = DIRECTION('',(0.,0.,1.));
#11086 = DIRECTION('',(1.,0.,0.));
#11087 = PLANE('',#11088);
#11088 = AXIS2_PLACEMENT_3D('',#11089,#11090,#11091);
#11089 = CARTESIAN_POINT('',(94.,136.,140.));
#11090 = DIRECTION('',(0.,0.,1.));
#11091 = DIRECTION('',(1.,0.,0.));
#11092 = ADVANCED_FACE('',(#11093),#11176,.T.);
#11093 = FACE_BOUND('',#11094,.T.);
#11094 = EDGE_LOOP('',(#11095,#11103,#11104,#11113,#11120,#11121,#11122,
    #11123,#11124,#11133,#11142,#11151,#11160,#11169));
#11095 = ORIENTED_EDGE('',*,*,#11096,.T.);
#11096 = EDGE_CURVE('',#11097,#11073,#11099,.T.);
#11097 = VERTEX_POINT('',#11098);
#11098 = CARTESIAN_POINT('',(102.,320.,90.));
#11099 = LINE('',#11100,#11101);
#11100 = CARTESIAN_POINT('',(102.,320.,90.));
#11101 = VECTOR('',#11102,1.);
#11102 = DIRECTION('',(0.,0.,1.));
#11103 = ORIENTED_EDGE('',*,*,#11081,.F.);
#11104 = ORIENTED_EDGE('',*,*,#11105,.F.);
#11105 = EDGE_CURVE('',#11106,#11041,#11108,.T.);
#11106 = VERTEX_POINT('',#11107);
#11107 = CARTESIAN_POINT('',(94.,303.02943725152,140.));
#11108 = CIRCLE('',#11109,22.);
#11109 = AXIS2_PLACEMENT_3D('',#11110,#11111,#11112);
#11110 = CARTESIAN_POINT('',(80.,320.,140.));
#11111 = DIRECTION('',(0.,0.,1.));
#11112 = DIRECTION('',(1.,0.,0.));
#11113 = ORIENTED_EDGE('',*,*,#11114,.F.);
#11114 = EDGE_CURVE('',#10879,#11106,#11115,.T.);
#11115 = CIRCLE('',#11116,22.);
#11116 = AXIS2_PLACEMENT_3D('',#11117,#11118,#11119);
#11117 = CARTESIAN_POINT('',(80.,320.,140.));
#11118 = DIRECTION('',(0.,0.,1.));
#11119 = DIRECTION('',(1.,0.,0.));
#11120 = ORIENTED_EDGE('',*,*,#10878,.F.);
#11121 = ORIENTED_EDGE('',*,*,#10510,.F.);
#11122 = ORIENTED_EDGE('',*,*,#11072,.F.);
#11123 = ORIENTED_EDGE('',*,*,#11096,.F.);
#11124 = ORIENTED_EDGE('',*,*,#11125,.T.);
#11125 = EDGE_CURVE('',#11097,#11126,#11128,.T.);
#11126 = VERTEX_POINT('',#11127);
#11127 = CARTESIAN_POINT('',(101.63330765278,324.,90.));
#11128 = CIRCLE('',#11129,22.);
#11129 = AXIS2_PLACEMENT_3D('',#11130,#11131,#11132);
#11130 = CARTESIAN_POINT('',(80.,320.,90.));
#11131 = DIRECTION('',(0.,0.,1.));
#11132 = DIRECTION('',(1.,0.,0.));
#11133 = ORIENTED_EDGE('',*,*,#11134,.T.);
#11134 = EDGE_CURVE('',#11126,#11135,#11137,.T.);
#11135 = VERTEX_POINT('',#11136);
#11136 = CARTESIAN_POINT('',(58.366692347216,324.,90.));
#11137 = CIRCLE('',#11138,22.);
#11138 = AXIS2_PLACEMENT_3D('',#11139,#11140,#11141);
#11139 = CARTESIAN_POINT('',(80.,320.,90.));
#11140 = DIRECTION('',(0.,0.,1.));
#11141 = DIRECTION('',(1.,0.,0.));
#11142 = ORIENTED_EDGE('',*,*,#11143,.T.);
#11143 = EDGE_CURVE('',#11135,#11144,#11146,.T.);
#11144 = VERTEX_POINT('',#11145);
#11145 = CARTESIAN_POINT('',(59.,313.44256147569,90.));
#11146 = CIRCLE('',#11147,22.);
#11147 = AXIS2_PLACEMENT_3D('',#11148,#11149,#11150);
#11148 = CARTESIAN_POINT('',(80.,320.,90.));
#11149 = DIRECTION('',(0.,0.,1.));
#11150 = DIRECTION('',(1.,0.,0.));
#11151 = ORIENTED_EDGE('',*,*,#11152,.T.);
#11152 = EDGE_CURVE('',#11144,#11153,#11155,.T.);
#11153 = VERTEX_POINT('',#11154);
#11154 = CARTESIAN_POINT('',(94.,303.02943725152,90.));
#11155 = CIRCLE('',#11156,22.);
#11156 = AXIS2_PLACEMENT_3D('',#11157,#11158,#11159);
#11157 = CARTESIAN_POINT('',(80.,320.,90.));
#11158 = DIRECTION('',(0.,0.,1.));
#11159 = DIRECTION('',(1.,0.,0.));
#11160 = ORIENTED_EDGE('',*,*,#11161,.T.);
#11161 = EDGE_CURVE('',#11153,#11162,#11164,.T.);
#11162 = VERTEX_POINT('',#11163);
#11163 = CARTESIAN_POINT('',(101.,313.44256147569,90.));
#11164 = CIRCLE('',#11165,22.);
#11165 = AXIS2_PLACEMENT_3D('',#11166,#11167,#11168);
#11166 = CARTESIAN_POINT('',(80.,320.,90.));
#11167 = DIRECTION('',(0.,0.,1.));
#11168 = DIRECTION('',(1.,0.,0.));
#11169 = ORIENTED_EDGE('',*,*,#11170,.T.);
#11170 = EDGE_CURVE('',#11162,#11097,#11171,.T.);
#11171 = CIRCLE('',#11172,22.);
#11172 = AXIS2_PLACEMENT_3D('',#11173,#11174,#11175);
#11173 = CARTESIAN_POINT('',(80.,320.,90.));
#11174 = DIRECTION('',(0.,0.,1.));
#11175 = DIRECTION('',(1.,0.,0.));
#11176 = CYLINDRICAL_SURFACE('',#11177,22.);
#11177 = AXIS2_PLACEMENT_3D('',#11178,#11179,#11180);
#11178 = CARTESIAN_POINT('',(80.,320.,90.));
#11179 = DIRECTION('',(0.,0.,1.));
#11180 = DIRECTION('',(1.,0.,0.));
#11181 = ADVANCED_FACE('',(#11182),#11289,.T.);
#11182 = FACE_BOUND('',#11183,.T.);
#11183 = EDGE_LOOP('',(#11184,#11194,#11203,#11212,#11221,#11228,#11229,
    #11236,#11237,#11246,#11255,#11264,#11273,#11282));
#11184 = ORIENTED_EDGE('',*,*,#11185,.T.);
#11185 = EDGE_CURVE('',#11186,#11188,#11190,.T.);
#11186 = VERTEX_POINT('',#11187);
#11187 = CARTESIAN_POINT('',(-198.,320.,90.));
#11188 = VERTEX_POINT('',#11189);
#11189 = CARTESIAN_POINT('',(-198.,320.,140.));
#11190 = LINE('',#11191,#11192);
#11191 = CARTESIAN_POINT('',(-198.,320.,90.));
#11192 = VECTOR('',#11193,1.);
#11193 = DIRECTION('',(0.,0.,1.));
#11194 = ORIENTED_EDGE('',*,*,#11195,.F.);
#11195 = EDGE_CURVE('',#11196,#11188,#11198,.T.);
#11196 = VERTEX_POINT('',#11197);
#11197 = CARTESIAN_POINT('',(-199.,313.44256147569,140.));
#11198 = CIRCLE('',#11199,22.);
#11199 = AXIS2_PLACEMENT_3D('',#11200,#11201,#11202);
#11200 = CARTESIAN_POINT('',(-220.,320.,140.));
#11201 = DIRECTION('',(0.,0.,1.));
#11202 = DIRECTION('',(1.,0.,0.));
#11203 = ORIENTED_EDGE('',*,*,#11204,.F.);
#11204 = EDGE_CURVE('',#11205,#11196,#11207,.T.);
#11205 = VERTEX_POINT('',#11206);
#11206 = CARTESIAN_POINT('',(-234.,303.02943725152,140.));
#11207 = CIRCLE('',#11208,22.);
#11208 = AXIS2_PLACEMENT_3D('',#11209,#11210,#11211);
#11209 = CARTESIAN_POINT('',(-220.,320.,140.));
#11210 = DIRECTION('',(0.,0.,1.));
#11211 = DIRECTION('',(1.,0.,0.));
#11212 = ORIENTED_EDGE('',*,*,#11213,.F.);
#11213 = EDGE_CURVE('',#11214,#11205,#11216,.T.);
#11214 = VERTEX_POINT('',#11215);
#11215 = CARTESIAN_POINT('',(-241.,313.44256147569,140.));
#11216 = CIRCLE('',#11217,22.);
#11217 = AXIS2_PLACEMENT_3D('',#11218,#11219,#11220);
#11218 = CARTESIAN_POINT('',(-220.,320.,140.));
#11219 = DIRECTION('',(0.,0.,1.));
#11220 = DIRECTION('',(1.,0.,0.));
#11221 = ORIENTED_EDGE('',*,*,#11222,.F.);
#11222 = EDGE_CURVE('',#10486,#11214,#11223,.T.);
#11223 = CIRCLE('',#11224,22.);
#11224 = AXIS2_PLACEMENT_3D('',#11225,#11226,#11227);
#11225 = CARTESIAN_POINT('',(-220.,320.,140.));
#11226 = DIRECTION('',(0.,0.,1.));
#11227 = DIRECTION('',(1.,0.,0.));
#11228 = ORIENTED_EDGE('',*,*,#10493,.F.);
#11229 = ORIENTED_EDGE('',*,*,#11230,.F.);
#11230 = EDGE_CURVE('',#11188,#10494,#11231,.T.);
#11231 = CIRCLE('',#11232,22.);
#11232 = AXIS2_PLACEMENT_3D('',#11233,#11234,#11235);
#11233 = CARTESIAN_POINT('',(-220.,320.,140.));
#11234 = DIRECTION('',(0.,0.,1.));
#11235 = DIRECTION('',(1.,0.,0.));
#11236 = ORIENTED_EDGE('',*,*,#11185,.F.);
#11237 = ORIENTED_EDGE('',*,*,#11238,.T.);
#11238 = EDGE_CURVE('',#11186,#11239,#11241,.T.);
#11239 = VERTEX_POINT('',#11240);
#11240 = CARTESIAN_POINT('',(-198.3666923472,324.,90.));
#11241 = CIRCLE('',#11242,22.);
#11242 = AXIS2_PLACEMENT_3D('',#11243,#11244,#11245);
#11243 = CARTESIAN_POINT('',(-220.,320.,90.));
#11244 = DIRECTION('',(0.,0.,1.));
#11245 = DIRECTION('',(1.,0.,0.));
#11246 = ORIENTED_EDGE('',*,*,#11247,.T.);
#11247 = EDGE_CURVE('',#11239,#11248,#11250,.T.);
#11248 = VERTEX_POINT('',#11249);
#11249 = CARTESIAN_POINT('',(-241.6333076527,324.,90.));
#11250 = CIRCLE('',#11251,22.);
#11251 = AXIS2_PLACEMENT_3D('',#11252,#11253,#11254);
#11252 = CARTESIAN_POINT('',(-220.,320.,90.));
#11253 = DIRECTION('',(0.,0.,1.));
#11254 = DIRECTION('',(1.,0.,0.));
#11255 = ORIENTED_EDGE('',*,*,#11256,.T.);
#11256 = EDGE_CURVE('',#11248,#11257,#11259,.T.);
#11257 = VERTEX_POINT('',#11258);
#11258 = CARTESIAN_POINT('',(-241.,313.44256147569,90.));
#11259 = CIRCLE('',#11260,22.);
#11260 = AXIS2_PLACEMENT_3D('',#11261,#11262,#11263);
#11261 = CARTESIAN_POINT('',(-220.,320.,90.));
#11262 = DIRECTION('',(0.,0.,1.));
#11263 = DIRECTION('',(1.,0.,0.));
#11264 = ORIENTED_EDGE('',*,*,#11265,.T.);
#11265 = EDGE_CURVE('',#11257,#11266,#11268,.T.);
#11266 = VERTEX_POINT('',#11267);
#11267 = CARTESIAN_POINT('',(-234.,303.02943725152,90.));
#11268 = CIRCLE('',#11269,22.);
#11269 = AXIS2_PLACEMENT_3D('',#11270,#11271,#11272);
#11270 = CARTESIAN_POINT('',(-220.,320.,90.));
#11271 = DIRECTION('',(0.,0.,1.));
#11272 = DIRECTION('',(1.,0.,0.));
#11273 = ORIENTED_EDGE('',*,*,#11274,.T.);
#11274 = EDGE_CURVE('',#11266,#11275,#11277,.T.);
#11275 = VERTEX_POINT('',#11276);
#11276 = CARTESIAN_POINT('',(-199.,313.44256147569,90.));
#11277 = CIRCLE('',#11278,22.);
#11278 = AXIS2_PLACEMENT_3D('',#11279,#11280,#11281);
#11279 = CARTESIAN_POINT('',(-220.,320.,90.));
#11280 = DIRECTION('',(0.,0.,1.));
#11281 = DIRECTION('',(1.,0.,0.));
#11282 = ORIENTED_EDGE('',*,*,#11283,.T.);
#11283 = EDGE_CURVE('',#11275,#11186,#11284,.T.);
#11284 = CIRCLE('',#11285,22.);
#11285 = AXIS2_PLACEMENT_3D('',#11286,#11287,#11288);
#11286 = CARTESIAN_POINT('',(-220.,320.,90.));
#11287 = DIRECTION('',(0.,0.,1.));
#11288 = DIRECTION('',(1.,0.,0.));
#11289 = CYLINDRICAL_SURFACE('',#11290,22.);
#11290 = AXIS2_PLACEMENT_3D('',#11291,#11292,#11293);
#11291 = CARTESIAN_POINT('',(-220.,320.,90.));
#11292 = DIRECTION('',(0.,0.,1.));
#11293 = DIRECTION('',(1.,0.,0.));
#11294 = ADVANCED_FACE('',(#11295),#11321,.F.);
#11295 = FACE_BOUND('',#11296,.F.);
#11296 = EDGE_LOOP('',(#11297,#11303,#11304,#11313,#11319,#11320));
#11297 = ORIENTED_EDGE('',*,*,#11298,.F.);
#11298 = EDGE_CURVE('',#10552,#10476,#11299,.T.);
#11299 = LINE('',#11300,#11301);
#11300 = CARTESIAN_POINT('',(-270.,136.,140.));
#11301 = VECTOR('',#11302,1.);
#11302 = DIRECTION('',(0.,1.,0.));
#11303 = ORIENTED_EDGE('',*,*,#10616,.T.);
#11304 = ORIENTED_EDGE('',*,*,#11305,.F.);
#11305 = EDGE_CURVE('',#11306,#10608,#11308,.T.);
#11306 = VERTEX_POINT('',#11307);
#11307 = CARTESIAN_POINT('',(-241.,146.5574385243,140.));
#11308 = CIRCLE('',#11309,22.);
#11309 = AXIS2_PLACEMENT_3D('',#11310,#11311,#11312);
#11310 = CARTESIAN_POINT('',(-220.,140.,140.));
#11311 = DIRECTION('',(0.,0.,1.));
#11312 = DIRECTION('',(1.,0.,0.));
#11313 = ORIENTED_EDGE('',*,*,#11314,.T.);
#11314 = EDGE_CURVE('',#11306,#11214,#11315,.T.);
#11315 = LINE('',#11316,#11317);
#11316 = CARTESIAN_POINT('',(-241.,136.,140.));
#11317 = VECTOR('',#11318,1.);
#11318 = DIRECTION('',(0.,1.,0.));
#11319 = ORIENTED_EDGE('',*,*,#11222,.F.);
#11320 = ORIENTED_EDGE('',*,*,#10485,.F.);
#11321 = PLANE('',#11322);
#11322 = AXIS2_PLACEMENT_3D('',#11323,#11324,#11325);
#11323 = CARTESIAN_POINT('',(-270.,136.,140.));
#11324 = DIRECTION('',(0.,0.,1.));
#11325 = DIRECTION('',(1.,0.,0.));
#11326 = ADVANCED_FACE('',(#11327),#11343,.F.);
#11327 = FACE_BOUND('',#11328,.F.);
#11328 = EDGE_LOOP('',(#11329,#11335,#11336,#11342));
#11329 = ORIENTED_EDGE('',*,*,#11330,.F.);
#11330 = EDGE_CURVE('',#10550,#10790,#11331,.T.);
#11331 = LINE('',#11332,#11333);
#11332 = CARTESIAN_POINT('',(-270.,100.,140.));
#11333 = VECTOR('',#11334,1.);
#11334 = DIRECTION('',(0.,0.,1.));
#11335 = ORIENTED_EDGE('',*,*,#10549,.T.);
#11336 = ORIENTED_EDGE('',*,*,#11337,.T.);
#11337 = EDGE_CURVE('',#10552,#10792,#11338,.T.);
#11338 = LINE('',#11339,#11340);
#11339 = CARTESIAN_POINT('',(-270.,136.,140.));
#11340 = VECTOR('',#11341,1.);
#11341 = DIRECTION('',(0.,0.,1.));
#11342 = ORIENTED_EDGE('',*,*,#10789,.F.);
#11343 = PLANE('',#11344);
#11344 = AXIS2_PLACEMENT_3D('',#11345,#11346,#11347);
#11345 = CARTESIAN_POINT('',(-270.,100.,140.));
#11346 = DIRECTION('',(1.,0.,0.));
#11347 = DIRECTION('',(0.,0.,1.));
#11348 = ADVANCED_FACE('',(#11349),#11448,.T.);
#11349 = FACE_BOUND('',#11350,.T.);
#11350 = EDGE_LOOP('',(#11351,#11361,#11368,#11369,#11370,#11379,#11388,
    #11395,#11396,#11405,#11414,#11423,#11432,#11441));
#11351 = ORIENTED_EDGE('',*,*,#11352,.T.);
#11352 = EDGE_CURVE('',#11353,#11355,#11357,.T.);
#11353 = VERTEX_POINT('',#11354);
#11354 = CARTESIAN_POINT('',(-198.,140.,90.));
#11355 = VERTEX_POINT('',#11356);
#11356 = CARTESIAN_POINT('',(-198.,140.,140.));
#11357 = LINE('',#11358,#11359);
#11358 = CARTESIAN_POINT('',(-198.,140.,90.));
#11359 = VECTOR('',#11360,1.);
#11360 = DIRECTION('',(0.,0.,1.));
#11361 = ORIENTED_EDGE('',*,*,#11362,.F.);
#11362 = EDGE_CURVE('',#10600,#11355,#11363,.T.);
#11363 = CIRCLE('',#11364,22.);
#11364 = AXIS2_PLACEMENT_3D('',#11365,#11366,#11367);
#11365 = CARTESIAN_POINT('',(-220.,140.,140.));
#11366 = DIRECTION('',(0.,0.,1.));
#11367 = DIRECTION('',(1.,0.,0.));
#11368 = ORIENTED_EDGE('',*,*,#10607,.F.);
#11369 = ORIENTED_EDGE('',*,*,#11305,.F.);
#11370 = ORIENTED_EDGE('',*,*,#11371,.F.);
#11371 = EDGE_CURVE('',#11372,#11306,#11374,.T.);
#11372 = VERTEX_POINT('',#11373);
#11373 = CARTESIAN_POINT('',(-234.,156.97056274847,140.));
#11374 = CIRCLE('',#11375,22.);
#11375 = AXIS2_PLACEMENT_3D('',#11376,#11377,#11378);
#11376 = CARTESIAN_POINT('',(-220.,140.,140.));
#11377 = DIRECTION('',(0.,0.,1.));
#11378 = DIRECTION('',(1.,0.,0.));
#11379 = ORIENTED_EDGE('',*,*,#11380,.F.);
#11380 = EDGE_CURVE('',#11381,#11372,#11383,.T.);
#11381 = VERTEX_POINT('',#11382);
#11382 = CARTESIAN_POINT('',(-199.,146.5574385243,140.));
#11383 = CIRCLE('',#11384,22.);
#11384 = AXIS2_PLACEMENT_3D('',#11385,#11386,#11387);
#11385 = CARTESIAN_POINT('',(-220.,140.,140.));
#11386 = DIRECTION('',(0.,0.,1.));
#11387 = DIRECTION('',(1.,0.,0.));
#11388 = ORIENTED_EDGE('',*,*,#11389,.F.);
#11389 = EDGE_CURVE('',#11355,#11381,#11390,.T.);
#11390 = CIRCLE('',#11391,22.);
#11391 = AXIS2_PLACEMENT_3D('',#11392,#11393,#11394);
#11392 = CARTESIAN_POINT('',(-220.,140.,140.));
#11393 = DIRECTION('',(0.,0.,1.));
#11394 = DIRECTION('',(1.,0.,0.));
#11395 = ORIENTED_EDGE('',*,*,#11352,.F.);
#11396 = ORIENTED_EDGE('',*,*,#11397,.T.);
#11397 = EDGE_CURVE('',#11353,#11398,#11400,.T.);
#11398 = VERTEX_POINT('',#11399);
#11399 = CARTESIAN_POINT('',(-199.,146.5574385243,90.));
#11400 = CIRCLE('',#11401,22.);
#11401 = AXIS2_PLACEMENT_3D('',#11402,#11403,#11404);
#11402 = CARTESIAN_POINT('',(-220.,140.,90.));
#11403 = DIRECTION('',(0.,0.,1.));
#11404 = DIRECTION('',(1.,0.,0.));
#11405 = ORIENTED_EDGE('',*,*,#11406,.T.);
#11406 = EDGE_CURVE('',#11398,#11407,#11409,.T.);
#11407 = VERTEX_POINT('',#11408);
#11408 = CARTESIAN_POINT('',(-234.,156.97056274847,90.));
#11409 = CIRCLE('',#11410,22.);
#11410 = AXIS2_PLACEMENT_3D('',#11411,#11412,#11413);
#11411 = CARTESIAN_POINT('',(-220.,140.,90.));
#11412 = DIRECTION('',(0.,0.,1.));
#11413 = DIRECTION('',(1.,0.,0.));
#11414 = ORIENTED_EDGE('',*,*,#11415,.T.);
#11415 = EDGE_CURVE('',#11407,#11416,#11418,.T.);
#11416 = VERTEX_POINT('',#11417);
#11417 = CARTESIAN_POINT('',(-241.,146.5574385243,90.));
#11418 = CIRCLE('',#11419,22.);
#11419 = AXIS2_PLACEMENT_3D('',#11420,#11421,#11422);
#11420 = CARTESIAN_POINT('',(-220.,140.,90.));
#11421 = DIRECTION('',(0.,0.,1.));
#11422 = DIRECTION('',(1.,0.,0.));
#11423 = ORIENTED_EDGE('',*,*,#11424,.T.);
#11424 = EDGE_CURVE('',#11416,#11425,#11427,.T.);
#11425 = VERTEX_POINT('',#11426);
#11426 = CARTESIAN_POINT('',(-241.6333076527,136.,90.));
#11427 = CIRCLE('',#11428,22.);
#11428 = AXIS2_PLACEMENT_3D('',#11429,#11430,#11431);
#11429 = CARTESIAN_POINT('',(-220.,140.,90.));
#11430 = DIRECTION('',(0.,0.,1.));
#11431 = DIRECTION('',(1.,0.,0.));
#11432 = ORIENTED_EDGE('',*,*,#11433,.T.);
#11433 = EDGE_CURVE('',#11425,#11434,#11436,.T.);
#11434 = VERTEX_POINT('',#11435);
#11435 = CARTESIAN_POINT('',(-198.3666923472,136.,90.));
#11436 = CIRCLE('',#11437,22.);
#11437 = AXIS2_PLACEMENT_3D('',#11438,#11439,#11440);
#11438 = CARTESIAN_POINT('',(-220.,140.,90.));
#11439 = DIRECTION('',(0.,0.,1.));
#11440 = DIRECTION('',(1.,0.,0.));
#11441 = ORIENTED_EDGE('',*,*,#11442,.T.);
#11442 = EDGE_CURVE('',#11434,#11353,#11443,.T.);
#11443 = CIRCLE('',#11444,22.);
#11444 = AXIS2_PLACEMENT_3D('',#11445,#11446,#11447);
#11445 = CARTESIAN_POINT('',(-220.,140.,90.));
#11446 = DIRECTION('',(0.,0.,1.));
#11447 = DIRECTION('',(1.,0.,0.));
#11448 = CYLINDRICAL_SURFACE('',#11449,22.);
#11449 = AXIS2_PLACEMENT_3D('',#11450,#11451,#11452);
#11450 = CARTESIAN_POINT('',(-220.,140.,90.));
#11451 = DIRECTION('',(0.,0.,1.));
#11452 = DIRECTION('',(1.,0.,0.));
#11453 = ADVANCED_FACE('',(#11454),#11543,.T.);
#11454 = FACE_BOUND('',#11455,.T.);
#11455 = EDGE_LOOP('',(#11456,#11464,#11465,#11466,#11473,#11482,#11489,
    #11490,#11491,#11500,#11509,#11518,#11527,#11536));
#11456 = ORIENTED_EDGE('',*,*,#11457,.T.);
#11457 = EDGE_CURVE('',#11458,#11049,#11460,.T.);
#11458 = VERTEX_POINT('',#11459);
#11459 = CARTESIAN_POINT('',(102.,140.,90.));
#11460 = LINE('',#11461,#11462);
#11461 = CARTESIAN_POINT('',(102.,140.,90.));
#11462 = VECTOR('',#11463,1.);
#11463 = DIRECTION('',(0.,0.,1.));
#11464 = ORIENTED_EDGE('',*,*,#11057,.F.);
#11465 = ORIENTED_EDGE('',*,*,#10583,.F.);
#11466 = ORIENTED_EDGE('',*,*,#11467,.F.);
#11467 = EDGE_CURVE('',#10903,#10584,#11468,.T.);
#11468 = CIRCLE('',#11469,22.);
#11469 = AXIS2_PLACEMENT_3D('',#11470,#11471,#11472);
#11470 = CARTESIAN_POINT('',(80.,140.,140.));
#11471 = DIRECTION('',(0.,0.,1.));
#11472 = DIRECTION('',(1.,0.,0.));
#11473 = ORIENTED_EDGE('',*,*,#11474,.F.);
#11474 = EDGE_CURVE('',#11475,#10903,#11477,.T.);
#11475 = VERTEX_POINT('',#11476);
#11476 = CARTESIAN_POINT('',(94.,156.97056274847,140.));
#11477 = CIRCLE('',#11478,22.);
#11478 = AXIS2_PLACEMENT_3D('',#11479,#11480,#11481);
#11479 = CARTESIAN_POINT('',(80.,140.,140.));
#11480 = DIRECTION('',(0.,0.,1.));
#11481 = DIRECTION('',(1.,0.,0.));
#11482 = ORIENTED_EDGE('',*,*,#11483,.F.);
#11483 = EDGE_CURVE('',#11039,#11475,#11484,.T.);
#11484 = CIRCLE('',#11485,22.);
#11485 = AXIS2_PLACEMENT_3D('',#11486,#11487,#11488);
#11486 = CARTESIAN_POINT('',(80.,140.,140.));
#11487 = DIRECTION('',(0.,0.,1.));
#11488 = DIRECTION('',(1.,0.,0.));
#11489 = ORIENTED_EDGE('',*,*,#11048,.F.);
#11490 = ORIENTED_EDGE('',*,*,#11457,.F.);
#11491 = ORIENTED_EDGE('',*,*,#11492,.T.);
#11492 = EDGE_CURVE('',#11458,#11493,#11495,.T.);
#11493 = VERTEX_POINT('',#11494);
#11494 = CARTESIAN_POINT('',(101.,146.5574385243,90.));
#11495 = CIRCLE('',#11496,22.);
#11496 = AXIS2_PLACEMENT_3D('',#11497,#11498,#11499);
#11497 = CARTESIAN_POINT('',(80.,140.,90.));
#11498 = DIRECTION('',(0.,0.,1.));
#11499 = DIRECTION('',(1.,0.,0.));
#11500 = ORIENTED_EDGE('',*,*,#11501,.T.);
#11501 = EDGE_CURVE('',#11493,#11502,#11504,.T.);
#11502 = VERTEX_POINT('',#11503);
#11503 = CARTESIAN_POINT('',(94.,156.97056274847,90.));
#11504 = CIRCLE('',#11505,22.);
#11505 = AXIS2_PLACEMENT_3D('',#11506,#11507,#11508);
#11506 = CARTESIAN_POINT('',(80.,140.,90.));
#11507 = DIRECTION('',(0.,0.,1.));
#11508 = DIRECTION('',(1.,0.,0.));
#11509 = ORIENTED_EDGE('',*,*,#11510,.T.);
#11510 = EDGE_CURVE('',#11502,#11511,#11513,.T.);
#11511 = VERTEX_POINT('',#11512);
#11512 = CARTESIAN_POINT('',(59.,146.5574385243,90.));
#11513 = CIRCLE('',#11514,22.);
#11514 = AXIS2_PLACEMENT_3D('',#11515,#11516,#11517);
#11515 = CARTESIAN_POINT('',(80.,140.,90.));
#11516 = DIRECTION('',(0.,0.,1.));
#11517 = DIRECTION('',(1.,0.,0.));
#11518 = ORIENTED_EDGE('',*,*,#11519,.T.);
#11519 = EDGE_CURVE('',#11511,#11520,#11522,.T.);
#11520 = VERTEX_POINT('',#11521);
#11521 = CARTESIAN_POINT('',(58.366692347216,136.,90.));
#11522 = CIRCLE('',#11523,22.);
#11523 = AXIS2_PLACEMENT_3D('',#11524,#11525,#11526);
#11524 = CARTESIAN_POINT('',(80.,140.,90.));
#11525 = DIRECTION('',(0.,0.,1.));
#11526 = DIRECTION('',(1.,0.,0.));
#11527 = ORIENTED_EDGE('',*,*,#11528,.T.);
#11528 = EDGE_CURVE('',#11520,#11529,#11531,.T.);
#11529 = VERTEX_POINT('',#11530);
#11530 = CARTESIAN_POINT('',(101.63330765278,136.,90.));
#11531 = CIRCLE('',#11532,22.);
#11532 = AXIS2_PLACEMENT_3D('',#11533,#11534,#11535);
#11533 = CARTESIAN_POINT('',(80.,140.,90.));
#11534 = DIRECTION('',(0.,0.,1.));
#11535 = DIRECTION('',(1.,0.,0.));
#11536 = ORIENTED_EDGE('',*,*,#11537,.T.);
#11537 = EDGE_CURVE('',#11529,#11458,#11538,.T.);
#11538 = CIRCLE('',#11539,22.);
#11539 = AXIS2_PLACEMENT_3D('',#11540,#11541,#11542);
#11540 = CARTESIAN_POINT('',(80.,140.,90.));
#11541 = DIRECTION('',(0.,0.,1.));
#11542 = DIRECTION('',(1.,0.,0.));
#11543 = CYLINDRICAL_SURFACE('',#11544,22.);
#11544 = AXIS2_PLACEMENT_3D('',#11545,#11546,#11547);
#11545 = CARTESIAN_POINT('',(80.,140.,90.));
#11546 = DIRECTION('',(0.,0.,1.));
#11547 = DIRECTION('',(1.,0.,0.));
#11548 = ADVANCED_FACE('',(#11549),#11565,.T.);
#11549 = FACE_BOUND('',#11550,.T.);
#11550 = EDGE_LOOP('',(#11551,#11557,#11558,#11564));
#11551 = ORIENTED_EDGE('',*,*,#11552,.F.);
#11552 = EDGE_CURVE('',#10560,#10800,#11553,.T.);
#11553 = LINE('',#11554,#11555);
#11554 = CARTESIAN_POINT('',(130.,100.,140.));
#11555 = VECTOR('',#11556,1.);
#11556 = DIRECTION('',(0.,0.,1.));
#11557 = ORIENTED_EDGE('',*,*,#10567,.T.);
#11558 = ORIENTED_EDGE('',*,*,#11559,.T.);
#11559 = EDGE_CURVE('',#10568,#10808,#11560,.T.);
#11560 = LINE('',#11561,#11562);
#11561 = CARTESIAN_POINT('',(130.,136.,140.));
#11562 = VECTOR('',#11563,1.);
#11563 = DIRECTION('',(0.,0.,1.));
#11564 = ORIENTED_EDGE('',*,*,#10807,.F.);
#11565 = PLANE('',#11566);
#11566 = AXIS2_PLACEMENT_3D('',#11567,#11568,#11569);
#11567 = CARTESIAN_POINT('',(130.,100.,140.));
#11568 = DIRECTION('',(1.,0.,0.));
#11569 = DIRECTION('',(0.,0.,1.));
#11570 = ADVANCED_FACE('',(#11571),#11577,.F.);
#11571 = FACE_BOUND('',#11572,.F.);
#11572 = EDGE_LOOP('',(#11573,#11574,#11575,#11576));
#11573 = ORIENTED_EDGE('',*,*,#10559,.F.);
#11574 = ORIENTED_EDGE('',*,*,#11330,.T.);
#11575 = ORIENTED_EDGE('',*,*,#10799,.T.);
#11576 = ORIENTED_EDGE('',*,*,#11552,.F.);
#11577 = PLANE('',#11578);
#11578 = AXIS2_PLACEMENT_3D('',#11579,#11580,#11581);
#11579 = CARTESIAN_POINT('',(-270.,100.,140.));
#11580 = DIRECTION('',(0.,1.,0.));
#11581 = DIRECTION('',(0.,0.,1.));
#11582 = ADVANCED_FACE('',(#11583),#11588,.T.);
#11583 = FACE_BOUND('',#11584,.T.);
#11584 = EDGE_LOOP('',(#11585,#11586,#11587));
#11585 = ORIENTED_EDGE('',*,*,#11467,.T.);
#11586 = ORIENTED_EDGE('',*,*,#10648,.T.);
#11587 = ORIENTED_EDGE('',*,*,#10902,.T.);
#11588 = PLANE('',#11589);
#11589 = AXIS2_PLACEMENT_3D('',#11590,#11591,#11592);
#11590 = CARTESIAN_POINT('',(80.,140.,140.));
#11591 = DIRECTION('',(0.,0.,1.));
#11592 = DIRECTION('',(1.,0.,0.));
#11593 = ADVANCED_FACE('',(#11594,#11597),#11631,.T.);
#11594 = FACE_BOUND('',#11595,.T.);
#11595 = EDGE_LOOP('',(#11596));
#11596 = ORIENTED_EDGE('',*,*,#10682,.T.);
#11597 = FACE_BOUND('',#11598,.T.);
#11598 = EDGE_LOOP('',(#11599,#11609,#11617,#11625));
#11599 = ORIENTED_EDGE('',*,*,#11600,.T.);
#11600 = EDGE_CURVE('',#11601,#11603,#11605,.T.);
#11601 = VERTEX_POINT('',#11602);
#11602 = CARTESIAN_POINT('',(-32.,177.5,175.));
#11603 = VERTEX_POINT('',#11604);
#11604 = CARTESIAN_POINT('',(-48.,177.5,175.));
#11605 = LINE('',#11606,#11607);
#11606 = CARTESIAN_POINT('',(-44.,177.5,175.));
#11607 = VECTOR('',#11608,1.);
#11608 = DIRECTION('',(-1.,0.,0.));
#11609 = ORIENTED_EDGE('',*,*,#11610,.T.);
#11610 = EDGE_CURVE('',#11603,#11611,#11613,.T.);
#11611 = VERTEX_POINT('',#11612);
#11612 = CARTESIAN_POINT('',(-48.,192.5,175.));
#11613 = LINE('',#11614,#11615);
#11614 = CARTESIAN_POINT('',(-48.,181.25,175.));
#11615 = VECTOR('',#11616,1.);
#11616 = DIRECTION('',(0.,1.,0.));
#11617 = ORIENTED_EDGE('',*,*,#11618,.F.);
#11618 = EDGE_CURVE('',#11619,#11611,#11621,.T.);
#11619 = VERTEX_POINT('',#11620);
#11620 = CARTESIAN_POINT('',(-32.,192.5,175.));
#11621 = LINE('',#11622,#11623);
#11622 = CARTESIAN_POINT('',(-44.,192.5,175.));
#11623 = VECTOR('',#11624,1.);
#11624 = DIRECTION('',(-1.,0.,0.));
#11625 = ORIENTED_EDGE('',*,*,#11626,.F.);
#11626 = EDGE_CURVE('',#11601,#11619,#11627,.T.);
#11627 = LINE('',#11628,#11629);
#11628 = CARTESIAN_POINT('',(-32.,181.25,175.));
#11629 = VECTOR('',#11630,1.);
#11630 = DIRECTION('',(0.,1.,0.));
#11631 = PLANE('',#11632);
#11632 = AXIS2_PLACEMENT_3D('',#11633,#11634,#11635);
#11633 = CARTESIAN_POINT('',(-40.,185.,175.));
#11634 = DIRECTION('',(0.,0.,1.));
#11635 = DIRECTION('',(1.,0.,0.));
#11636 = ADVANCED_FACE('',(#11637),#11653,.T.);
#11637 = FACE_BOUND('',#11638,.T.);
#11638 = EDGE_LOOP('',(#11639,#11645,#11646,#11652));
#11639 = ORIENTED_EDGE('',*,*,#11640,.F.);
#11640 = EDGE_CURVE('',#10792,#10702,#11641,.T.);
#11641 = LINE('',#11642,#11643);
#11642 = CARTESIAN_POINT('',(-270.,136.,165.));
#11643 = VECTOR('',#11644,1.);
#11644 = DIRECTION('',(0.,1.,0.));
#11645 = ORIENTED_EDGE('',*,*,#10863,.T.);
#11646 = ORIENTED_EDGE('',*,*,#11647,.T.);
#11647 = EDGE_CURVE('',#10856,#10712,#11648,.T.);
#11648 = LINE('',#11649,#11650);
#11649 = CARTESIAN_POINT('',(-241.,136.,165.));
#11650 = VECTOR('',#11651,1.);
#11651 = DIRECTION('',(0.,1.,0.));
#11652 = ORIENTED_EDGE('',*,*,#10711,.F.);
#11653 = PLANE('',#11654);
#11654 = AXIS2_PLACEMENT_3D('',#11655,#11656,#11657);
#11655 = CARTESIAN_POINT('',(-270.,136.,165.));
#11656 = DIRECTION('',(0.,0.,1.));
#11657 = DIRECTION('',(1.,0.,0.));
#11658 = ADVANCED_FACE('',(#11659),#11670,.T.);
#11659 = FACE_BOUND('',#11660,.T.);
#11660 = EDGE_LOOP('',(#11661,#11662,#11663,#11669));
#11661 = ORIENTED_EDGE('',*,*,#11647,.F.);
#11662 = ORIENTED_EDGE('',*,*,#10855,.T.);
#11663 = ORIENTED_EDGE('',*,*,#11664,.T.);
#11664 = EDGE_CURVE('',#10848,#10720,#11665,.T.);
#11665 = LINE('',#11666,#11667);
#11666 = CARTESIAN_POINT('',(-234.,136.,165.));
#11667 = VECTOR('',#11668,1.);
#11668 = DIRECTION('',(0.,1.,0.));
#11669 = ORIENTED_EDGE('',*,*,#10719,.F.);
#11670 = PLANE('',#11671);
#11671 = AXIS2_PLACEMENT_3D('',#11672,#11673,#11674);
#11672 = CARTESIAN_POINT('',(-270.,136.,165.));
#11673 = DIRECTION('',(0.,0.,1.));
#11674 = DIRECTION('',(1.,0.,0.));
#11675 = ADVANCED_FACE('',(#11676,#11687),#11721,.T.);
#11676 = FACE_BOUND('',#11677,.T.);
#11677 = EDGE_LOOP('',(#11678,#11679,#11680,#11686));
#11678 = ORIENTED_EDGE('',*,*,#11664,.F.);
#11679 = ORIENTED_EDGE('',*,*,#10847,.T.);
#11680 = ORIENTED_EDGE('',*,*,#11681,.T.);
#11681 = EDGE_CURVE('',#10840,#10728,#11682,.T.);
#11682 = LINE('',#11683,#11684);
#11683 = CARTESIAN_POINT('',(-199.,136.,165.));
#11684 = VECTOR('',#11685,1.);
#11685 = DIRECTION('',(0.,1.,0.));
#11686 = ORIENTED_EDGE('',*,*,#10727,.F.);
#11687 = FACE_BOUND('',#11688,.T.);
#11688 = EDGE_LOOP('',(#11689,#11699,#11707,#11715));
#11689 = ORIENTED_EDGE('',*,*,#11690,.T.);
#11690 = EDGE_CURVE('',#11691,#11693,#11695,.T.);
#11691 = VERTEX_POINT('',#11692);
#11692 = CARTESIAN_POINT('',(-219.,236.3356808676,165.));
#11693 = VERTEX_POINT('',#11694);
#11694 = CARTESIAN_POINT('',(-219.,283.66431913239,165.));
#11695 = LINE('',#11696,#11697);
#11696 = CARTESIAN_POINT('',(-219.,198.,165.));
#11697 = VECTOR('',#11698,1.);
#11698 = DIRECTION('',(0.,1.,0.));
#11699 = ORIENTED_EDGE('',*,*,#11700,.T.);
#11700 = EDGE_CURVE('',#11693,#11701,#11703,.T.);
#11701 = VERTEX_POINT('',#11702);
#11702 = CARTESIAN_POINT('',(-201.,283.66431913239,165.));
#11703 = LINE('',#11704,#11705);
#11704 = CARTESIAN_POINT('',(-219.,283.66431913239,165.));
#11705 = VECTOR('',#11706,1.);
#11706 = DIRECTION('',(1.,0.,0.));
#11707 = ORIENTED_EDGE('',*,*,#11708,.F.);
#11708 = EDGE_CURVE('',#11709,#11701,#11711,.T.);
#11709 = VERTEX_POINT('',#11710);
#11710 = CARTESIAN_POINT('',(-201.,236.3356808676,165.));
#11711 = LINE('',#11712,#11713);
#11712 = CARTESIAN_POINT('',(-201.,198.,165.));
#11713 = VECTOR('',#11714,1.);
#11714 = DIRECTION('',(0.,1.,0.));
#11715 = ORIENTED_EDGE('',*,*,#11716,.F.);
#11716 = EDGE_CURVE('',#11691,#11709,#11717,.T.);
#11717 = LINE('',#11718,#11719);
#11718 = CARTESIAN_POINT('',(-219.,236.3356808676,165.));
#11719 = VECTOR('',#11720,1.);
#11720 = DIRECTION('',(1.,0.,0.));
#11721 = PLANE('',#11722);
#11722 = AXIS2_PLACEMENT_3D('',#11723,#11724,#11725);
#11723 = CARTESIAN_POINT('',(-241.,136.,165.));
#11724 = DIRECTION('',(0.,0.,1.));
#11725 = DIRECTION('',(1.,0.,0.));
#11726 = ADVANCED_FACE('',(#11727),#11738,.T.);
#11727 = FACE_BOUND('',#11728,.T.);
#11728 = EDGE_LOOP('',(#11729,#11730,#11731,#11737));
#11729 = ORIENTED_EDGE('',*,*,#10918,.F.);
#11730 = ORIENTED_EDGE('',*,*,#10831,.T.);
#11731 = ORIENTED_EDGE('',*,*,#11732,.T.);
#11732 = EDGE_CURVE('',#10824,#10744,#11733,.T.);
#11733 = LINE('',#11734,#11735);
#11734 = CARTESIAN_POINT('',(94.,136.,165.));
#11735 = VECTOR('',#11736,1.);
#11736 = DIRECTION('',(0.,1.,0.));
#11737 = ORIENTED_EDGE('',*,*,#10743,.F.);
#11738 = PLANE('',#11739);
#11739 = AXIS2_PLACEMENT_3D('',#11740,#11741,#11742);
#11740 = CARTESIAN_POINT('',(59.,136.,165.));
#11741 = DIRECTION('',(0.,0.,1.));
#11742 = DIRECTION('',(1.,0.,0.));
#11743 = ADVANCED_FACE('',(#11744),#11755,.T.);
#11744 = FACE_BOUND('',#11745,.T.);
#11745 = EDGE_LOOP('',(#11746,#11747,#11748,#11754));
#11746 = ORIENTED_EDGE('',*,*,#11732,.F.);
#11747 = ORIENTED_EDGE('',*,*,#10823,.T.);
#11748 = ORIENTED_EDGE('',*,*,#11749,.T.);
#11749 = EDGE_CURVE('',#10816,#10752,#11750,.T.);
#11750 = LINE('',#11751,#11752);
#11751 = CARTESIAN_POINT('',(101.,136.,165.));
#11752 = VECTOR('',#11753,1.);
#11753 = DIRECTION('',(0.,1.,0.));
#11754 = ORIENTED_EDGE('',*,*,#10751,.F.);
#11755 = PLANE('',#11756);
#11756 = AXIS2_PLACEMENT_3D('',#11757,#11758,#11759);
#11757 = CARTESIAN_POINT('',(94.,136.,165.));
#11758 = DIRECTION('',(0.,0.,1.));
#11759 = DIRECTION('',(1.,0.,0.));
#11760 = ADVANCED_FACE('',(#11761),#11772,.T.);
#11761 = FACE_BOUND('',#11762,.T.);
#11762 = EDGE_LOOP('',(#11763,#11764,#11765,#11771));
#11763 = ORIENTED_EDGE('',*,*,#11749,.F.);
#11764 = ORIENTED_EDGE('',*,*,#10815,.T.);
#11765 = ORIENTED_EDGE('',*,*,#11766,.T.);
#11766 = EDGE_CURVE('',#10808,#10760,#11767,.T.);
#11767 = LINE('',#11768,#11769);
#11768 = CARTESIAN_POINT('',(130.,136.,165.));
#11769 = VECTOR('',#11770,1.);
#11770 = DIRECTION('',(0.,1.,0.));
#11771 = ORIENTED_EDGE('',*,*,#10759,.F.);
#11772 = PLANE('',#11773);
#11773 = AXIS2_PLACEMENT_3D('',#11774,#11775,#11776);
#11774 = CARTESIAN_POINT('',(94.,136.,165.));
#11775 = DIRECTION('',(0.,0.,1.));
#11776 = DIRECTION('',(1.,0.,0.));
#11777 = ADVANCED_FACE('',(#11778),#11789,.F.);
#11778 = FACE_BOUND('',#11779,.F.);
#11779 = EDGE_LOOP('',(#11780,#11781,#11782,#11788));
#11780 = ORIENTED_EDGE('',*,*,#10910,.F.);
#11781 = ORIENTED_EDGE('',*,*,#11474,.F.);
#11782 = ORIENTED_EDGE('',*,*,#11783,.T.);
#11783 = EDGE_CURVE('',#11475,#11106,#11784,.T.);
#11784 = LINE('',#11785,#11786);
#11785 = CARTESIAN_POINT('',(94.,136.,140.));
#11786 = VECTOR('',#11787,1.);
#11787 = DIRECTION('',(0.,1.,0.));
#11788 = ORIENTED_EDGE('',*,*,#11114,.F.);
#11789 = PLANE('',#11790);
#11790 = AXIS2_PLACEMENT_3D('',#11791,#11792,#11793);
#11791 = CARTESIAN_POINT('',(59.,136.,140.));
#11792 = DIRECTION('',(0.,0.,1.));
#11793 = DIRECTION('',(1.,0.,0.));
#11794 = ADVANCED_FACE('',(#11795),#11806,.T.);
#11795 = FACE_BOUND('',#11796,.T.);
#11796 = EDGE_LOOP('',(#11797,#11798,#11799,#11805));
#11797 = ORIENTED_EDGE('',*,*,#11362,.T.);
#11798 = ORIENTED_EDGE('',*,*,#11389,.T.);
#11799 = ORIENTED_EDGE('',*,*,#11800,.F.);
#11800 = EDGE_CURVE('',#10933,#11381,#11801,.T.);
#11801 = LINE('',#11802,#11803);
#11802 = CARTESIAN_POINT('',(-199.,136.,140.));
#11803 = VECTOR('',#11804,1.);
#11804 = DIRECTION('',(0.,1.,0.));
#11805 = ORIENTED_EDGE('',*,*,#10932,.T.);
#11806 = PLANE('',#11807);
#11807 = AXIS2_PLACEMENT_3D('',#11808,#11809,#11810);
#11808 = CARTESIAN_POINT('',(-220.,140.,140.));
#11809 = DIRECTION('',(0.,0.,1.));
#11810 = DIRECTION('',(1.,0.,0.));
#11811 = ADVANCED_FACE('',(#11812),#11830,.T.);
#11812 = FACE_BOUND('',#11813,.T.);
#11813 = EDGE_LOOP('',(#11814,#11815,#11816,#11822,#11828,#11829));
#11814 = ORIENTED_EDGE('',*,*,#10940,.F.);
#11815 = ORIENTED_EDGE('',*,*,#11800,.T.);
#11816 = ORIENTED_EDGE('',*,*,#11817,.T.);
#11817 = EDGE_CURVE('',#11381,#11196,#11818,.T.);
#11818 = LINE('',#11819,#11820);
#11819 = CARTESIAN_POINT('',(-199.,136.,140.));
#11820 = VECTOR('',#11821,1.);
#11821 = DIRECTION('',(0.,1.,0.));
#11822 = ORIENTED_EDGE('',*,*,#11823,.T.);
#11823 = EDGE_CURVE('',#11196,#10958,#11824,.T.);
#11824 = LINE('',#11825,#11826);
#11825 = CARTESIAN_POINT('',(-199.,136.,140.));
#11826 = VECTOR('',#11827,1.);
#11827 = DIRECTION('',(0.,1.,0.));
#11828 = ORIENTED_EDGE('',*,*,#10965,.T.);
#11829 = ORIENTED_EDGE('',*,*,#11681,.F.);
#11830 = PLANE('',#11831);
#11831 = AXIS2_PLACEMENT_3D('',#11832,#11833,#11834);
#11832 = CARTESIAN_POINT('',(-199.,136.,140.));
#11833 = DIRECTION('',(1.,0.,0.));
#11834 = DIRECTION('',(0.,0.,1.));
#11835 = ADVANCED_FACE('',(#11836),#11842,.T.);
#11836 = FACE_BOUND('',#11837,.T.);
#11837 = EDGE_LOOP('',(#11838,#11839,#11840,#11841));
#11838 = ORIENTED_EDGE('',*,*,#11195,.T.);
#11839 = ORIENTED_EDGE('',*,*,#11230,.T.);
#11840 = ORIENTED_EDGE('',*,*,#10957,.F.);
#11841 = ORIENTED_EDGE('',*,*,#11823,.F.);
#11842 = PLANE('',#11843);
#11843 = AXIS2_PLACEMENT_3D('',#11844,#11845,#11846);
#11844 = CARTESIAN_POINT('',(-220.,320.,140.));
#11845 = DIRECTION('',(0.,0.,1.));
#11846 = DIRECTION('',(1.,0.,0.));
#11847 = ADVANCED_FACE('',(#11848),#11854,.F.);
#11848 = FACE_BOUND('',#11849,.F.);
#11849 = EDGE_LOOP('',(#11850,#11851,#11852,#11853));
#11850 = ORIENTED_EDGE('',*,*,#11337,.F.);
#11851 = ORIENTED_EDGE('',*,*,#11298,.T.);
#11852 = ORIENTED_EDGE('',*,*,#10982,.T.);
#11853 = ORIENTED_EDGE('',*,*,#11640,.F.);
#11854 = PLANE('',#11855);
#11855 = AXIS2_PLACEMENT_3D('',#11856,#11857,#11858);
#11856 = CARTESIAN_POINT('',(-270.,136.,140.));
#11857 = DIRECTION('',(1.,0.,0.));
#11858 = DIRECTION('',(0.,0.,1.));
#11859 = ADVANCED_FACE('',(#11860),#11866,.T.);
#11860 = FACE_BOUND('',#11861,.T.);
#11861 = EDGE_LOOP('',(#11862,#11863,#11864,#11865));
#11862 = ORIENTED_EDGE('',*,*,#11559,.F.);
#11863 = ORIENTED_EDGE('',*,*,#11065,.T.);
#11864 = ORIENTED_EDGE('',*,*,#11021,.T.);
#11865 = ORIENTED_EDGE('',*,*,#11766,.F.);
#11866 = PLANE('',#11867);
#11867 = AXIS2_PLACEMENT_3D('',#11868,#11869,#11870);
#11868 = CARTESIAN_POINT('',(130.,136.,140.));
#11869 = DIRECTION('',(1.,0.,0.));
#11870 = DIRECTION('',(0.,0.,1.));
#11871 = ADVANCED_FACE('',(#11872),#11878,.F.);
#11872 = FACE_BOUND('',#11873,.F.);
#11873 = EDGE_LOOP('',(#11874,#11875,#11876,#11877));
#11874 = ORIENTED_EDGE('',*,*,#11783,.F.);
#11875 = ORIENTED_EDGE('',*,*,#11483,.F.);
#11876 = ORIENTED_EDGE('',*,*,#11038,.T.);
#11877 = ORIENTED_EDGE('',*,*,#11105,.F.);
#11878 = PLANE('',#11879);
#11879 = AXIS2_PLACEMENT_3D('',#11880,#11881,#11882);
#11880 = CARTESIAN_POINT('',(94.,136.,140.));
#11881 = DIRECTION('',(0.,0.,1.));
#11882 = DIRECTION('',(1.,0.,0.));
#11883 = ADVANCED_FACE('',(#11884),#11918,.T.);
#11884 = FACE_BOUND('',#11885,.T.);
#11885 = EDGE_LOOP('',(#11886,#11892,#11893,#11894,#11902,#11910,#11916,
    #11917));
#11886 = ORIENTED_EDGE('',*,*,#11887,.F.);
#11887 = EDGE_CURVE('',#11493,#11162,#11888,.T.);
#11888 = LINE('',#11889,#11890);
#11889 = CARTESIAN_POINT('',(101.,136.,90.));
#11890 = VECTOR('',#11891,1.);
#11891 = DIRECTION('',(0.,1.,0.));
#11892 = ORIENTED_EDGE('',*,*,#11492,.F.);
#11893 = ORIENTED_EDGE('',*,*,#11537,.F.);
#11894 = ORIENTED_EDGE('',*,*,#11895,.T.);
#11895 = EDGE_CURVE('',#11529,#11896,#11898,.T.);
#11896 = VERTEX_POINT('',#11897);
#11897 = CARTESIAN_POINT('',(130.,136.,90.));
#11898 = LINE('',#11899,#11900);
#11899 = CARTESIAN_POINT('',(-270.,136.,90.));
#11900 = VECTOR('',#11901,1.);
#11901 = DIRECTION('',(1.,0.,0.));
#11902 = ORIENTED_EDGE('',*,*,#11903,.T.);
#11903 = EDGE_CURVE('',#11896,#11904,#11906,.T.);
#11904 = VERTEX_POINT('',#11905);
#11905 = CARTESIAN_POINT('',(130.,324.,90.));
#11906 = LINE('',#11907,#11908);
#11907 = CARTESIAN_POINT('',(130.,136.,90.));
#11908 = VECTOR('',#11909,1.);
#11909 = DIRECTION('',(0.,1.,0.));
#11910 = ORIENTED_EDGE('',*,*,#11911,.F.);
#11911 = EDGE_CURVE('',#11126,#11904,#11912,.T.);
#11912 = LINE('',#11913,#11914);
#11913 = CARTESIAN_POINT('',(-270.,324.,90.));
#11914 = VECTOR('',#11915,1.);
#11915 = DIRECTION('',(1.,0.,0.));
#11916 = ORIENTED_EDGE('',*,*,#11125,.F.);
#11917 = ORIENTED_EDGE('',*,*,#11170,.F.);
#11918 = PLANE('',#11919);
#11919 = AXIS2_PLACEMENT_3D('',#11920,#11921,#11922);
#11920 = CARTESIAN_POINT('',(94.,136.,90.));
#11921 = DIRECTION('',(0.,0.,1.));
#11922 = DIRECTION('',(1.,0.,0.));
#11923 = ADVANCED_FACE('',(#11924),#11935,.T.);
#11924 = FACE_BOUND('',#11925,.T.);
#11925 = EDGE_LOOP('',(#11926,#11932,#11933,#11934));
#11926 = ORIENTED_EDGE('',*,*,#11927,.F.);
#11927 = EDGE_CURVE('',#11502,#11153,#11928,.T.);
#11928 = LINE('',#11929,#11930);
#11929 = CARTESIAN_POINT('',(94.,136.,90.));
#11930 = VECTOR('',#11931,1.);
#11931 = DIRECTION('',(0.,1.,0.));
#11932 = ORIENTED_EDGE('',*,*,#11501,.F.);
#11933 = ORIENTED_EDGE('',*,*,#11887,.T.);
#11934 = ORIENTED_EDGE('',*,*,#11161,.F.);
#11935 = PLANE('',#11936);
#11936 = AXIS2_PLACEMENT_3D('',#11937,#11938,#11939);
#11937 = CARTESIAN_POINT('',(94.,136.,90.));
#11938 = DIRECTION('',(0.,0.,1.));
#11939 = DIRECTION('',(1.,0.,0.));
#11940 = ADVANCED_FACE('',(#11941),#11952,.T.);
#11941 = FACE_BOUND('',#11942,.T.);
#11942 = EDGE_LOOP('',(#11943,#11949,#11950,#11951));
#11943 = ORIENTED_EDGE('',*,*,#11944,.F.);
#11944 = EDGE_CURVE('',#11511,#11144,#11945,.T.);
#11945 = LINE('',#11946,#11947);
#11946 = CARTESIAN_POINT('',(59.,136.,90.));
#11947 = VECTOR('',#11948,1.);
#11948 = DIRECTION('',(0.,1.,0.));
#11949 = ORIENTED_EDGE('',*,*,#11510,.F.);
#11950 = ORIENTED_EDGE('',*,*,#11927,.T.);
#11951 = ORIENTED_EDGE('',*,*,#11152,.F.);
#11952 = PLANE('',#11953);
#11953 = AXIS2_PLACEMENT_3D('',#11954,#11955,#11956);
#11954 = CARTESIAN_POINT('',(59.,136.,90.));
#11955 = DIRECTION('',(0.,0.,1.));
#11956 = DIRECTION('',(1.,0.,0.));
#11957 = ADVANCED_FACE('',(#11958),#11975,.F.);
#11958 = FACE_BOUND('',#11959,.F.);
#11959 = EDGE_LOOP('',(#11960,#11968,#11969));
#11960 = ORIENTED_EDGE('',*,*,#11961,.F.);
#11961 = EDGE_CURVE('',#11135,#11962,#11964,.T.);
#11962 = VERTEX_POINT('',#11963);
#11963 = CARTESIAN_POINT('',(59.,324.,90.));
#11964 = LINE('',#11965,#11966);
#11965 = CARTESIAN_POINT('',(-270.,324.,90.));
#11966 = VECTOR('',#11967,1.);
#11967 = DIRECTION('',(1.,0.,0.));
#11968 = ORIENTED_EDGE('',*,*,#11143,.T.);
#11969 = ORIENTED_EDGE('',*,*,#11970,.T.);
#11970 = EDGE_CURVE('',#11144,#11962,#11971,.T.);
#11971 = LINE('',#11972,#11973);
#11972 = CARTESIAN_POINT('',(59.,136.,90.));
#11973 = VECTOR('',#11974,1.);
#11974 = DIRECTION('',(0.,1.,0.));
#11975 = PLANE('',#11976);
#11976 = AXIS2_PLACEMENT_3D('',#11977,#11978,#11979);
#11977 = CARTESIAN_POINT('',(80.,320.,90.));
#11978 = DIRECTION('',(0.,0.,1.));
#11979 = DIRECTION('',(1.,0.,0.));
#11980 = ADVANCED_FACE('',(#11981),#12038,.T.);
#11981 = FACE_BOUND('',#11982,.T.);
#11982 = EDGE_LOOP('',(#11983,#11993,#11999,#12000,#12008,#12016,#12022,
    #12023,#12024,#12032));
#11983 = ORIENTED_EDGE('',*,*,#11984,.F.);
#11984 = EDGE_CURVE('',#11985,#11987,#11989,.T.);
#11985 = VERTEX_POINT('',#11986);
#11986 = CARTESIAN_POINT('',(-270.,324.,90.));
#11987 = VERTEX_POINT('',#11988);
#11988 = CARTESIAN_POINT('',(-270.,360.,90.));
#11989 = LINE('',#11990,#11991);
#11990 = CARTESIAN_POINT('',(-270.,324.,90.));
#11991 = VECTOR('',#11992,1.);
#11992 = DIRECTION('',(0.,1.,0.));
#11993 = ORIENTED_EDGE('',*,*,#11994,.T.);
#11994 = EDGE_CURVE('',#11985,#11248,#11995,.T.);
#11995 = LINE('',#11996,#11997);
#11996 = CARTESIAN_POINT('',(-270.,324.,90.));
#11997 = VECTOR('',#11998,1.);
#11998 = DIRECTION('',(1.,0.,0.));
#11999 = ORIENTED_EDGE('',*,*,#11247,.F.);
#12000 = ORIENTED_EDGE('',*,*,#12001,.T.);
#12001 = EDGE_CURVE('',#11239,#12002,#12004,.T.);
#12002 = VERTEX_POINT('',#12003);
#12003 = CARTESIAN_POINT('',(-91.,324.,90.));
#12004 = LINE('',#12005,#12006);
#12005 = CARTESIAN_POINT('',(-270.,324.,90.));
#12006 = VECTOR('',#12007,1.);
#12007 = DIRECTION('',(1.,0.,0.));
#12008 = ORIENTED_EDGE('',*,*,#12009,.T.);
#12009 = EDGE_CURVE('',#12002,#12010,#12012,.T.);
#12010 = VERTEX_POINT('',#12011);
#12011 = CARTESIAN_POINT('',(-49.,324.,90.));
#12012 = LINE('',#12013,#12014);
#12013 = CARTESIAN_POINT('',(-270.,324.,90.));
#12014 = VECTOR('',#12015,1.);
#12015 = DIRECTION('',(1.,0.,0.));
#12016 = ORIENTED_EDGE('',*,*,#12017,.T.);
#12017 = EDGE_CURVE('',#12010,#11135,#12018,.T.);
#12018 = LINE('',#12019,#12020);
#12019 = CARTESIAN_POINT('',(-270.,324.,90.));
#12020 = VECTOR('',#12021,1.);
#12021 = DIRECTION('',(1.,0.,0.));
#12022 = ORIENTED_EDGE('',*,*,#11134,.F.);
#12023 = ORIENTED_EDGE('',*,*,#11911,.T.);
#12024 = ORIENTED_EDGE('',*,*,#12025,.T.);
#12025 = EDGE_CURVE('',#11904,#12026,#12028,.T.);
#12026 = VERTEX_POINT('',#12027);
#12027 = CARTESIAN_POINT('',(130.,360.,90.));
#12028 = LINE('',#12029,#12030);
#12029 = CARTESIAN_POINT('',(130.,324.,90.));
#12030 = VECTOR('',#12031,1.);
#12031 = DIRECTION('',(0.,1.,0.));
#12032 = ORIENTED_EDGE('',*,*,#12033,.F.);
#12033 = EDGE_CURVE('',#11987,#12026,#12034,.T.);
#12034 = LINE('',#12035,#12036);
#12035 = CARTESIAN_POINT('',(-270.,360.,90.));
#12036 = VECTOR('',#12037,1.);
#12037 = DIRECTION('',(1.,0.,0.));
#12038 = PLANE('',#12039);
#12039 = AXIS2_PLACEMENT_3D('',#12040,#12041,#12042);
#12040 = CARTESIAN_POINT('',(-270.,324.,90.));
#12041 = DIRECTION('',(0.,0.,1.));
#12042 = DIRECTION('',(1.,0.,0.));
#12043 = ADVANCED_FACE('',(#12044),#12062,.F.);
#12044 = FACE_BOUND('',#12045,.F.);
#12045 = EDGE_LOOP('',(#12046,#12047,#12048,#12056));
#12046 = ORIENTED_EDGE('',*,*,#11283,.T.);
#12047 = ORIENTED_EDGE('',*,*,#11238,.T.);
#12048 = ORIENTED_EDGE('',*,*,#12049,.F.);
#12049 = EDGE_CURVE('',#12050,#11239,#12052,.T.);
#12050 = VERTEX_POINT('',#12051);
#12051 = CARTESIAN_POINT('',(-199.,324.,90.));
#12052 = LINE('',#12053,#12054);
#12053 = CARTESIAN_POINT('',(-270.,324.,90.));
#12054 = VECTOR('',#12055,1.);
#12055 = DIRECTION('',(1.,0.,0.));
#12056 = ORIENTED_EDGE('',*,*,#12057,.F.);
#12057 = EDGE_CURVE('',#11275,#12050,#12058,.T.);
#12058 = LINE('',#12059,#12060);
#12059 = CARTESIAN_POINT('',(-199.,136.,90.));
#12060 = VECTOR('',#12061,1.);
#12061 = DIRECTION('',(0.,1.,0.));
#12062 = PLANE('',#12063);
#12063 = AXIS2_PLACEMENT_3D('',#12064,#12065,#12066);
#12064 = CARTESIAN_POINT('',(-220.,320.,90.));
#12065 = DIRECTION('',(0.,0.,1.));
#12066 = DIRECTION('',(1.,0.,0.));
#12067 = ADVANCED_FACE('',(#12068),#12084,.T.);
#12068 = FACE_BOUND('',#12069,.T.);
#12069 = EDGE_LOOP('',(#12070,#12076,#12077,#12083));
#12070 = ORIENTED_EDGE('',*,*,#12071,.F.);
#12071 = EDGE_CURVE('',#11407,#11266,#12072,.T.);
#12072 = LINE('',#12073,#12074);
#12073 = CARTESIAN_POINT('',(-234.,136.,90.));
#12074 = VECTOR('',#12075,1.);
#12075 = DIRECTION('',(0.,1.,0.));
#12076 = ORIENTED_EDGE('',*,*,#11406,.F.);
#12077 = ORIENTED_EDGE('',*,*,#12078,.T.);
#12078 = EDGE_CURVE('',#11398,#11275,#12079,.T.);
#12079 = LINE('',#12080,#12081);
#12080 = CARTESIAN_POINT('',(-199.,136.,90.));
#12081 = VECTOR('',#12082,1.);
#12082 = DIRECTION('',(0.,1.,0.));
#12083 = ORIENTED_EDGE('',*,*,#11274,.F.);
#12084 = PLANE('',#12085);
#12085 = AXIS2_PLACEMENT_3D('',#12086,#12087,#12088);
#12086 = CARTESIAN_POINT('',(-241.,136.,90.));
#12087 = DIRECTION('',(0.,0.,1.));
#12088 = DIRECTION('',(1.,0.,0.));
#12089 = ADVANCED_FACE('',(#12090),#12101,.T.);
#12090 = FACE_BOUND('',#12091,.T.);
#12091 = EDGE_LOOP('',(#12092,#12098,#12099,#12100));
#12092 = ORIENTED_EDGE('',*,*,#12093,.F.);
#12093 = EDGE_CURVE('',#11416,#11257,#12094,.T.);
#12094 = LINE('',#12095,#12096);
#12095 = CARTESIAN_POINT('',(-241.,136.,90.));
#12096 = VECTOR('',#12097,1.);
#12097 = DIRECTION('',(0.,1.,0.));
#12098 = ORIENTED_EDGE('',*,*,#11415,.F.);
#12099 = ORIENTED_EDGE('',*,*,#12071,.T.);
#12100 = ORIENTED_EDGE('',*,*,#11265,.F.);
#12101 = PLANE('',#12102);
#12102 = AXIS2_PLACEMENT_3D('',#12103,#12104,#12105);
#12103 = CARTESIAN_POINT('',(-270.,136.,90.));
#12104 = DIRECTION('',(0.,0.,1.));
#12105 = DIRECTION('',(1.,0.,0.));
#12106 = ADVANCED_FACE('',(#12107),#12127,.T.);
#12107 = FACE_BOUND('',#12108,.T.);
#12108 = EDGE_LOOP('',(#12109,#12117,#12123,#12124,#12125,#12126));
#12109 = ORIENTED_EDGE('',*,*,#12110,.F.);
#12110 = EDGE_CURVE('',#12111,#11985,#12113,.T.);
#12111 = VERTEX_POINT('',#12112);
#12112 = CARTESIAN_POINT('',(-270.,136.,90.));
#12113 = LINE('',#12114,#12115);
#12114 = CARTESIAN_POINT('',(-270.,136.,90.));
#12115 = VECTOR('',#12116,1.);
#12116 = DIRECTION('',(0.,1.,0.));
#12117 = ORIENTED_EDGE('',*,*,#12118,.T.);
#12118 = EDGE_CURVE('',#12111,#11425,#12119,.T.);
#12119 = LINE('',#12120,#12121);
#12120 = CARTESIAN_POINT('',(-270.,136.,90.));
#12121 = VECTOR('',#12122,1.);
#12122 = DIRECTION('',(1.,0.,0.));
#12123 = ORIENTED_EDGE('',*,*,#11424,.F.);
#12124 = ORIENTED_EDGE('',*,*,#12093,.T.);
#12125 = ORIENTED_EDGE('',*,*,#11256,.F.);
#12126 = ORIENTED_EDGE('',*,*,#11994,.F.);
#12127 = PLANE('',#12128);
#12128 = AXIS2_PLACEMENT_3D('',#12129,#12130,#12131);
#12129 = CARTESIAN_POINT('',(-270.,136.,90.));
#12130 = DIRECTION('',(0.,0.,1.));
#12131 = DIRECTION('',(1.,0.,0.));
#12132 = ADVANCED_FACE('',(#12133),#12144,.F.);
#12133 = FACE_BOUND('',#12134,.F.);
#12134 = EDGE_LOOP('',(#12135,#12136,#12137,#12143));
#12135 = ORIENTED_EDGE('',*,*,#11314,.F.);
#12136 = ORIENTED_EDGE('',*,*,#11371,.F.);
#12137 = ORIENTED_EDGE('',*,*,#12138,.T.);
#12138 = EDGE_CURVE('',#11372,#11205,#12139,.T.);
#12139 = LINE('',#12140,#12141);
#12140 = CARTESIAN_POINT('',(-234.,136.,140.));
#12141 = VECTOR('',#12142,1.);
#12142 = DIRECTION('',(0.,1.,0.));
#12143 = ORIENTED_EDGE('',*,*,#11213,.F.);
#12144 = PLANE('',#12145);
#12145 = AXIS2_PLACEMENT_3D('',#12146,#12147,#12148);
#12146 = CARTESIAN_POINT('',(-270.,136.,140.));
#12147 = DIRECTION('',(0.,0.,1.));
#12148 = DIRECTION('',(1.,0.,0.));
#12149 = ADVANCED_FACE('',(#12150),#12156,.F.);
#12150 = FACE_BOUND('',#12151,.F.);
#12151 = EDGE_LOOP('',(#12152,#12153,#12154,#12155));
#12152 = ORIENTED_EDGE('',*,*,#12138,.F.);
#12153 = ORIENTED_EDGE('',*,*,#11380,.F.);
#12154 = ORIENTED_EDGE('',*,*,#11817,.T.);
#12155 = ORIENTED_EDGE('',*,*,#11204,.F.);
#12156 = PLANE('',#12157);
#12157 = AXIS2_PLACEMENT_3D('',#12158,#12159,#12160);
#12158 = CARTESIAN_POINT('',(-241.,136.,140.));
#12159 = DIRECTION('',(0.,0.,1.));
#12160 = DIRECTION('',(1.,0.,0.));
#12161 = ADVANCED_FACE('',(#12162),#12180,.F.);
#12162 = FACE_BOUND('',#12163,.F.);
#12163 = EDGE_LOOP('',(#12164,#12165,#12166,#12174));
#12164 = ORIENTED_EDGE('',*,*,#11442,.T.);
#12165 = ORIENTED_EDGE('',*,*,#11397,.T.);
#12166 = ORIENTED_EDGE('',*,*,#12167,.F.);
#12167 = EDGE_CURVE('',#12168,#11398,#12170,.T.);
#12168 = VERTEX_POINT('',#12169);
#12169 = CARTESIAN_POINT('',(-199.,136.,90.));
#12170 = LINE('',#12171,#12172);
#12171 = CARTESIAN_POINT('',(-199.,136.,90.));
#12172 = VECTOR('',#12173,1.);
#12173 = DIRECTION('',(0.,1.,0.));
#12174 = ORIENTED_EDGE('',*,*,#12175,.T.);
#12175 = EDGE_CURVE('',#12168,#11434,#12176,.T.);
#12176 = LINE('',#12177,#12178);
#12177 = CARTESIAN_POINT('',(-270.,136.,90.));
#12178 = VECTOR('',#12179,1.);
#12179 = DIRECTION('',(1.,0.,0.));
#12180 = PLANE('',#12181);
#12181 = AXIS2_PLACEMENT_3D('',#12182,#12183,#12184);
#12182 = CARTESIAN_POINT('',(-220.,140.,90.));
#12183 = DIRECTION('',(0.,0.,1.));
#12184 = DIRECTION('',(1.,0.,0.));
#12185 = ADVANCED_FACE('',(#12186),#12236,.T.);
#12186 = FACE_BOUND('',#12187,.T.);
#12187 = EDGE_LOOP('',(#12188,#12196,#12204,#12210,#12211,#12212,#12220,
    #12228,#12234,#12235));
#12188 = ORIENTED_EDGE('',*,*,#12189,.F.);
#12189 = EDGE_CURVE('',#12190,#12111,#12192,.T.);
#12190 = VERTEX_POINT('',#12191);
#12191 = CARTESIAN_POINT('',(-270.,100.,90.));
#12192 = LINE('',#12193,#12194);
#12193 = CARTESIAN_POINT('',(-270.,100.,90.));
#12194 = VECTOR('',#12195,1.);
#12195 = DIRECTION('',(0.,1.,0.));
#12196 = ORIENTED_EDGE('',*,*,#12197,.T.);
#12197 = EDGE_CURVE('',#12190,#12198,#12200,.T.);
#12198 = VERTEX_POINT('',#12199);
#12199 = CARTESIAN_POINT('',(130.,100.,90.));
#12200 = LINE('',#12201,#12202);
#12201 = CARTESIAN_POINT('',(-270.,100.,90.));
#12202 = VECTOR('',#12203,1.);
#12203 = DIRECTION('',(1.,0.,0.));
#12204 = ORIENTED_EDGE('',*,*,#12205,.T.);
#12205 = EDGE_CURVE('',#12198,#11896,#12206,.T.);
#12206 = LINE('',#12207,#12208);
#12207 = CARTESIAN_POINT('',(130.,100.,90.));
#12208 = VECTOR('',#12209,1.);
#12209 = DIRECTION('',(0.,1.,0.));
#12210 = ORIENTED_EDGE('',*,*,#11895,.F.);
#12211 = ORIENTED_EDGE('',*,*,#11528,.F.);
#12212 = ORIENTED_EDGE('',*,*,#12213,.F.);
#12213 = EDGE_CURVE('',#12214,#11520,#12216,.T.);
#12214 = VERTEX_POINT('',#12215);
#12215 = CARTESIAN_POINT('',(-49.,136.,90.));
#12216 = LINE('',#12217,#12218);
#12217 = CARTESIAN_POINT('',(-270.,136.,90.));
#12218 = VECTOR('',#12219,1.);
#12219 = DIRECTION('',(1.,0.,0.));
#12220 = ORIENTED_EDGE('',*,*,#12221,.F.);
#12221 = EDGE_CURVE('',#12222,#12214,#12224,.T.);
#12222 = VERTEX_POINT('',#12223);
#12223 = CARTESIAN_POINT('',(-91.,136.,90.));
#12224 = LINE('',#12225,#12226);
#12225 = CARTESIAN_POINT('',(-270.,136.,90.));
#12226 = VECTOR('',#12227,1.);
#12227 = DIRECTION('',(1.,0.,0.));
#12228 = ORIENTED_EDGE('',*,*,#12229,.F.);
#12229 = EDGE_CURVE('',#11434,#12222,#12230,.T.);
#12230 = LINE('',#12231,#12232);
#12231 = CARTESIAN_POINT('',(-270.,136.,90.));
#12232 = VECTOR('',#12233,1.);
#12233 = DIRECTION('',(1.,0.,0.));
#12234 = ORIENTED_EDGE('',*,*,#11433,.F.);
#12235 = ORIENTED_EDGE('',*,*,#12118,.F.);
#12236 = PLANE('',#12237);
#12237 = AXIS2_PLACEMENT_3D('',#12238,#12239,#12240);
#12238 = CARTESIAN_POINT('',(-270.,100.,90.));
#12239 = DIRECTION('',(0.,0.,1.));
#12240 = DIRECTION('',(1.,0.,0.));
#12241 = ADVANCED_FACE('',(#12242),#12259,.F.);
#12242 = FACE_BOUND('',#12243,.F.);
#12243 = EDGE_LOOP('',(#12244,#12245,#12253));
#12244 = ORIENTED_EDGE('',*,*,#11519,.T.);
#12245 = ORIENTED_EDGE('',*,*,#12246,.T.);
#12246 = EDGE_CURVE('',#11520,#12247,#12249,.T.);
#12247 = VERTEX_POINT('',#12248);
#12248 = CARTESIAN_POINT('',(59.,136.,90.));
#12249 = LINE('',#12250,#12251);
#12250 = CARTESIAN_POINT('',(-270.,136.,90.));
#12251 = VECTOR('',#12252,1.);
#12252 = DIRECTION('',(1.,0.,0.));
#12253 = ORIENTED_EDGE('',*,*,#12254,.T.);
#12254 = EDGE_CURVE('',#12247,#11511,#12255,.T.);
#12255 = LINE('',#12256,#12257);
#12256 = CARTESIAN_POINT('',(59.,136.,90.));
#12257 = VECTOR('',#12258,1.);
#12258 = DIRECTION('',(0.,1.,0.));
#12259 = PLANE('',#12260);
#12260 = AXIS2_PLACEMENT_3D('',#12261,#12262,#12263);
#12261 = CARTESIAN_POINT('',(80.,140.,90.));
#12262 = DIRECTION('',(0.,0.,1.));
#12263 = DIRECTION('',(1.,0.,0.));
#12264 = ADVANCED_FACE('',(#12265),#12290,.F.);
#12265 = FACE_BOUND('',#12266,.F.);
#12266 = EDGE_LOOP('',(#12267,#12275,#12276,#12284));
#12267 = ORIENTED_EDGE('',*,*,#12268,.F.);
#12268 = EDGE_CURVE('',#11601,#12269,#12271,.T.);
#12269 = VERTEX_POINT('',#12270);
#12270 = CARTESIAN_POINT('',(-32.,177.5,900.));
#12271 = LINE('',#12272,#12273);
#12272 = CARTESIAN_POINT('',(-32.,177.5,171.));
#12273 = VECTOR('',#12274,1.);
#12274 = DIRECTION('',(0.,0.,1.));
#12275 = ORIENTED_EDGE('',*,*,#11600,.T.);
#12276 = ORIENTED_EDGE('',*,*,#12277,.T.);
#12277 = EDGE_CURVE('',#11603,#12278,#12280,.T.);
#12278 = VERTEX_POINT('',#12279);
#12279 = CARTESIAN_POINT('',(-48.,177.5,900.));
#12280 = LINE('',#12281,#12282);
#12281 = CARTESIAN_POINT('',(-48.,177.5,171.));
#12282 = VECTOR('',#12283,1.);
#12283 = DIRECTION('',(0.,0.,1.));
#12284 = ORIENTED_EDGE('',*,*,#12285,.T.);
#12285 = EDGE_CURVE('',#12278,#12269,#12286,.T.);
#12286 = LINE('',#12287,#12288);
#12287 = CARTESIAN_POINT('',(-48.,177.5,900.));
#12288 = VECTOR('',#12289,1.);
#12289 = DIRECTION('',(1.,0.,0.));
#12290 = PLANE('',#12291);
#12291 = AXIS2_PLACEMENT_3D('',#12292,#12293,#12294);
#12292 = CARTESIAN_POINT('',(-48.,177.5,171.));
#12293 = DIRECTION('',(0.,1.,0.));
#12294 = DIRECTION('',(0.,0.,1.));
#12295 = ADVANCED_FACE('',(#12296),#12314,.T.);
#12296 = FACE_BOUND('',#12297,.T.);
#12297 = EDGE_LOOP('',(#12298,#12299,#12300,#12308));
#12298 = ORIENTED_EDGE('',*,*,#12268,.F.);
#12299 = ORIENTED_EDGE('',*,*,#11626,.T.);
#12300 = ORIENTED_EDGE('',*,*,#12301,.T.);
#12301 = EDGE_CURVE('',#11619,#12302,#12304,.T.);
#12302 = VERTEX_POINT('',#12303);
#12303 = CARTESIAN_POINT('',(-32.,192.5,900.));
#12304 = LINE('',#12305,#12306);
#12305 = CARTESIAN_POINT('',(-32.,192.5,171.));
#12306 = VECTOR('',#12307,1.);
#12307 = DIRECTION('',(0.,0.,1.));
#12308 = ORIENTED_EDGE('',*,*,#12309,.F.);
#12309 = EDGE_CURVE('',#12269,#12302,#12310,.T.);
#12310 = LINE('',#12311,#12312);
#12311 = CARTESIAN_POINT('',(-32.,177.5,900.));
#12312 = VECTOR('',#12313,1.);
#12313 = DIRECTION('',(0.,1.,0.));
#12314 = PLANE('',#12315);
#12315 = AXIS2_PLACEMENT_3D('',#12316,#12317,#12318);
#12316 = CARTESIAN_POINT('',(-32.,177.5,171.));
#12317 = DIRECTION('',(1.,0.,0.));
#12318 = DIRECTION('',(0.,0.,1.));
#12319 = ADVANCED_FACE('',(#12320),#12338,.T.);
#12320 = FACE_BOUND('',#12321,.T.);
#12321 = EDGE_LOOP('',(#12322,#12323,#12324,#12332));
#12322 = ORIENTED_EDGE('',*,*,#12301,.F.);
#12323 = ORIENTED_EDGE('',*,*,#11618,.T.);
#12324 = ORIENTED_EDGE('',*,*,#12325,.T.);
#12325 = EDGE_CURVE('',#11611,#12326,#12328,.T.);
#12326 = VERTEX_POINT('',#12327);
#12327 = CARTESIAN_POINT('',(-48.,192.5,900.));
#12328 = LINE('',#12329,#12330);
#12329 = CARTESIAN_POINT('',(-48.,192.5,171.));
#12330 = VECTOR('',#12331,1.);
#12331 = DIRECTION('',(0.,0.,1.));
#12332 = ORIENTED_EDGE('',*,*,#12333,.T.);
#12333 = EDGE_CURVE('',#12326,#12302,#12334,.T.);
#12334 = LINE('',#12335,#12336);
#12335 = CARTESIAN_POINT('',(-48.,192.5,900.));
#12336 = VECTOR('',#12337,1.);
#12337 = DIRECTION('',(1.,0.,0.));
#12338 = PLANE('',#12339);
#12339 = AXIS2_PLACEMENT_3D('',#12340,#12341,#12342);
#12340 = CARTESIAN_POINT('',(-48.,192.5,171.));
#12341 = DIRECTION('',(0.,1.,0.));
#12342 = DIRECTION('',(0.,0.,1.));
#12343 = ADVANCED_FACE('',(#12344,#12355,#12389,#12423,#12457,#12491,
    #12525,#12559,#12593,#12627,#12661),#12695,.F.);
#12344 = FACE_BOUND('',#12345,.F.);
#12345 = EDGE_LOOP('',(#12346,#12347,#12348,#12349));
#12346 = ORIENTED_EDGE('',*,*,#12277,.F.);
#12347 = ORIENTED_EDGE('',*,*,#11610,.T.);
#12348 = ORIENTED_EDGE('',*,*,#12325,.T.);
#12349 = ORIENTED_EDGE('',*,*,#12350,.F.);
#12350 = EDGE_CURVE('',#12278,#12326,#12351,.T.);
#12351 = LINE('',#12352,#12353);
#12352 = CARTESIAN_POINT('',(-48.,177.5,900.));
#12353 = VECTOR('',#12354,1.);
#12354 = DIRECTION('',(0.,1.,0.));
#12355 = FACE_BOUND('',#12356,.F.);
#12356 = EDGE_LOOP('',(#12357,#12367,#12375,#12383));
#12357 = ORIENTED_EDGE('',*,*,#12358,.T.);
#12358 = EDGE_CURVE('',#12359,#12361,#12363,.T.);
#12359 = VERTEX_POINT('',#12360);
#12360 = CARTESIAN_POINT('',(-48.,192.,740.));
#12361 = VERTEX_POINT('',#12362);
#12362 = CARTESIAN_POINT('',(-48.,178.,740.));
#12363 = LINE('',#12364,#12365);
#12364 = CARTESIAN_POINT('',(-48.,177.75,740.));
#12365 = VECTOR('',#12366,1.);
#12366 = DIRECTION('',(0.,-1.,0.));
#12367 = ORIENTED_EDGE('',*,*,#12368,.T.);
#12368 = EDGE_CURVE('',#12361,#12369,#12371,.T.);
#12369 = VERTEX_POINT('',#12370);
#12370 = CARTESIAN_POINT('',(-48.,178.,748.));
#12371 = LINE('',#12372,#12373);
#12372 = CARTESIAN_POINT('',(-48.,178.,455.5));
#12373 = VECTOR('',#12374,1.);
#12374 = DIRECTION('',(0.,0.,1.));
#12375 = ORIENTED_EDGE('',*,*,#12376,.F.);
#12376 = EDGE_CURVE('',#12377,#12369,#12379,.T.);
#12377 = VERTEX_POINT('',#12378);
#12378 = CARTESIAN_POINT('',(-48.,192.,748.));
#12379 = LINE('',#12380,#12381);
#12380 = CARTESIAN_POINT('',(-48.,177.75,748.));
#12381 = VECTOR('',#12382,1.);
#12382 = DIRECTION('',(0.,-1.,0.));
#12383 = ORIENTED_EDGE('',*,*,#12384,.F.);
#12384 = EDGE_CURVE('',#12359,#12377,#12385,.T.);
#12385 = LINE('',#12386,#12387);
#12386 = CARTESIAN_POINT('',(-48.,192.,455.5));
#12387 = VECTOR('',#12388,1.);
#12388 = DIRECTION('',(0.,0.,1.));
#12389 = FACE_BOUND('',#12390,.F.);
#12390 = EDGE_LOOP('',(#12391,#12401,#12409,#12417));
#12391 = ORIENTED_EDGE('',*,*,#12392,.T.);
#12392 = EDGE_CURVE('',#12393,#12395,#12397,.T.);
#12393 = VERTEX_POINT('',#12394);
#12394 = CARTESIAN_POINT('',(-48.,192.,756.));
#12395 = VERTEX_POINT('',#12396);
#12396 = CARTESIAN_POINT('',(-48.,178.,756.));
#12397 = LINE('',#12398,#12399);
#12398 = CARTESIAN_POINT('',(-48.,177.75,756.));
#12399 = VECTOR('',#12400,1.);
#12400 = DIRECTION('',(0.,-1.,0.));
#12401 = ORIENTED_EDGE('',*,*,#12402,.T.);
#12402 = EDGE_CURVE('',#12395,#12403,#12405,.T.);
#12403 = VERTEX_POINT('',#12404);
#12404 = CARTESIAN_POINT('',(-48.,178.,764.));
#12405 = LINE('',#12406,#12407);
#12406 = CARTESIAN_POINT('',(-48.,178.,463.5));
#12407 = VECTOR('',#12408,1.);
#12408 = DIRECTION('',(0.,0.,1.));
#12409 = ORIENTED_EDGE('',*,*,#12410,.F.);
#12410 = EDGE_CURVE('',#12411,#12403,#12413,.T.);
#12411 = VERTEX_POINT('',#12412);
#12412 = CARTESIAN_POINT('',(-48.,192.,764.));
#12413 = LINE('',#12414,#12415);
#12414 = CARTESIAN_POINT('',(-48.,177.75,764.));
#12415 = VECTOR('',#12416,1.);
#12416 = DIRECTION('',(0.,-1.,0.));
#12417 = ORIENTED_EDGE('',*,*,#12418,.F.);
#12418 = EDGE_CURVE('',#12393,#12411,#12419,.T.);
#12419 = LINE('',#12420,#12421);
#12420 = CARTESIAN_POINT('',(-48.,192.,463.5));
#12421 = VECTOR('',#12422,1.);
#12422 = DIRECTION('',(0.,0.,1.));
#12423 = FACE_BOUND('',#12424,.F.);
#12424 = EDGE_LOOP('',(#12425,#12435,#12443,#12451));
#12425 = ORIENTED_EDGE('',*,*,#12426,.T.);
#12426 = EDGE_CURVE('',#12427,#12429,#12431,.T.);
#12427 = VERTEX_POINT('',#12428);
#12428 = CARTESIAN_POINT('',(-48.,192.,772.));
#12429 = VERTEX_POINT('',#12430);
#12430 = CARTESIAN_POINT('',(-48.,178.,772.));
#12431 = LINE('',#12432,#12433);
#12432 = CARTESIAN_POINT('',(-48.,177.75,772.));
#12433 = VECTOR('',#12434,1.);
#12434 = DIRECTION('',(0.,-1.,0.));
#12435 = ORIENTED_EDGE('',*,*,#12436,.T.);
#12436 = EDGE_CURVE('',#12429,#12437,#12439,.T.);
#12437 = VERTEX_POINT('',#12438);
#12438 = CARTESIAN_POINT('',(-48.,178.,780.));
#12439 = LINE('',#12440,#12441);
#12440 = CARTESIAN_POINT('',(-48.,178.,471.5));
#12441 = VECTOR('',#12442,1.);
#12442 = DIRECTION('',(0.,0.,1.));
#12443 = ORIENTED_EDGE('',*,*,#12444,.F.);
#12444 = EDGE_CURVE('',#12445,#12437,#12447,.T.);
#12445 = VERTEX_POINT('',#12446);
#12446 = CARTESIAN_POINT('',(-48.,192.,780.));
#12447 = LINE('',#12448,#12449);
#12448 = CARTESIAN_POINT('',(-48.,177.75,780.));
#12449 = VECTOR('',#12450,1.);
#12450 = DIRECTION('',(0.,-1.,0.));
#12451 = ORIENTED_EDGE('',*,*,#12452,.F.);
#12452 = EDGE_CURVE('',#12427,#12445,#12453,.T.);
#12453 = LINE('',#12454,#12455);
#12454 = CARTESIAN_POINT('',(-48.,192.,471.5));
#12455 = VECTOR('',#12456,1.);
#12456 = DIRECTION('',(0.,0.,1.));
#12457 = FACE_BOUND('',#12458,.F.);
#12458 = EDGE_LOOP('',(#12459,#12469,#12477,#12485));
#12459 = ORIENTED_EDGE('',*,*,#12460,.T.);
#12460 = EDGE_CURVE('',#12461,#12463,#12465,.T.);
#12461 = VERTEX_POINT('',#12462);
#12462 = CARTESIAN_POINT('',(-48.,192.,788.));
#12463 = VERTEX_POINT('',#12464);
#12464 = CARTESIAN_POINT('',(-48.,178.,788.));
#12465 = LINE('',#12466,#12467);
#12466 = CARTESIAN_POINT('',(-48.,177.75,788.));
#12467 = VECTOR('',#12468,1.);
#12468 = DIRECTION('',(0.,-1.,0.));
#12469 = ORIENTED_EDGE('',*,*,#12470,.T.);
#12470 = EDGE_CURVE('',#12463,#12471,#12473,.T.);
#12471 = VERTEX_POINT('',#12472);
#12472 = CARTESIAN_POINT('',(-48.,178.,796.));
#12473 = LINE('',#12474,#12475);
#12474 = CARTESIAN_POINT('',(-48.,178.,479.5));
#12475 = VECTOR('',#12476,1.);
#12476 = DIRECTION('',(0.,0.,1.));
#12477 = ORIENTED_EDGE('',*,*,#12478,.F.);
#12478 = EDGE_CURVE('',#12479,#12471,#12481,.T.);
#12479 = VERTEX_POINT('',#12480);
#12480 = CARTESIAN_POINT('',(-48.,192.,796.));
#12481 = LINE('',#12482,#12483);
#12482 = CARTESIAN_POINT('',(-48.,177.75,796.));
#12483 = VECTOR('',#12484,1.);
#12484 = DIRECTION('',(0.,-1.,0.));
#12485 = ORIENTED_EDGE('',*,*,#12486,.F.);
#12486 = EDGE_CURVE('',#12461,#12479,#12487,.T.);
#12487 = LINE('',#12488,#12489);
#12488 = CARTESIAN_POINT('',(-48.,192.,479.5));
#12489 = VECTOR('',#12490,1.);
#12490 = DIRECTION('',(0.,0.,1.));
#12491 = FACE_BOUND('',#12492,.F.);
#12492 = EDGE_LOOP('',(#12493,#12503,#12511,#12519));
#12493 = ORIENTED_EDGE('',*,*,#12494,.T.);
#12494 = EDGE_CURVE('',#12495,#12497,#12499,.T.);
#12495 = VERTEX_POINT('',#12496);
#12496 = CARTESIAN_POINT('',(-48.,192.,804.));
#12497 = VERTEX_POINT('',#12498);
#12498 = CARTESIAN_POINT('',(-48.,178.,804.));
#12499 = LINE('',#12500,#12501);
#12500 = CARTESIAN_POINT('',(-48.,177.75,804.));
#12501 = VECTOR('',#12502,1.);
#12502 = DIRECTION('',(0.,-1.,0.));
#12503 = ORIENTED_EDGE('',*,*,#12504,.T.);
#12504 = EDGE_CURVE('',#12497,#12505,#12507,.T.);
#12505 = VERTEX_POINT('',#12506);
#12506 = CARTESIAN_POINT('',(-48.,178.,812.));
#12507 = LINE('',#12508,#12509);
#12508 = CARTESIAN_POINT('',(-48.,178.,487.5));
#12509 = VECTOR('',#12510,1.);
#12510 = DIRECTION('',(0.,0.,1.));
#12511 = ORIENTED_EDGE('',*,*,#12512,.F.);
#12512 = EDGE_CURVE('',#12513,#12505,#12515,.T.);
#12513 = VERTEX_POINT('',#12514);
#12514 = CARTESIAN_POINT('',(-48.,192.,812.));
#12515 = LINE('',#12516,#12517);
#12516 = CARTESIAN_POINT('',(-48.,177.75,812.));
#12517 = VECTOR('',#12518,1.);
#12518 = DIRECTION('',(0.,-1.,0.));
#12519 = ORIENTED_EDGE('',*,*,#12520,.F.);
#12520 = EDGE_CURVE('',#12495,#12513,#12521,.T.);
#12521 = LINE('',#12522,#12523);
#12522 = CARTESIAN_POINT('',(-48.,192.,487.5));
#12523 = VECTOR('',#12524,1.);
#12524 = DIRECTION('',(0.,0.,1.));
#12525 = FACE_BOUND('',#12526,.F.);
#12526 = EDGE_LOOP('',(#12527,#12537,#12545,#12553));
#12527 = ORIENTED_EDGE('',*,*,#12528,.T.);
#12528 = EDGE_CURVE('',#12529,#12531,#12533,.T.);
#12529 = VERTEX_POINT('',#12530);
#12530 = CARTESIAN_POINT('',(-48.,192.,820.));
#12531 = VERTEX_POINT('',#12532);
#12532 = CARTESIAN_POINT('',(-48.,178.,820.));
#12533 = LINE('',#12534,#12535);
#12534 = CARTESIAN_POINT('',(-48.,177.75,820.));
#12535 = VECTOR('',#12536,1.);
#12536 = DIRECTION('',(0.,-1.,0.));
#12537 = ORIENTED_EDGE('',*,*,#12538,.T.);
#12538 = EDGE_CURVE('',#12531,#12539,#12541,.T.);
#12539 = VERTEX_POINT('',#12540);
#12540 = CARTESIAN_POINT('',(-48.,178.,828.));
#12541 = LINE('',#12542,#12543);
#12542 = CARTESIAN_POINT('',(-48.,178.,495.5));
#12543 = VECTOR('',#12544,1.);
#12544 = DIRECTION('',(0.,0.,1.));
#12545 = ORIENTED_EDGE('',*,*,#12546,.F.);
#12546 = EDGE_CURVE('',#12547,#12539,#12549,.T.);
#12547 = VERTEX_POINT('',#12548);
#12548 = CARTESIAN_POINT('',(-48.,192.,828.));
#12549 = LINE('',#12550,#12551);
#12550 = CARTESIAN_POINT('',(-48.,177.75,828.));
#12551 = VECTOR('',#12552,1.);
#12552 = DIRECTION('',(0.,-1.,0.));
#12553 = ORIENTED_EDGE('',*,*,#12554,.F.);
#12554 = EDGE_CURVE('',#12529,#12547,#12555,.T.);
#12555 = LINE('',#12556,#12557);
#12556 = CARTESIAN_POINT('',(-48.,192.,495.5));
#12557 = VECTOR('',#12558,1.);
#12558 = DIRECTION('',(0.,0.,1.));
#12559 = FACE_BOUND('',#12560,.F.);
#12560 = EDGE_LOOP('',(#12561,#12571,#12579,#12587));
#12561 = ORIENTED_EDGE('',*,*,#12562,.T.);
#12562 = EDGE_CURVE('',#12563,#12565,#12567,.T.);
#12563 = VERTEX_POINT('',#12564);
#12564 = CARTESIAN_POINT('',(-48.,192.,836.));
#12565 = VERTEX_POINT('',#12566);
#12566 = CARTESIAN_POINT('',(-48.,178.,836.));
#12567 = LINE('',#12568,#12569);
#12568 = CARTESIAN_POINT('',(-48.,177.75,836.));
#12569 = VECTOR('',#12570,1.);
#12570 = DIRECTION('',(0.,-1.,0.));
#12571 = ORIENTED_EDGE('',*,*,#12572,.T.);
#12572 = EDGE_CURVE('',#12565,#12573,#12575,.T.);
#12573 = VERTEX_POINT('',#12574);
#12574 = CARTESIAN_POINT('',(-48.,178.,844.));
#12575 = LINE('',#12576,#12577);
#12576 = CARTESIAN_POINT('',(-48.,178.,503.5));
#12577 = VECTOR('',#12578,1.);
#12578 = DIRECTION('',(0.,0.,1.));
#12579 = ORIENTED_EDGE('',*,*,#12580,.F.);
#12580 = EDGE_CURVE('',#12581,#12573,#12583,.T.);
#12581 = VERTEX_POINT('',#12582);
#12582 = CARTESIAN_POINT('',(-48.,192.,844.));
#12583 = LINE('',#12584,#12585);
#12584 = CARTESIAN_POINT('',(-48.,177.75,844.));
#12585 = VECTOR('',#12586,1.);
#12586 = DIRECTION('',(0.,-1.,0.));
#12587 = ORIENTED_EDGE('',*,*,#12588,.F.);
#12588 = EDGE_CURVE('',#12563,#12581,#12589,.T.);
#12589 = LINE('',#12590,#12591);
#12590 = CARTESIAN_POINT('',(-48.,192.,503.5));
#12591 = VECTOR('',#12592,1.);
#12592 = DIRECTION('',(0.,0.,1.));
#12593 = FACE_BOUND('',#12594,.F.);
#12594 = EDGE_LOOP('',(#12595,#12605,#12613,#12621));
#12595 = ORIENTED_EDGE('',*,*,#12596,.T.);
#12596 = EDGE_CURVE('',#12597,#12599,#12601,.T.);
#12597 = VERTEX_POINT('',#12598);
#12598 = CARTESIAN_POINT('',(-48.,192.,852.));
#12599 = VERTEX_POINT('',#12600);
#12600 = CARTESIAN_POINT('',(-48.,178.,852.));
#12601 = LINE('',#12602,#12603);
#12602 = CARTESIAN_POINT('',(-48.,177.75,852.));
#12603 = VECTOR('',#12604,1.);
#12604 = DIRECTION('',(0.,-1.,0.));
#12605 = ORIENTED_EDGE('',*,*,#12606,.T.);
#12606 = EDGE_CURVE('',#12599,#12607,#12609,.T.);
#12607 = VERTEX_POINT('',#12608);
#12608 = CARTESIAN_POINT('',(-48.,178.,860.));
#12609 = LINE('',#12610,#12611);
#12610 = CARTESIAN_POINT('',(-48.,178.,511.5));
#12611 = VECTOR('',#12612,1.);
#12612 = DIRECTION('',(0.,0.,1.));
#12613 = ORIENTED_EDGE('',*,*,#12614,.F.);
#12614 = EDGE_CURVE('',#12615,#12607,#12617,.T.);
#12615 = VERTEX_POINT('',#12616);
#12616 = CARTESIAN_POINT('',(-48.,192.,860.));
#12617 = LINE('',#12618,#12619);
#12618 = CARTESIAN_POINT('',(-48.,177.75,860.));
#12619 = VECTOR('',#12620,1.);
#12620 = DIRECTION('',(0.,-1.,0.));
#12621 = ORIENTED_EDGE('',*,*,#12622,.F.);
#12622 = EDGE_CURVE('',#12597,#12615,#12623,.T.);
#12623 = LINE('',#12624,#12625);
#12624 = CARTESIAN_POINT('',(-48.,192.,511.5));
#12625 = VECTOR('',#12626,1.);
#12626 = DIRECTION('',(0.,0.,1.));
#12627 = FACE_BOUND('',#12628,.F.);
#12628 = EDGE_LOOP('',(#12629,#12639,#12647,#12655));
#12629 = ORIENTED_EDGE('',*,*,#12630,.T.);
#12630 = EDGE_CURVE('',#12631,#12633,#12635,.T.);
#12631 = VERTEX_POINT('',#12632);
#12632 = CARTESIAN_POINT('',(-48.,192.,868.));
#12633 = VERTEX_POINT('',#12634);
#12634 = CARTESIAN_POINT('',(-48.,178.,868.));
#12635 = LINE('',#12636,#12637);
#12636 = CARTESIAN_POINT('',(-48.,177.75,868.));
#12637 = VECTOR('',#12638,1.);
#12638 = DIRECTION('',(0.,-1.,0.));
#12639 = ORIENTED_EDGE('',*,*,#12640,.T.);
#12640 = EDGE_CURVE('',#12633,#12641,#12643,.T.);
#12641 = VERTEX_POINT('',#12642);
#12642 = CARTESIAN_POINT('',(-48.,178.,876.));
#12643 = LINE('',#12644,#12645);
#12644 = CARTESIAN_POINT('',(-48.,178.,519.5));
#12645 = VECTOR('',#12646,1.);
#12646 = DIRECTION('',(0.,0.,1.));
#12647 = ORIENTED_EDGE('',*,*,#12648,.F.);
#12648 = EDGE_CURVE('',#12649,#12641,#12651,.T.);
#12649 = VERTEX_POINT('',#12650);
#12650 = CARTESIAN_POINT('',(-48.,192.,876.));
#12651 = LINE('',#12652,#12653);
#12652 = CARTESIAN_POINT('',(-48.,177.75,876.));
#12653 = VECTOR('',#12654,1.);
#12654 = DIRECTION('',(0.,-1.,0.));
#12655 = ORIENTED_EDGE('',*,*,#12656,.F.);
#12656 = EDGE_CURVE('',#12631,#12649,#12657,.T.);
#12657 = LINE('',#12658,#12659);
#12658 = CARTESIAN_POINT('',(-48.,192.,519.5));
#12659 = VECTOR('',#12660,1.);
#12660 = DIRECTION('',(0.,0.,1.));
#12661 = FACE_BOUND('',#12662,.F.);
#12662 = EDGE_LOOP('',(#12663,#12673,#12681,#12689));
#12663 = ORIENTED_EDGE('',*,*,#12664,.T.);
#12664 = EDGE_CURVE('',#12665,#12667,#12669,.T.);
#12665 = VERTEX_POINT('',#12666);
#12666 = CARTESIAN_POINT('',(-48.,192.,884.));
#12667 = VERTEX_POINT('',#12668);
#12668 = CARTESIAN_POINT('',(-48.,178.,884.));
#12669 = LINE('',#12670,#12671);
#12670 = CARTESIAN_POINT('',(-48.,177.75,884.));
#12671 = VECTOR('',#12672,1.);
#12672 = DIRECTION('',(0.,-1.,0.));
#12673 = ORIENTED_EDGE('',*,*,#12674,.T.);
#12674 = EDGE_CURVE('',#12667,#12675,#12677,.T.);
#12675 = VERTEX_POINT('',#12676);
#12676 = CARTESIAN_POINT('',(-48.,178.,892.));
#12677 = LINE('',#12678,#12679);
#12678 = CARTESIAN_POINT('',(-48.,178.,527.5));
#12679 = VECTOR('',#12680,1.);
#12680 = DIRECTION('',(0.,0.,1.));
#12681 = ORIENTED_EDGE('',*,*,#12682,.F.);
#12682 = EDGE_CURVE('',#12683,#12675,#12685,.T.);
#12683 = VERTEX_POINT('',#12684);
#12684 = CARTESIAN_POINT('',(-48.,192.,892.));
#12685 = LINE('',#12686,#12687);
#12686 = CARTESIAN_POINT('',(-48.,177.75,892.));
#12687 = VECTOR('',#12688,1.);
#12688 = DIRECTION('',(0.,-1.,0.));
#12689 = ORIENTED_EDGE('',*,*,#12690,.F.);
#12690 = EDGE_CURVE('',#12665,#12683,#12691,.T.);
#12691 = LINE('',#12692,#12693);
#12692 = CARTESIAN_POINT('',(-48.,192.,527.5));
#12693 = VECTOR('',#12694,1.);
#12694 = DIRECTION('',(0.,0.,1.));
#12695 = PLANE('',#12696);
#12696 = AXIS2_PLACEMENT_3D('',#12697,#12698,#12699);
#12697 = CARTESIAN_POINT('',(-48.,177.5,171.));
#12698 = DIRECTION('',(1.,0.,0.));
#12699 = DIRECTION('',(0.,0.,1.));
#12700 = ADVANCED_FACE('',(#12701,#12720),#12731,.F.);
#12701 = FACE_BOUND('',#12702,.F.);
#12702 = EDGE_LOOP('',(#12703,#12712,#12719));
#12703 = ORIENTED_EDGE('',*,*,#12704,.T.);
#12704 = EDGE_CURVE('',#11693,#12705,#12707,.T.);
#12705 = VERTEX_POINT('',#12706);
#12706 = CARTESIAN_POINT('',(-219.,260.,221.));
#12707 = CIRCLE('',#12708,33.);
#12708 = AXIS2_PLACEMENT_3D('',#12709,#12710,#12711);
#12709 = CARTESIAN_POINT('',(-219.,260.,188.));
#12710 = DIRECTION('',(1.,0.,-0.));
#12711 = DIRECTION('',(0.,0.,1.));
#12712 = ORIENTED_EDGE('',*,*,#12713,.T.);
#12713 = EDGE_CURVE('',#12705,#11691,#12714,.T.);
#12714 = CIRCLE('',#12715,33.);
#12715 = AXIS2_PLACEMENT_3D('',#12716,#12717,#12718);
#12716 = CARTESIAN_POINT('',(-219.,260.,188.));
#12717 = DIRECTION('',(1.,0.,-0.));
#12718 = DIRECTION('',(0.,0.,1.));
#12719 = ORIENTED_EDGE('',*,*,#11690,.T.);
#12720 = FACE_BOUND('',#12721,.F.);
#12721 = EDGE_LOOP('',(#12722));
#12722 = ORIENTED_EDGE('',*,*,#12723,.F.);
#12723 = EDGE_CURVE('',#12724,#12724,#12726,.T.);
#12724 = VERTEX_POINT('',#12725);
#12725 = CARTESIAN_POINT('',(-219.,260.,210.));
#12726 = CIRCLE('',#12727,22.);
#12727 = AXIS2_PLACEMENT_3D('',#12728,#12729,#12730);
#12728 = CARTESIAN_POINT('',(-219.,260.,188.));
#12729 = DIRECTION('',(1.,0.,-0.));
#12730 = DIRECTION('',(0.,0.,1.));
#12731 = PLANE('',#12732);
#12732 = AXIS2_PLACEMENT_3D('',#12733,#12734,#12735);
#12733 = CARTESIAN_POINT('',(-219.,260.,188.));
#12734 = DIRECTION('',(1.,0.,0.));
#12735 = DIRECTION('',(0.,0.,1.));
#12736 = ADVANCED_FACE('',(#12737),#12756,.T.);
#12737 = FACE_BOUND('',#12738,.T.);
#12738 = EDGE_LOOP('',(#12739,#12748,#12754,#12755));
#12739 = ORIENTED_EDGE('',*,*,#12740,.F.);
#12740 = EDGE_CURVE('',#12741,#11709,#12743,.T.);
#12741 = VERTEX_POINT('',#12742);
#12742 = CARTESIAN_POINT('',(-201.,260.,221.));
#12743 = CIRCLE('',#12744,33.);
#12744 = AXIS2_PLACEMENT_3D('',#12745,#12746,#12747);
#12745 = CARTESIAN_POINT('',(-201.,260.,188.));
#12746 = DIRECTION('',(1.,0.,-0.));
#12747 = DIRECTION('',(0.,0.,1.));
#12748 = ORIENTED_EDGE('',*,*,#12749,.F.);
#12749 = EDGE_CURVE('',#12705,#12741,#12750,.T.);
#12750 = LINE('',#12751,#12752);
#12751 = CARTESIAN_POINT('',(-219.,260.,221.));
#12752 = VECTOR('',#12753,1.);
#12753 = DIRECTION('',(1.,0.,0.));
#12754 = ORIENTED_EDGE('',*,*,#12713,.T.);
#12755 = ORIENTED_EDGE('',*,*,#11716,.T.);
#12756 = CYLINDRICAL_SURFACE('',#12757,33.);
#12757 = AXIS2_PLACEMENT_3D('',#12758,#12759,#12760);
#12758 = CARTESIAN_POINT('',(-219.,260.,188.));
#12759 = DIRECTION('',(1.,0.,0.));
#12760 = DIRECTION('',(0.,0.,1.));
#12761 = ADVANCED_FACE('',(#12762,#12773),#12784,.T.);
#12762 = FACE_BOUND('',#12763,.T.);
#12763 = EDGE_LOOP('',(#12764,#12771,#12772));
#12764 = ORIENTED_EDGE('',*,*,#12765,.T.);
#12765 = EDGE_CURVE('',#11701,#12741,#12766,.T.);
#12766 = CIRCLE('',#12767,33.);
#12767 = AXIS2_PLACEMENT_3D('',#12768,#12769,#12770);
#12768 = CARTESIAN_POINT('',(-201.,260.,188.));
#12769 = DIRECTION('',(1.,0.,-0.));
#12770 = DIRECTION('',(0.,0.,1.));
#12771 = ORIENTED_EDGE('',*,*,#12740,.T.);
#12772 = ORIENTED_EDGE('',*,*,#11708,.T.);
#12773 = FACE_BOUND('',#12774,.T.);
#12774 = EDGE_LOOP('',(#12775));
#12775 = ORIENTED_EDGE('',*,*,#12776,.F.);
#12776 = EDGE_CURVE('',#12777,#12777,#12779,.T.);
#12777 = VERTEX_POINT('',#12778);
#12778 = CARTESIAN_POINT('',(-201.,260.,210.));
#12779 = CIRCLE('',#12780,22.);
#12780 = AXIS2_PLACEMENT_3D('',#12781,#12782,#12783);
#12781 = CARTESIAN_POINT('',(-201.,260.,188.));
#12782 = DIRECTION('',(1.,0.,-0.));
#12783 = DIRECTION('',(0.,0.,1.));
#12784 = PLANE('',#12785);
#12785 = AXIS2_PLACEMENT_3D('',#12786,#12787,#12788);
#12786 = CARTESIAN_POINT('',(-201.,260.,188.));
#12787 = DIRECTION('',(1.,0.,0.));
#12788 = DIRECTION('',(0.,0.,1.));
#12789 = ADVANCED_FACE('',(#12790),#12796,.T.);
#12790 = FACE_BOUND('',#12791,.T.);
#12791 = EDGE_LOOP('',(#12792,#12793,#12794,#12795));
#12792 = ORIENTED_EDGE('',*,*,#12749,.T.);
#12793 = ORIENTED_EDGE('',*,*,#12765,.F.);
#12794 = ORIENTED_EDGE('',*,*,#11700,.F.);
#12795 = ORIENTED_EDGE('',*,*,#12704,.T.);
#12796 = CYLINDRICAL_SURFACE('',#12797,33.);
#12797 = AXIS2_PLACEMENT_3D('',#12798,#12799,#12800);
#12798 = CARTESIAN_POINT('',(-219.,260.,188.));
#12799 = DIRECTION('',(1.,0.,0.));
#12800 = DIRECTION('',(0.,0.,1.));
#12801 = ADVANCED_FACE('',(#12802),#12827,.T.);
#12802 = FACE_BOUND('',#12803,.T.);
#12803 = EDGE_LOOP('',(#12804,#12812,#12820,#12826));
#12804 = ORIENTED_EDGE('',*,*,#12805,.F.);
#12805 = EDGE_CURVE('',#12806,#11896,#12808,.T.);
#12806 = VERTEX_POINT('',#12807);
#12807 = CARTESIAN_POINT('',(130.,136.,60.));
#12808 = LINE('',#12809,#12810);
#12809 = CARTESIAN_POINT('',(130.,136.,60.));
#12810 = VECTOR('',#12811,1.);
#12811 = DIRECTION('',(0.,0.,1.));
#12812 = ORIENTED_EDGE('',*,*,#12813,.T.);
#12813 = EDGE_CURVE('',#12806,#12814,#12816,.T.);
#12814 = VERTEX_POINT('',#12815);
#12815 = CARTESIAN_POINT('',(130.,324.,60.));
#12816 = LINE('',#12817,#12818);
#12817 = CARTESIAN_POINT('',(130.,136.,60.));
#12818 = VECTOR('',#12819,1.);
#12819 = DIRECTION('',(0.,1.,0.));
#12820 = ORIENTED_EDGE('',*,*,#12821,.T.);
#12821 = EDGE_CURVE('',#12814,#11904,#12822,.T.);
#12822 = LINE('',#12823,#12824);
#12823 = CARTESIAN_POINT('',(130.,324.,60.));
#12824 = VECTOR('',#12825,1.);
#12825 = DIRECTION('',(0.,0.,1.));
#12826 = ORIENTED_EDGE('',*,*,#11903,.F.);
#12827 = PLANE('',#12828);
#12828 = AXIS2_PLACEMENT_3D('',#12829,#12830,#12831);
#12829 = CARTESIAN_POINT('',(130.,136.,60.));
#12830 = DIRECTION('',(1.,0.,0.));
#12831 = DIRECTION('',(0.,0.,1.));
#12832 = ADVANCED_FACE('',(#12833),#12860,.F.);
#12833 = FACE_BOUND('',#12834,.F.);
#12834 = EDGE_LOOP('',(#12835,#12843,#12851,#12857,#12858,#12859));
#12835 = ORIENTED_EDGE('',*,*,#12836,.F.);
#12836 = EDGE_CURVE('',#12837,#12247,#12839,.T.);
#12837 = VERTEX_POINT('',#12838);
#12838 = CARTESIAN_POINT('',(59.,136.,60.));
#12839 = LINE('',#12840,#12841);
#12840 = CARTESIAN_POINT('',(59.,136.,60.));
#12841 = VECTOR('',#12842,1.);
#12842 = DIRECTION('',(0.,0.,1.));
#12843 = ORIENTED_EDGE('',*,*,#12844,.T.);
#12844 = EDGE_CURVE('',#12837,#12845,#12847,.T.);
#12845 = VERTEX_POINT('',#12846);
#12846 = CARTESIAN_POINT('',(59.,324.,60.));
#12847 = LINE('',#12848,#12849);
#12848 = CARTESIAN_POINT('',(59.,136.,60.));
#12849 = VECTOR('',#12850,1.);
#12850 = DIRECTION('',(0.,1.,0.));
#12851 = ORIENTED_EDGE('',*,*,#12852,.T.);
#12852 = EDGE_CURVE('',#12845,#11962,#12853,.T.);
#12853 = LINE('',#12854,#12855);
#12854 = CARTESIAN_POINT('',(59.,324.,60.));
#12855 = VECTOR('',#12856,1.);
#12856 = DIRECTION('',(0.,0.,1.));
#12857 = ORIENTED_EDGE('',*,*,#11970,.F.);
#12858 = ORIENTED_EDGE('',*,*,#11944,.F.);
#12859 = ORIENTED_EDGE('',*,*,#12254,.F.);
#12860 = PLANE('',#12861);
#12861 = AXIS2_PLACEMENT_3D('',#12862,#12863,#12864);
#12862 = CARTESIAN_POINT('',(59.,136.,60.));
#12863 = DIRECTION('',(1.,0.,0.));
#12864 = DIRECTION('',(0.,0.,1.));
#12865 = ADVANCED_FACE('',(#12866),#12885,.F.);
#12866 = FACE_BOUND('',#12867,.F.);
#12867 = EDGE_LOOP('',(#12868,#12876,#12882,#12883,#12884));
#12868 = ORIENTED_EDGE('',*,*,#12869,.F.);
#12869 = EDGE_CURVE('',#12870,#12845,#12872,.T.);
#12870 = VERTEX_POINT('',#12871);
#12871 = CARTESIAN_POINT('',(-49.,324.,60.));
#12872 = LINE('',#12873,#12874);
#12873 = CARTESIAN_POINT('',(-270.,324.,60.));
#12874 = VECTOR('',#12875,1.);
#12875 = DIRECTION('',(1.,0.,0.));
#12876 = ORIENTED_EDGE('',*,*,#12877,.T.);
#12877 = EDGE_CURVE('',#12870,#12010,#12878,.T.);
#12878 = LINE('',#12879,#12880);
#12879 = CARTESIAN_POINT('',(-49.,324.,60.));
#12880 = VECTOR('',#12881,1.);
#12881 = DIRECTION('',(0.,0.,1.));
#12882 = ORIENTED_EDGE('',*,*,#12017,.T.);
#12883 = ORIENTED_EDGE('',*,*,#11961,.T.);
#12884 = ORIENTED_EDGE('',*,*,#12852,.F.);
#12885 = PLANE('',#12886);
#12886 = AXIS2_PLACEMENT_3D('',#12887,#12888,#12889);
#12887 = CARTESIAN_POINT('',(-270.,324.,60.));
#12888 = DIRECTION('',(0.,1.,0.));
#12889 = DIRECTION('',(0.,0.,1.));
#12890 = ADVANCED_FACE('',(#12891),#12916,.F.);
#12891 = FACE_BOUND('',#12892,.F.);
#12892 = EDGE_LOOP('',(#12893,#12901,#12909,#12915));
#12893 = ORIENTED_EDGE('',*,*,#12894,.F.);
#12894 = EDGE_CURVE('',#12895,#11985,#12897,.T.);
#12895 = VERTEX_POINT('',#12896);
#12896 = CARTESIAN_POINT('',(-270.,324.,60.));
#12897 = LINE('',#12898,#12899);
#12898 = CARTESIAN_POINT('',(-270.,324.,60.));
#12899 = VECTOR('',#12900,1.);
#12900 = DIRECTION('',(0.,0.,1.));
#12901 = ORIENTED_EDGE('',*,*,#12902,.T.);
#12902 = EDGE_CURVE('',#12895,#12903,#12905,.T.);
#12903 = VERTEX_POINT('',#12904);
#12904 = CARTESIAN_POINT('',(-270.,360.,60.));
#12905 = LINE('',#12906,#12907);
#12906 = CARTESIAN_POINT('',(-270.,100.,60.));
#12907 = VECTOR('',#12908,1.);
#12908 = DIRECTION('',(0.,1.,0.));
#12909 = ORIENTED_EDGE('',*,*,#12910,.T.);
#12910 = EDGE_CURVE('',#12903,#11987,#12911,.T.);
#12911 = LINE('',#12912,#12913);
#12912 = CARTESIAN_POINT('',(-270.,360.,60.));
#12913 = VECTOR('',#12914,1.);
#12914 = DIRECTION('',(0.,0.,1.));
#12915 = ORIENTED_EDGE('',*,*,#11984,.F.);
#12916 = PLANE('',#12917);
#12917 = AXIS2_PLACEMENT_3D('',#12918,#12919,#12920);
#12918 = CARTESIAN_POINT('',(-270.,324.,60.));
#12919 = DIRECTION('',(1.,0.,0.));
#12920 = DIRECTION('',(0.,0.,1.));
#12921 = ADVANCED_FACE('',(#12922),#12956,.T.);
#12922 = FACE_BOUND('',#12923,.T.);
#12923 = EDGE_LOOP('',(#12924,#12932,#12933,#12934,#12942,#12950));
#12924 = ORIENTED_EDGE('',*,*,#12925,.F.);
#12925 = EDGE_CURVE('',#12903,#12926,#12928,.T.);
#12926 = VERTEX_POINT('',#12927);
#12927 = CARTESIAN_POINT('',(-70.,360.,60.));
#12928 = LINE('',#12929,#12930);
#12929 = CARTESIAN_POINT('',(-270.,360.,60.));
#12930 = VECTOR('',#12931,1.);
#12931 = DIRECTION('',(1.,0.,0.));
#12932 = ORIENTED_EDGE('',*,*,#12910,.T.);
#12933 = ORIENTED_EDGE('',*,*,#12033,.T.);
#12934 = ORIENTED_EDGE('',*,*,#12935,.F.);
#12935 = EDGE_CURVE('',#12936,#12026,#12938,.T.);
#12936 = VERTEX_POINT('',#12937);
#12937 = CARTESIAN_POINT('',(130.,360.,60.));
#12938 = LINE('',#12939,#12940);
#12939 = CARTESIAN_POINT('',(130.,360.,60.));
#12940 = VECTOR('',#12941,1.);
#12941 = DIRECTION('',(0.,0.,1.));
#12942 = ORIENTED_EDGE('',*,*,#12943,.F.);
#12943 = EDGE_CURVE('',#12944,#12936,#12946,.T.);
#12944 = VERTEX_POINT('',#12945);
#12945 = CARTESIAN_POINT('',(110.,360.,60.));
#12946 = LINE('',#12947,#12948);
#12947 = CARTESIAN_POINT('',(-270.,360.,60.));
#12948 = VECTOR('',#12949,1.);
#12949 = DIRECTION('',(1.,0.,0.));
#12950 = ORIENTED_EDGE('',*,*,#12951,.F.);
#12951 = EDGE_CURVE('',#12926,#12944,#12952,.T.);
#12952 = LINE('',#12953,#12954);
#12953 = CARTESIAN_POINT('',(-70.,360.,60.));
#12954 = VECTOR('',#12955,1.);
#12955 = DIRECTION('',(1.,0.,0.));
#12956 = PLANE('',#12957);
#12957 = AXIS2_PLACEMENT_3D('',#12958,#12959,#12960);
#12958 = CARTESIAN_POINT('',(-270.,360.,60.));
#12959 = DIRECTION('',(0.,1.,0.));
#12960 = DIRECTION('',(0.,0.,1.));
#12961 = ADVANCED_FACE('',(#12962),#12973,.T.);
#12962 = FACE_BOUND('',#12963,.T.);
#12963 = EDGE_LOOP('',(#12964,#12965,#12971,#12972));
#12964 = ORIENTED_EDGE('',*,*,#12821,.F.);
#12965 = ORIENTED_EDGE('',*,*,#12966,.T.);
#12966 = EDGE_CURVE('',#12814,#12936,#12967,.T.);
#12967 = LINE('',#12968,#12969);
#12968 = CARTESIAN_POINT('',(130.,324.,60.));
#12969 = VECTOR('',#12970,1.);
#12970 = DIRECTION('',(0.,1.,0.));
#12971 = ORIENTED_EDGE('',*,*,#12935,.T.);
#12972 = ORIENTED_EDGE('',*,*,#12025,.F.);
#12973 = PLANE('',#12974);
#12974 = AXIS2_PLACEMENT_3D('',#12975,#12976,#12977);
#12975 = CARTESIAN_POINT('',(130.,324.,60.));
#12976 = DIRECTION('',(1.,0.,0.));
#12977 = DIRECTION('',(0.,0.,1.));
#12978 = ADVANCED_FACE('',(#12979),#12995,.T.);
#12979 = FACE_BOUND('',#12980,.T.);
#12980 = EDGE_LOOP('',(#12981,#12987,#12988,#12994));
#12981 = ORIENTED_EDGE('',*,*,#12982,.F.);
#12982 = EDGE_CURVE('',#12222,#12002,#12983,.T.);
#12983 = LINE('',#12984,#12985);
#12984 = CARTESIAN_POINT('',(-91.,136.,90.));
#12985 = VECTOR('',#12986,1.);
#12986 = DIRECTION('',(0.,1.,0.));
#12987 = ORIENTED_EDGE('',*,*,#12221,.T.);
#12988 = ORIENTED_EDGE('',*,*,#12989,.T.);
#12989 = EDGE_CURVE('',#12214,#12010,#12990,.T.);
#12990 = LINE('',#12991,#12992);
#12991 = CARTESIAN_POINT('',(-49.,136.,90.));
#12992 = VECTOR('',#12993,1.);
#12993 = DIRECTION('',(0.,1.,0.));
#12994 = ORIENTED_EDGE('',*,*,#12009,.F.);
#12995 = PLANE('',#12996);
#12996 = AXIS2_PLACEMENT_3D('',#12997,#12998,#12999);
#12997 = CARTESIAN_POINT('',(-91.,136.,90.));
#12998 = DIRECTION('',(0.,0.,1.));
#12999 = DIRECTION('',(1.,0.,0.));
#13000 = ADVANCED_FACE('',(#13001),#13027,.F.);
#13001 = FACE_BOUND('',#13002,.F.);
#13002 = EDGE_LOOP('',(#13003,#13013,#13019,#13020,#13021));
#13003 = ORIENTED_EDGE('',*,*,#13004,.F.);
#13004 = EDGE_CURVE('',#13005,#13007,#13009,.T.);
#13005 = VERTEX_POINT('',#13006);
#13006 = CARTESIAN_POINT('',(-199.,324.,60.));
#13007 = VERTEX_POINT('',#13008);
#13008 = CARTESIAN_POINT('',(-91.,324.,60.));
#13009 = LINE('',#13010,#13011);
#13010 = CARTESIAN_POINT('',(-270.,324.,60.));
#13011 = VECTOR('',#13012,1.);
#13012 = DIRECTION('',(1.,0.,0.));
#13013 = ORIENTED_EDGE('',*,*,#13014,.T.);
#13014 = EDGE_CURVE('',#13005,#12050,#13015,.T.);
#13015 = LINE('',#13016,#13017);
#13016 = CARTESIAN_POINT('',(-199.,324.,60.));
#13017 = VECTOR('',#13018,1.);
#13018 = DIRECTION('',(0.,0.,1.));
#13019 = ORIENTED_EDGE('',*,*,#12049,.T.);
#13020 = ORIENTED_EDGE('',*,*,#12001,.T.);
#13021 = ORIENTED_EDGE('',*,*,#13022,.F.);
#13022 = EDGE_CURVE('',#13007,#12002,#13023,.T.);
#13023 = LINE('',#13024,#13025);
#13024 = CARTESIAN_POINT('',(-91.,324.,60.));
#13025 = VECTOR('',#13026,1.);
#13026 = DIRECTION('',(0.,0.,1.));
#13027 = PLANE('',#13028);
#13028 = AXIS2_PLACEMENT_3D('',#13029,#13030,#13031);
#13029 = CARTESIAN_POINT('',(-270.,324.,60.));
#13030 = DIRECTION('',(0.,1.,0.));
#13031 = DIRECTION('',(0.,0.,1.));
#13032 = ADVANCED_FACE('',(#13033),#13053,.T.);
#13033 = FACE_BOUND('',#13034,.T.);
#13034 = EDGE_LOOP('',(#13035,#13043,#13049,#13050,#13051,#13052));
#13035 = ORIENTED_EDGE('',*,*,#13036,.F.);
#13036 = EDGE_CURVE('',#13037,#12168,#13039,.T.);
#13037 = VERTEX_POINT('',#13038);
#13038 = CARTESIAN_POINT('',(-199.,136.,60.));
#13039 = LINE('',#13040,#13041);
#13040 = CARTESIAN_POINT('',(-199.,136.,60.));
#13041 = VECTOR('',#13042,1.);
#13042 = DIRECTION('',(0.,0.,1.));
#13043 = ORIENTED_EDGE('',*,*,#13044,.T.);
#13044 = EDGE_CURVE('',#13037,#13005,#13045,.T.);
#13045 = LINE('',#13046,#13047);
#13046 = CARTESIAN_POINT('',(-199.,136.,60.));
#13047 = VECTOR('',#13048,1.);
#13048 = DIRECTION('',(0.,1.,0.));
#13049 = ORIENTED_EDGE('',*,*,#13014,.T.);
#13050 = ORIENTED_EDGE('',*,*,#12057,.F.);
#13051 = ORIENTED_EDGE('',*,*,#12078,.F.);
#13052 = ORIENTED_EDGE('',*,*,#12167,.F.);
#13053 = PLANE('',#13054);
#13054 = AXIS2_PLACEMENT_3D('',#13055,#13056,#13057);
#13055 = CARTESIAN_POINT('',(-199.,136.,60.));
#13056 = DIRECTION('',(1.,0.,0.));
#13057 = DIRECTION('',(0.,0.,1.));
#13058 = ADVANCED_FACE('',(#13059),#13077,.F.);
#13059 = FACE_BOUND('',#13060,.F.);
#13060 = EDGE_LOOP('',(#13061,#13069,#13075,#13076));
#13061 = ORIENTED_EDGE('',*,*,#13062,.F.);
#13062 = EDGE_CURVE('',#13063,#12111,#13065,.T.);
#13063 = VERTEX_POINT('',#13064);
#13064 = CARTESIAN_POINT('',(-270.,136.,60.));
#13065 = LINE('',#13066,#13067);
#13066 = CARTESIAN_POINT('',(-270.,136.,60.));
#13067 = VECTOR('',#13068,1.);
#13068 = DIRECTION('',(0.,0.,1.));
#13069 = ORIENTED_EDGE('',*,*,#13070,.T.);
#13070 = EDGE_CURVE('',#13063,#12895,#13071,.T.);
#13071 = LINE('',#13072,#13073);
#13072 = CARTESIAN_POINT('',(-270.,100.,60.));
#13073 = VECTOR('',#13074,1.);
#13074 = DIRECTION('',(0.,1.,0.));
#13075 = ORIENTED_EDGE('',*,*,#12894,.T.);
#13076 = ORIENTED_EDGE('',*,*,#12110,.F.);
#13077 = PLANE('',#13078);
#13078 = AXIS2_PLACEMENT_3D('',#13079,#13080,#13081);
#13079 = CARTESIAN_POINT('',(-270.,136.,60.));
#13080 = DIRECTION('',(1.,0.,0.));
#13081 = DIRECTION('',(0.,0.,1.));
#13082 = ADVANCED_FACE('',(#13083),#13102,.T.);
#13083 = FACE_BOUND('',#13084,.T.);
#13084 = EDGE_LOOP('',(#13085,#13093,#13094,#13095,#13096));
#13085 = ORIENTED_EDGE('',*,*,#13086,.F.);
#13086 = EDGE_CURVE('',#13037,#13087,#13089,.T.);
#13087 = VERTEX_POINT('',#13088);
#13088 = CARTESIAN_POINT('',(-91.,136.,60.));
#13089 = LINE('',#13090,#13091);
#13090 = CARTESIAN_POINT('',(-270.,136.,60.));
#13091 = VECTOR('',#13092,1.);
#13092 = DIRECTION('',(1.,0.,0.));
#13093 = ORIENTED_EDGE('',*,*,#13036,.T.);
#13094 = ORIENTED_EDGE('',*,*,#12175,.T.);
#13095 = ORIENTED_EDGE('',*,*,#12229,.T.);
#13096 = ORIENTED_EDGE('',*,*,#13097,.F.);
#13097 = EDGE_CURVE('',#13087,#12222,#13098,.T.);
#13098 = LINE('',#13099,#13100);
#13099 = CARTESIAN_POINT('',(-91.,136.,60.));
#13100 = VECTOR('',#13101,1.);
#13101 = DIRECTION('',(0.,0.,1.));
#13102 = PLANE('',#13103);
#13103 = AXIS2_PLACEMENT_3D('',#13104,#13105,#13106);
#13104 = CARTESIAN_POINT('',(-270.,136.,60.));
#13105 = DIRECTION('',(0.,1.,0.));
#13106 = DIRECTION('',(0.,0.,1.));
#13107 = ADVANCED_FACE('',(#13108),#13126,.F.);
#13108 = FACE_BOUND('',#13109,.F.);
#13109 = EDGE_LOOP('',(#13110,#13118,#13124,#13125));
#13110 = ORIENTED_EDGE('',*,*,#13111,.F.);
#13111 = EDGE_CURVE('',#13112,#12190,#13114,.T.);
#13112 = VERTEX_POINT('',#13113);
#13113 = CARTESIAN_POINT('',(-270.,100.,60.));
#13114 = LINE('',#13115,#13116);
#13115 = CARTESIAN_POINT('',(-270.,100.,60.));
#13116 = VECTOR('',#13117,1.);
#13117 = DIRECTION('',(0.,0.,1.));
#13118 = ORIENTED_EDGE('',*,*,#13119,.T.);
#13119 = EDGE_CURVE('',#13112,#13063,#13120,.T.);
#13120 = LINE('',#13121,#13122);
#13121 = CARTESIAN_POINT('',(-270.,100.,60.));
#13122 = VECTOR('',#13123,1.);
#13123 = DIRECTION('',(0.,1.,0.));
#13124 = ORIENTED_EDGE('',*,*,#13062,.T.);
#13125 = ORIENTED_EDGE('',*,*,#12189,.F.);
#13126 = PLANE('',#13127);
#13127 = AXIS2_PLACEMENT_3D('',#13128,#13129,#13130);
#13128 = CARTESIAN_POINT('',(-270.,100.,60.));
#13129 = DIRECTION('',(1.,0.,0.));
#13130 = DIRECTION('',(0.,0.,1.));
#13131 = ADVANCED_FACE('',(#13132),#13151,.T.);
#13132 = FACE_BOUND('',#13133,.T.);
#13133 = EDGE_LOOP('',(#13134,#13142,#13148,#13149,#13150));
#13134 = ORIENTED_EDGE('',*,*,#13135,.F.);
#13135 = EDGE_CURVE('',#13136,#12837,#13138,.T.);
#13136 = VERTEX_POINT('',#13137);
#13137 = CARTESIAN_POINT('',(-49.,136.,60.));
#13138 = LINE('',#13139,#13140);
#13139 = CARTESIAN_POINT('',(-270.,136.,60.));
#13140 = VECTOR('',#13141,1.);
#13141 = DIRECTION('',(1.,0.,0.));
#13142 = ORIENTED_EDGE('',*,*,#13143,.T.);
#13143 = EDGE_CURVE('',#13136,#12214,#13144,.T.);
#13144 = LINE('',#13145,#13146);
#13145 = CARTESIAN_POINT('',(-49.,136.,60.));
#13146 = VECTOR('',#13147,1.);
#13147 = DIRECTION('',(0.,0.,1.));
#13148 = ORIENTED_EDGE('',*,*,#12213,.T.);
#13149 = ORIENTED_EDGE('',*,*,#12246,.T.);
#13150 = ORIENTED_EDGE('',*,*,#12836,.F.);
#13151 = PLANE('',#13152);
#13152 = AXIS2_PLACEMENT_3D('',#13153,#13154,#13155);
#13153 = CARTESIAN_POINT('',(-270.,136.,60.));
#13154 = DIRECTION('',(0.,1.,0.));
#13155 = DIRECTION('',(0.,0.,1.));
#13156 = ADVANCED_FACE('',(#13157),#13175,.T.);
#13157 = FACE_BOUND('',#13158,.T.);
#13158 = EDGE_LOOP('',(#13159,#13167,#13173,#13174));
#13159 = ORIENTED_EDGE('',*,*,#13160,.F.);
#13160 = EDGE_CURVE('',#13161,#12198,#13163,.T.);
#13161 = VERTEX_POINT('',#13162);
#13162 = CARTESIAN_POINT('',(130.,100.,60.));
#13163 = LINE('',#13164,#13165);
#13164 = CARTESIAN_POINT('',(130.,100.,60.));
#13165 = VECTOR('',#13166,1.);
#13166 = DIRECTION('',(0.,0.,1.));
#13167 = ORIENTED_EDGE('',*,*,#13168,.T.);
#13168 = EDGE_CURVE('',#13161,#12806,#13169,.T.);
#13169 = LINE('',#13170,#13171);
#13170 = CARTESIAN_POINT('',(130.,100.,60.));
#13171 = VECTOR('',#13172,1.);
#13172 = DIRECTION('',(0.,1.,0.));
#13173 = ORIENTED_EDGE('',*,*,#12805,.T.);
#13174 = ORIENTED_EDGE('',*,*,#12205,.F.);
#13175 = PLANE('',#13176);
#13176 = AXIS2_PLACEMENT_3D('',#13177,#13178,#13179);
#13177 = CARTESIAN_POINT('',(130.,100.,60.));
#13178 = DIRECTION('',(1.,0.,0.));
#13179 = DIRECTION('',(0.,0.,1.));
#13180 = ADVANCED_FACE('',(#13181),#13208,.F.);
#13181 = FACE_BOUND('',#13182,.F.);
#13182 = EDGE_LOOP('',(#13183,#13191,#13192,#13193,#13194,#13202));
#13183 = ORIENTED_EDGE('',*,*,#13184,.F.);
#13184 = EDGE_CURVE('',#13112,#13185,#13187,.T.);
#13185 = VERTEX_POINT('',#13186);
#13186 = CARTESIAN_POINT('',(-70.,100.,60.));
#13187 = LINE('',#13188,#13189);
#13188 = CARTESIAN_POINT('',(-270.,100.,60.));
#13189 = VECTOR('',#13190,1.);
#13190 = DIRECTION('',(1.,0.,0.));
#13191 = ORIENTED_EDGE('',*,*,#13111,.T.);
#13192 = ORIENTED_EDGE('',*,*,#12197,.T.);
#13193 = ORIENTED_EDGE('',*,*,#13160,.F.);
#13194 = ORIENTED_EDGE('',*,*,#13195,.F.);
#13195 = EDGE_CURVE('',#13196,#13161,#13198,.T.);
#13196 = VERTEX_POINT('',#13197);
#13197 = CARTESIAN_POINT('',(110.,100.,60.));
#13198 = LINE('',#13199,#13200);
#13199 = CARTESIAN_POINT('',(-270.,100.,60.));
#13200 = VECTOR('',#13201,1.);
#13201 = DIRECTION('',(1.,0.,0.));
#13202 = ORIENTED_EDGE('',*,*,#13203,.F.);
#13203 = EDGE_CURVE('',#13185,#13196,#13204,.T.);
#13204 = LINE('',#13205,#13206);
#13205 = CARTESIAN_POINT('',(-70.,100.,60.));
#13206 = VECTOR('',#13207,1.);
#13207 = DIRECTION('',(1.,0.,0.));
#13208 = PLANE('',#13209);
#13209 = AXIS2_PLACEMENT_3D('',#13210,#13211,#13212);
#13210 = CARTESIAN_POINT('',(-270.,100.,60.));
#13211 = DIRECTION('',(0.,1.,0.));
#13212 = DIRECTION('',(0.,0.,1.));
#13213 = ADVANCED_FACE('',(#13214),#13220,.T.);
#13214 = FACE_BOUND('',#13215,.T.);
#13215 = EDGE_LOOP('',(#13216,#13217,#13218,#13219));
#13216 = ORIENTED_EDGE('',*,*,#12350,.F.);
#13217 = ORIENTED_EDGE('',*,*,#12285,.T.);
#13218 = ORIENTED_EDGE('',*,*,#12309,.T.);
#13219 = ORIENTED_EDGE('',*,*,#12333,.F.);
#13220 = PLANE('',#13221);
#13221 = AXIS2_PLACEMENT_3D('',#13222,#13223,#13224);
#13222 = CARTESIAN_POINT('',(-48.,177.5,900.));
#13223 = DIRECTION('',(0.,0.,1.));
#13224 = DIRECTION('',(1.,0.,0.));
#13225 = ADVANCED_FACE('',(#13226),#13251,.F.);
#13226 = FACE_BOUND('',#13227,.F.);
#13227 = EDGE_LOOP('',(#13228,#13236,#13244,#13250));
#13228 = ORIENTED_EDGE('',*,*,#13229,.F.);
#13229 = EDGE_CURVE('',#13230,#12359,#13232,.T.);
#13230 = VERTEX_POINT('',#13231);
#13231 = CARTESIAN_POINT('',(-55.,192.,740.));
#13232 = LINE('',#13233,#13234);
#13233 = CARTESIAN_POINT('',(-55.,192.,740.));
#13234 = VECTOR('',#13235,1.);
#13235 = DIRECTION('',(1.,0.,0.));
#13236 = ORIENTED_EDGE('',*,*,#13237,.F.);
#13237 = EDGE_CURVE('',#13238,#13230,#13240,.T.);
#13238 = VERTEX_POINT('',#13239);
#13239 = CARTESIAN_POINT('',(-55.,178.,740.));
#13240 = LINE('',#13241,#13242);
#13241 = CARTESIAN_POINT('',(-55.,178.,740.));
#13242 = VECTOR('',#13243,1.);
#13243 = DIRECTION('',(0.,1.,0.));
#13244 = ORIENTED_EDGE('',*,*,#13245,.T.);
#13245 = EDGE_CURVE('',#13238,#12361,#13246,.T.);
#13246 = LINE('',#13247,#13248);
#13247 = CARTESIAN_POINT('',(-55.,178.,740.));
#13248 = VECTOR('',#13249,1.);
#13249 = DIRECTION('',(1.,0.,0.));
#13250 = ORIENTED_EDGE('',*,*,#12358,.F.);
#13251 = PLANE('',#13252);
#13252 = AXIS2_PLACEMENT_3D('',#13253,#13254,#13255);
#13253 = CARTESIAN_POINT('',(-55.,178.,740.));
#13254 = DIRECTION('',(0.,0.,1.));
#13255 = DIRECTION('',(1.,0.,0.));
#13256 = ADVANCED_FACE('',(#13257),#13275,.T.);
#13257 = FACE_BOUND('',#13258,.T.);
#13258 = EDGE_LOOP('',(#13259,#13260,#13268,#13274));
#13259 = ORIENTED_EDGE('',*,*,#13229,.F.);
#13260 = ORIENTED_EDGE('',*,*,#13261,.T.);
#13261 = EDGE_CURVE('',#13230,#13262,#13264,.T.);
#13262 = VERTEX_POINT('',#13263);
#13263 = CARTESIAN_POINT('',(-55.,192.,748.));
#13264 = LINE('',#13265,#13266);
#13265 = CARTESIAN_POINT('',(-55.,192.,740.));
#13266 = VECTOR('',#13267,1.);
#13267 = DIRECTION('',(0.,0.,1.));
#13268 = ORIENTED_EDGE('',*,*,#13269,.T.);
#13269 = EDGE_CURVE('',#13262,#12377,#13270,.T.);
#13270 = LINE('',#13271,#13272);
#13271 = CARTESIAN_POINT('',(-55.,192.,748.));
#13272 = VECTOR('',#13273,1.);
#13273 = DIRECTION('',(1.,0.,0.));
#13274 = ORIENTED_EDGE('',*,*,#12384,.F.);
#13275 = PLANE('',#13276);
#13276 = AXIS2_PLACEMENT_3D('',#13277,#13278,#13279);
#13277 = CARTESIAN_POINT('',(-55.,192.,740.));
#13278 = DIRECTION('',(0.,1.,0.));
#13279 = DIRECTION('',(0.,0.,1.));
#13280 = ADVANCED_FACE('',(#13281),#13299,.F.);
#13281 = FACE_BOUND('',#13282,.F.);
#13282 = EDGE_LOOP('',(#13283,#13284,#13292,#13298));
#13283 = ORIENTED_EDGE('',*,*,#13245,.F.);
#13284 = ORIENTED_EDGE('',*,*,#13285,.T.);
#13285 = EDGE_CURVE('',#13238,#13286,#13288,.T.);
#13286 = VERTEX_POINT('',#13287);
#13287 = CARTESIAN_POINT('',(-55.,178.,748.));
#13288 = LINE('',#13289,#13290);
#13289 = CARTESIAN_POINT('',(-55.,178.,740.));
#13290 = VECTOR('',#13291,1.);
#13291 = DIRECTION('',(0.,0.,1.));
#13292 = ORIENTED_EDGE('',*,*,#13293,.T.);
#13293 = EDGE_CURVE('',#13286,#12369,#13294,.T.);
#13294 = LINE('',#13295,#13296);
#13295 = CARTESIAN_POINT('',(-55.,178.,748.));
#13296 = VECTOR('',#13297,1.);
#13297 = DIRECTION('',(1.,0.,0.));
#13298 = ORIENTED_EDGE('',*,*,#12368,.F.);
#13299 = PLANE('',#13300);
#13300 = AXIS2_PLACEMENT_3D('',#13301,#13302,#13303);
#13301 = CARTESIAN_POINT('',(-55.,178.,740.));
#13302 = DIRECTION('',(0.,1.,0.));
#13303 = DIRECTION('',(0.,0.,1.));
#13304 = ADVANCED_FACE('',(#13305),#13316,.T.);
#13305 = FACE_BOUND('',#13306,.T.);
#13306 = EDGE_LOOP('',(#13307,#13308,#13314,#13315));
#13307 = ORIENTED_EDGE('',*,*,#13269,.F.);
#13308 = ORIENTED_EDGE('',*,*,#13309,.F.);
#13309 = EDGE_CURVE('',#13286,#13262,#13310,.T.);
#13310 = LINE('',#13311,#13312);
#13311 = CARTESIAN_POINT('',(-55.,178.,748.));
#13312 = VECTOR('',#13313,1.);
#13313 = DIRECTION('',(0.,1.,0.));
#13314 = ORIENTED_EDGE('',*,*,#13293,.T.);
#13315 = ORIENTED_EDGE('',*,*,#12376,.F.);
#13316 = PLANE('',#13317);
#13317 = AXIS2_PLACEMENT_3D('',#13318,#13319,#13320);
#13318 = CARTESIAN_POINT('',(-55.,178.,748.));
#13319 = DIRECTION('',(0.,0.,1.));
#13320 = DIRECTION('',(1.,0.,0.));
#13321 = ADVANCED_FACE('',(#13322),#13347,.F.);
#13322 = FACE_BOUND('',#13323,.F.);
#13323 = EDGE_LOOP('',(#13324,#13332,#13340,#13346));
#13324 = ORIENTED_EDGE('',*,*,#13325,.F.);
#13325 = EDGE_CURVE('',#13326,#12393,#13328,.T.);
#13326 = VERTEX_POINT('',#13327);
#13327 = CARTESIAN_POINT('',(-55.,192.,756.));
#13328 = LINE('',#13329,#13330);
#13329 = CARTESIAN_POINT('',(-55.,192.,756.));
#13330 = VECTOR('',#13331,1.);
#13331 = DIRECTION('',(1.,0.,0.));
#13332 = ORIENTED_EDGE('',*,*,#13333,.F.);
#13333 = EDGE_CURVE('',#13334,#13326,#13336,.T.);
#13334 = VERTEX_POINT('',#13335);
#13335 = CARTESIAN_POINT('',(-55.,178.,756.));
#13336 = LINE('',#13337,#13338);
#13337 = CARTESIAN_POINT('',(-55.,178.,756.));
#13338 = VECTOR('',#13339,1.);
#13339 = DIRECTION('',(0.,1.,0.));
#13340 = ORIENTED_EDGE('',*,*,#13341,.T.);
#13341 = EDGE_CURVE('',#13334,#12395,#13342,.T.);
#13342 = LINE('',#13343,#13344);
#13343 = CARTESIAN_POINT('',(-55.,178.,756.));
#13344 = VECTOR('',#13345,1.);
#13345 = DIRECTION('',(1.,0.,0.));
#13346 = ORIENTED_EDGE('',*,*,#12392,.F.);
#13347 = PLANE('',#13348);
#13348 = AXIS2_PLACEMENT_3D('',#13349,#13350,#13351);
#13349 = CARTESIAN_POINT('',(-55.,178.,756.));
#13350 = DIRECTION('',(0.,0.,1.));
#13351 = DIRECTION('',(1.,0.,0.));
#13352 = ADVANCED_FACE('',(#13353),#13371,.T.);
#13353 = FACE_BOUND('',#13354,.T.);
#13354 = EDGE_LOOP('',(#13355,#13356,#13364,#13370));
#13355 = ORIENTED_EDGE('',*,*,#13325,.F.);
#13356 = ORIENTED_EDGE('',*,*,#13357,.T.);
#13357 = EDGE_CURVE('',#13326,#13358,#13360,.T.);
#13358 = VERTEX_POINT('',#13359);
#13359 = CARTESIAN_POINT('',(-55.,192.,764.));
#13360 = LINE('',#13361,#13362);
#13361 = CARTESIAN_POINT('',(-55.,192.,756.));
#13362 = VECTOR('',#13363,1.);
#13363 = DIRECTION('',(0.,0.,1.));
#13364 = ORIENTED_EDGE('',*,*,#13365,.T.);
#13365 = EDGE_CURVE('',#13358,#12411,#13366,.T.);
#13366 = LINE('',#13367,#13368);
#13367 = CARTESIAN_POINT('',(-55.,192.,764.));
#13368 = VECTOR('',#13369,1.);
#13369 = DIRECTION('',(1.,0.,0.));
#13370 = ORIENTED_EDGE('',*,*,#12418,.F.);
#13371 = PLANE('',#13372);
#13372 = AXIS2_PLACEMENT_3D('',#13373,#13374,#13375);
#13373 = CARTESIAN_POINT('',(-55.,192.,756.));
#13374 = DIRECTION('',(0.,1.,0.));
#13375 = DIRECTION('',(0.,0.,1.));
#13376 = ADVANCED_FACE('',(#13377),#13395,.F.);
#13377 = FACE_BOUND('',#13378,.F.);
#13378 = EDGE_LOOP('',(#13379,#13380,#13388,#13394));
#13379 = ORIENTED_EDGE('',*,*,#13341,.F.);
#13380 = ORIENTED_EDGE('',*,*,#13381,.T.);
#13381 = EDGE_CURVE('',#13334,#13382,#13384,.T.);
#13382 = VERTEX_POINT('',#13383);
#13383 = CARTESIAN_POINT('',(-55.,178.,764.));
#13384 = LINE('',#13385,#13386);
#13385 = CARTESIAN_POINT('',(-55.,178.,756.));
#13386 = VECTOR('',#13387,1.);
#13387 = DIRECTION('',(0.,0.,1.));
#13388 = ORIENTED_EDGE('',*,*,#13389,.T.);
#13389 = EDGE_CURVE('',#13382,#12403,#13390,.T.);
#13390 = LINE('',#13391,#13392);
#13391 = CARTESIAN_POINT('',(-55.,178.,764.));
#13392 = VECTOR('',#13393,1.);
#13393 = DIRECTION('',(1.,0.,0.));
#13394 = ORIENTED_EDGE('',*,*,#12402,.F.);
#13395 = PLANE('',#13396);
#13396 = AXIS2_PLACEMENT_3D('',#13397,#13398,#13399);
#13397 = CARTESIAN_POINT('',(-55.,178.,756.));
#13398 = DIRECTION('',(0.,1.,0.));
#13399 = DIRECTION('',(0.,0.,1.));
#13400 = ADVANCED_FACE('',(#13401),#13412,.T.);
#13401 = FACE_BOUND('',#13402,.T.);
#13402 = EDGE_LOOP('',(#13403,#13404,#13410,#13411));
#13403 = ORIENTED_EDGE('',*,*,#13365,.F.);
#13404 = ORIENTED_EDGE('',*,*,#13405,.F.);
#13405 = EDGE_CURVE('',#13382,#13358,#13406,.T.);
#13406 = LINE('',#13407,#13408);
#13407 = CARTESIAN_POINT('',(-55.,178.,764.));
#13408 = VECTOR('',#13409,1.);
#13409 = DIRECTION('',(0.,1.,0.));
#13410 = ORIENTED_EDGE('',*,*,#13389,.T.);
#13411 = ORIENTED_EDGE('',*,*,#12410,.F.);
#13412 = PLANE('',#13413);
#13413 = AXIS2_PLACEMENT_3D('',#13414,#13415,#13416);
#13414 = CARTESIAN_POINT('',(-55.,178.,764.));
#13415 = DIRECTION('',(0.,0.,1.));
#13416 = DIRECTION('',(1.,0.,0.));
#13417 = ADVANCED_FACE('',(#13418),#13443,.F.);
#13418 = FACE_BOUND('',#13419,.F.);
#13419 = EDGE_LOOP('',(#13420,#13428,#13436,#13442));
#13420 = ORIENTED_EDGE('',*,*,#13421,.F.);
#13421 = EDGE_CURVE('',#13422,#12427,#13424,.T.);
#13422 = VERTEX_POINT('',#13423);
#13423 = CARTESIAN_POINT('',(-55.,192.,772.));
#13424 = LINE('',#13425,#13426);
#13425 = CARTESIAN_POINT('',(-55.,192.,772.));
#13426 = VECTOR('',#13427,1.);
#13427 = DIRECTION('',(1.,0.,0.));
#13428 = ORIENTED_EDGE('',*,*,#13429,.F.);
#13429 = EDGE_CURVE('',#13430,#13422,#13432,.T.);
#13430 = VERTEX_POINT('',#13431);
#13431 = CARTESIAN_POINT('',(-55.,178.,772.));
#13432 = LINE('',#13433,#13434);
#13433 = CARTESIAN_POINT('',(-55.,178.,772.));
#13434 = VECTOR('',#13435,1.);
#13435 = DIRECTION('',(0.,1.,0.));
#13436 = ORIENTED_EDGE('',*,*,#13437,.T.);
#13437 = EDGE_CURVE('',#13430,#12429,#13438,.T.);
#13438 = LINE('',#13439,#13440);
#13439 = CARTESIAN_POINT('',(-55.,178.,772.));
#13440 = VECTOR('',#13441,1.);
#13441 = DIRECTION('',(1.,0.,0.));
#13442 = ORIENTED_EDGE('',*,*,#12426,.F.);
#13443 = PLANE('',#13444);
#13444 = AXIS2_PLACEMENT_3D('',#13445,#13446,#13447);
#13445 = CARTESIAN_POINT('',(-55.,178.,772.));
#13446 = DIRECTION('',(0.,0.,1.));
#13447 = DIRECTION('',(1.,0.,0.));
#13448 = ADVANCED_FACE('',(#13449),#13467,.T.);
#13449 = FACE_BOUND('',#13450,.T.);
#13450 = EDGE_LOOP('',(#13451,#13452,#13460,#13466));
#13451 = ORIENTED_EDGE('',*,*,#13421,.F.);
#13452 = ORIENTED_EDGE('',*,*,#13453,.T.);
#13453 = EDGE_CURVE('',#13422,#13454,#13456,.T.);
#13454 = VERTEX_POINT('',#13455);
#13455 = CARTESIAN_POINT('',(-55.,192.,780.));
#13456 = LINE('',#13457,#13458);
#13457 = CARTESIAN_POINT('',(-55.,192.,772.));
#13458 = VECTOR('',#13459,1.);
#13459 = DIRECTION('',(0.,0.,1.));
#13460 = ORIENTED_EDGE('',*,*,#13461,.T.);
#13461 = EDGE_CURVE('',#13454,#12445,#13462,.T.);
#13462 = LINE('',#13463,#13464);
#13463 = CARTESIAN_POINT('',(-55.,192.,780.));
#13464 = VECTOR('',#13465,1.);
#13465 = DIRECTION('',(1.,0.,0.));
#13466 = ORIENTED_EDGE('',*,*,#12452,.F.);
#13467 = PLANE('',#13468);
#13468 = AXIS2_PLACEMENT_3D('',#13469,#13470,#13471);
#13469 = CARTESIAN_POINT('',(-55.,192.,772.));
#13470 = DIRECTION('',(0.,1.,0.));
#13471 = DIRECTION('',(0.,0.,1.));
#13472 = ADVANCED_FACE('',(#13473),#13491,.F.);
#13473 = FACE_BOUND('',#13474,.F.);
#13474 = EDGE_LOOP('',(#13475,#13476,#13484,#13490));
#13475 = ORIENTED_EDGE('',*,*,#13437,.F.);
#13476 = ORIENTED_EDGE('',*,*,#13477,.T.);
#13477 = EDGE_CURVE('',#13430,#13478,#13480,.T.);
#13478 = VERTEX_POINT('',#13479);
#13479 = CARTESIAN_POINT('',(-55.,178.,780.));
#13480 = LINE('',#13481,#13482);
#13481 = CARTESIAN_POINT('',(-55.,178.,772.));
#13482 = VECTOR('',#13483,1.);
#13483 = DIRECTION('',(0.,0.,1.));
#13484 = ORIENTED_EDGE('',*,*,#13485,.T.);
#13485 = EDGE_CURVE('',#13478,#12437,#13486,.T.);
#13486 = LINE('',#13487,#13488);
#13487 = CARTESIAN_POINT('',(-55.,178.,780.));
#13488 = VECTOR('',#13489,1.);
#13489 = DIRECTION('',(1.,0.,0.));
#13490 = ORIENTED_EDGE('',*,*,#12436,.F.);
#13491 = PLANE('',#13492);
#13492 = AXIS2_PLACEMENT_3D('',#13493,#13494,#13495);
#13493 = CARTESIAN_POINT('',(-55.,178.,772.));
#13494 = DIRECTION('',(0.,1.,0.));
#13495 = DIRECTION('',(0.,0.,1.));
#13496 = ADVANCED_FACE('',(#13497),#13508,.T.);
#13497 = FACE_BOUND('',#13498,.T.);
#13498 = EDGE_LOOP('',(#13499,#13500,#13506,#13507));
#13499 = ORIENTED_EDGE('',*,*,#13461,.F.);
#13500 = ORIENTED_EDGE('',*,*,#13501,.F.);
#13501 = EDGE_CURVE('',#13478,#13454,#13502,.T.);
#13502 = LINE('',#13503,#13504);
#13503 = CARTESIAN_POINT('',(-55.,178.,780.));
#13504 = VECTOR('',#13505,1.);
#13505 = DIRECTION('',(0.,1.,0.));
#13506 = ORIENTED_EDGE('',*,*,#13485,.T.);
#13507 = ORIENTED_EDGE('',*,*,#12444,.F.);
#13508 = PLANE('',#13509);
#13509 = AXIS2_PLACEMENT_3D('',#13510,#13511,#13512);
#13510 = CARTESIAN_POINT('',(-55.,178.,780.));
#13511 = DIRECTION('',(0.,0.,1.));
#13512 = DIRECTION('',(1.,0.,0.));
#13513 = ADVANCED_FACE('',(#13514),#13539,.F.);
#13514 = FACE_BOUND('',#13515,.F.);
#13515 = EDGE_LOOP('',(#13516,#13524,#13532,#13538));
#13516 = ORIENTED_EDGE('',*,*,#13517,.F.);
#13517 = EDGE_CURVE('',#13518,#12461,#13520,.T.);
#13518 = VERTEX_POINT('',#13519);
#13519 = CARTESIAN_POINT('',(-55.,192.,788.));
#13520 = LINE('',#13521,#13522);
#13521 = CARTESIAN_POINT('',(-55.,192.,788.));
#13522 = VECTOR('',#13523,1.);
#13523 = DIRECTION('',(1.,0.,0.));
#13524 = ORIENTED_EDGE('',*,*,#13525,.F.);
#13525 = EDGE_CURVE('',#13526,#13518,#13528,.T.);
#13526 = VERTEX_POINT('',#13527);
#13527 = CARTESIAN_POINT('',(-55.,178.,788.));
#13528 = LINE('',#13529,#13530);
#13529 = CARTESIAN_POINT('',(-55.,178.,788.));
#13530 = VECTOR('',#13531,1.);
#13531 = DIRECTION('',(0.,1.,0.));
#13532 = ORIENTED_EDGE('',*,*,#13533,.T.);
#13533 = EDGE_CURVE('',#13526,#12463,#13534,.T.);
#13534 = LINE('',#13535,#13536);
#13535 = CARTESIAN_POINT('',(-55.,178.,788.));
#13536 = VECTOR('',#13537,1.);
#13537 = DIRECTION('',(1.,0.,0.));
#13538 = ORIENTED_EDGE('',*,*,#12460,.F.);
#13539 = PLANE('',#13540);
#13540 = AXIS2_PLACEMENT_3D('',#13541,#13542,#13543);
#13541 = CARTESIAN_POINT('',(-55.,178.,788.));
#13542 = DIRECTION('',(0.,0.,1.));
#13543 = DIRECTION('',(1.,0.,0.));
#13544 = ADVANCED_FACE('',(#13545),#13563,.T.);
#13545 = FACE_BOUND('',#13546,.T.);
#13546 = EDGE_LOOP('',(#13547,#13548,#13556,#13562));
#13547 = ORIENTED_EDGE('',*,*,#13517,.F.);
#13548 = ORIENTED_EDGE('',*,*,#13549,.T.);
#13549 = EDGE_CURVE('',#13518,#13550,#13552,.T.);
#13550 = VERTEX_POINT('',#13551);
#13551 = CARTESIAN_POINT('',(-55.,192.,796.));
#13552 = LINE('',#13553,#13554);
#13553 = CARTESIAN_POINT('',(-55.,192.,788.));
#13554 = VECTOR('',#13555,1.);
#13555 = DIRECTION('',(0.,0.,1.));
#13556 = ORIENTED_EDGE('',*,*,#13557,.T.);
#13557 = EDGE_CURVE('',#13550,#12479,#13558,.T.);
#13558 = LINE('',#13559,#13560);
#13559 = CARTESIAN_POINT('',(-55.,192.,796.));
#13560 = VECTOR('',#13561,1.);
#13561 = DIRECTION('',(1.,0.,0.));
#13562 = ORIENTED_EDGE('',*,*,#12486,.F.);
#13563 = PLANE('',#13564);
#13564 = AXIS2_PLACEMENT_3D('',#13565,#13566,#13567);
#13565 = CARTESIAN_POINT('',(-55.,192.,788.));
#13566 = DIRECTION('',(0.,1.,0.));
#13567 = DIRECTION('',(0.,0.,1.));
#13568 = ADVANCED_FACE('',(#13569),#13587,.F.);
#13569 = FACE_BOUND('',#13570,.F.);
#13570 = EDGE_LOOP('',(#13571,#13572,#13580,#13586));
#13571 = ORIENTED_EDGE('',*,*,#13533,.F.);
#13572 = ORIENTED_EDGE('',*,*,#13573,.T.);
#13573 = EDGE_CURVE('',#13526,#13574,#13576,.T.);
#13574 = VERTEX_POINT('',#13575);
#13575 = CARTESIAN_POINT('',(-55.,178.,796.));
#13576 = LINE('',#13577,#13578);
#13577 = CARTESIAN_POINT('',(-55.,178.,788.));
#13578 = VECTOR('',#13579,1.);
#13579 = DIRECTION('',(0.,0.,1.));
#13580 = ORIENTED_EDGE('',*,*,#13581,.T.);
#13581 = EDGE_CURVE('',#13574,#12471,#13582,.T.);
#13582 = LINE('',#13583,#13584);
#13583 = CARTESIAN_POINT('',(-55.,178.,796.));
#13584 = VECTOR('',#13585,1.);
#13585 = DIRECTION('',(1.,0.,0.));
#13586 = ORIENTED_EDGE('',*,*,#12470,.F.);
#13587 = PLANE('',#13588);
#13588 = AXIS2_PLACEMENT_3D('',#13589,#13590,#13591);
#13589 = CARTESIAN_POINT('',(-55.,178.,788.));
#13590 = DIRECTION('',(0.,1.,0.));
#13591 = DIRECTION('',(0.,0.,1.));
#13592 = ADVANCED_FACE('',(#13593),#13604,.T.);
#13593 = FACE_BOUND('',#13594,.T.);
#13594 = EDGE_LOOP('',(#13595,#13596,#13602,#13603));
#13595 = ORIENTED_EDGE('',*,*,#13557,.F.);
#13596 = ORIENTED_EDGE('',*,*,#13597,.F.);
#13597 = EDGE_CURVE('',#13574,#13550,#13598,.T.);
#13598 = LINE('',#13599,#13600);
#13599 = CARTESIAN_POINT('',(-55.,178.,796.));
#13600 = VECTOR('',#13601,1.);
#13601 = DIRECTION('',(0.,1.,0.));
#13602 = ORIENTED_EDGE('',*,*,#13581,.T.);
#13603 = ORIENTED_EDGE('',*,*,#12478,.F.);
#13604 = PLANE('',#13605);
#13605 = AXIS2_PLACEMENT_3D('',#13606,#13607,#13608);
#13606 = CARTESIAN_POINT('',(-55.,178.,796.));
#13607 = DIRECTION('',(0.,0.,1.));
#13608 = DIRECTION('',(1.,0.,0.));
#13609 = ADVANCED_FACE('',(#13610),#13635,.F.);
#13610 = FACE_BOUND('',#13611,.F.);
#13611 = EDGE_LOOP('',(#13612,#13620,#13628,#13634));
#13612 = ORIENTED_EDGE('',*,*,#13613,.F.);
#13613 = EDGE_CURVE('',#13614,#12495,#13616,.T.);
#13614 = VERTEX_POINT('',#13615);
#13615 = CARTESIAN_POINT('',(-55.,192.,804.));
#13616 = LINE('',#13617,#13618);
#13617 = CARTESIAN_POINT('',(-55.,192.,804.));
#13618 = VECTOR('',#13619,1.);
#13619 = DIRECTION('',(1.,0.,0.));
#13620 = ORIENTED_EDGE('',*,*,#13621,.F.);
#13621 = EDGE_CURVE('',#13622,#13614,#13624,.T.);
#13622 = VERTEX_POINT('',#13623);
#13623 = CARTESIAN_POINT('',(-55.,178.,804.));
#13624 = LINE('',#13625,#13626);
#13625 = CARTESIAN_POINT('',(-55.,178.,804.));
#13626 = VECTOR('',#13627,1.);
#13627 = DIRECTION('',(0.,1.,0.));
#13628 = ORIENTED_EDGE('',*,*,#13629,.T.);
#13629 = EDGE_CURVE('',#13622,#12497,#13630,.T.);
#13630 = LINE('',#13631,#13632);
#13631 = CARTESIAN_POINT('',(-55.,178.,804.));
#13632 = VECTOR('',#13633,1.);
#13633 = DIRECTION('',(1.,0.,0.));
#13634 = ORIENTED_EDGE('',*,*,#12494,.F.);
#13635 = PLANE('',#13636);
#13636 = AXIS2_PLACEMENT_3D('',#13637,#13638,#13639);
#13637 = CARTESIAN_POINT('',(-55.,178.,804.));
#13638 = DIRECTION('',(0.,0.,1.));
#13639 = DIRECTION('',(1.,0.,0.));
#13640 = ADVANCED_FACE('',(#13641),#13659,.T.);
#13641 = FACE_BOUND('',#13642,.T.);
#13642 = EDGE_LOOP('',(#13643,#13644,#13652,#13658));
#13643 = ORIENTED_EDGE('',*,*,#13613,.F.);
#13644 = ORIENTED_EDGE('',*,*,#13645,.T.);
#13645 = EDGE_CURVE('',#13614,#13646,#13648,.T.);
#13646 = VERTEX_POINT('',#13647);
#13647 = CARTESIAN_POINT('',(-55.,192.,812.));
#13648 = LINE('',#13649,#13650);
#13649 = CARTESIAN_POINT('',(-55.,192.,804.));
#13650 = VECTOR('',#13651,1.);
#13651 = DIRECTION('',(0.,0.,1.));
#13652 = ORIENTED_EDGE('',*,*,#13653,.T.);
#13653 = EDGE_CURVE('',#13646,#12513,#13654,.T.);
#13654 = LINE('',#13655,#13656);
#13655 = CARTESIAN_POINT('',(-55.,192.,812.));
#13656 = VECTOR('',#13657,1.);
#13657 = DIRECTION('',(1.,0.,0.));
#13658 = ORIENTED_EDGE('',*,*,#12520,.F.);
#13659 = PLANE('',#13660);
#13660 = AXIS2_PLACEMENT_3D('',#13661,#13662,#13663);
#13661 = CARTESIAN_POINT('',(-55.,192.,804.));
#13662 = DIRECTION('',(0.,1.,0.));
#13663 = DIRECTION('',(0.,0.,1.));
#13664 = ADVANCED_FACE('',(#13665),#13683,.F.);
#13665 = FACE_BOUND('',#13666,.F.);
#13666 = EDGE_LOOP('',(#13667,#13668,#13676,#13682));
#13667 = ORIENTED_EDGE('',*,*,#13629,.F.);
#13668 = ORIENTED_EDGE('',*,*,#13669,.T.);
#13669 = EDGE_CURVE('',#13622,#13670,#13672,.T.);
#13670 = VERTEX_POINT('',#13671);
#13671 = CARTESIAN_POINT('',(-55.,178.,812.));
#13672 = LINE('',#13673,#13674);
#13673 = CARTESIAN_POINT('',(-55.,178.,804.));
#13674 = VECTOR('',#13675,1.);
#13675 = DIRECTION('',(0.,0.,1.));
#13676 = ORIENTED_EDGE('',*,*,#13677,.T.);
#13677 = EDGE_CURVE('',#13670,#12505,#13678,.T.);
#13678 = LINE('',#13679,#13680);
#13679 = CARTESIAN_POINT('',(-55.,178.,812.));
#13680 = VECTOR('',#13681,1.);
#13681 = DIRECTION('',(1.,0.,0.));
#13682 = ORIENTED_EDGE('',*,*,#12504,.F.);
#13683 = PLANE('',#13684);
#13684 = AXIS2_PLACEMENT_3D('',#13685,#13686,#13687);
#13685 = CARTESIAN_POINT('',(-55.,178.,804.));
#13686 = DIRECTION('',(0.,1.,0.));
#13687 = DIRECTION('',(0.,0.,1.));
#13688 = ADVANCED_FACE('',(#13689),#13700,.T.);
#13689 = FACE_BOUND('',#13690,.T.);
#13690 = EDGE_LOOP('',(#13691,#13692,#13698,#13699));
#13691 = ORIENTED_EDGE('',*,*,#13653,.F.);
#13692 = ORIENTED_EDGE('',*,*,#13693,.F.);
#13693 = EDGE_CURVE('',#13670,#13646,#13694,.T.);
#13694 = LINE('',#13695,#13696);
#13695 = CARTESIAN_POINT('',(-55.,178.,812.));
#13696 = VECTOR('',#13697,1.);
#13697 = DIRECTION('',(0.,1.,0.));
#13698 = ORIENTED_EDGE('',*,*,#13677,.T.);
#13699 = ORIENTED_EDGE('',*,*,#12512,.F.);
#13700 = PLANE('',#13701);
#13701 = AXIS2_PLACEMENT_3D('',#13702,#13703,#13704);
#13702 = CARTESIAN_POINT('',(-55.,178.,812.));
#13703 = DIRECTION('',(0.,0.,1.));
#13704 = DIRECTION('',(1.,0.,0.));
#13705 = ADVANCED_FACE('',(#13706),#13731,.F.);
#13706 = FACE_BOUND('',#13707,.F.);
#13707 = EDGE_LOOP('',(#13708,#13716,#13724,#13730));
#13708 = ORIENTED_EDGE('',*,*,#13709,.F.);
#13709 = EDGE_CURVE('',#13710,#12529,#13712,.T.);
#13710 = VERTEX_POINT('',#13711);
#13711 = CARTESIAN_POINT('',(-55.,192.,820.));
#13712 = LINE('',#13713,#13714);
#13713 = CARTESIAN_POINT('',(-55.,192.,820.));
#13714 = VECTOR('',#13715,1.);
#13715 = DIRECTION('',(1.,0.,0.));
#13716 = ORIENTED_EDGE('',*,*,#13717,.F.);
#13717 = EDGE_CURVE('',#13718,#13710,#13720,.T.);
#13718 = VERTEX_POINT('',#13719);
#13719 = CARTESIAN_POINT('',(-55.,178.,820.));
#13720 = LINE('',#13721,#13722);
#13721 = CARTESIAN_POINT('',(-55.,178.,820.));
#13722 = VECTOR('',#13723,1.);
#13723 = DIRECTION('',(0.,1.,0.));
#13724 = ORIENTED_EDGE('',*,*,#13725,.T.);
#13725 = EDGE_CURVE('',#13718,#12531,#13726,.T.);
#13726 = LINE('',#13727,#13728);
#13727 = CARTESIAN_POINT('',(-55.,178.,820.));
#13728 = VECTOR('',#13729,1.);
#13729 = DIRECTION('',(1.,0.,0.));
#13730 = ORIENTED_EDGE('',*,*,#12528,.F.);
#13731 = PLANE('',#13732);
#13732 = AXIS2_PLACEMENT_3D('',#13733,#13734,#13735);
#13733 = CARTESIAN_POINT('',(-55.,178.,820.));
#13734 = DIRECTION('',(0.,0.,1.));
#13735 = DIRECTION('',(1.,0.,0.));
#13736 = ADVANCED_FACE('',(#13737),#13755,.T.);
#13737 = FACE_BOUND('',#13738,.T.);
#13738 = EDGE_LOOP('',(#13739,#13740,#13748,#13754));
#13739 = ORIENTED_EDGE('',*,*,#13709,.F.);
#13740 = ORIENTED_EDGE('',*,*,#13741,.T.);
#13741 = EDGE_CURVE('',#13710,#13742,#13744,.T.);
#13742 = VERTEX_POINT('',#13743);
#13743 = CARTESIAN_POINT('',(-55.,192.,828.));
#13744 = LINE('',#13745,#13746);
#13745 = CARTESIAN_POINT('',(-55.,192.,820.));
#13746 = VECTOR('',#13747,1.);
#13747 = DIRECTION('',(0.,0.,1.));
#13748 = ORIENTED_EDGE('',*,*,#13749,.T.);
#13749 = EDGE_CURVE('',#13742,#12547,#13750,.T.);
#13750 = LINE('',#13751,#13752);
#13751 = CARTESIAN_POINT('',(-55.,192.,828.));
#13752 = VECTOR('',#13753,1.);
#13753 = DIRECTION('',(1.,0.,0.));
#13754 = ORIENTED_EDGE('',*,*,#12554,.F.);
#13755 = PLANE('',#13756);
#13756 = AXIS2_PLACEMENT_3D('',#13757,#13758,#13759);
#13757 = CARTESIAN_POINT('',(-55.,192.,820.));
#13758 = DIRECTION('',(0.,1.,0.));
#13759 = DIRECTION('',(0.,0.,1.));
#13760 = ADVANCED_FACE('',(#13761),#13779,.F.);
#13761 = FACE_BOUND('',#13762,.F.);
#13762 = EDGE_LOOP('',(#13763,#13764,#13772,#13778));
#13763 = ORIENTED_EDGE('',*,*,#13725,.F.);
#13764 = ORIENTED_EDGE('',*,*,#13765,.T.);
#13765 = EDGE_CURVE('',#13718,#13766,#13768,.T.);
#13766 = VERTEX_POINT('',#13767);
#13767 = CARTESIAN_POINT('',(-55.,178.,828.));
#13768 = LINE('',#13769,#13770);
#13769 = CARTESIAN_POINT('',(-55.,178.,820.));
#13770 = VECTOR('',#13771,1.);
#13771 = DIRECTION('',(0.,0.,1.));
#13772 = ORIENTED_EDGE('',*,*,#13773,.T.);
#13773 = EDGE_CURVE('',#13766,#12539,#13774,.T.);
#13774 = LINE('',#13775,#13776);
#13775 = CARTESIAN_POINT('',(-55.,178.,828.));
#13776 = VECTOR('',#13777,1.);
#13777 = DIRECTION('',(1.,0.,0.));
#13778 = ORIENTED_EDGE('',*,*,#12538,.F.);
#13779 = PLANE('',#13780);
#13780 = AXIS2_PLACEMENT_3D('',#13781,#13782,#13783);
#13781 = CARTESIAN_POINT('',(-55.,178.,820.));
#13782 = DIRECTION('',(0.,1.,0.));
#13783 = DIRECTION('',(0.,0.,1.));
#13784 = ADVANCED_FACE('',(#13785),#13796,.T.);
#13785 = FACE_BOUND('',#13786,.T.);
#13786 = EDGE_LOOP('',(#13787,#13788,#13794,#13795));
#13787 = ORIENTED_EDGE('',*,*,#13749,.F.);
#13788 = ORIENTED_EDGE('',*,*,#13789,.F.);
#13789 = EDGE_CURVE('',#13766,#13742,#13790,.T.);
#13790 = LINE('',#13791,#13792);
#13791 = CARTESIAN_POINT('',(-55.,178.,828.));
#13792 = VECTOR('',#13793,1.);
#13793 = DIRECTION('',(0.,1.,0.));
#13794 = ORIENTED_EDGE('',*,*,#13773,.T.);
#13795 = ORIENTED_EDGE('',*,*,#12546,.F.);
#13796 = PLANE('',#13797);
#13797 = AXIS2_PLACEMENT_3D('',#13798,#13799,#13800);
#13798 = CARTESIAN_POINT('',(-55.,178.,828.));
#13799 = DIRECTION('',(0.,0.,1.));
#13800 = DIRECTION('',(1.,0.,0.));
#13801 = ADVANCED_FACE('',(#13802),#13827,.F.);
#13802 = FACE_BOUND('',#13803,.F.);
#13803 = EDGE_LOOP('',(#13804,#13812,#13820,#13826));
#13804 = ORIENTED_EDGE('',*,*,#13805,.F.);
#13805 = EDGE_CURVE('',#13806,#12563,#13808,.T.);
#13806 = VERTEX_POINT('',#13807);
#13807 = CARTESIAN_POINT('',(-55.,192.,836.));
#13808 = LINE('',#13809,#13810);
#13809 = CARTESIAN_POINT('',(-55.,192.,836.));
#13810 = VECTOR('',#13811,1.);
#13811 = DIRECTION('',(1.,0.,0.));
#13812 = ORIENTED_EDGE('',*,*,#13813,.F.);
#13813 = EDGE_CURVE('',#13814,#13806,#13816,.T.);
#13814 = VERTEX_POINT('',#13815);
#13815 = CARTESIAN_POINT('',(-55.,178.,836.));
#13816 = LINE('',#13817,#13818);
#13817 = CARTESIAN_POINT('',(-55.,178.,836.));
#13818 = VECTOR('',#13819,1.);
#13819 = DIRECTION('',(0.,1.,0.));
#13820 = ORIENTED_EDGE('',*,*,#13821,.T.);
#13821 = EDGE_CURVE('',#13814,#12565,#13822,.T.);
#13822 = LINE('',#13823,#13824);
#13823 = CARTESIAN_POINT('',(-55.,178.,836.));
#13824 = VECTOR('',#13825,1.);
#13825 = DIRECTION('',(1.,0.,0.));
#13826 = ORIENTED_EDGE('',*,*,#12562,.F.);
#13827 = PLANE('',#13828);
#13828 = AXIS2_PLACEMENT_3D('',#13829,#13830,#13831);
#13829 = CARTESIAN_POINT('',(-55.,178.,836.));
#13830 = DIRECTION('',(0.,0.,1.));
#13831 = DIRECTION('',(1.,0.,0.));
#13832 = ADVANCED_FACE('',(#13833),#13851,.T.);
#13833 = FACE_BOUND('',#13834,.T.);
#13834 = EDGE_LOOP('',(#13835,#13836,#13844,#13850));
#13835 = ORIENTED_EDGE('',*,*,#13805,.F.);
#13836 = ORIENTED_EDGE('',*,*,#13837,.T.);
#13837 = EDGE_CURVE('',#13806,#13838,#13840,.T.);
#13838 = VERTEX_POINT('',#13839);
#13839 = CARTESIAN_POINT('',(-55.,192.,844.));
#13840 = LINE('',#13841,#13842);
#13841 = CARTESIAN_POINT('',(-55.,192.,836.));
#13842 = VECTOR('',#13843,1.);
#13843 = DIRECTION('',(0.,0.,1.));
#13844 = ORIENTED_EDGE('',*,*,#13845,.T.);
#13845 = EDGE_CURVE('',#13838,#12581,#13846,.T.);
#13846 = LINE('',#13847,#13848);
#13847 = CARTESIAN_POINT('',(-55.,192.,844.));
#13848 = VECTOR('',#13849,1.);
#13849 = DIRECTION('',(1.,0.,0.));
#13850 = ORIENTED_EDGE('',*,*,#12588,.F.);
#13851 = PLANE('',#13852);
#13852 = AXIS2_PLACEMENT_3D('',#13853,#13854,#13855);
#13853 = CARTESIAN_POINT('',(-55.,192.,836.));
#13854 = DIRECTION('',(0.,1.,0.));
#13855 = DIRECTION('',(0.,0.,1.));
#13856 = ADVANCED_FACE('',(#13857),#13875,.F.);
#13857 = FACE_BOUND('',#13858,.F.);
#13858 = EDGE_LOOP('',(#13859,#13860,#13868,#13874));
#13859 = ORIENTED_EDGE('',*,*,#13821,.F.);
#13860 = ORIENTED_EDGE('',*,*,#13861,.T.);
#13861 = EDGE_CURVE('',#13814,#13862,#13864,.T.);
#13862 = VERTEX_POINT('',#13863);
#13863 = CARTESIAN_POINT('',(-55.,178.,844.));
#13864 = LINE('',#13865,#13866);
#13865 = CARTESIAN_POINT('',(-55.,178.,836.));
#13866 = VECTOR('',#13867,1.);
#13867 = DIRECTION('',(0.,0.,1.));
#13868 = ORIENTED_EDGE('',*,*,#13869,.T.);
#13869 = EDGE_CURVE('',#13862,#12573,#13870,.T.);
#13870 = LINE('',#13871,#13872);
#13871 = CARTESIAN_POINT('',(-55.,178.,844.));
#13872 = VECTOR('',#13873,1.);
#13873 = DIRECTION('',(1.,0.,0.));
#13874 = ORIENTED_EDGE('',*,*,#12572,.F.);
#13875 = PLANE('',#13876);
#13876 = AXIS2_PLACEMENT_3D('',#13877,#13878,#13879);
#13877 = CARTESIAN_POINT('',(-55.,178.,836.));
#13878 = DIRECTION('',(0.,1.,0.));
#13879 = DIRECTION('',(0.,0.,1.));
#13880 = ADVANCED_FACE('',(#13881),#13892,.T.);
#13881 = FACE_BOUND('',#13882,.T.);
#13882 = EDGE_LOOP('',(#13883,#13884,#13890,#13891));
#13883 = ORIENTED_EDGE('',*,*,#13845,.F.);
#13884 = ORIENTED_EDGE('',*,*,#13885,.F.);
#13885 = EDGE_CURVE('',#13862,#13838,#13886,.T.);
#13886 = LINE('',#13887,#13888);
#13887 = CARTESIAN_POINT('',(-55.,178.,844.));
#13888 = VECTOR('',#13889,1.);
#13889 = DIRECTION('',(0.,1.,0.));
#13890 = ORIENTED_EDGE('',*,*,#13869,.T.);
#13891 = ORIENTED_EDGE('',*,*,#12580,.F.);
#13892 = PLANE('',#13893);
#13893 = AXIS2_PLACEMENT_3D('',#13894,#13895,#13896);
#13894 = CARTESIAN_POINT('',(-55.,178.,844.));
#13895 = DIRECTION('',(0.,0.,1.));
#13896 = DIRECTION('',(1.,0.,0.));
#13897 = ADVANCED_FACE('',(#13898),#13923,.F.);
#13898 = FACE_BOUND('',#13899,.F.);
#13899 = EDGE_LOOP('',(#13900,#13908,#13916,#13922));
#13900 = ORIENTED_EDGE('',*,*,#13901,.F.);
#13901 = EDGE_CURVE('',#13902,#12597,#13904,.T.);
#13902 = VERTEX_POINT('',#13903);
#13903 = CARTESIAN_POINT('',(-55.,192.,852.));
#13904 = LINE('',#13905,#13906);
#13905 = CARTESIAN_POINT('',(-55.,192.,852.));
#13906 = VECTOR('',#13907,1.);
#13907 = DIRECTION('',(1.,0.,0.));
#13908 = ORIENTED_EDGE('',*,*,#13909,.F.);
#13909 = EDGE_CURVE('',#13910,#13902,#13912,.T.);
#13910 = VERTEX_POINT('',#13911);
#13911 = CARTESIAN_POINT('',(-55.,178.,852.));
#13912 = LINE('',#13913,#13914);
#13913 = CARTESIAN_POINT('',(-55.,178.,852.));
#13914 = VECTOR('',#13915,1.);
#13915 = DIRECTION('',(0.,1.,0.));
#13916 = ORIENTED_EDGE('',*,*,#13917,.T.);
#13917 = EDGE_CURVE('',#13910,#12599,#13918,.T.);
#13918 = LINE('',#13919,#13920);
#13919 = CARTESIAN_POINT('',(-55.,178.,852.));
#13920 = VECTOR('',#13921,1.);
#13921 = DIRECTION('',(1.,0.,0.));
#13922 = ORIENTED_EDGE('',*,*,#12596,.F.);
#13923 = PLANE('',#13924);
#13924 = AXIS2_PLACEMENT_3D('',#13925,#13926,#13927);
#13925 = CARTESIAN_POINT('',(-55.,178.,852.));
#13926 = DIRECTION('',(0.,0.,1.));
#13927 = DIRECTION('',(1.,0.,0.));
#13928 = ADVANCED_FACE('',(#13929),#13947,.T.);
#13929 = FACE_BOUND('',#13930,.T.);
#13930 = EDGE_LOOP('',(#13931,#13932,#13940,#13946));
#13931 = ORIENTED_EDGE('',*,*,#13901,.F.);
#13932 = ORIENTED_EDGE('',*,*,#13933,.T.);
#13933 = EDGE_CURVE('',#13902,#13934,#13936,.T.);
#13934 = VERTEX_POINT('',#13935);
#13935 = CARTESIAN_POINT('',(-55.,192.,860.));
#13936 = LINE('',#13937,#13938);
#13937 = CARTESIAN_POINT('',(-55.,192.,852.));
#13938 = VECTOR('',#13939,1.);
#13939 = DIRECTION('',(0.,0.,1.));
#13940 = ORIENTED_EDGE('',*,*,#13941,.T.);
#13941 = EDGE_CURVE('',#13934,#12615,#13942,.T.);
#13942 = LINE('',#13943,#13944);
#13943 = CARTESIAN_POINT('',(-55.,192.,860.));
#13944 = VECTOR('',#13945,1.);
#13945 = DIRECTION('',(1.,0.,0.));
#13946 = ORIENTED_EDGE('',*,*,#12622,.F.);
#13947 = PLANE('',#13948);
#13948 = AXIS2_PLACEMENT_3D('',#13949,#13950,#13951);
#13949 = CARTESIAN_POINT('',(-55.,192.,852.));
#13950 = DIRECTION('',(0.,1.,0.));
#13951 = DIRECTION('',(0.,0.,1.));
#13952 = ADVANCED_FACE('',(#13953),#13971,.F.);
#13953 = FACE_BOUND('',#13954,.F.);
#13954 = EDGE_LOOP('',(#13955,#13956,#13964,#13970));
#13955 = ORIENTED_EDGE('',*,*,#13917,.F.);
#13956 = ORIENTED_EDGE('',*,*,#13957,.T.);
#13957 = EDGE_CURVE('',#13910,#13958,#13960,.T.);
#13958 = VERTEX_POINT('',#13959);
#13959 = CARTESIAN_POINT('',(-55.,178.,860.));
#13960 = LINE('',#13961,#13962);
#13961 = CARTESIAN_POINT('',(-55.,178.,852.));
#13962 = VECTOR('',#13963,1.);
#13963 = DIRECTION('',(0.,0.,1.));
#13964 = ORIENTED_EDGE('',*,*,#13965,.T.);
#13965 = EDGE_CURVE('',#13958,#12607,#13966,.T.);
#13966 = LINE('',#13967,#13968);
#13967 = CARTESIAN_POINT('',(-55.,178.,860.));
#13968 = VECTOR('',#13969,1.);
#13969 = DIRECTION('',(1.,0.,0.));
#13970 = ORIENTED_EDGE('',*,*,#12606,.F.);
#13971 = PLANE('',#13972);
#13972 = AXIS2_PLACEMENT_3D('',#13973,#13974,#13975);
#13973 = CARTESIAN_POINT('',(-55.,178.,852.));
#13974 = DIRECTION('',(0.,1.,0.));
#13975 = DIRECTION('',(0.,0.,1.));
#13976 = ADVANCED_FACE('',(#13977),#13988,.T.);
#13977 = FACE_BOUND('',#13978,.T.);
#13978 = EDGE_LOOP('',(#13979,#13980,#13986,#13987));
#13979 = ORIENTED_EDGE('',*,*,#13941,.F.);
#13980 = ORIENTED_EDGE('',*,*,#13981,.F.);
#13981 = EDGE_CURVE('',#13958,#13934,#13982,.T.);
#13982 = LINE('',#13983,#13984);
#13983 = CARTESIAN_POINT('',(-55.,178.,860.));
#13984 = VECTOR('',#13985,1.);
#13985 = DIRECTION('',(0.,1.,0.));
#13986 = ORIENTED_EDGE('',*,*,#13965,.T.);
#13987 = ORIENTED_EDGE('',*,*,#12614,.F.);
#13988 = PLANE('',#13989);
#13989 = AXIS2_PLACEMENT_3D('',#13990,#13991,#13992);
#13990 = CARTESIAN_POINT('',(-55.,178.,860.));
#13991 = DIRECTION('',(0.,0.,1.));
#13992 = DIRECTION('',(1.,0.,0.));
#13993 = ADVANCED_FACE('',(#13994),#14019,.F.);
#13994 = FACE_BOUND('',#13995,.F.);
#13995 = EDGE_LOOP('',(#13996,#14004,#14012,#14018));
#13996 = ORIENTED_EDGE('',*,*,#13997,.F.);
#13997 = EDGE_CURVE('',#13998,#12631,#14000,.T.);
#13998 = VERTEX_POINT('',#13999);
#13999 = CARTESIAN_POINT('',(-55.,192.,868.));
#14000 = LINE('',#14001,#14002);
#14001 = CARTESIAN_POINT('',(-55.,192.,868.));
#14002 = VECTOR('',#14003,1.);
#14003 = DIRECTION('',(1.,0.,0.));
#14004 = ORIENTED_EDGE('',*,*,#14005,.F.);
#14005 = EDGE_CURVE('',#14006,#13998,#14008,.T.);
#14006 = VERTEX_POINT('',#14007);
#14007 = CARTESIAN_POINT('',(-55.,178.,868.));
#14008 = LINE('',#14009,#14010);
#14009 = CARTESIAN_POINT('',(-55.,178.,868.));
#14010 = VECTOR('',#14011,1.);
#14011 = DIRECTION('',(0.,1.,0.));
#14012 = ORIENTED_EDGE('',*,*,#14013,.T.);
#14013 = EDGE_CURVE('',#14006,#12633,#14014,.T.);
#14014 = LINE('',#14015,#14016);
#14015 = CARTESIAN_POINT('',(-55.,178.,868.));
#14016 = VECTOR('',#14017,1.);
#14017 = DIRECTION('',(1.,0.,0.));
#14018 = ORIENTED_EDGE('',*,*,#12630,.F.);
#14019 = PLANE('',#14020);
#14020 = AXIS2_PLACEMENT_3D('',#14021,#14022,#14023);
#14021 = CARTESIAN_POINT('',(-55.,178.,868.));
#14022 = DIRECTION('',(0.,0.,1.));
#14023 = DIRECTION('',(1.,0.,0.));
#14024 = ADVANCED_FACE('',(#14025),#14043,.T.);
#14025 = FACE_BOUND('',#14026,.T.);
#14026 = EDGE_LOOP('',(#14027,#14028,#14036,#14042));
#14027 = ORIENTED_EDGE('',*,*,#13997,.F.);
#14028 = ORIENTED_EDGE('',*,*,#14029,.T.);
#14029 = EDGE_CURVE('',#13998,#14030,#14032,.T.);
#14030 = VERTEX_POINT('',#14031);
#14031 = CARTESIAN_POINT('',(-55.,192.,876.));
#14032 = LINE('',#14033,#14034);
#14033 = CARTESIAN_POINT('',(-55.,192.,868.));
#14034 = VECTOR('',#14035,1.);
#14035 = DIRECTION('',(0.,0.,1.));
#14036 = ORIENTED_EDGE('',*,*,#14037,.T.);
#14037 = EDGE_CURVE('',#14030,#12649,#14038,.T.);
#14038 = LINE('',#14039,#14040);
#14039 = CARTESIAN_POINT('',(-55.,192.,876.));
#14040 = VECTOR('',#14041,1.);
#14041 = DIRECTION('',(1.,0.,0.));
#14042 = ORIENTED_EDGE('',*,*,#12656,.F.);
#14043 = PLANE('',#14044);
#14044 = AXIS2_PLACEMENT_3D('',#14045,#14046,#14047);
#14045 = CARTESIAN_POINT('',(-55.,192.,868.));
#14046 = DIRECTION('',(0.,1.,0.));
#14047 = DIRECTION('',(0.,0.,1.));
#14048 = ADVANCED_FACE('',(#14049),#14067,.F.);
#14049 = FACE_BOUND('',#14050,.F.);
#14050 = EDGE_LOOP('',(#14051,#14052,#14060,#14066));
#14051 = ORIENTED_EDGE('',*,*,#14013,.F.);
#14052 = ORIENTED_EDGE('',*,*,#14053,.T.);
#14053 = EDGE_CURVE('',#14006,#14054,#14056,.T.);
#14054 = VERTEX_POINT('',#14055);
#14055 = CARTESIAN_POINT('',(-55.,178.,876.));
#14056 = LINE('',#14057,#14058);
#14057 = CARTESIAN_POINT('',(-55.,178.,868.));
#14058 = VECTOR('',#14059,1.);
#14059 = DIRECTION('',(0.,0.,1.));
#14060 = ORIENTED_EDGE('',*,*,#14061,.T.);
#14061 = EDGE_CURVE('',#14054,#12641,#14062,.T.);
#14062 = LINE('',#14063,#14064);
#14063 = CARTESIAN_POINT('',(-55.,178.,876.));
#14064 = VECTOR('',#14065,1.);
#14065 = DIRECTION('',(1.,0.,0.));
#14066 = ORIENTED_EDGE('',*,*,#12640,.F.);
#14067 = PLANE('',#14068);
#14068 = AXIS2_PLACEMENT_3D('',#14069,#14070,#14071);
#14069 = CARTESIAN_POINT('',(-55.,178.,868.));
#14070 = DIRECTION('',(0.,1.,0.));
#14071 = DIRECTION('',(0.,0.,1.));
#14072 = ADVANCED_FACE('',(#14073),#14084,.T.);
#14073 = FACE_BOUND('',#14074,.T.);
#14074 = EDGE_LOOP('',(#14075,#14076,#14082,#14083));
#14075 = ORIENTED_EDGE('',*,*,#14037,.F.);
#14076 = ORIENTED_EDGE('',*,*,#14077,.F.);
#14077 = EDGE_CURVE('',#14054,#14030,#14078,.T.);
#14078 = LINE('',#14079,#14080);
#14079 = CARTESIAN_POINT('',(-55.,178.,876.));
#14080 = VECTOR('',#14081,1.);
#14081 = DIRECTION('',(0.,1.,0.));
#14082 = ORIENTED_EDGE('',*,*,#14061,.T.);
#14083 = ORIENTED_EDGE('',*,*,#12648,.F.);
#14084 = PLANE('',#14085);
#14085 = AXIS2_PLACEMENT_3D('',#14086,#14087,#14088);
#14086 = CARTESIAN_POINT('',(-55.,178.,876.));
#14087 = DIRECTION('',(0.,0.,1.));
#14088 = DIRECTION('',(1.,0.,0.));
#14089 = ADVANCED_FACE('',(#14090),#14115,.F.);
#14090 = FACE_BOUND('',#14091,.F.);
#14091 = EDGE_LOOP('',(#14092,#14100,#14108,#14114));
#14092 = ORIENTED_EDGE('',*,*,#14093,.F.);
#14093 = EDGE_CURVE('',#14094,#12665,#14096,.T.);
#14094 = VERTEX_POINT('',#14095);
#14095 = CARTESIAN_POINT('',(-55.,192.,884.));
#14096 = LINE('',#14097,#14098);
#14097 = CARTESIAN_POINT('',(-55.,192.,884.));
#14098 = VECTOR('',#14099,1.);
#14099 = DIRECTION('',(1.,0.,0.));
#14100 = ORIENTED_EDGE('',*,*,#14101,.F.);
#14101 = EDGE_CURVE('',#14102,#14094,#14104,.T.);
#14102 = VERTEX_POINT('',#14103);
#14103 = CARTESIAN_POINT('',(-55.,178.,884.));
#14104 = LINE('',#14105,#14106);
#14105 = CARTESIAN_POINT('',(-55.,178.,884.));
#14106 = VECTOR('',#14107,1.);
#14107 = DIRECTION('',(0.,1.,0.));
#14108 = ORIENTED_EDGE('',*,*,#14109,.T.);
#14109 = EDGE_CURVE('',#14102,#12667,#14110,.T.);
#14110 = LINE('',#14111,#14112);
#14111 = CARTESIAN_POINT('',(-55.,178.,884.));
#14112 = VECTOR('',#14113,1.);
#14113 = DIRECTION('',(1.,0.,0.));
#14114 = ORIENTED_EDGE('',*,*,#12664,.F.);
#14115 = PLANE('',#14116);
#14116 = AXIS2_PLACEMENT_3D('',#14117,#14118,#14119);
#14117 = CARTESIAN_POINT('',(-55.,178.,884.));
#14118 = DIRECTION('',(0.,0.,1.));
#14119 = DIRECTION('',(1.,0.,0.));
#14120 = ADVANCED_FACE('',(#14121),#14139,.T.);
#14121 = FACE_BOUND('',#14122,.T.);
#14122 = EDGE_LOOP('',(#14123,#14124,#14132,#14138));
#14123 = ORIENTED_EDGE('',*,*,#14093,.F.);
#14124 = ORIENTED_EDGE('',*,*,#14125,.T.);
#14125 = EDGE_CURVE('',#14094,#14126,#14128,.T.);
#14126 = VERTEX_POINT('',#14127);
#14127 = CARTESIAN_POINT('',(-55.,192.,892.));
#14128 = LINE('',#14129,#14130);
#14129 = CARTESIAN_POINT('',(-55.,192.,884.));
#14130 = VECTOR('',#14131,1.);
#14131 = DIRECTION('',(0.,0.,1.));
#14132 = ORIENTED_EDGE('',*,*,#14133,.T.);
#14133 = EDGE_CURVE('',#14126,#12683,#14134,.T.);
#14134 = LINE('',#14135,#14136);
#14135 = CARTESIAN_POINT('',(-55.,192.,892.));
#14136 = VECTOR('',#14137,1.);
#14137 = DIRECTION('',(1.,0.,0.));
#14138 = ORIENTED_EDGE('',*,*,#12690,.F.);
#14139 = PLANE('',#14140);
#14140 = AXIS2_PLACEMENT_3D('',#14141,#14142,#14143);
#14141 = CARTESIAN_POINT('',(-55.,192.,884.));
#14142 = DIRECTION('',(0.,1.,0.));
#14143 = DIRECTION('',(0.,0.,1.));
#14144 = ADVANCED_FACE('',(#14145),#14163,.T.);
#14145 = FACE_BOUND('',#14146,.T.);
#14146 = EDGE_LOOP('',(#14147,#14148,#14156,#14162));
#14147 = ORIENTED_EDGE('',*,*,#14133,.F.);
#14148 = ORIENTED_EDGE('',*,*,#14149,.F.);
#14149 = EDGE_CURVE('',#14150,#14126,#14152,.T.);
#14150 = VERTEX_POINT('',#14151);
#14151 = CARTESIAN_POINT('',(-55.,178.,892.));
#14152 = LINE('',#14153,#14154);
#14153 = CARTESIAN_POINT('',(-55.,178.,892.));
#14154 = VECTOR('',#14155,1.);
#14155 = DIRECTION('',(0.,1.,0.));
#14156 = ORIENTED_EDGE('',*,*,#14157,.T.);
#14157 = EDGE_CURVE('',#14150,#12675,#14158,.T.);
#14158 = LINE('',#14159,#14160);
#14159 = CARTESIAN_POINT('',(-55.,178.,892.));
#14160 = VECTOR('',#14161,1.);
#14161 = DIRECTION('',(1.,0.,0.));
#14162 = ORIENTED_EDGE('',*,*,#12682,.F.);
#14163 = PLANE('',#14164);
#14164 = AXIS2_PLACEMENT_3D('',#14165,#14166,#14167);
#14165 = CARTESIAN_POINT('',(-55.,178.,892.));
#14166 = DIRECTION('',(0.,0.,1.));
#14167 = DIRECTION('',(1.,0.,0.));
#14168 = ADVANCED_FACE('',(#14169),#14180,.F.);
#14169 = FACE_BOUND('',#14170,.F.);
#14170 = EDGE_LOOP('',(#14171,#14172,#14178,#14179));
#14171 = ORIENTED_EDGE('',*,*,#14109,.F.);
#14172 = ORIENTED_EDGE('',*,*,#14173,.T.);
#14173 = EDGE_CURVE('',#14102,#14150,#14174,.T.);
#14174 = LINE('',#14175,#14176);
#14175 = CARTESIAN_POINT('',(-55.,178.,884.));
#14176 = VECTOR('',#14177,1.);
#14177 = DIRECTION('',(0.,0.,1.));
#14178 = ORIENTED_EDGE('',*,*,#14157,.T.);
#14179 = ORIENTED_EDGE('',*,*,#12674,.F.);
#14180 = PLANE('',#14181);
#14181 = AXIS2_PLACEMENT_3D('',#14182,#14183,#14184);
#14182 = CARTESIAN_POINT('',(-55.,178.,884.));
#14183 = DIRECTION('',(0.,1.,0.));
#14184 = DIRECTION('',(0.,0.,1.));
#14185 = ADVANCED_FACE('',(#14186),#14205,.T.);
#14186 = FACE_BOUND('',#14187,.T.);
#14187 = EDGE_LOOP('',(#14188,#14189,#14197,#14204));
#14188 = ORIENTED_EDGE('',*,*,#12723,.F.);
#14189 = ORIENTED_EDGE('',*,*,#14190,.F.);
#14190 = EDGE_CURVE('',#14191,#12724,#14193,.T.);
#14191 = VERTEX_POINT('',#14192);
#14192 = CARTESIAN_POINT('',(-245.,260.,210.));
#14193 = LINE('',#14194,#14195);
#14194 = CARTESIAN_POINT('',(-245.,260.,210.));
#14195 = VECTOR('',#14196,1.);
#14196 = DIRECTION('',(1.,0.,0.));
#14197 = ORIENTED_EDGE('',*,*,#14198,.T.);
#14198 = EDGE_CURVE('',#14191,#14191,#14199,.T.);
#14199 = CIRCLE('',#14200,22.);
#14200 = AXIS2_PLACEMENT_3D('',#14201,#14202,#14203);
#14201 = CARTESIAN_POINT('',(-245.,260.,188.));
#14202 = DIRECTION('',(1.,0.,-0.));
#14203 = DIRECTION('',(0.,0.,1.));
#14204 = ORIENTED_EDGE('',*,*,#14190,.T.);
#14205 = CYLINDRICAL_SURFACE('',#14206,22.);
#14206 = AXIS2_PLACEMENT_3D('',#14207,#14208,#14209);
#14207 = CARTESIAN_POINT('',(-245.,260.,188.));
#14208 = DIRECTION('',(1.,0.,0.));
#14209 = DIRECTION('',(0.,0.,1.));
#14210 = ADVANCED_FACE('',(#14211),#14230,.T.);
#14211 = FACE_BOUND('',#14212,.T.);
#14212 = EDGE_LOOP('',(#14213,#14221,#14228,#14229));
#14213 = ORIENTED_EDGE('',*,*,#14214,.T.);
#14214 = EDGE_CURVE('',#12777,#14215,#14217,.T.);
#14215 = VERTEX_POINT('',#14216);
#14216 = CARTESIAN_POINT('',(-175.,260.,210.));
#14217 = LINE('',#14218,#14219);
#14218 = CARTESIAN_POINT('',(-245.,260.,210.));
#14219 = VECTOR('',#14220,1.);
#14220 = DIRECTION('',(1.,0.,0.));
#14221 = ORIENTED_EDGE('',*,*,#14222,.F.);
#14222 = EDGE_CURVE('',#14215,#14215,#14223,.T.);
#14223 = CIRCLE('',#14224,22.);
#14224 = AXIS2_PLACEMENT_3D('',#14225,#14226,#14227);
#14225 = CARTESIAN_POINT('',(-175.,260.,188.));
#14226 = DIRECTION('',(1.,0.,-0.));
#14227 = DIRECTION('',(0.,0.,1.));
#14228 = ORIENTED_EDGE('',*,*,#14214,.F.);
#14229 = ORIENTED_EDGE('',*,*,#12776,.T.);
#14230 = CYLINDRICAL_SURFACE('',#14231,22.);
#14231 = AXIS2_PLACEMENT_3D('',#14232,#14233,#14234);
#14232 = CARTESIAN_POINT('',(-245.,260.,188.));
#14233 = DIRECTION('',(1.,0.,0.));
#14234 = DIRECTION('',(0.,0.,1.));
#14235 = ADVANCED_FACE('',(#14236),#14261,.F.);
#14236 = FACE_BOUND('',#14237,.F.);
#14237 = EDGE_LOOP('',(#14238,#14248,#14254,#14255));
#14238 = ORIENTED_EDGE('',*,*,#14239,.F.);
#14239 = EDGE_CURVE('',#14240,#14242,#14244,.T.);
#14240 = VERTEX_POINT('',#14241);
#14241 = CARTESIAN_POINT('',(110.,136.,60.));
#14242 = VERTEX_POINT('',#14243);
#14243 = CARTESIAN_POINT('',(110.,324.,60.));
#14244 = LINE('',#14245,#14246);
#14245 = CARTESIAN_POINT('',(110.,100.,60.));
#14246 = VECTOR('',#14247,1.);
#14247 = DIRECTION('',(0.,1.,0.));
#14248 = ORIENTED_EDGE('',*,*,#14249,.T.);
#14249 = EDGE_CURVE('',#14240,#12806,#14250,.T.);
#14250 = LINE('',#14251,#14252);
#14251 = CARTESIAN_POINT('',(-270.,136.,60.));
#14252 = VECTOR('',#14253,1.);
#14253 = DIRECTION('',(1.,0.,0.));
#14254 = ORIENTED_EDGE('',*,*,#12813,.T.);
#14255 = ORIENTED_EDGE('',*,*,#14256,.F.);
#14256 = EDGE_CURVE('',#14242,#12814,#14257,.T.);
#14257 = LINE('',#14258,#14259);
#14258 = CARTESIAN_POINT('',(-270.,324.,60.));
#14259 = VECTOR('',#14260,1.);
#14260 = DIRECTION('',(1.,0.,0.));
#14261 = PLANE('',#14262);
#14262 = AXIS2_PLACEMENT_3D('',#14263,#14264,#14265);
#14263 = CARTESIAN_POINT('',(94.,136.,60.));
#14264 = DIRECTION('',(0.,0.,1.));
#14265 = DIRECTION('',(1.,0.,0.));
#14266 = ADVANCED_FACE('',(#14267),#14278,.T.);
#14267 = FACE_BOUND('',#14268,.T.);
#14268 = EDGE_LOOP('',(#14269,#14275,#14276,#14277));
#14269 = ORIENTED_EDGE('',*,*,#14270,.F.);
#14270 = EDGE_CURVE('',#13136,#12870,#14271,.T.);
#14271 = LINE('',#14272,#14273);
#14272 = CARTESIAN_POINT('',(-49.,136.,60.));
#14273 = VECTOR('',#14274,1.);
#14274 = DIRECTION('',(0.,1.,0.));
#14275 = ORIENTED_EDGE('',*,*,#13135,.T.);
#14276 = ORIENTED_EDGE('',*,*,#12844,.T.);
#14277 = ORIENTED_EDGE('',*,*,#12869,.F.);
#14278 = PLANE('',#14279);
#14279 = AXIS2_PLACEMENT_3D('',#14280,#14281,#14282);
#14280 = CARTESIAN_POINT('',(-70.,100.,60.));
#14281 = DIRECTION('',(0.,0.,1.));
#14282 = DIRECTION('',(1.,0.,0.));
#14283 = ADVANCED_FACE('',(#14284),#14290,.T.);
#14284 = FACE_BOUND('',#14285,.T.);
#14285 = EDGE_LOOP('',(#14286,#14287,#14288,#14289));
#14286 = ORIENTED_EDGE('',*,*,#13143,.F.);
#14287 = ORIENTED_EDGE('',*,*,#14270,.T.);
#14288 = ORIENTED_EDGE('',*,*,#12877,.T.);
#14289 = ORIENTED_EDGE('',*,*,#12989,.F.);
#14290 = PLANE('',#14291);
#14291 = AXIS2_PLACEMENT_3D('',#14292,#14293,#14294);
#14292 = CARTESIAN_POINT('',(-49.,136.,60.));
#14293 = DIRECTION('',(1.,0.,0.));
#14294 = DIRECTION('',(0.,0.,1.));
#14295 = ADVANCED_FACE('',(#14296),#14323,.F.);
#14296 = FACE_BOUND('',#14297,.F.);
#14297 = EDGE_LOOP('',(#14298,#14306,#14314,#14320,#14321,#14322));
#14298 = ORIENTED_EDGE('',*,*,#14299,.F.);
#14299 = EDGE_CURVE('',#14300,#13112,#14302,.T.);
#14300 = VERTEX_POINT('',#14301);
#14301 = CARTESIAN_POINT('',(-270.,100.,0.));
#14302 = LINE('',#14303,#14304);
#14303 = CARTESIAN_POINT('',(-270.,100.,0.));
#14304 = VECTOR('',#14305,1.);
#14305 = DIRECTION('',(0.,0.,1.));
#14306 = ORIENTED_EDGE('',*,*,#14307,.T.);
#14307 = EDGE_CURVE('',#14300,#14308,#14310,.T.);
#14308 = VERTEX_POINT('',#14309);
#14309 = CARTESIAN_POINT('',(-270.,360.,0.));
#14310 = LINE('',#14311,#14312);
#14311 = CARTESIAN_POINT('',(-270.,100.,0.));
#14312 = VECTOR('',#14313,1.);
#14313 = DIRECTION('',(0.,1.,0.));
#14314 = ORIENTED_EDGE('',*,*,#14315,.T.);
#14315 = EDGE_CURVE('',#14308,#12903,#14316,.T.);
#14316 = LINE('',#14317,#14318);
#14317 = CARTESIAN_POINT('',(-270.,360.,0.));
#14318 = VECTOR('',#14319,1.);
#14319 = DIRECTION('',(0.,0.,1.));
#14320 = ORIENTED_EDGE('',*,*,#12902,.F.);
#14321 = ORIENTED_EDGE('',*,*,#13070,.F.);
#14322 = ORIENTED_EDGE('',*,*,#13119,.F.);
#14323 = PLANE('',#14324);
#14324 = AXIS2_PLACEMENT_3D('',#14325,#14326,#14327);
#14325 = CARTESIAN_POINT('',(-270.,100.,0.));
#14326 = DIRECTION('',(1.,0.,0.));
#14327 = DIRECTION('',(0.,0.,1.));
#14328 = ADVANCED_FACE('',(#14329),#14347,.T.);
#14329 = FACE_BOUND('',#14330,.T.);
#14330 = EDGE_LOOP('',(#14331,#14339,#14340,#14341));
#14331 = ORIENTED_EDGE('',*,*,#14332,.F.);
#14332 = EDGE_CURVE('',#14308,#14333,#14335,.T.);
#14333 = VERTEX_POINT('',#14334);
#14334 = CARTESIAN_POINT('',(-70.,360.,0.));
#14335 = LINE('',#14336,#14337);
#14336 = CARTESIAN_POINT('',(-270.,360.,0.));
#14337 = VECTOR('',#14338,1.);
#14338 = DIRECTION('',(1.,0.,0.));
#14339 = ORIENTED_EDGE('',*,*,#14315,.T.);
#14340 = ORIENTED_EDGE('',*,*,#12925,.T.);
#14341 = ORIENTED_EDGE('',*,*,#14342,.F.);
#14342 = EDGE_CURVE('',#14333,#12926,#14343,.T.);
#14343 = LINE('',#14344,#14345);
#14344 = CARTESIAN_POINT('',(-70.,360.,0.));
#14345 = VECTOR('',#14346,1.);
#14346 = DIRECTION('',(0.,0.,1.));
#14347 = PLANE('',#14348);
#14348 = AXIS2_PLACEMENT_3D('',#14349,#14350,#14351);
#14349 = CARTESIAN_POINT('',(-270.,360.,0.));
#14350 = DIRECTION('',(0.,1.,0.));
#14351 = DIRECTION('',(0.,0.,1.));
#14352 = ADVANCED_FACE('',(#14353),#14364,.T.);
#14353 = FACE_BOUND('',#14354,.T.);
#14354 = EDGE_LOOP('',(#14355,#14362,#14363));
#14355 = ORIENTED_EDGE('',*,*,#14356,.T.);
#14356 = EDGE_CURVE('',#12944,#14333,#14357,.T.);
#14357 = CIRCLE('',#14358,300.);
#14358 = AXIS2_PLACEMENT_3D('',#14359,#14360,#14361);
#14359 = CARTESIAN_POINT('',(-70.,360.,300.));
#14360 = DIRECTION('',(0.,1.,0.));
#14361 = DIRECTION('',(0.,0.,1.));
#14362 = ORIENTED_EDGE('',*,*,#14342,.T.);
#14363 = ORIENTED_EDGE('',*,*,#12951,.T.);
#14364 = PLANE('',#14365);
#14365 = AXIS2_PLACEMENT_3D('',#14366,#14367,#14368);
#14366 = CARTESIAN_POINT('',(-70.,360.,0.));
#14367 = DIRECTION('',(0.,1.,0.));
#14368 = DIRECTION('',(0.,0.,1.));
#14369 = ADVANCED_FACE('',(#14370),#14381,.F.);
#14370 = FACE_BOUND('',#14371,.F.);
#14371 = EDGE_LOOP('',(#14372,#14373,#14379,#14380));
#14372 = ORIENTED_EDGE('',*,*,#12943,.F.);
#14373 = ORIENTED_EDGE('',*,*,#14374,.F.);
#14374 = EDGE_CURVE('',#14242,#12944,#14375,.T.);
#14375 = LINE('',#14376,#14377);
#14376 = CARTESIAN_POINT('',(110.,100.,60.));
#14377 = VECTOR('',#14378,1.);
#14378 = DIRECTION('',(0.,1.,0.));
#14379 = ORIENTED_EDGE('',*,*,#14256,.T.);
#14380 = ORIENTED_EDGE('',*,*,#12966,.T.);
#14381 = PLANE('',#14382);
#14382 = AXIS2_PLACEMENT_3D('',#14383,#14384,#14385);
#14383 = CARTESIAN_POINT('',(-270.,324.,60.));
#14384 = DIRECTION('',(0.,0.,1.));
#14385 = DIRECTION('',(1.,0.,0.));
#14386 = ADVANCED_FACE('',(#14387),#14398,.F.);
#14387 = FACE_BOUND('',#14388,.F.);
#14388 = EDGE_LOOP('',(#14389,#14390,#14396,#14397));
#14389 = ORIENTED_EDGE('',*,*,#13097,.F.);
#14390 = ORIENTED_EDGE('',*,*,#14391,.T.);
#14391 = EDGE_CURVE('',#13087,#13007,#14392,.T.);
#14392 = LINE('',#14393,#14394);
#14393 = CARTESIAN_POINT('',(-91.,136.,60.));
#14394 = VECTOR('',#14395,1.);
#14395 = DIRECTION('',(0.,1.,0.));
#14396 = ORIENTED_EDGE('',*,*,#13022,.T.);
#14397 = ORIENTED_EDGE('',*,*,#12982,.F.);
#14398 = PLANE('',#14399);
#14399 = AXIS2_PLACEMENT_3D('',#14400,#14401,#14402);
#14400 = CARTESIAN_POINT('',(-91.,136.,60.));
#14401 = DIRECTION('',(1.,0.,0.));
#14402 = DIRECTION('',(0.,0.,1.));
#14403 = ADVANCED_FACE('',(#14404),#14410,.T.);
#14404 = FACE_BOUND('',#14405,.T.);
#14405 = EDGE_LOOP('',(#14406,#14407,#14408,#14409));
#14406 = ORIENTED_EDGE('',*,*,#13086,.T.);
#14407 = ORIENTED_EDGE('',*,*,#14391,.T.);
#14408 = ORIENTED_EDGE('',*,*,#13004,.F.);
#14409 = ORIENTED_EDGE('',*,*,#13044,.F.);
#14410 = PLANE('',#14411);
#14411 = AXIS2_PLACEMENT_3D('',#14412,#14413,#14414);
#14412 = CARTESIAN_POINT('',(-270.,100.,60.));
#14413 = DIRECTION('',(0.,0.,1.));
#14414 = DIRECTION('',(1.,0.,0.));
#14415 = ADVANCED_FACE('',(#14416),#14427,.F.);
#14416 = FACE_BOUND('',#14417,.F.);
#14417 = EDGE_LOOP('',(#14418,#14424,#14425,#14426));
#14418 = ORIENTED_EDGE('',*,*,#14419,.F.);
#14419 = EDGE_CURVE('',#13196,#14240,#14420,.T.);
#14420 = LINE('',#14421,#14422);
#14421 = CARTESIAN_POINT('',(110.,100.,60.));
#14422 = VECTOR('',#14423,1.);
#14423 = DIRECTION('',(0.,1.,0.));
#14424 = ORIENTED_EDGE('',*,*,#13195,.T.);
#14425 = ORIENTED_EDGE('',*,*,#13168,.T.);
#14426 = ORIENTED_EDGE('',*,*,#14249,.F.);
#14427 = PLANE('',#14428);
#14428 = AXIS2_PLACEMENT_3D('',#14429,#14430,#14431);
#14429 = CARTESIAN_POINT('',(-270.,100.,60.));
#14430 = DIRECTION('',(0.,0.,1.));
#14431 = DIRECTION('',(1.,0.,0.));
#14432 = ADVANCED_FACE('',(#14433),#14451,.F.);
#14433 = FACE_BOUND('',#14434,.F.);
#14434 = EDGE_LOOP('',(#14435,#14443,#14444,#14445));
#14435 = ORIENTED_EDGE('',*,*,#14436,.F.);
#14436 = EDGE_CURVE('',#14300,#14437,#14439,.T.);
#14437 = VERTEX_POINT('',#14438);
#14438 = CARTESIAN_POINT('',(-70.,100.,0.));
#14439 = LINE('',#14440,#14441);
#14440 = CARTESIAN_POINT('',(-270.,100.,0.));
#14441 = VECTOR('',#14442,1.);
#14442 = DIRECTION('',(1.,0.,0.));
#14443 = ORIENTED_EDGE('',*,*,#14299,.T.);
#14444 = ORIENTED_EDGE('',*,*,#13184,.T.);
#14445 = ORIENTED_EDGE('',*,*,#14446,.F.);
#14446 = EDGE_CURVE('',#14437,#13185,#14447,.T.);
#14447 = LINE('',#14448,#14449);
#14448 = CARTESIAN_POINT('',(-70.,100.,0.));
#14449 = VECTOR('',#14450,1.);
#14450 = DIRECTION('',(0.,0.,1.));
#14451 = PLANE('',#14452);
#14452 = AXIS2_PLACEMENT_3D('',#14453,#14454,#14455);
#14453 = CARTESIAN_POINT('',(-270.,100.,0.));
#14454 = DIRECTION('',(0.,1.,0.));
#14455 = DIRECTION('',(0.,0.,1.));
#14456 = ADVANCED_FACE('',(#14457),#14468,.F.);
#14457 = FACE_BOUND('',#14458,.F.);
#14458 = EDGE_LOOP('',(#14459,#14466,#14467));
#14459 = ORIENTED_EDGE('',*,*,#14460,.T.);
#14460 = EDGE_CURVE('',#13196,#14437,#14461,.T.);
#14461 = CIRCLE('',#14462,300.);
#14462 = AXIS2_PLACEMENT_3D('',#14463,#14464,#14465);
#14463 = CARTESIAN_POINT('',(-70.,100.,300.));
#14464 = DIRECTION('',(0.,1.,0.));
#14465 = DIRECTION('',(0.,0.,1.));
#14466 = ORIENTED_EDGE('',*,*,#14446,.T.);
#14467 = ORIENTED_EDGE('',*,*,#13203,.T.);
#14468 = PLANE('',#14469);
#14469 = AXIS2_PLACEMENT_3D('',#14470,#14471,#14472);
#14470 = CARTESIAN_POINT('',(-70.,100.,0.));
#14471 = DIRECTION('',(0.,1.,0.));
#14472 = DIRECTION('',(0.,0.,1.));
#14473 = ADVANCED_FACE('',(#14474),#14480,.F.);
#14474 = FACE_BOUND('',#14475,.F.);
#14475 = EDGE_LOOP('',(#14476,#14477,#14478,#14479));
#14476 = ORIENTED_EDGE('',*,*,#13285,.F.);
#14477 = ORIENTED_EDGE('',*,*,#13237,.T.);
#14478 = ORIENTED_EDGE('',*,*,#13261,.T.);
#14479 = ORIENTED_EDGE('',*,*,#13309,.F.);
#14480 = PLANE('',#14481);
#14481 = AXIS2_PLACEMENT_3D('',#14482,#14483,#14484);
#14482 = CARTESIAN_POINT('',(-55.,178.,740.));
#14483 = DIRECTION('',(1.,0.,0.));
#14484 = DIRECTION('',(0.,0.,1.));
#14485 = ADVANCED_FACE('',(#14486),#14492,.F.);
#14486 = FACE_BOUND('',#14487,.F.);
#14487 = EDGE_LOOP('',(#14488,#14489,#14490,#14491));
#14488 = ORIENTED_EDGE('',*,*,#13381,.F.);
#14489 = ORIENTED_EDGE('',*,*,#13333,.T.);
#14490 = ORIENTED_EDGE('',*,*,#13357,.T.);
#14491 = ORIENTED_EDGE('',*,*,#13405,.F.);
#14492 = PLANE('',#14493);
#14493 = AXIS2_PLACEMENT_3D('',#14494,#14495,#14496);
#14494 = CARTESIAN_POINT('',(-55.,178.,756.));
#14495 = DIRECTION('',(1.,0.,0.));
#14496 = DIRECTION('',(0.,0.,1.));
#14497 = ADVANCED_FACE('',(#14498),#14504,.F.);
#14498 = FACE_BOUND('',#14499,.F.);
#14499 = EDGE_LOOP('',(#14500,#14501,#14502,#14503));
#14500 = ORIENTED_EDGE('',*,*,#13477,.F.);
#14501 = ORIENTED_EDGE('',*,*,#13429,.T.);
#14502 = ORIENTED_EDGE('',*,*,#13453,.T.);
#14503 = ORIENTED_EDGE('',*,*,#13501,.F.);
#14504 = PLANE('',#14505);
#14505 = AXIS2_PLACEMENT_3D('',#14506,#14507,#14508);
#14506 = CARTESIAN_POINT('',(-55.,178.,772.));
#14507 = DIRECTION('',(1.,0.,0.));
#14508 = DIRECTION('',(0.,0.,1.));
#14509 = ADVANCED_FACE('',(#14510),#14516,.F.);
#14510 = FACE_BOUND('',#14511,.F.);
#14511 = EDGE_LOOP('',(#14512,#14513,#14514,#14515));
#14512 = ORIENTED_EDGE('',*,*,#13573,.F.);
#14513 = ORIENTED_EDGE('',*,*,#13525,.T.);
#14514 = ORIENTED_EDGE('',*,*,#13549,.T.);
#14515 = ORIENTED_EDGE('',*,*,#13597,.F.);
#14516 = PLANE('',#14517);
#14517 = AXIS2_PLACEMENT_3D('',#14518,#14519,#14520);
#14518 = CARTESIAN_POINT('',(-55.,178.,788.));
#14519 = DIRECTION('',(1.,0.,0.));
#14520 = DIRECTION('',(0.,0.,1.));
#14521 = ADVANCED_FACE('',(#14522),#14528,.F.);
#14522 = FACE_BOUND('',#14523,.F.);
#14523 = EDGE_LOOP('',(#14524,#14525,#14526,#14527));
#14524 = ORIENTED_EDGE('',*,*,#13669,.F.);
#14525 = ORIENTED_EDGE('',*,*,#13621,.T.);
#14526 = ORIENTED_EDGE('',*,*,#13645,.T.);
#14527 = ORIENTED_EDGE('',*,*,#13693,.F.);
#14528 = PLANE('',#14529);
#14529 = AXIS2_PLACEMENT_3D('',#14530,#14531,#14532);
#14530 = CARTESIAN_POINT('',(-55.,178.,804.));
#14531 = DIRECTION('',(1.,0.,0.));
#14532 = DIRECTION('',(0.,0.,1.));
#14533 = ADVANCED_FACE('',(#14534),#14540,.F.);
#14534 = FACE_BOUND('',#14535,.F.);
#14535 = EDGE_LOOP('',(#14536,#14537,#14538,#14539));
#14536 = ORIENTED_EDGE('',*,*,#13765,.F.);
#14537 = ORIENTED_EDGE('',*,*,#13717,.T.);
#14538 = ORIENTED_EDGE('',*,*,#13741,.T.);
#14539 = ORIENTED_EDGE('',*,*,#13789,.F.);
#14540 = PLANE('',#14541);
#14541 = AXIS2_PLACEMENT_3D('',#14542,#14543,#14544);
#14542 = CARTESIAN_POINT('',(-55.,178.,820.));
#14543 = DIRECTION('',(1.,0.,0.));
#14544 = DIRECTION('',(0.,0.,1.));
#14545 = ADVANCED_FACE('',(#14546),#14552,.F.);
#14546 = FACE_BOUND('',#14547,.F.);
#14547 = EDGE_LOOP('',(#14548,#14549,#14550,#14551));
#14548 = ORIENTED_EDGE('',*,*,#13861,.F.);
#14549 = ORIENTED_EDGE('',*,*,#13813,.T.);
#14550 = ORIENTED_EDGE('',*,*,#13837,.T.);
#14551 = ORIENTED_EDGE('',*,*,#13885,.F.);
#14552 = PLANE('',#14553);
#14553 = AXIS2_PLACEMENT_3D('',#14554,#14555,#14556);
#14554 = CARTESIAN_POINT('',(-55.,178.,836.));
#14555 = DIRECTION('',(1.,0.,0.));
#14556 = DIRECTION('',(0.,0.,1.));
#14557 = ADVANCED_FACE('',(#14558),#14564,.F.);
#14558 = FACE_BOUND('',#14559,.F.);
#14559 = EDGE_LOOP('',(#14560,#14561,#14562,#14563));
#14560 = ORIENTED_EDGE('',*,*,#13957,.F.);
#14561 = ORIENTED_EDGE('',*,*,#13909,.T.);
#14562 = ORIENTED_EDGE('',*,*,#13933,.T.);
#14563 = ORIENTED_EDGE('',*,*,#13981,.F.);
#14564 = PLANE('',#14565);
#14565 = AXIS2_PLACEMENT_3D('',#14566,#14567,#14568);
#14566 = CARTESIAN_POINT('',(-55.,178.,852.));
#14567 = DIRECTION('',(1.,0.,0.));
#14568 = DIRECTION('',(0.,0.,1.));
#14569 = ADVANCED_FACE('',(#14570),#14576,.F.);
#14570 = FACE_BOUND('',#14571,.F.);
#14571 = EDGE_LOOP('',(#14572,#14573,#14574,#14575));
#14572 = ORIENTED_EDGE('',*,*,#14053,.F.);
#14573 = ORIENTED_EDGE('',*,*,#14005,.T.);
#14574 = ORIENTED_EDGE('',*,*,#14029,.T.);
#14575 = ORIENTED_EDGE('',*,*,#14077,.F.);
#14576 = PLANE('',#14577);
#14577 = AXIS2_PLACEMENT_3D('',#14578,#14579,#14580);
#14578 = CARTESIAN_POINT('',(-55.,178.,868.));
#14579 = DIRECTION('',(1.,0.,0.));
#14580 = DIRECTION('',(0.,0.,1.));
#14581 = ADVANCED_FACE('',(#14582),#14588,.F.);
#14582 = FACE_BOUND('',#14583,.F.);
#14583 = EDGE_LOOP('',(#14584,#14585,#14586,#14587));
#14584 = ORIENTED_EDGE('',*,*,#14173,.F.);
#14585 = ORIENTED_EDGE('',*,*,#14101,.T.);
#14586 = ORIENTED_EDGE('',*,*,#14125,.T.);
#14587 = ORIENTED_EDGE('',*,*,#14149,.F.);
#14588 = PLANE('',#14589);
#14589 = AXIS2_PLACEMENT_3D('',#14590,#14591,#14592);
#14590 = CARTESIAN_POINT('',(-55.,178.,884.));
#14591 = DIRECTION('',(1.,0.,0.));
#14592 = DIRECTION('',(0.,0.,1.));
#14593 = ADVANCED_FACE('',(#14594),#14597,.F.);
#14594 = FACE_BOUND('',#14595,.T.);
#14595 = EDGE_LOOP('',(#14596));
#14596 = ORIENTED_EDGE('',*,*,#14198,.F.);
#14597 = PLANE('',#14598);
#14598 = AXIS2_PLACEMENT_3D('',#14599,#14600,#14601);
#14599 = CARTESIAN_POINT('',(-245.,260.,188.));
#14600 = DIRECTION('',(1.,0.,0.));
#14601 = DIRECTION('',(0.,0.,1.));
#14602 = ADVANCED_FACE('',(#14603),#14606,.T.);
#14603 = FACE_BOUND('',#14604,.T.);
#14604 = EDGE_LOOP('',(#14605));
#14605 = ORIENTED_EDGE('',*,*,#14222,.T.);
#14606 = PLANE('',#14607);
#14607 = AXIS2_PLACEMENT_3D('',#14608,#14609,#14610);
#14608 = CARTESIAN_POINT('',(-175.,260.,188.));
#14609 = DIRECTION('',(1.,0.,0.));
#14610 = DIRECTION('',(0.,0.,1.));
#14611 = ADVANCED_FACE('',(#14612),#14625,.T.);
#14612 = FACE_BOUND('',#14613,.T.);
#14613 = EDGE_LOOP('',(#14614,#14615,#14621,#14622,#14623,#14624));
#14614 = ORIENTED_EDGE('',*,*,#14460,.T.);
#14615 = ORIENTED_EDGE('',*,*,#14616,.T.);
#14616 = EDGE_CURVE('',#14437,#14333,#14617,.T.);
#14617 = LINE('',#14618,#14619);
#14618 = CARTESIAN_POINT('',(-70.,100.,0.));
#14619 = VECTOR('',#14620,1.);
#14620 = DIRECTION('',(0.,1.,0.));
#14621 = ORIENTED_EDGE('',*,*,#14356,.F.);
#14622 = ORIENTED_EDGE('',*,*,#14374,.F.);
#14623 = ORIENTED_EDGE('',*,*,#14239,.F.);
#14624 = ORIENTED_EDGE('',*,*,#14419,.F.);
#14625 = CYLINDRICAL_SURFACE('',#14626,300.);
#14626 = AXIS2_PLACEMENT_3D('',#14627,#14628,#14629);
#14627 = CARTESIAN_POINT('',(-70.,95.,300.));
#14628 = DIRECTION('',(0.,1.,0.));
#14629 = DIRECTION('',(0.,0.,1.));
#14630 = ADVANCED_FACE('',(#14631),#14637,.F.);
#14631 = FACE_BOUND('',#14632,.F.);
#14632 = EDGE_LOOP('',(#14633,#14634,#14635,#14636));
#14633 = ORIENTED_EDGE('',*,*,#14307,.F.);
#14634 = ORIENTED_EDGE('',*,*,#14436,.T.);
#14635 = ORIENTED_EDGE('',*,*,#14616,.T.);
#14636 = ORIENTED_EDGE('',*,*,#14332,.F.);
#14637 = PLANE('',#14638);
#14638 = AXIS2_PLACEMENT_3D('',#14639,#14640,#14641);
#14639 = CARTESIAN_POINT('',(-270.,100.,0.));
#14640 = DIRECTION('',(0.,0.,1.));
#14641 = DIRECTION('',(1.,0.,0.));
#14642 = MANIFOLD_SOLID_BREP('',#14643);
#14643 = CLOSED_SHELL('',(#14644));
#14644 = ADVANCED_FACE('',(#14645),#14649,.T.);
#14645 = FACE_BOUND('',#14646,.T.);
#14646 = VERTEX_LOOP('',#14647);
#14647 = VERTEX_POINT('',#14648);
#14648 = CARTESIAN_POINT('',(-70.,230.,165.));
#14649 = ( BOUNDED_SURFACE() B_SPLINE_SURFACE(2,2,(
    (#14650,#14651,#14652,#14653,#14654)
    ,(#14655,#14656,#14657,#14658,#14659)
    ,(#14660,#14661,#14662,#14663,#14664)
    ,(#14665,#14666,#14667,#14668,#14669)
    ,(#14670,#14671,#14672,#14673,#14674)
    ,(#14675,#14676,#14677,#14678,#14679)
    ,(#14680,#14681,#14682,#14683,#14684
)),.UNSPECIFIED.,.T.,.F.,.F.) B_SPLINE_SURFACE_WITH_KNOTS((1,2,2,2,2,1),
  (3,2,3),(-2.094395102393,0.,2.094395102393,4.188790204786,
    6.28318530718,8.377580409573),(-1.570796326795,0.,1.570796326795),
.UNSPECIFIED.) GEOMETRIC_REPRESENTATION_ITEM() RATIONAL_B_SPLINE_SURFACE
((
    (1.,0.707106781187,1.,0.707106781187,1.)
    ,(0.5,0.353553390593,0.5,0.353553390593,0.5)
    ,(1.,0.707106781187,1.,0.707106781187,1.)
    ,(0.5,0.353553390593,0.5,0.353553390593,0.5)
    ,(1.,0.707106781187,1.,0.707106781187,1.)
    ,(0.5,0.353553390593,0.5,0.353553390593,0.5)
,(1.,0.707106781187,1.,0.707106781187,1.
))) REPRESENTATION_ITEM('') SURFACE() );
#14650 = CARTESIAN_POINT('',(-70.,230.,165.));
#14651 = CARTESIAN_POINT('',(80.,230.,165.));
#14652 = CARTESIAN_POINT('',(80.,230.,220.));
#14653 = CARTESIAN_POINT('',(80.,230.,275.));
#14654 = CARTESIAN_POINT('',(-70.,230.,275.));
#14655 = CARTESIAN_POINT('',(-70.,230.,165.));
#14656 = CARTESIAN_POINT('',(80.,385.88457268119,165.));
#14657 = CARTESIAN_POINT('',(80.,385.88457268119,220.));
#14658 = CARTESIAN_POINT('',(80.,385.88457268119,275.));
#14659 = CARTESIAN_POINT('',(-70.,230.,275.));
#14660 = CARTESIAN_POINT('',(-70.,230.,165.));
#14661 = CARTESIAN_POINT('',(-145.,307.94228634059,165.));
#14662 = CARTESIAN_POINT('',(-145.,307.94228634059,220.));
#14663 = CARTESIAN_POINT('',(-145.,307.94228634059,275.));
#14664 = CARTESIAN_POINT('',(-70.,230.,275.));
#14665 = CARTESIAN_POINT('',(-70.,230.,165.));
#14666 = CARTESIAN_POINT('',(-370.,230.,165.));
#14667 = CARTESIAN_POINT('',(-370.,230.,220.));
#14668 = CARTESIAN_POINT('',(-370.,230.,275.));
#14669 = CARTESIAN_POINT('',(-70.,230.,275.));
#14670 = CARTESIAN_POINT('',(-70.,230.,165.));
#14671 = CARTESIAN_POINT('',(-145.,152.0577136594,165.));
#14672 = CARTESIAN_POINT('',(-145.,152.0577136594,220.));
#14673 = CARTESIAN_POINT('',(-145.,152.0577136594,275.));
#14674 = CARTESIAN_POINT('',(-70.,230.,275.));
#14675 = CARTESIAN_POINT('',(-70.,230.,165.));
#14676 = CARTESIAN_POINT('',(80.,74.115427318801,165.));
#14677 = CARTESIAN_POINT('',(80.,74.115427318801,220.));
#14678 = CARTESIAN_POINT('',(80.,74.115427318801,275.));
#14679 = CARTESIAN_POINT('',(-70.,230.,275.));
#14680 = CARTESIAN_POINT('',(-70.,230.,165.));
#14681 = CARTESIAN_POINT('',(80.,230.,165.));
#14682 = CARTESIAN_POINT('',(80.,230.,220.));
#14683 = CARTESIAN_POINT('',(80.,230.,275.));
#14684 = CARTESIAN_POINT('',(-70.,230.,275.));
#14685 = MANIFOLD_SOLID_BREP('',#14686);
#14686 = CLOSED_SHELL('',(#14687,#14761,#14770,#14843,#14867,#14933,
    #15010,#15027,#15049,#15100,#15117,#15129,#15141,#15204,#15228,
    #15284,#15309,#15365,#15389,#15445,#15463,#15472,#15492,#15514,
    #15531,#15548,#15580,#15592,#15609,#15626,#15643,#15655,#16027,
    #16093,#16133,#16153,#16177,#16210,#16227,#16266,#16290,#16314,
    #16339,#16386,#16410,#16434,#16467,#16498,#16530,#16554,#16579,
    #16618,#16642,#16666,#16691,#16722,#16754,#16786,#16803,#16842,
    #16866,#16890,#16915,#16946,#16978,#17010,#17027,#17066,#17090,
    #17114,#17139,#17170,#17179,#17245,#17269,#17328,#17345,#17357,
    #17377,#17394,#17406,#17428,#17440,#17452,#17469,#17481,#17498,
    #17510,#17527,#17539,#17556,#17568,#17585,#17597,#17614,#17626,
    #17643,#17660,#17711,#17728,#17740,#17765,#17774,#17794,#17803,
    #18175,#18215,#18239,#18272,#18292,#18309,#18348,#18372,#18396,
    #18421,#18468,#18492,#18516,#18549,#18580,#18612,#18636,#18661,
    #18700,#18724,#18748,#18773,#18804,#18836,#18868,#18885,#18924,
    #18948,#18972,#18997,#19028,#19060,#19092,#19109,#19148,#19172,
    #19196,#19221,#19238,#19250,#19270,#19287,#19299,#19321,#19333,
    #19345,#19362,#19374,#19391,#19403,#19420,#19432,#19449,#19461,
    #19478,#19490,#19507,#19519,#19544));
#14687 = ADVANCED_FACE('',(#14688),#14756,.T.);
#14688 = FACE_BOUND('',#14689,.T.);
#14689 = EDGE_LOOP('',(#14690,#14700,#14708,#14716,#14723,#14724,#14733,
    #14741,#14748,#14749));
#14690 = ORIENTED_EDGE('',*,*,#14691,.T.);
#14691 = EDGE_CURVE('',#14692,#14694,#14696,.T.);
#14692 = VERTEX_POINT('',#14693);
#14693 = CARTESIAN_POINT('',(-5.388445916248E-15,-90.,862.));
#14694 = VERTEX_POINT('',#14695);
#14695 = CARTESIAN_POINT('',(-2.694222958124E-15,-71.,862.));
#14696 = LINE('',#14697,#14698);
#14697 = CARTESIAN_POINT('',(-5.388445916248E-15,-90.,862.));
#14698 = VECTOR('',#14699,1.);
#14699 = DIRECTION('',(0.,1.,0.));
#14700 = ORIENTED_EDGE('',*,*,#14701,.T.);
#14701 = EDGE_CURVE('',#14694,#14702,#14704,.T.);
#14702 = VERTEX_POINT('',#14703);
#14703 = CARTESIAN_POINT('',(-2.694222958124E-15,-49.,862.));
#14704 = LINE('',#14705,#14706);
#14705 = CARTESIAN_POINT('',(-5.388445916248E-15,-90.,862.));
#14706 = VECTOR('',#14707,1.);
#14707 = DIRECTION('',(0.,1.,0.));
#14708 = ORIENTED_EDGE('',*,*,#14709,.T.);
#14709 = EDGE_CURVE('',#14702,#14710,#14712,.T.);
#14710 = VERTEX_POINT('',#14711);
#14711 = CARTESIAN_POINT('',(-5.388445916248E-15,-10.,862.));
#14712 = LINE('',#14713,#14714);
#14713 = CARTESIAN_POINT('',(-5.388445916248E-15,-90.,862.));
#14714 = VECTOR('',#14715,1.);
#14715 = DIRECTION('',(0.,1.,0.));
#14716 = ORIENTED_EDGE('',*,*,#14717,.F.);
#14717 = EDGE_CURVE('',#14710,#14710,#14718,.T.);
#14718 = CIRCLE('',#14719,22.);
#14719 = AXIS2_PLACEMENT_3D('',#14720,#14721,#14722);
#14720 = CARTESIAN_POINT('',(0.,-10.,840.));
#14721 = DIRECTION('',(0.,1.,0.));
#14722 = DIRECTION('',(0.,0.,1.));
#14723 = ORIENTED_EDGE('',*,*,#14709,.F.);
#14724 = ORIENTED_EDGE('',*,*,#14725,.T.);
#14725 = EDGE_CURVE('',#14702,#14726,#14728,.T.);
#14726 = VERTEX_POINT('',#14727);
#14727 = CARTESIAN_POINT('',(0.,-49.,818.));
#14728 = CIRCLE('',#14729,22.);
#14729 = AXIS2_PLACEMENT_3D('',#14730,#14731,#14732);
#14730 = CARTESIAN_POINT('',(0.,-49.,840.));
#14731 = DIRECTION('',(0.,1.,0.));
#14732 = DIRECTION('',(0.,0.,1.));
#14733 = ORIENTED_EDGE('',*,*,#14734,.F.);
#14734 = EDGE_CURVE('',#14735,#14726,#14737,.T.);
#14735 = VERTEX_POINT('',#14736);
#14736 = CARTESIAN_POINT('',(0.,-71.,818.));
#14737 = LINE('',#14738,#14739);
#14738 = CARTESIAN_POINT('',(0.,-90.,818.));
#14739 = VECTOR('',#14740,1.);
#14740 = DIRECTION('',(0.,1.,0.));
#14741 = ORIENTED_EDGE('',*,*,#14742,.F.);
#14742 = EDGE_CURVE('',#14694,#14735,#14743,.T.);
#14743 = CIRCLE('',#14744,22.);
#14744 = AXIS2_PLACEMENT_3D('',#14745,#14746,#14747);
#14745 = CARTESIAN_POINT('',(0.,-71.,840.));
#14746 = DIRECTION('',(0.,1.,0.));
#14747 = DIRECTION('',(0.,0.,1.));
#14748 = ORIENTED_EDGE('',*,*,#14691,.F.);
#14749 = ORIENTED_EDGE('',*,*,#14750,.T.);
#14750 = EDGE_CURVE('',#14692,#14692,#14751,.T.);
#14751 = CIRCLE('',#14752,22.);
#14752 = AXIS2_PLACEMENT_3D('',#14753,#14754,#14755);
#14753 = CARTESIAN_POINT('',(0.,-90.,840.));
#14754 = DIRECTION('',(0.,1.,0.));
#14755 = DIRECTION('',(0.,0.,1.));
#14756 = CYLINDRICAL_SURFACE('',#14757,22.);
#14757 = AXIS2_PLACEMENT_3D('',#14758,#14759,#14760);
#14758 = CARTESIAN_POINT('',(0.,-90.,840.));
#14759 = DIRECTION('',(0.,1.,0.));
#14760 = DIRECTION('',(0.,0.,1.));
#14761 = ADVANCED_FACE('',(#14762),#14765,.F.);
#14762 = FACE_BOUND('',#14763,.T.);
#14763 = EDGE_LOOP('',(#14764));
#14764 = ORIENTED_EDGE('',*,*,#14750,.F.);
#14765 = PLANE('',#14766);
#14766 = AXIS2_PLACEMENT_3D('',#14767,#14768,#14769);
#14767 = CARTESIAN_POINT('',(0.,-90.,840.));
#14768 = DIRECTION('',(0.,1.,0.));
#14769 = DIRECTION('',(0.,0.,1.));
#14770 = ADVANCED_FACE('',(#14771),#14838,.F.);
#14771 = FACE_BOUND('',#14772,.F.);
#14772 = EDGE_LOOP('',(#14773,#14783,#14791,#14797,#14798,#14806,#14814,
    #14822,#14831));
#14773 = ORIENTED_EDGE('',*,*,#14774,.F.);
#14774 = EDGE_CURVE('',#14775,#14777,#14779,.T.);
#14775 = VERTEX_POINT('',#14776);
#14776 = CARTESIAN_POINT('',(76.,-71.,815.));
#14777 = VERTEX_POINT('',#14778);
#14778 = CARTESIAN_POINT('',(76.,-71.,827.35088935932));
#14779 = LINE('',#14780,#14781);
#14780 = CARTESIAN_POINT('',(76.,-71.,815.));
#14781 = VECTOR('',#14782,1.);
#14782 = DIRECTION('',(0.,0.,1.));
#14783 = ORIENTED_EDGE('',*,*,#14784,.F.);
#14784 = EDGE_CURVE('',#14785,#14775,#14787,.T.);
#14785 = VERTEX_POINT('',#14786);
#14786 = CARTESIAN_POINT('',(0.,-71.,815.));
#14787 = LINE('',#14788,#14789);
#14788 = CARTESIAN_POINT('',(0.,-71.,815.));
#14789 = VECTOR('',#14790,1.);
#14790 = DIRECTION('',(1.,0.,0.));
#14791 = ORIENTED_EDGE('',*,*,#14792,.T.);
#14792 = EDGE_CURVE('',#14785,#14735,#14793,.T.);
#14793 = LINE('',#14794,#14795);
#14794 = CARTESIAN_POINT('',(0.,-71.,815.));
#14795 = VECTOR('',#14796,1.);
#14796 = DIRECTION('',(0.,0.,1.));
#14797 = ORIENTED_EDGE('',*,*,#14742,.F.);
#14798 = ORIENTED_EDGE('',*,*,#14799,.T.);
#14799 = EDGE_CURVE('',#14694,#14800,#14802,.T.);
#14800 = VERTEX_POINT('',#14801);
#14801 = CARTESIAN_POINT('',(0.,-71.,865.));
#14802 = LINE('',#14803,#14804);
#14803 = CARTESIAN_POINT('',(0.,-71.,815.));
#14804 = VECTOR('',#14805,1.);
#14805 = DIRECTION('',(0.,0.,1.));
#14806 = ORIENTED_EDGE('',*,*,#14807,.T.);
#14807 = EDGE_CURVE('',#14800,#14808,#14810,.T.);
#14808 = VERTEX_POINT('',#14809);
#14809 = CARTESIAN_POINT('',(76.,-71.,865.));
#14810 = LINE('',#14811,#14812);
#14811 = CARTESIAN_POINT('',(0.,-71.,865.));
#14812 = VECTOR('',#14813,1.);
#14813 = DIRECTION('',(1.,0.,0.));
#14814 = ORIENTED_EDGE('',*,*,#14815,.F.);
#14815 = EDGE_CURVE('',#14816,#14808,#14818,.T.);
#14816 = VERTEX_POINT('',#14817);
#14817 = CARTESIAN_POINT('',(76.,-71.,852.64911064067));
#14818 = LINE('',#14819,#14820);
#14819 = CARTESIAN_POINT('',(76.,-71.,815.));
#14820 = VECTOR('',#14821,1.);
#14821 = DIRECTION('',(0.,0.,1.));
#14822 = ORIENTED_EDGE('',*,*,#14823,.T.);
#14823 = EDGE_CURVE('',#14816,#14824,#14826,.T.);
#14824 = VERTEX_POINT('',#14825);
#14825 = CARTESIAN_POINT('',(70.,-71.,826.));
#14826 = CIRCLE('',#14827,14.);
#14827 = AXIS2_PLACEMENT_3D('',#14828,#14829,#14830);
#14828 = CARTESIAN_POINT('',(70.,-71.,840.));
#14829 = DIRECTION('',(0.,-1.,0.));
#14830 = DIRECTION('',(0.,0.,-1.));
#14831 = ORIENTED_EDGE('',*,*,#14832,.T.);
#14832 = EDGE_CURVE('',#14824,#14777,#14833,.T.);
#14833 = CIRCLE('',#14834,14.);
#14834 = AXIS2_PLACEMENT_3D('',#14835,#14836,#14837);
#14835 = CARTESIAN_POINT('',(70.,-71.,840.));
#14836 = DIRECTION('',(0.,-1.,0.));
#14837 = DIRECTION('',(0.,0.,-1.));
#14838 = PLANE('',#14839);
#14839 = AXIS2_PLACEMENT_3D('',#14840,#14841,#14842);
#14840 = CARTESIAN_POINT('',(0.,-71.,815.));
#14841 = DIRECTION('',(0.,1.,0.));
#14842 = DIRECTION('',(0.,0.,1.));
#14843 = ADVANCED_FACE('',(#14844),#14862,.F.);
#14844 = FACE_BOUND('',#14845,.F.);
#14845 = EDGE_LOOP('',(#14846,#14847,#14848,#14856));
#14846 = ORIENTED_EDGE('',*,*,#14734,.F.);
#14847 = ORIENTED_EDGE('',*,*,#14792,.F.);
#14848 = ORIENTED_EDGE('',*,*,#14849,.T.);
#14849 = EDGE_CURVE('',#14785,#14850,#14852,.T.);
#14850 = VERTEX_POINT('',#14851);
#14851 = CARTESIAN_POINT('',(0.,-49.,815.));
#14852 = LINE('',#14853,#14854);
#14853 = CARTESIAN_POINT('',(0.,-71.,815.));
#14854 = VECTOR('',#14855,1.);
#14855 = DIRECTION('',(0.,1.,0.));
#14856 = ORIENTED_EDGE('',*,*,#14857,.T.);
#14857 = EDGE_CURVE('',#14850,#14726,#14858,.T.);
#14858 = LINE('',#14859,#14860);
#14859 = CARTESIAN_POINT('',(0.,-49.,815.));
#14860 = VECTOR('',#14861,1.);
#14861 = DIRECTION('',(0.,0.,1.));
#14862 = PLANE('',#14863);
#14863 = AXIS2_PLACEMENT_3D('',#14864,#14865,#14866);
#14864 = CARTESIAN_POINT('',(0.,-71.,815.));
#14865 = DIRECTION('',(1.,0.,0.));
#14866 = DIRECTION('',(0.,0.,1.));
#14867 = ADVANCED_FACE('',(#14868),#14928,.T.);
#14868 = FACE_BOUND('',#14869,.T.);
#14869 = EDGE_LOOP('',(#14870,#14880,#14886,#14887,#14888,#14896,#14904,
    #14912,#14921));
#14870 = ORIENTED_EDGE('',*,*,#14871,.F.);
#14871 = EDGE_CURVE('',#14872,#14874,#14876,.T.);
#14872 = VERTEX_POINT('',#14873);
#14873 = CARTESIAN_POINT('',(76.,-49.,815.));
#14874 = VERTEX_POINT('',#14875);
#14875 = CARTESIAN_POINT('',(76.,-49.,827.35088935932));
#14876 = LINE('',#14877,#14878);
#14877 = CARTESIAN_POINT('',(76.,-49.,815.));
#14878 = VECTOR('',#14879,1.);
#14879 = DIRECTION('',(0.,0.,1.));
#14880 = ORIENTED_EDGE('',*,*,#14881,.F.);
#14881 = EDGE_CURVE('',#14850,#14872,#14882,.T.);
#14882 = LINE('',#14883,#14884);
#14883 = CARTESIAN_POINT('',(0.,-49.,815.));
#14884 = VECTOR('',#14885,1.);
#14885 = DIRECTION('',(1.,0.,0.));
#14886 = ORIENTED_EDGE('',*,*,#14857,.T.);
#14887 = ORIENTED_EDGE('',*,*,#14725,.F.);
#14888 = ORIENTED_EDGE('',*,*,#14889,.T.);
#14889 = EDGE_CURVE('',#14702,#14890,#14892,.T.);
#14890 = VERTEX_POINT('',#14891);
#14891 = CARTESIAN_POINT('',(0.,-49.,865.));
#14892 = LINE('',#14893,#14894);
#14893 = CARTESIAN_POINT('',(0.,-49.,815.));
#14894 = VECTOR('',#14895,1.);
#14895 = DIRECTION('',(0.,0.,1.));
#14896 = ORIENTED_EDGE('',*,*,#14897,.T.);
#14897 = EDGE_CURVE('',#14890,#14898,#14900,.T.);
#14898 = VERTEX_POINT('',#14899);
#14899 = CARTESIAN_POINT('',(76.,-49.,865.));
#14900 = LINE('',#14901,#14902);
#14901 = CARTESIAN_POINT('',(0.,-49.,865.));
#14902 = VECTOR('',#14903,1.);
#14903 = DIRECTION('',(1.,0.,0.));
#14904 = ORIENTED_EDGE('',*,*,#14905,.F.);
#14905 = EDGE_CURVE('',#14906,#14898,#14908,.T.);
#14906 = VERTEX_POINT('',#14907);
#14907 = CARTESIAN_POINT('',(76.,-49.,852.64911064067));
#14908 = LINE('',#14909,#14910);
#14909 = CARTESIAN_POINT('',(76.,-49.,815.));
#14910 = VECTOR('',#14911,1.);
#14911 = DIRECTION('',(0.,0.,1.));
#14912 = ORIENTED_EDGE('',*,*,#14913,.T.);
#14913 = EDGE_CURVE('',#14906,#14914,#14916,.T.);
#14914 = VERTEX_POINT('',#14915);
#14915 = CARTESIAN_POINT('',(70.,-49.,826.));
#14916 = CIRCLE('',#14917,14.);
#14917 = AXIS2_PLACEMENT_3D('',#14918,#14919,#14920);
#14918 = CARTESIAN_POINT('',(70.,-49.,840.));
#14919 = DIRECTION('',(0.,-1.,0.));
#14920 = DIRECTION('',(0.,0.,-1.));
#14921 = ORIENTED_EDGE('',*,*,#14922,.T.);
#14922 = EDGE_CURVE('',#14914,#14874,#14923,.T.);
#14923 = CIRCLE('',#14924,14.);
#14924 = AXIS2_PLACEMENT_3D('',#14925,#14926,#14927);
#14925 = CARTESIAN_POINT('',(70.,-49.,840.));
#14926 = DIRECTION('',(0.,-1.,0.));
#14927 = DIRECTION('',(0.,0.,-1.));
#14928 = PLANE('',#14929);
#14929 = AXIS2_PLACEMENT_3D('',#14930,#14931,#14932);
#14930 = CARTESIAN_POINT('',(0.,-49.,815.));
#14931 = DIRECTION('',(0.,1.,0.));
#14932 = DIRECTION('',(0.,0.,1.));
#14933 = ADVANCED_FACE('',(#14934,#15002),#15005,.F.);
#14934 = FACE_BOUND('',#14935,.F.);
#14935 = EDGE_LOOP('',(#14936,#14946,#14955,#14963,#14971,#14979,#14988,
    #14996));
#14936 = ORIENTED_EDGE('',*,*,#14937,.F.);
#14937 = EDGE_CURVE('',#14938,#14940,#14942,.T.);
#14938 = VERTEX_POINT('',#14939);
#14939 = CARTESIAN_POINT('',(5.,-10.,875.65108693995));
#14940 = VERTEX_POINT('',#14941);
#14941 = CARTESIAN_POINT('',(5.,-10.,869.));
#14942 = LINE('',#14943,#14944);
#14943 = CARTESIAN_POINT('',(5.,-10.,854.5));
#14944 = VECTOR('',#14945,1.);
#14945 = DIRECTION('',(0.,0.,-1.));
#14946 = ORIENTED_EDGE('',*,*,#14947,.T.);
#14947 = EDGE_CURVE('',#14938,#14948,#14950,.T.);
#14948 = VERTEX_POINT('',#14949);
#14949 = CARTESIAN_POINT('',(5.,-10.,804.34891306004));
#14950 = CIRCLE('',#14951,36.);
#14951 = AXIS2_PLACEMENT_3D('',#14952,#14953,#14954);
#14952 = CARTESIAN_POINT('',(0.,-10.,840.));
#14953 = DIRECTION('',(0.,1.,0.));
#14954 = DIRECTION('',(0.,0.,1.));
#14955 = ORIENTED_EDGE('',*,*,#14956,.F.);
#14956 = EDGE_CURVE('',#14957,#14948,#14959,.T.);
#14957 = VERTEX_POINT('',#14958);
#14958 = CARTESIAN_POINT('',(5.,-10.,811.));
#14959 = LINE('',#14960,#14961);
#14960 = CARTESIAN_POINT('',(5.,-10.,821.5));
#14961 = VECTOR('',#14962,1.);
#14962 = DIRECTION('',(0.,0.,-1.));
#14963 = ORIENTED_EDGE('',*,*,#14964,.F.);
#14964 = EDGE_CURVE('',#14965,#14957,#14967,.T.);
#14965 = VERTEX_POINT('',#14966);
#14966 = CARTESIAN_POINT('',(-5.,-10.,811.));
#14967 = LINE('',#14968,#14969);
#14968 = CARTESIAN_POINT('',(-2.5,-10.,811.));
#14969 = VECTOR('',#14970,1.);
#14970 = DIRECTION('',(1.,0.,0.));
#14971 = ORIENTED_EDGE('',*,*,#14972,.T.);
#14972 = EDGE_CURVE('',#14965,#14973,#14975,.T.);
#14973 = VERTEX_POINT('',#14974);
#14974 = CARTESIAN_POINT('',(-5.,-10.,804.34891306004));
#14975 = LINE('',#14976,#14977);
#14976 = CARTESIAN_POINT('',(-5.,-10.,821.5));
#14977 = VECTOR('',#14978,1.);
#14978 = DIRECTION('',(0.,0.,-1.));
#14979 = ORIENTED_EDGE('',*,*,#14980,.T.);
#14980 = EDGE_CURVE('',#14973,#14981,#14983,.T.);
#14981 = VERTEX_POINT('',#14982);
#14982 = CARTESIAN_POINT('',(-5.,-10.,875.65108693995));
#14983 = CIRCLE('',#14984,36.);
#14984 = AXIS2_PLACEMENT_3D('',#14985,#14986,#14987);
#14985 = CARTESIAN_POINT('',(0.,-10.,840.));
#14986 = DIRECTION('',(0.,1.,0.));
#14987 = DIRECTION('',(0.,0.,1.));
#14988 = ORIENTED_EDGE('',*,*,#14989,.T.);
#14989 = EDGE_CURVE('',#14981,#14990,#14992,.T.);
#14990 = VERTEX_POINT('',#14991);
#14991 = CARTESIAN_POINT('',(-5.,-10.,869.));
#14992 = LINE('',#14993,#14994);
#14993 = CARTESIAN_POINT('',(-5.,-10.,854.5));
#14994 = VECTOR('',#14995,1.);
#14995 = DIRECTION('',(0.,0.,-1.));
#14996 = ORIENTED_EDGE('',*,*,#14997,.T.);
#14997 = EDGE_CURVE('',#14990,#14940,#14998,.T.);
#14998 = LINE('',#14999,#15000);
#14999 = CARTESIAN_POINT('',(-2.5,-10.,869.));
#15000 = VECTOR('',#15001,1.);
#15001 = DIRECTION('',(1.,0.,0.));
#15002 = FACE_BOUND('',#15003,.F.);
#15003 = EDGE_LOOP('',(#15004));
#15004 = ORIENTED_EDGE('',*,*,#14717,.F.);
#15005 = PLANE('',#15006);
#15006 = AXIS2_PLACEMENT_3D('',#15007,#15008,#15009);
#15007 = CARTESIAN_POINT('',(0.,-10.,840.));
#15008 = DIRECTION('',(0.,1.,0.));
#15009 = DIRECTION('',(0.,0.,1.));
#15010 = ADVANCED_FACE('',(#15011),#15022,.F.);
#15011 = FACE_BOUND('',#15012,.F.);
#15012 = EDGE_LOOP('',(#15013,#15014,#15015,#15016));
#15013 = ORIENTED_EDGE('',*,*,#14799,.F.);
#15014 = ORIENTED_EDGE('',*,*,#14701,.T.);
#15015 = ORIENTED_EDGE('',*,*,#14889,.T.);
#15016 = ORIENTED_EDGE('',*,*,#15017,.F.);
#15017 = EDGE_CURVE('',#14800,#14890,#15018,.T.);
#15018 = LINE('',#15019,#15020);
#15019 = CARTESIAN_POINT('',(0.,-71.,865.));
#15020 = VECTOR('',#15021,1.);
#15021 = DIRECTION('',(0.,1.,0.));
#15022 = PLANE('',#15023);
#15023 = AXIS2_PLACEMENT_3D('',#15024,#15025,#15026);
#15024 = CARTESIAN_POINT('',(0.,-71.,815.));
#15025 = DIRECTION('',(1.,0.,0.));
#15026 = DIRECTION('',(0.,0.,1.));
#15027 = ADVANCED_FACE('',(#15028),#15044,.T.);
#15028 = FACE_BOUND('',#15029,.T.);
#15029 = EDGE_LOOP('',(#15030,#15031,#15037,#15038));
#15030 = ORIENTED_EDGE('',*,*,#14774,.F.);
#15031 = ORIENTED_EDGE('',*,*,#15032,.T.);
#15032 = EDGE_CURVE('',#14775,#14872,#15033,.T.);
#15033 = LINE('',#15034,#15035);
#15034 = CARTESIAN_POINT('',(76.,-71.,815.));
#15035 = VECTOR('',#15036,1.);
#15036 = DIRECTION('',(0.,1.,0.));
#15037 = ORIENTED_EDGE('',*,*,#14871,.T.);
#15038 = ORIENTED_EDGE('',*,*,#15039,.T.);
#15039 = EDGE_CURVE('',#14874,#14777,#15040,.T.);
#15040 = LINE('',#15041,#15042);
#15041 = CARTESIAN_POINT('',(76.,-45.,827.35088935932));
#15042 = VECTOR('',#15043,1.);
#15043 = DIRECTION('',(0.,-1.,0.));
#15044 = PLANE('',#15045);
#15045 = AXIS2_PLACEMENT_3D('',#15046,#15047,#15048);
#15046 = CARTESIAN_POINT('',(76.,-71.,815.));
#15047 = DIRECTION('',(1.,0.,0.));
#15048 = DIRECTION('',(0.,0.,1.));
#15049 = ADVANCED_FACE('',(#15050),#15095,.T.);
#15050 = FACE_BOUND('',#15051,.T.);
#15051 = EDGE_LOOP('',(#15052,#15053,#15061,#15068,#15069,#15070,#15071,
    #15072,#15080,#15087,#15088,#15089));
#15052 = ORIENTED_EDGE('',*,*,#14823,.T.);
#15053 = ORIENTED_EDGE('',*,*,#15054,.T.);
#15054 = EDGE_CURVE('',#14824,#15055,#15057,.T.);
#15055 = VERTEX_POINT('',#15056);
#15056 = CARTESIAN_POINT('',(70.,-175.,826.));
#15057 = LINE('',#15058,#15059);
#15058 = CARTESIAN_POINT('',(70.,-45.,826.));
#15059 = VECTOR('',#15060,1.);
#15060 = DIRECTION('',(0.,-1.,0.));
#15061 = ORIENTED_EDGE('',*,*,#15062,.F.);
#15062 = EDGE_CURVE('',#15055,#15055,#15063,.T.);
#15063 = CIRCLE('',#15064,14.);
#15064 = AXIS2_PLACEMENT_3D('',#15065,#15066,#15067);
#15065 = CARTESIAN_POINT('',(70.,-175.,840.));
#15066 = DIRECTION('',(0.,-1.,0.));
#15067 = DIRECTION('',(0.,0.,-1.));
#15068 = ORIENTED_EDGE('',*,*,#15054,.F.);
#15069 = ORIENTED_EDGE('',*,*,#14832,.T.);
#15070 = ORIENTED_EDGE('',*,*,#15039,.F.);
#15071 = ORIENTED_EDGE('',*,*,#14922,.F.);
#15072 = ORIENTED_EDGE('',*,*,#15073,.F.);
#15073 = EDGE_CURVE('',#15074,#14914,#15076,.T.);
#15074 = VERTEX_POINT('',#15075);
#15075 = CARTESIAN_POINT('',(70.,-45.,826.));
#15076 = LINE('',#15077,#15078);
#15077 = CARTESIAN_POINT('',(70.,-45.,826.));
#15078 = VECTOR('',#15079,1.);
#15079 = DIRECTION('',(0.,-1.,0.));
#15080 = ORIENTED_EDGE('',*,*,#15081,.T.);
#15081 = EDGE_CURVE('',#15074,#15074,#15082,.T.);
#15082 = CIRCLE('',#15083,14.);
#15083 = AXIS2_PLACEMENT_3D('',#15084,#15085,#15086);
#15084 = CARTESIAN_POINT('',(70.,-45.,840.));
#15085 = DIRECTION('',(0.,-1.,0.));
#15086 = DIRECTION('',(0.,0.,-1.));
#15087 = ORIENTED_EDGE('',*,*,#15073,.T.);
#15088 = ORIENTED_EDGE('',*,*,#14913,.F.);
#15089 = ORIENTED_EDGE('',*,*,#15090,.T.);
#15090 = EDGE_CURVE('',#14906,#14816,#15091,.T.);
#15091 = LINE('',#15092,#15093);
#15092 = CARTESIAN_POINT('',(76.,-45.,852.64911064067));
#15093 = VECTOR('',#15094,1.);
#15094 = DIRECTION('',(0.,-1.,0.));
#15095 = CYLINDRICAL_SURFACE('',#15096,14.);
#15096 = AXIS2_PLACEMENT_3D('',#15097,#15098,#15099);
#15097 = CARTESIAN_POINT('',(70.,-45.,840.));
#15098 = DIRECTION('',(0.,-1.,0.));
#15099 = DIRECTION('',(0.,0.,-1.));
#15100 = ADVANCED_FACE('',(#15101),#15112,.T.);
#15101 = FACE_BOUND('',#15102,.T.);
#15102 = EDGE_LOOP('',(#15103,#15104,#15105,#15106));
#15103 = ORIENTED_EDGE('',*,*,#14815,.F.);
#15104 = ORIENTED_EDGE('',*,*,#15090,.F.);
#15105 = ORIENTED_EDGE('',*,*,#14905,.T.);
#15106 = ORIENTED_EDGE('',*,*,#15107,.F.);
#15107 = EDGE_CURVE('',#14808,#14898,#15108,.T.);
#15108 = LINE('',#15109,#15110);
#15109 = CARTESIAN_POINT('',(76.,-71.,865.));
#15110 = VECTOR('',#15111,1.);
#15111 = DIRECTION('',(0.,1.,0.));
#15112 = PLANE('',#15113);
#15113 = AXIS2_PLACEMENT_3D('',#15114,#15115,#15116);
#15114 = CARTESIAN_POINT('',(76.,-71.,815.));
#15115 = DIRECTION('',(1.,0.,0.));
#15116 = DIRECTION('',(0.,0.,1.));
#15117 = ADVANCED_FACE('',(#15118),#15124,.T.);
#15118 = FACE_BOUND('',#15119,.T.);
#15119 = EDGE_LOOP('',(#15120,#15121,#15122,#15123));
#15120 = ORIENTED_EDGE('',*,*,#15017,.F.);
#15121 = ORIENTED_EDGE('',*,*,#14807,.T.);
#15122 = ORIENTED_EDGE('',*,*,#15107,.T.);
#15123 = ORIENTED_EDGE('',*,*,#14897,.F.);
#15124 = PLANE('',#15125);
#15125 = AXIS2_PLACEMENT_3D('',#15126,#15127,#15128);
#15126 = CARTESIAN_POINT('',(0.,-71.,865.));
#15127 = DIRECTION('',(0.,0.,1.));
#15128 = DIRECTION('',(1.,0.,0.));
#15129 = ADVANCED_FACE('',(#15130),#15136,.F.);
#15130 = FACE_BOUND('',#15131,.F.);
#15131 = EDGE_LOOP('',(#15132,#15133,#15134,#15135));
#15132 = ORIENTED_EDGE('',*,*,#14849,.F.);
#15133 = ORIENTED_EDGE('',*,*,#14784,.T.);
#15134 = ORIENTED_EDGE('',*,*,#15032,.T.);
#15135 = ORIENTED_EDGE('',*,*,#14881,.F.);
#15136 = PLANE('',#15137);
#15137 = AXIS2_PLACEMENT_3D('',#15138,#15139,#15140);
#15138 = CARTESIAN_POINT('',(0.,-71.,815.));
#15139 = DIRECTION('',(0.,0.,1.));
#15140 = DIRECTION('',(1.,0.,0.));
#15141 = ADVANCED_FACE('',(#15142),#15199,.T.);
#15142 = FACE_BOUND('',#15143,.T.);
#15143 = EDGE_LOOP('',(#15144,#15154,#15162,#15168,#15169,#15177,#15185,
    #15193));
#15144 = ORIENTED_EDGE('',*,*,#15145,.F.);
#15145 = EDGE_CURVE('',#15146,#15148,#15150,.T.);
#15146 = VERTEX_POINT('',#15147);
#15147 = CARTESIAN_POINT('',(5.,-12.,877.));
#15148 = VERTEX_POINT('',#15149);
#15149 = CARTESIAN_POINT('',(5.,12.,877.));
#15150 = LINE('',#15151,#15152);
#15151 = CARTESIAN_POINT('',(5.,-12.,877.));
#15152 = VECTOR('',#15153,1.);
#15153 = DIRECTION('',(0.,1.,0.));
#15154 = ORIENTED_EDGE('',*,*,#15155,.F.);
#15155 = EDGE_CURVE('',#15156,#15146,#15158,.T.);
#15156 = VERTEX_POINT('',#15157);
#15157 = CARTESIAN_POINT('',(5.,-12.,869.));
#15158 = LINE('',#15159,#15160);
#15159 = CARTESIAN_POINT('',(5.,-12.,869.));
#15160 = VECTOR('',#15161,1.);
#15161 = DIRECTION('',(0.,0.,1.));
#15162 = ORIENTED_EDGE('',*,*,#15163,.T.);
#15163 = EDGE_CURVE('',#15156,#14940,#15164,.T.);
#15164 = LINE('',#15165,#15166);
#15165 = CARTESIAN_POINT('',(5.,-12.,869.));
#15166 = VECTOR('',#15167,1.);
#15167 = DIRECTION('',(0.,1.,0.));
#15168 = ORIENTED_EDGE('',*,*,#14937,.F.);
#15169 = ORIENTED_EDGE('',*,*,#15170,.T.);
#15170 = EDGE_CURVE('',#14938,#15171,#15173,.T.);
#15171 = VERTEX_POINT('',#15172);
#15172 = CARTESIAN_POINT('',(5.,10.,875.65108693995));
#15173 = LINE('',#15174,#15175);
#15174 = CARTESIAN_POINT('',(5.,-10.,875.65108693995));
#15175 = VECTOR('',#15176,1.);
#15176 = DIRECTION('',(0.,1.,0.));
#15177 = ORIENTED_EDGE('',*,*,#15178,.T.);
#15178 = EDGE_CURVE('',#15171,#15179,#15181,.T.);
#15179 = VERTEX_POINT('',#15180);
#15180 = CARTESIAN_POINT('',(5.,10.,869.));
#15181 = LINE('',#15182,#15183);
#15182 = CARTESIAN_POINT('',(5.,10.,854.5));
#15183 = VECTOR('',#15184,1.);
#15184 = DIRECTION('',(0.,0.,-1.));
#15185 = ORIENTED_EDGE('',*,*,#15186,.T.);
#15186 = EDGE_CURVE('',#15179,#15187,#15189,.T.);
#15187 = VERTEX_POINT('',#15188);
#15188 = CARTESIAN_POINT('',(5.,12.,869.));
#15189 = LINE('',#15190,#15191);
#15190 = CARTESIAN_POINT('',(5.,-12.,869.));
#15191 = VECTOR('',#15192,1.);
#15192 = DIRECTION('',(0.,1.,0.));
#15193 = ORIENTED_EDGE('',*,*,#15194,.T.);
#15194 = EDGE_CURVE('',#15187,#15148,#15195,.T.);
#15195 = LINE('',#15196,#15197);
#15196 = CARTESIAN_POINT('',(5.,12.,869.));
#15197 = VECTOR('',#15198,1.);
#15198 = DIRECTION('',(0.,0.,1.));
#15199 = PLANE('',#15200);
#15200 = AXIS2_PLACEMENT_3D('',#15201,#15202,#15203);
#15201 = CARTESIAN_POINT('',(5.,-12.,869.));
#15202 = DIRECTION('',(1.,0.,0.));
#15203 = DIRECTION('',(0.,0.,1.));
#15204 = ADVANCED_FACE('',(#15205),#15223,.F.);
#15205 = FACE_BOUND('',#15206,.F.);
#15206 = EDGE_LOOP('',(#15207,#15215,#15221,#15222));
#15207 = ORIENTED_EDGE('',*,*,#15208,.F.);
#15208 = EDGE_CURVE('',#15209,#14990,#15211,.T.);
#15209 = VERTEX_POINT('',#15210);
#15210 = CARTESIAN_POINT('',(-5.,-12.,869.));
#15211 = LINE('',#15212,#15213);
#15212 = CARTESIAN_POINT('',(-5.,-12.,869.));
#15213 = VECTOR('',#15214,1.);
#15214 = DIRECTION('',(0.,1.,0.));
#15215 = ORIENTED_EDGE('',*,*,#15216,.T.);
#15216 = EDGE_CURVE('',#15209,#15156,#15217,.T.);
#15217 = LINE('',#15218,#15219);
#15218 = CARTESIAN_POINT('',(-5.,-12.,869.));
#15219 = VECTOR('',#15220,1.);
#15220 = DIRECTION('',(1.,0.,0.));
#15221 = ORIENTED_EDGE('',*,*,#15163,.T.);
#15222 = ORIENTED_EDGE('',*,*,#14997,.F.);
#15223 = PLANE('',#15224);
#15224 = AXIS2_PLACEMENT_3D('',#15225,#15226,#15227);
#15225 = CARTESIAN_POINT('',(-5.,-12.,869.));
#15226 = DIRECTION('',(0.,0.,1.));
#15227 = DIRECTION('',(1.,0.,0.));
#15228 = ADVANCED_FACE('',(#15229),#15279,.F.);
#15229 = FACE_BOUND('',#15230,.F.);
#15230 = EDGE_LOOP('',(#15231,#15241,#15247,#15248,#15249,#15257,#15265,
    #15273));
#15231 = ORIENTED_EDGE('',*,*,#15232,.F.);
#15232 = EDGE_CURVE('',#15233,#15235,#15237,.T.);
#15233 = VERTEX_POINT('',#15234);
#15234 = CARTESIAN_POINT('',(-5.,-12.,877.));
#15235 = VERTEX_POINT('',#15236);
#15236 = CARTESIAN_POINT('',(-5.,12.,877.));
#15237 = LINE('',#15238,#15239);
#15238 = CARTESIAN_POINT('',(-5.,-12.,877.));
#15239 = VECTOR('',#15240,1.);
#15240 = DIRECTION('',(0.,1.,0.));
#15241 = ORIENTED_EDGE('',*,*,#15242,.F.);
#15242 = EDGE_CURVE('',#15209,#15233,#15243,.T.);
#15243 = LINE('',#15244,#15245);
#15244 = CARTESIAN_POINT('',(-5.,-12.,869.));
#15245 = VECTOR('',#15246,1.);
#15246 = DIRECTION('',(0.,0.,1.));
#15247 = ORIENTED_EDGE('',*,*,#15208,.T.);
#15248 = ORIENTED_EDGE('',*,*,#14989,.F.);
#15249 = ORIENTED_EDGE('',*,*,#15250,.T.);
#15250 = EDGE_CURVE('',#14981,#15251,#15253,.T.);
#15251 = VERTEX_POINT('',#15252);
#15252 = CARTESIAN_POINT('',(-5.,10.,875.65108693995));
#15253 = LINE('',#15254,#15255);
#15254 = CARTESIAN_POINT('',(-5.,-10.,875.65108693995));
#15255 = VECTOR('',#15256,1.);
#15256 = DIRECTION('',(0.,1.,0.));
#15257 = ORIENTED_EDGE('',*,*,#15258,.T.);
#15258 = EDGE_CURVE('',#15251,#15259,#15261,.T.);
#15259 = VERTEX_POINT('',#15260);
#15260 = CARTESIAN_POINT('',(-5.,10.,869.));
#15261 = LINE('',#15262,#15263);
#15262 = CARTESIAN_POINT('',(-5.,10.,854.5));
#15263 = VECTOR('',#15264,1.);
#15264 = DIRECTION('',(0.,0.,-1.));
#15265 = ORIENTED_EDGE('',*,*,#15266,.T.);
#15266 = EDGE_CURVE('',#15259,#15267,#15269,.T.);
#15267 = VERTEX_POINT('',#15268);
#15268 = CARTESIAN_POINT('',(-5.,12.,869.));
#15269 = LINE('',#15270,#15271);
#15270 = CARTESIAN_POINT('',(-5.,-12.,869.));
#15271 = VECTOR('',#15272,1.);
#15272 = DIRECTION('',(0.,1.,0.));
#15273 = ORIENTED_EDGE('',*,*,#15274,.T.);
#15274 = EDGE_CURVE('',#15267,#15235,#15275,.T.);
#15275 = LINE('',#15276,#15277);
#15276 = CARTESIAN_POINT('',(-5.,12.,869.));
#15277 = VECTOR('',#15278,1.);
#15278 = DIRECTION('',(0.,0.,1.));
#15279 = PLANE('',#15280);
#15280 = AXIS2_PLACEMENT_3D('',#15281,#15282,#15283);
#15281 = CARTESIAN_POINT('',(-5.,-12.,869.));
#15282 = DIRECTION('',(1.,0.,0.));
#15283 = DIRECTION('',(0.,0.,1.));
#15284 = ADVANCED_FACE('',(#15285),#15304,.T.);
#15285 = FACE_BOUND('',#15286,.T.);
#15286 = EDGE_LOOP('',(#15287,#15296,#15302,#15303));
#15287 = ORIENTED_EDGE('',*,*,#15288,.F.);
#15288 = EDGE_CURVE('',#15289,#15251,#15291,.T.);
#15289 = VERTEX_POINT('',#15290);
#15290 = CARTESIAN_POINT('',(-5.,10.,804.34891306004));
#15291 = CIRCLE('',#15292,36.);
#15292 = AXIS2_PLACEMENT_3D('',#15293,#15294,#15295);
#15293 = CARTESIAN_POINT('',(0.,10.,840.));
#15294 = DIRECTION('',(0.,1.,0.));
#15295 = DIRECTION('',(0.,0.,1.));
#15296 = ORIENTED_EDGE('',*,*,#15297,.F.);
#15297 = EDGE_CURVE('',#14973,#15289,#15298,.T.);
#15298 = LINE('',#15299,#15300);
#15299 = CARTESIAN_POINT('',(-5.,-10.,804.34891306004));
#15300 = VECTOR('',#15301,1.);
#15301 = DIRECTION('',(0.,1.,0.));
#15302 = ORIENTED_EDGE('',*,*,#14980,.T.);
#15303 = ORIENTED_EDGE('',*,*,#15250,.T.);
#15304 = CYLINDRICAL_SURFACE('',#15305,36.);
#15305 = AXIS2_PLACEMENT_3D('',#15306,#15307,#15308);
#15306 = CARTESIAN_POINT('',(0.,-10.,840.));
#15307 = DIRECTION('',(0.,1.,0.));
#15308 = DIRECTION('',(0.,0.,1.));
#15309 = ADVANCED_FACE('',(#15310),#15360,.F.);
#15310 = FACE_BOUND('',#15311,.F.);
#15311 = EDGE_LOOP('',(#15312,#15320,#15328,#15336,#15344,#15352,#15358,
    #15359));
#15312 = ORIENTED_EDGE('',*,*,#15313,.F.);
#15313 = EDGE_CURVE('',#15314,#14965,#15316,.T.);
#15314 = VERTEX_POINT('',#15315);
#15315 = CARTESIAN_POINT('',(-5.,-12.,811.));
#15316 = LINE('',#15317,#15318);
#15317 = CARTESIAN_POINT('',(-5.,-12.,811.));
#15318 = VECTOR('',#15319,1.);
#15319 = DIRECTION('',(0.,1.,0.));
#15320 = ORIENTED_EDGE('',*,*,#15321,.F.);
#15321 = EDGE_CURVE('',#15322,#15314,#15324,.T.);
#15322 = VERTEX_POINT('',#15323);
#15323 = CARTESIAN_POINT('',(-5.,-12.,803.));
#15324 = LINE('',#15325,#15326);
#15325 = CARTESIAN_POINT('',(-5.,-12.,803.));
#15326 = VECTOR('',#15327,1.);
#15327 = DIRECTION('',(0.,0.,1.));
#15328 = ORIENTED_EDGE('',*,*,#15329,.T.);
#15329 = EDGE_CURVE('',#15322,#15330,#15332,.T.);
#15330 = VERTEX_POINT('',#15331);
#15331 = CARTESIAN_POINT('',(-5.,12.,803.));
#15332 = LINE('',#15333,#15334);
#15333 = CARTESIAN_POINT('',(-5.,-12.,803.));
#15334 = VECTOR('',#15335,1.);
#15335 = DIRECTION('',(0.,1.,0.));
#15336 = ORIENTED_EDGE('',*,*,#15337,.T.);
#15337 = EDGE_CURVE('',#15330,#15338,#15340,.T.);
#15338 = VERTEX_POINT('',#15339);
#15339 = CARTESIAN_POINT('',(-5.,12.,811.));
#15340 = LINE('',#15341,#15342);
#15341 = CARTESIAN_POINT('',(-5.,12.,803.));
#15342 = VECTOR('',#15343,1.);
#15343 = DIRECTION('',(0.,0.,1.));
#15344 = ORIENTED_EDGE('',*,*,#15345,.F.);
#15345 = EDGE_CURVE('',#15346,#15338,#15348,.T.);
#15346 = VERTEX_POINT('',#15347);
#15347 = CARTESIAN_POINT('',(-5.,10.,811.));
#15348 = LINE('',#15349,#15350);
#15349 = CARTESIAN_POINT('',(-5.,-12.,811.));
#15350 = VECTOR('',#15351,1.);
#15351 = DIRECTION('',(0.,1.,0.));
#15352 = ORIENTED_EDGE('',*,*,#15353,.T.);
#15353 = EDGE_CURVE('',#15346,#15289,#15354,.T.);
#15354 = LINE('',#15355,#15356);
#15355 = CARTESIAN_POINT('',(-5.,10.,821.5));
#15356 = VECTOR('',#15357,1.);
#15357 = DIRECTION('',(0.,0.,-1.));
#15358 = ORIENTED_EDGE('',*,*,#15297,.F.);
#15359 = ORIENTED_EDGE('',*,*,#14972,.F.);
#15360 = PLANE('',#15361);
#15361 = AXIS2_PLACEMENT_3D('',#15362,#15363,#15364);
#15362 = CARTESIAN_POINT('',(-5.,-12.,803.));
#15363 = DIRECTION('',(1.,0.,0.));
#15364 = DIRECTION('',(0.,0.,1.));
#15365 = ADVANCED_FACE('',(#15366),#15384,.T.);
#15366 = FACE_BOUND('',#15367,.T.);
#15367 = EDGE_LOOP('',(#15368,#15369,#15377,#15383));
#15368 = ORIENTED_EDGE('',*,*,#15313,.F.);
#15369 = ORIENTED_EDGE('',*,*,#15370,.T.);
#15370 = EDGE_CURVE('',#15314,#15371,#15373,.T.);
#15371 = VERTEX_POINT('',#15372);
#15372 = CARTESIAN_POINT('',(5.,-12.,811.));
#15373 = LINE('',#15374,#15375);
#15374 = CARTESIAN_POINT('',(-5.,-12.,811.));
#15375 = VECTOR('',#15376,1.);
#15376 = DIRECTION('',(1.,0.,0.));
#15377 = ORIENTED_EDGE('',*,*,#15378,.T.);
#15378 = EDGE_CURVE('',#15371,#14957,#15379,.T.);
#15379 = LINE('',#15380,#15381);
#15380 = CARTESIAN_POINT('',(5.,-12.,811.));
#15381 = VECTOR('',#15382,1.);
#15382 = DIRECTION('',(0.,1.,0.));
#15383 = ORIENTED_EDGE('',*,*,#14964,.F.);
#15384 = PLANE('',#15385);
#15385 = AXIS2_PLACEMENT_3D('',#15386,#15387,#15388);
#15386 = CARTESIAN_POINT('',(-5.,-12.,811.));
#15387 = DIRECTION('',(0.,0.,1.));
#15388 = DIRECTION('',(1.,0.,0.));
#15389 = ADVANCED_FACE('',(#15390),#15440,.T.);
#15390 = FACE_BOUND('',#15391,.T.);
#15391 = EDGE_LOOP('',(#15392,#15393,#15401,#15409,#15417,#15425,#15433,
    #15439));
#15392 = ORIENTED_EDGE('',*,*,#15378,.F.);
#15393 = ORIENTED_EDGE('',*,*,#15394,.F.);
#15394 = EDGE_CURVE('',#15395,#15371,#15397,.T.);
#15395 = VERTEX_POINT('',#15396);
#15396 = CARTESIAN_POINT('',(5.,-12.,803.));
#15397 = LINE('',#15398,#15399);
#15398 = CARTESIAN_POINT('',(5.,-12.,803.));
#15399 = VECTOR('',#15400,1.);
#15400 = DIRECTION('',(0.,0.,1.));
#15401 = ORIENTED_EDGE('',*,*,#15402,.T.);
#15402 = EDGE_CURVE('',#15395,#15403,#15405,.T.);
#15403 = VERTEX_POINT('',#15404);
#15404 = CARTESIAN_POINT('',(5.,12.,803.));
#15405 = LINE('',#15406,#15407);
#15406 = CARTESIAN_POINT('',(5.,-12.,803.));
#15407 = VECTOR('',#15408,1.);
#15408 = DIRECTION('',(0.,1.,0.));
#15409 = ORIENTED_EDGE('',*,*,#15410,.T.);
#15410 = EDGE_CURVE('',#15403,#15411,#15413,.T.);
#15411 = VERTEX_POINT('',#15412);
#15412 = CARTESIAN_POINT('',(5.,12.,811.));
#15413 = LINE('',#15414,#15415);
#15414 = CARTESIAN_POINT('',(5.,12.,803.));
#15415 = VECTOR('',#15416,1.);
#15416 = DIRECTION('',(0.,0.,1.));
#15417 = ORIENTED_EDGE('',*,*,#15418,.F.);
#15418 = EDGE_CURVE('',#15419,#15411,#15421,.T.);
#15419 = VERTEX_POINT('',#15420);
#15420 = CARTESIAN_POINT('',(5.,10.,811.));
#15421 = LINE('',#15422,#15423);
#15422 = CARTESIAN_POINT('',(5.,-12.,811.));
#15423 = VECTOR('',#15424,1.);
#15424 = DIRECTION('',(0.,1.,0.));
#15425 = ORIENTED_EDGE('',*,*,#15426,.T.);
#15426 = EDGE_CURVE('',#15419,#15427,#15429,.T.);
#15427 = VERTEX_POINT('',#15428);
#15428 = CARTESIAN_POINT('',(5.,10.,804.34891306004));
#15429 = LINE('',#15430,#15431);
#15430 = CARTESIAN_POINT('',(5.,10.,821.5));
#15431 = VECTOR('',#15432,1.);
#15432 = DIRECTION('',(0.,0.,-1.));
#15433 = ORIENTED_EDGE('',*,*,#15434,.F.);
#15434 = EDGE_CURVE('',#14948,#15427,#15435,.T.);
#15435 = LINE('',#15436,#15437);
#15436 = CARTESIAN_POINT('',(5.,-10.,804.34891306004));
#15437 = VECTOR('',#15438,1.);
#15438 = DIRECTION('',(0.,1.,0.));
#15439 = ORIENTED_EDGE('',*,*,#14956,.F.);
#15440 = PLANE('',#15441);
#15441 = AXIS2_PLACEMENT_3D('',#15442,#15443,#15444);
#15442 = CARTESIAN_POINT('',(5.,-12.,803.));
#15443 = DIRECTION('',(1.,0.,0.));
#15444 = DIRECTION('',(0.,0.,1.));
#15445 = ADVANCED_FACE('',(#15446),#15458,.T.);
#15446 = FACE_BOUND('',#15447,.T.);
#15447 = EDGE_LOOP('',(#15448,#15455,#15456,#15457));
#15448 = ORIENTED_EDGE('',*,*,#15449,.F.);
#15449 = EDGE_CURVE('',#15171,#15427,#15450,.T.);
#15450 = CIRCLE('',#15451,36.);
#15451 = AXIS2_PLACEMENT_3D('',#15452,#15453,#15454);
#15452 = CARTESIAN_POINT('',(0.,10.,840.));
#15453 = DIRECTION('',(0.,1.,0.));
#15454 = DIRECTION('',(0.,0.,1.));
#15455 = ORIENTED_EDGE('',*,*,#15170,.F.);
#15456 = ORIENTED_EDGE('',*,*,#14947,.T.);
#15457 = ORIENTED_EDGE('',*,*,#15434,.T.);
#15458 = CYLINDRICAL_SURFACE('',#15459,36.);
#15459 = AXIS2_PLACEMENT_3D('',#15460,#15461,#15462);
#15460 = CARTESIAN_POINT('',(0.,-10.,840.));
#15461 = DIRECTION('',(0.,1.,0.));
#15462 = DIRECTION('',(0.,0.,1.));
#15463 = ADVANCED_FACE('',(#15464),#15467,.F.);
#15464 = FACE_BOUND('',#15465,.T.);
#15465 = EDGE_LOOP('',(#15466));
#15466 = ORIENTED_EDGE('',*,*,#15081,.F.);
#15467 = PLANE('',#15468);
#15468 = AXIS2_PLACEMENT_3D('',#15469,#15470,#15471);
#15469 = CARTESIAN_POINT('',(70.,-45.,840.));
#15470 = DIRECTION('',(0.,-1.,0.));
#15471 = DIRECTION('',(0.,0.,-1.));
#15472 = ADVANCED_FACE('',(#15473,#15484),#15487,.T.);
#15473 = FACE_BOUND('',#15474,.T.);
#15474 = EDGE_LOOP('',(#15475));
#15475 = ORIENTED_EDGE('',*,*,#15476,.T.);
#15476 = EDGE_CURVE('',#15477,#15477,#15479,.T.);
#15477 = VERTEX_POINT('',#15478);
#15478 = CARTESIAN_POINT('',(70.,-175.,858.));
#15479 = CIRCLE('',#15480,18.);
#15480 = AXIS2_PLACEMENT_3D('',#15481,#15482,#15483);
#15481 = CARTESIAN_POINT('',(70.,-175.,840.));
#15482 = DIRECTION('',(0.,1.,0.));
#15483 = DIRECTION('',(0.,0.,1.));
#15484 = FACE_BOUND('',#15485,.T.);
#15485 = EDGE_LOOP('',(#15486));
#15486 = ORIENTED_EDGE('',*,*,#15062,.T.);
#15487 = PLANE('',#15488);
#15488 = AXIS2_PLACEMENT_3D('',#15489,#15490,#15491);
#15489 = CARTESIAN_POINT('',(70.,-175.,840.));
#15490 = DIRECTION('',(0.,1.,0.));
#15491 = DIRECTION('',(0.,0.,1.));
#15492 = ADVANCED_FACE('',(#15493),#15509,.T.);
#15493 = FACE_BOUND('',#15494,.T.);
#15494 = EDGE_LOOP('',(#15495,#15496,#15502,#15503));
#15495 = ORIENTED_EDGE('',*,*,#15232,.F.);
#15496 = ORIENTED_EDGE('',*,*,#15497,.T.);
#15497 = EDGE_CURVE('',#15233,#15146,#15498,.T.);
#15498 = LINE('',#15499,#15500);
#15499 = CARTESIAN_POINT('',(-5.,-12.,877.));
#15500 = VECTOR('',#15501,1.);
#15501 = DIRECTION('',(1.,0.,0.));
#15502 = ORIENTED_EDGE('',*,*,#15145,.T.);
#15503 = ORIENTED_EDGE('',*,*,#15504,.F.);
#15504 = EDGE_CURVE('',#15235,#15148,#15505,.T.);
#15505 = LINE('',#15506,#15507);
#15506 = CARTESIAN_POINT('',(-5.,12.,877.));
#15507 = VECTOR('',#15508,1.);
#15508 = DIRECTION('',(1.,0.,0.));
#15509 = PLANE('',#15510);
#15510 = AXIS2_PLACEMENT_3D('',#15511,#15512,#15513);
#15511 = CARTESIAN_POINT('',(-5.,-12.,877.));
#15512 = DIRECTION('',(0.,0.,1.));
#15513 = DIRECTION('',(1.,0.,0.));
#15514 = ADVANCED_FACE('',(#15515),#15526,.T.);
#15515 = FACE_BOUND('',#15516,.T.);
#15516 = EDGE_LOOP('',(#15517,#15523,#15524,#15525));
#15517 = ORIENTED_EDGE('',*,*,#15518,.F.);
#15518 = EDGE_CURVE('',#15267,#15187,#15519,.T.);
#15519 = LINE('',#15520,#15521);
#15520 = CARTESIAN_POINT('',(-5.,12.,869.));
#15521 = VECTOR('',#15522,1.);
#15522 = DIRECTION('',(1.,0.,0.));
#15523 = ORIENTED_EDGE('',*,*,#15274,.T.);
#15524 = ORIENTED_EDGE('',*,*,#15504,.T.);
#15525 = ORIENTED_EDGE('',*,*,#15194,.F.);
#15526 = PLANE('',#15527);
#15527 = AXIS2_PLACEMENT_3D('',#15528,#15529,#15530);
#15528 = CARTESIAN_POINT('',(-5.,12.,869.));
#15529 = DIRECTION('',(0.,1.,0.));
#15530 = DIRECTION('',(0.,0.,1.));
#15531 = ADVANCED_FACE('',(#15532),#15543,.F.);
#15532 = FACE_BOUND('',#15533,.F.);
#15533 = EDGE_LOOP('',(#15534,#15535,#15541,#15542));
#15534 = ORIENTED_EDGE('',*,*,#15266,.F.);
#15535 = ORIENTED_EDGE('',*,*,#15536,.T.);
#15536 = EDGE_CURVE('',#15259,#15179,#15537,.T.);
#15537 = LINE('',#15538,#15539);
#15538 = CARTESIAN_POINT('',(-2.5,10.,869.));
#15539 = VECTOR('',#15540,1.);
#15540 = DIRECTION('',(1.,0.,0.));
#15541 = ORIENTED_EDGE('',*,*,#15186,.T.);
#15542 = ORIENTED_EDGE('',*,*,#15518,.F.);
#15543 = PLANE('',#15544);
#15544 = AXIS2_PLACEMENT_3D('',#15545,#15546,#15547);
#15545 = CARTESIAN_POINT('',(-5.,-12.,869.));
#15546 = DIRECTION('',(0.,0.,1.));
#15547 = DIRECTION('',(1.,0.,0.));
#15548 = ADVANCED_FACE('',(#15549,#15564),#15575,.T.);
#15549 = FACE_BOUND('',#15550,.T.);
#15550 = EDGE_LOOP('',(#15551,#15552,#15553,#15554,#15560,#15561,#15562,
    #15563));
#15551 = ORIENTED_EDGE('',*,*,#15178,.F.);
#15552 = ORIENTED_EDGE('',*,*,#15449,.T.);
#15553 = ORIENTED_EDGE('',*,*,#15426,.F.);
#15554 = ORIENTED_EDGE('',*,*,#15555,.F.);
#15555 = EDGE_CURVE('',#15346,#15419,#15556,.T.);
#15556 = LINE('',#15557,#15558);
#15557 = CARTESIAN_POINT('',(-2.5,10.,811.));
#15558 = VECTOR('',#15559,1.);
#15559 = DIRECTION('',(1.,0.,0.));
#15560 = ORIENTED_EDGE('',*,*,#15353,.T.);
#15561 = ORIENTED_EDGE('',*,*,#15288,.T.);
#15562 = ORIENTED_EDGE('',*,*,#15258,.T.);
#15563 = ORIENTED_EDGE('',*,*,#15536,.T.);
#15564 = FACE_BOUND('',#15565,.T.);
#15565 = EDGE_LOOP('',(#15566));
#15566 = ORIENTED_EDGE('',*,*,#15567,.F.);
#15567 = EDGE_CURVE('',#15568,#15568,#15570,.T.);
#15568 = VERTEX_POINT('',#15569);
#15569 = CARTESIAN_POINT('',(-5.388445916248E-15,10.,862.));
#15570 = CIRCLE('',#15571,22.);
#15571 = AXIS2_PLACEMENT_3D('',#15572,#15573,#15574);
#15572 = CARTESIAN_POINT('',(0.,10.,840.));
#15573 = DIRECTION('',(0.,1.,0.));
#15574 = DIRECTION('',(0.,0.,1.));
#15575 = PLANE('',#15576);
#15576 = AXIS2_PLACEMENT_3D('',#15577,#15578,#15579);
#15577 = CARTESIAN_POINT('',(0.,10.,840.));
#15578 = DIRECTION('',(0.,1.,0.));
#15579 = DIRECTION('',(0.,0.,1.));
#15580 = ADVANCED_FACE('',(#15581),#15587,.F.);
#15581 = FACE_BOUND('',#15582,.F.);
#15582 = EDGE_LOOP('',(#15583,#15584,#15585,#15586));
#15583 = ORIENTED_EDGE('',*,*,#15216,.F.);
#15584 = ORIENTED_EDGE('',*,*,#15242,.T.);
#15585 = ORIENTED_EDGE('',*,*,#15497,.T.);
#15586 = ORIENTED_EDGE('',*,*,#15155,.F.);
#15587 = PLANE('',#15588);
#15588 = AXIS2_PLACEMENT_3D('',#15589,#15590,#15591);
#15589 = CARTESIAN_POINT('',(-5.,-12.,869.));
#15590 = DIRECTION('',(0.,1.,0.));
#15591 = DIRECTION('',(0.,0.,1.));
#15592 = ADVANCED_FACE('',(#15593),#15604,.T.);
#15593 = FACE_BOUND('',#15594,.T.);
#15594 = EDGE_LOOP('',(#15595,#15596,#15597,#15598));
#15595 = ORIENTED_EDGE('',*,*,#15345,.F.);
#15596 = ORIENTED_EDGE('',*,*,#15555,.T.);
#15597 = ORIENTED_EDGE('',*,*,#15418,.T.);
#15598 = ORIENTED_EDGE('',*,*,#15599,.F.);
#15599 = EDGE_CURVE('',#15338,#15411,#15600,.T.);
#15600 = LINE('',#15601,#15602);
#15601 = CARTESIAN_POINT('',(-5.,12.,811.));
#15602 = VECTOR('',#15603,1.);
#15603 = DIRECTION('',(1.,0.,0.));
#15604 = PLANE('',#15605);
#15605 = AXIS2_PLACEMENT_3D('',#15606,#15607,#15608);
#15606 = CARTESIAN_POINT('',(-5.,-12.,811.));
#15607 = DIRECTION('',(0.,0.,1.));
#15608 = DIRECTION('',(1.,0.,0.));
#15609 = ADVANCED_FACE('',(#15610),#15621,.T.);
#15610 = FACE_BOUND('',#15611,.T.);
#15611 = EDGE_LOOP('',(#15612,#15618,#15619,#15620));
#15612 = ORIENTED_EDGE('',*,*,#15613,.F.);
#15613 = EDGE_CURVE('',#15330,#15403,#15614,.T.);
#15614 = LINE('',#15615,#15616);
#15615 = CARTESIAN_POINT('',(-5.,12.,803.));
#15616 = VECTOR('',#15617,1.);
#15617 = DIRECTION('',(1.,0.,0.));
#15618 = ORIENTED_EDGE('',*,*,#15337,.T.);
#15619 = ORIENTED_EDGE('',*,*,#15599,.T.);
#15620 = ORIENTED_EDGE('',*,*,#15410,.F.);
#15621 = PLANE('',#15622);
#15622 = AXIS2_PLACEMENT_3D('',#15623,#15624,#15625);
#15623 = CARTESIAN_POINT('',(-5.,12.,803.));
#15624 = DIRECTION('',(0.,1.,0.));
#15625 = DIRECTION('',(0.,0.,1.));
#15626 = ADVANCED_FACE('',(#15627),#15638,.F.);
#15627 = FACE_BOUND('',#15628,.F.);
#15628 = EDGE_LOOP('',(#15629,#15630,#15636,#15637));
#15629 = ORIENTED_EDGE('',*,*,#15329,.F.);
#15630 = ORIENTED_EDGE('',*,*,#15631,.T.);
#15631 = EDGE_CURVE('',#15322,#15395,#15632,.T.);
#15632 = LINE('',#15633,#15634);
#15633 = CARTESIAN_POINT('',(-5.,-12.,803.));
#15634 = VECTOR('',#15635,1.);
#15635 = DIRECTION('',(1.,0.,0.));
#15636 = ORIENTED_EDGE('',*,*,#15402,.T.);
#15637 = ORIENTED_EDGE('',*,*,#15613,.F.);
#15638 = PLANE('',#15639);
#15639 = AXIS2_PLACEMENT_3D('',#15640,#15641,#15642);
#15640 = CARTESIAN_POINT('',(-5.,-12.,803.));
#15641 = DIRECTION('',(0.,0.,1.));
#15642 = DIRECTION('',(1.,0.,0.));
#15643 = ADVANCED_FACE('',(#15644),#15650,.F.);
#15644 = FACE_BOUND('',#15645,.F.);
#15645 = EDGE_LOOP('',(#15646,#15647,#15648,#15649));
#15646 = ORIENTED_EDGE('',*,*,#15631,.F.);
#15647 = ORIENTED_EDGE('',*,*,#15321,.T.);
#15648 = ORIENTED_EDGE('',*,*,#15370,.T.);
#15649 = ORIENTED_EDGE('',*,*,#15394,.F.);
#15650 = PLANE('',#15651);
#15651 = AXIS2_PLACEMENT_3D('',#15652,#15653,#15654);
#15652 = CARTESIAN_POINT('',(-5.,-12.,803.));
#15653 = DIRECTION('',(0.,1.,0.));
#15654 = DIRECTION('',(0.,0.,1.));
#15655 = ADVANCED_FACE('',(#15656,#15734,#15770,#15806,#15842,#15878,
    #15914,#15950,#15986),#16022,.T.);
#15656 = FACE_BOUND('',#15657,.T.);
#15657 = EDGE_LOOP('',(#15658,#15669,#15677,#15686,#15692,#15693,#15694,
    #15703,#15711,#15718,#15726,#15733));
#15658 = ORIENTED_EDGE('',*,*,#15659,.F.);
#15659 = EDGE_CURVE('',#15660,#15662,#15664,.T.);
#15660 = VERTEX_POINT('',#15661);
#15661 = CARTESIAN_POINT('',(69.897266105961,-194.,857.99970682391));
#15662 = VERTEX_POINT('',#15663);
#15663 = CARTESIAN_POINT('',(70.,-194.,858.));
#15664 = CIRCLE('',#15665,18.);
#15665 = AXIS2_PLACEMENT_3D('',#15666,#15667,#15668);
#15666 = CARTESIAN_POINT('',(70.,-194.,840.));
#15667 = DIRECTION('',(0.,1.,0.));
#15668 = DIRECTION('',(0.,0.,1.));
#15669 = ORIENTED_EDGE('',*,*,#15670,.T.);
#15670 = EDGE_CURVE('',#15660,#15671,#15673,.T.);
#15671 = VERTEX_POINT('',#15672);
#15672 = CARTESIAN_POINT('',(69.897266105961,-176.,857.99970682391));
#15673 = LINE('',#15674,#15675);
#15674 = CARTESIAN_POINT('',(69.89726610596,-195.,857.99970682391));
#15675 = VECTOR('',#15676,1.);
#15676 = DIRECTION('',(0.,1.,0.));
#15677 = ORIENTED_EDGE('',*,*,#15678,.T.);
#15678 = EDGE_CURVE('',#15671,#15679,#15681,.T.);
#15679 = VERTEX_POINT('',#15680);
#15680 = CARTESIAN_POINT('',(70.,-176.,858.));
#15681 = CIRCLE('',#15682,18.);
#15682 = AXIS2_PLACEMENT_3D('',#15683,#15684,#15685);
#15683 = CARTESIAN_POINT('',(70.,-176.,840.));
#15684 = DIRECTION('',(0.,1.,0.));
#15685 = DIRECTION('',(0.,0.,1.));
#15686 = ORIENTED_EDGE('',*,*,#15687,.T.);
#15687 = EDGE_CURVE('',#15679,#15477,#15688,.T.);
#15688 = LINE('',#15689,#15690);
#15689 = CARTESIAN_POINT('',(70.,-195.,858.));
#15690 = VECTOR('',#15691,1.);
#15691 = DIRECTION('',(0.,1.,0.));
#15692 = ORIENTED_EDGE('',*,*,#15476,.F.);
#15693 = ORIENTED_EDGE('',*,*,#15687,.F.);
#15694 = ORIENTED_EDGE('',*,*,#15695,.T.);
#15695 = EDGE_CURVE('',#15679,#15696,#15698,.T.);
#15696 = VERTEX_POINT('',#15697);
#15697 = CARTESIAN_POINT('',(74.972549123977,-176.,857.29953049102));
#15698 = CIRCLE('',#15699,18.);
#15699 = AXIS2_PLACEMENT_3D('',#15700,#15701,#15702);
#15700 = CARTESIAN_POINT('',(70.,-176.,840.));
#15701 = DIRECTION('',(0.,1.,0.));
#15702 = DIRECTION('',(0.,0.,1.));
#15703 = ORIENTED_EDGE('',*,*,#15704,.F.);
#15704 = EDGE_CURVE('',#15705,#15696,#15707,.T.);
#15705 = VERTEX_POINT('',#15706);
#15706 = CARTESIAN_POINT('',(74.972549123977,-194.,857.29953049102));
#15707 = LINE('',#15708,#15709);
#15708 = CARTESIAN_POINT('',(74.97254912397,-195.,857.29953049101));
#15709 = VECTOR('',#15710,1.);
#15710 = DIRECTION('',(0.,1.,0.));
#15711 = ORIENTED_EDGE('',*,*,#15712,.F.);
#15712 = EDGE_CURVE('',#15662,#15705,#15713,.T.);
#15713 = CIRCLE('',#15714,18.);
#15714 = AXIS2_PLACEMENT_3D('',#15715,#15716,#15717);
#15715 = CARTESIAN_POINT('',(70.,-194.,840.));
#15716 = DIRECTION('',(0.,1.,0.));
#15717 = DIRECTION('',(0.,0.,1.));
#15718 = ORIENTED_EDGE('',*,*,#15719,.F.);
#15719 = EDGE_CURVE('',#15720,#15662,#15722,.T.);
#15720 = VERTEX_POINT('',#15721);
#15721 = CARTESIAN_POINT('',(70.,-195.,858.));
#15722 = LINE('',#15723,#15724);
#15723 = CARTESIAN_POINT('',(70.,-195.,858.));
#15724 = VECTOR('',#15725,1.);
#15725 = DIRECTION('',(0.,1.,0.));
#15726 = ORIENTED_EDGE('',*,*,#15727,.T.);
#15727 = EDGE_CURVE('',#15720,#15720,#15728,.T.);
#15728 = CIRCLE('',#15729,18.);
#15729 = AXIS2_PLACEMENT_3D('',#15730,#15731,#15732);
#15730 = CARTESIAN_POINT('',(70.,-195.,840.));
#15731 = DIRECTION('',(0.,1.,0.));
#15732 = DIRECTION('',(0.,0.,1.));
#15733 = ORIENTED_EDGE('',*,*,#15719,.T.);
#15734 = FACE_BOUND('',#15735,.T.);
#15735 = EDGE_LOOP('',(#15736,#15747,#15755,#15764));
#15736 = ORIENTED_EDGE('',*,*,#15737,.F.);
#15737 = EDGE_CURVE('',#15738,#15740,#15742,.T.);
#15738 = VERTEX_POINT('',#15739);
#15739 = CARTESIAN_POINT('',(81.041212971719,-194.,854.21589308179));
#15740 = VERTEX_POINT('',#15741);
#15741 = CARTESIAN_POINT('',(85.183072221186,-194.,849.66821172327));
#15742 = CIRCLE('',#15743,18.);
#15743 = AXIS2_PLACEMENT_3D('',#15744,#15745,#15746);
#15744 = CARTESIAN_POINT('',(70.,-194.,840.));
#15745 = DIRECTION('',(0.,1.,0.));
#15746 = DIRECTION('',(0.,0.,1.));
#15747 = ORIENTED_EDGE('',*,*,#15748,.T.);
#15748 = EDGE_CURVE('',#15738,#15749,#15751,.T.);
#15749 = VERTEX_POINT('',#15750);
#15750 = CARTESIAN_POINT('',(81.041212971719,-176.,854.21589308179));
#15751 = LINE('',#15752,#15753);
#15752 = CARTESIAN_POINT('',(81.041212971721,-195.,854.21589308179));
#15753 = VECTOR('',#15754,1.);
#15754 = DIRECTION('',(0.,1.,0.));
#15755 = ORIENTED_EDGE('',*,*,#15756,.T.);
#15756 = EDGE_CURVE('',#15749,#15757,#15759,.T.);
#15757 = VERTEX_POINT('',#15758);
#15758 = CARTESIAN_POINT('',(85.183072221186,-176.,849.66821172327));
#15759 = CIRCLE('',#15760,18.);
#15760 = AXIS2_PLACEMENT_3D('',#15761,#15762,#15763);
#15761 = CARTESIAN_POINT('',(70.,-176.,840.));
#15762 = DIRECTION('',(0.,1.,0.));
#15763 = DIRECTION('',(0.,0.,1.));
#15764 = ORIENTED_EDGE('',*,*,#15765,.F.);
#15765 = EDGE_CURVE('',#15740,#15757,#15766,.T.);
#15766 = LINE('',#15767,#15768);
#15767 = CARTESIAN_POINT('',(85.183072221195,-195.,849.66821172327));
#15768 = VECTOR('',#15769,1.);
#15769 = DIRECTION('',(0.,1.,0.));
#15770 = FACE_BOUND('',#15771,.T.);
#15771 = EDGE_LOOP('',(#15772,#15783,#15791,#15800));
#15772 = ORIENTED_EDGE('',*,*,#15773,.F.);
#15773 = EDGE_CURVE('',#15774,#15776,#15778,.T.);
#15774 = VERTEX_POINT('',#15775);
#15775 = CARTESIAN_POINT('',(87.5,-194.,844.21307488658));
#15776 = VERTEX_POINT('',#15777);
#15777 = CARTESIAN_POINT('',(87.5,-194.,835.78692511341));
#15778 = CIRCLE('',#15779,18.);
#15779 = AXIS2_PLACEMENT_3D('',#15780,#15781,#15782);
#15780 = CARTESIAN_POINT('',(70.,-194.,840.));
#15781 = DIRECTION('',(0.,1.,0.));
#15782 = DIRECTION('',(0.,0.,1.));
#15783 = ORIENTED_EDGE('',*,*,#15784,.T.);
#15784 = EDGE_CURVE('',#15774,#15785,#15787,.T.);
#15785 = VERTEX_POINT('',#15786);
#15786 = CARTESIAN_POINT('',(87.5,-176.,844.21307488658));
#15787 = LINE('',#15788,#15789);
#15788 = CARTESIAN_POINT('',(87.5,-195.,844.21307488658));
#15789 = VECTOR('',#15790,1.);
#15790 = DIRECTION('',(0.,1.,0.));
#15791 = ORIENTED_EDGE('',*,*,#15792,.T.);
#15792 = EDGE_CURVE('',#15785,#15793,#15795,.T.);
#15793 = VERTEX_POINT('',#15794);
#15794 = CARTESIAN_POINT('',(87.5,-176.,835.78692511341));
#15795 = CIRCLE('',#15796,18.);
#15796 = AXIS2_PLACEMENT_3D('',#15797,#15798,#15799);
#15797 = CARTESIAN_POINT('',(70.,-176.,840.));
#15798 = DIRECTION('',(0.,1.,0.));
#15799 = DIRECTION('',(0.,0.,1.));
#15800 = ORIENTED_EDGE('',*,*,#15801,.F.);
#15801 = EDGE_CURVE('',#15776,#15793,#15802,.T.);
#15802 = LINE('',#15803,#15804);
#15803 = CARTESIAN_POINT('',(87.5,-195.,835.78692511341));
#15804 = VECTOR('',#15805,1.);
#15805 = DIRECTION('',(0.,1.,0.));
#15806 = FACE_BOUND('',#15807,.T.);
#15807 = EDGE_LOOP('',(#15808,#15818,#15827,#15835));
#15808 = ORIENTED_EDGE('',*,*,#15809,.F.);
#15809 = EDGE_CURVE('',#15810,#15812,#15814,.T.);
#15810 = VERTEX_POINT('',#15811);
#15811 = CARTESIAN_POINT('',(81.041212971718,-194.,825.7841069182));
#15812 = VERTEX_POINT('',#15813);
#15813 = CARTESIAN_POINT('',(81.041212971718,-176.,825.7841069182));
#15814 = LINE('',#15815,#15816);
#15815 = CARTESIAN_POINT('',(81.041212971721,-195.,825.7841069182));
#15816 = VECTOR('',#15817,1.);
#15817 = DIRECTION('',(0.,1.,0.));
#15818 = ORIENTED_EDGE('',*,*,#15819,.F.);
#15819 = EDGE_CURVE('',#15820,#15810,#15822,.T.);
#15820 = VERTEX_POINT('',#15821);
#15821 = CARTESIAN_POINT('',(85.183072221186,-194.,830.33178827672));
#15822 = CIRCLE('',#15823,18.);
#15823 = AXIS2_PLACEMENT_3D('',#15824,#15825,#15826);
#15824 = CARTESIAN_POINT('',(70.,-194.,840.));
#15825 = DIRECTION('',(0.,1.,0.));
#15826 = DIRECTION('',(0.,0.,1.));
#15827 = ORIENTED_EDGE('',*,*,#15828,.T.);
#15828 = EDGE_CURVE('',#15820,#15829,#15831,.T.);
#15829 = VERTEX_POINT('',#15830);
#15830 = CARTESIAN_POINT('',(85.183072221186,-176.,830.33178827672));
#15831 = LINE('',#15832,#15833);
#15832 = CARTESIAN_POINT('',(85.183072221195,-195.,830.33178827673));
#15833 = VECTOR('',#15834,1.);
#15834 = DIRECTION('',(0.,1.,0.));
#15835 = ORIENTED_EDGE('',*,*,#15836,.T.);
#15836 = EDGE_CURVE('',#15829,#15812,#15837,.T.);
#15837 = CIRCLE('',#15838,18.);
#15838 = AXIS2_PLACEMENT_3D('',#15839,#15840,#15841);
#15839 = CARTESIAN_POINT('',(70.,-176.,840.));
#15840 = DIRECTION('',(0.,1.,0.));
#15841 = DIRECTION('',(0.,0.,1.));
#15842 = FACE_BOUND('',#15843,.T.);
#15843 = EDGE_LOOP('',(#15844,#15855,#15863,#15872));
#15844 = ORIENTED_EDGE('',*,*,#15845,.F.);
#15845 = EDGE_CURVE('',#15846,#15848,#15850,.T.);
#15846 = VERTEX_POINT('',#15847);
#15847 = CARTESIAN_POINT('',(74.972549123965,-194.,822.70046950898));
#15848 = VERTEX_POINT('',#15849);
#15849 = CARTESIAN_POINT('',(69.897266105961,-194.,822.00029317608));
#15850 = CIRCLE('',#15851,18.);
#15851 = AXIS2_PLACEMENT_3D('',#15852,#15853,#15854);
#15852 = CARTESIAN_POINT('',(70.,-194.,840.));
#15853 = DIRECTION('',(0.,1.,0.));
#15854 = DIRECTION('',(0.,0.,1.));
#15855 = ORIENTED_EDGE('',*,*,#15856,.T.);
#15856 = EDGE_CURVE('',#15846,#15857,#15859,.T.);
#15857 = VERTEX_POINT('',#15858);
#15858 = CARTESIAN_POINT('',(74.972549123965,-176.,822.70046950898));
#15859 = LINE('',#15860,#15861);
#15860 = CARTESIAN_POINT('',(74.97254912397,-195.,822.70046950898));
#15861 = VECTOR('',#15862,1.);
#15862 = DIRECTION('',(0.,1.,0.));
#15863 = ORIENTED_EDGE('',*,*,#15864,.T.);
#15864 = EDGE_CURVE('',#15857,#15865,#15867,.T.);
#15865 = VERTEX_POINT('',#15866);
#15866 = CARTESIAN_POINT('',(69.897266105961,-176.,822.00029317608));
#15867 = CIRCLE('',#15868,18.);
#15868 = AXIS2_PLACEMENT_3D('',#15869,#15870,#15871);
#15869 = CARTESIAN_POINT('',(70.,-176.,840.));
#15870 = DIRECTION('',(0.,1.,0.));
#15871 = DIRECTION('',(0.,0.,1.));
#15872 = ORIENTED_EDGE('',*,*,#15873,.F.);
#15873 = EDGE_CURVE('',#15848,#15865,#15874,.T.);
#15874 = LINE('',#15875,#15876);
#15875 = CARTESIAN_POINT('',(69.89726610596,-195.,822.00029317608));
#15876 = VECTOR('',#15877,1.);
#15877 = DIRECTION('',(0.,1.,0.));
#15878 = FACE_BOUND('',#15879,.T.);
#15879 = EDGE_LOOP('',(#15880,#15890,#15899,#15907));
#15880 = ORIENTED_EDGE('',*,*,#15881,.F.);
#15881 = EDGE_CURVE('',#15882,#15884,#15886,.T.);
#15882 = VERTEX_POINT('',#15883);
#15883 = CARTESIAN_POINT('',(58.713408239895,-194.,825.9781297096));
#15884 = VERTEX_POINT('',#15885);
#15885 = CARTESIAN_POINT('',(58.713408239895,-176.,825.9781297096));
#15886 = LINE('',#15887,#15888);
#15887 = CARTESIAN_POINT('',(58.713408239893,-195.,825.9781297096));
#15888 = VECTOR('',#15889,1.);
#15889 = DIRECTION('',(0.,1.,0.));
#15890 = ORIENTED_EDGE('',*,*,#15891,.F.);
#15891 = EDGE_CURVE('',#15892,#15882,#15894,.T.);
#15892 = VERTEX_POINT('',#15893);
#15893 = CARTESIAN_POINT('',(62.693882906209,-194.,823.54944824597));
#15894 = CIRCLE('',#15895,18.);
#15895 = AXIS2_PLACEMENT_3D('',#15896,#15897,#15898);
#15896 = CARTESIAN_POINT('',(70.,-194.,840.));
#15897 = DIRECTION('',(0.,1.,0.));
#15898 = DIRECTION('',(0.,0.,1.));
#15899 = ORIENTED_EDGE('',*,*,#15900,.T.);
#15900 = EDGE_CURVE('',#15892,#15901,#15903,.T.);
#15901 = VERTEX_POINT('',#15902);
#15902 = CARTESIAN_POINT('',(62.693882906209,-176.,823.54944824597));
#15903 = LINE('',#15904,#15905);
#15904 = CARTESIAN_POINT('',(62.69388290621,-195.,823.54944824597));
#15905 = VECTOR('',#15906,1.);
#15906 = DIRECTION('',(0.,1.,0.));
#15907 = ORIENTED_EDGE('',*,*,#15908,.T.);
#15908 = EDGE_CURVE('',#15901,#15884,#15909,.T.);
#15909 = CIRCLE('',#15910,18.);
#15910 = AXIS2_PLACEMENT_3D('',#15911,#15912,#15913);
#15911 = CARTESIAN_POINT('',(70.,-176.,840.));
#15912 = DIRECTION('',(0.,1.,0.));
#15913 = DIRECTION('',(0.,0.,1.));
#15914 = FACE_BOUND('',#15915,.T.);
#15915 = EDGE_LOOP('',(#15916,#15927,#15935,#15944));
#15916 = ORIENTED_EDGE('',*,*,#15917,.F.);
#15917 = EDGE_CURVE('',#15918,#15920,#15922,.T.);
#15918 = VERTEX_POINT('',#15919);
#15919 = CARTESIAN_POINT('',(53.914224834869,-194.,831.9223866559));
#15920 = VERTEX_POINT('',#15921);
#15921 = CARTESIAN_POINT('',(52.418995432027,-194.,836.13887602105));
#15922 = CIRCLE('',#15923,18.);
#15923 = AXIS2_PLACEMENT_3D('',#15924,#15925,#15926);
#15924 = CARTESIAN_POINT('',(70.,-194.,840.));
#15925 = DIRECTION('',(0.,1.,0.));
#15926 = DIRECTION('',(0.,0.,1.));
#15927 = ORIENTED_EDGE('',*,*,#15928,.T.);
#15928 = EDGE_CURVE('',#15918,#15929,#15931,.T.);
#15929 = VERTEX_POINT('',#15930);
#15930 = CARTESIAN_POINT('',(53.914224834869,-176.,831.9223866559));
#15931 = LINE('',#15932,#15933);
#15932 = CARTESIAN_POINT('',(53.914224834867,-195.,831.92238665589));
#15933 = VECTOR('',#15934,1.);
#15934 = DIRECTION('',(0.,1.,0.));
#15935 = ORIENTED_EDGE('',*,*,#15936,.T.);
#15936 = EDGE_CURVE('',#15929,#15937,#15939,.T.);
#15937 = VERTEX_POINT('',#15938);
#15938 = CARTESIAN_POINT('',(52.418995432027,-176.,836.13887602105));
#15939 = CIRCLE('',#15940,18.);
#15940 = AXIS2_PLACEMENT_3D('',#15941,#15942,#15943);
#15941 = CARTESIAN_POINT('',(70.,-176.,840.));
#15942 = DIRECTION('',(0.,1.,0.));
#15943 = DIRECTION('',(0.,0.,1.));
#15944 = ORIENTED_EDGE('',*,*,#15945,.F.);
#15945 = EDGE_CURVE('',#15920,#15937,#15946,.T.);
#15946 = LINE('',#15947,#15948);
#15947 = CARTESIAN_POINT('',(52.418995432024,-195.,836.13887602105));
#15948 = VECTOR('',#15949,1.);
#15949 = DIRECTION('',(0.,1.,0.));
#15950 = FACE_BOUND('',#15951,.T.);
#15951 = EDGE_LOOP('',(#15952,#15962,#15971,#15979));
#15952 = ORIENTED_EDGE('',*,*,#15953,.F.);
#15953 = EDGE_CURVE('',#15954,#15956,#15958,.T.);
#15954 = VERTEX_POINT('',#15955);
#15955 = CARTESIAN_POINT('',(53.91422483487,-194.,848.07761334409));
#15956 = VERTEX_POINT('',#15957);
#15957 = CARTESIAN_POINT('',(53.91422483487,-176.,848.07761334409));
#15958 = LINE('',#15959,#15960);
#15959 = CARTESIAN_POINT('',(53.914224834867,-195.,848.0776133441));
#15960 = VECTOR('',#15961,1.);
#15961 = DIRECTION('',(0.,1.,0.));
#15962 = ORIENTED_EDGE('',*,*,#15963,.F.);
#15963 = EDGE_CURVE('',#15964,#15954,#15966,.T.);
#15964 = VERTEX_POINT('',#15965);
#15965 = CARTESIAN_POINT('',(52.418995432027,-194.,843.86112397894));
#15966 = CIRCLE('',#15967,18.);
#15967 = AXIS2_PLACEMENT_3D('',#15968,#15969,#15970);
#15968 = CARTESIAN_POINT('',(70.,-194.,840.));
#15969 = DIRECTION('',(0.,1.,0.));
#15970 = DIRECTION('',(0.,0.,1.));
#15971 = ORIENTED_EDGE('',*,*,#15972,.T.);
#15972 = EDGE_CURVE('',#15964,#15973,#15975,.T.);
#15973 = VERTEX_POINT('',#15974);
#15974 = CARTESIAN_POINT('',(52.418995432027,-176.,843.86112397894));
#15975 = LINE('',#15976,#15977);
#15976 = CARTESIAN_POINT('',(52.418995432024,-195.,843.86112397894));
#15977 = VECTOR('',#15978,1.);
#15978 = DIRECTION('',(0.,1.,0.));
#15979 = ORIENTED_EDGE('',*,*,#15980,.T.);
#15980 = EDGE_CURVE('',#15973,#15956,#15981,.T.);
#15981 = CIRCLE('',#15982,18.);
#15982 = AXIS2_PLACEMENT_3D('',#15983,#15984,#15985);
#15983 = CARTESIAN_POINT('',(70.,-176.,840.));
#15984 = DIRECTION('',(0.,1.,0.));
#15985 = DIRECTION('',(0.,0.,1.));
#15986 = FACE_BOUND('',#15987,.T.);
#15987 = EDGE_LOOP('',(#15988,#15999,#16007,#16016));
#15988 = ORIENTED_EDGE('',*,*,#15989,.F.);
#15989 = EDGE_CURVE('',#15990,#15992,#15994,.T.);
#15990 = VERTEX_POINT('',#15991);
#15991 = CARTESIAN_POINT('',(58.713408239891,-194.,854.02187029039));
#15992 = VERTEX_POINT('',#15993);
#15993 = CARTESIAN_POINT('',(62.693882906214,-194.,856.45055175403));
#15994 = CIRCLE('',#15995,18.);
#15995 = AXIS2_PLACEMENT_3D('',#15996,#15997,#15998);
#15996 = CARTESIAN_POINT('',(70.,-194.,840.));
#15997 = DIRECTION('',(0.,1.,0.));
#15998 = DIRECTION('',(0.,0.,1.));
#15999 = ORIENTED_EDGE('',*,*,#16000,.T.);
#16000 = EDGE_CURVE('',#15990,#16001,#16003,.T.);
#16001 = VERTEX_POINT('',#16002);
#16002 = CARTESIAN_POINT('',(58.713408239891,-176.,854.02187029039));
#16003 = LINE('',#16004,#16005);
#16004 = CARTESIAN_POINT('',(58.713408239893,-195.,854.02187029039));
#16005 = VECTOR('',#16006,1.);
#16006 = DIRECTION('',(0.,1.,0.));
#16007 = ORIENTED_EDGE('',*,*,#16008,.T.);
#16008 = EDGE_CURVE('',#16001,#16009,#16011,.T.);
#16009 = VERTEX_POINT('',#16010);
#16010 = CARTESIAN_POINT('',(62.693882906214,-176.,856.45055175403));
#16011 = CIRCLE('',#16012,18.);
#16012 = AXIS2_PLACEMENT_3D('',#16013,#16014,#16015);
#16013 = CARTESIAN_POINT('',(70.,-176.,840.));
#16014 = DIRECTION('',(0.,1.,0.));
#16015 = DIRECTION('',(0.,0.,1.));
#16016 = ORIENTED_EDGE('',*,*,#16017,.F.);
#16017 = EDGE_CURVE('',#15992,#16009,#16018,.T.);
#16018 = LINE('',#16019,#16020);
#16019 = CARTESIAN_POINT('',(62.693882906211,-195.,856.45055175402));
#16020 = VECTOR('',#16021,1.);
#16021 = DIRECTION('',(0.,1.,0.));
#16022 = CYLINDRICAL_SURFACE('',#16023,18.);
#16023 = AXIS2_PLACEMENT_3D('',#16024,#16025,#16026);
#16024 = CARTESIAN_POINT('',(70.,-195.,840.));
#16025 = DIRECTION('',(0.,1.,0.));
#16026 = DIRECTION('',(0.,0.,1.));
#16027 = ADVANCED_FACE('',(#16028),#16088,.T.);
#16028 = FACE_BOUND('',#16029,.T.);
#16029 = EDGE_LOOP('',(#16030,#16031,#16039,#16048,#16056,#16065,#16073,
    #16080,#16081,#16087));
#16030 = ORIENTED_EDGE('',*,*,#15567,.T.);
#16031 = ORIENTED_EDGE('',*,*,#16032,.T.);
#16032 = EDGE_CURVE('',#15568,#16033,#16035,.T.);
#16033 = VERTEX_POINT('',#16034);
#16034 = CARTESIAN_POINT('',(-2.694222958124E-15,49.,862.));
#16035 = LINE('',#16036,#16037);
#16036 = CARTESIAN_POINT('',(-5.388445916248E-15,-90.,862.));
#16037 = VECTOR('',#16038,1.);
#16038 = DIRECTION('',(0.,1.,0.));
#16039 = ORIENTED_EDGE('',*,*,#16040,.F.);
#16040 = EDGE_CURVE('',#16041,#16033,#16043,.T.);
#16041 = VERTEX_POINT('',#16042);
#16042 = CARTESIAN_POINT('',(0.,49.,818.));
#16043 = CIRCLE('',#16044,22.);
#16044 = AXIS2_PLACEMENT_3D('',#16045,#16046,#16047);
#16045 = CARTESIAN_POINT('',(0.,49.,840.));
#16046 = DIRECTION('',(0.,1.,0.));
#16047 = DIRECTION('',(0.,0.,1.));
#16048 = ORIENTED_EDGE('',*,*,#16049,.T.);
#16049 = EDGE_CURVE('',#16041,#16050,#16052,.T.);
#16050 = VERTEX_POINT('',#16051);
#16051 = CARTESIAN_POINT('',(0.,71.,818.));
#16052 = LINE('',#16053,#16054);
#16053 = CARTESIAN_POINT('',(0.,-90.,818.));
#16054 = VECTOR('',#16055,1.);
#16055 = DIRECTION('',(0.,1.,0.));
#16056 = ORIENTED_EDGE('',*,*,#16057,.T.);
#16057 = EDGE_CURVE('',#16050,#16058,#16060,.T.);
#16058 = VERTEX_POINT('',#16059);
#16059 = CARTESIAN_POINT('',(-2.694222958124E-15,71.,862.));
#16060 = CIRCLE('',#16061,22.);
#16061 = AXIS2_PLACEMENT_3D('',#16062,#16063,#16064);
#16062 = CARTESIAN_POINT('',(0.,71.,840.));
#16063 = DIRECTION('',(0.,1.,0.));
#16064 = DIRECTION('',(0.,0.,1.));
#16065 = ORIENTED_EDGE('',*,*,#16066,.T.);
#16066 = EDGE_CURVE('',#16058,#16067,#16069,.T.);
#16067 = VERTEX_POINT('',#16068);
#16068 = CARTESIAN_POINT('',(-5.388445916248E-15,90.,862.));
#16069 = LINE('',#16070,#16071);
#16070 = CARTESIAN_POINT('',(-5.388445916248E-15,-90.,862.));
#16071 = VECTOR('',#16072,1.);
#16072 = DIRECTION('',(0.,1.,0.));
#16073 = ORIENTED_EDGE('',*,*,#16074,.F.);
#16074 = EDGE_CURVE('',#16067,#16067,#16075,.T.);
#16075 = CIRCLE('',#16076,22.);
#16076 = AXIS2_PLACEMENT_3D('',#16077,#16078,#16079);
#16077 = CARTESIAN_POINT('',(0.,90.,840.));
#16078 = DIRECTION('',(0.,1.,0.));
#16079 = DIRECTION('',(0.,0.,1.));
#16080 = ORIENTED_EDGE('',*,*,#16066,.F.);
#16081 = ORIENTED_EDGE('',*,*,#16082,.F.);
#16082 = EDGE_CURVE('',#16033,#16058,#16083,.T.);
#16083 = LINE('',#16084,#16085);
#16084 = CARTESIAN_POINT('',(-5.388445916248E-15,-90.,862.));
#16085 = VECTOR('',#16086,1.);
#16086 = DIRECTION('',(0.,1.,0.));
#16087 = ORIENTED_EDGE('',*,*,#16032,.F.);
#16088 = CYLINDRICAL_SURFACE('',#16089,22.);
#16089 = AXIS2_PLACEMENT_3D('',#16090,#16091,#16092);
#16090 = CARTESIAN_POINT('',(0.,-90.,840.));
#16091 = DIRECTION('',(0.,1.,0.));
#16092 = DIRECTION('',(0.,0.,1.));
#16093 = ADVANCED_FACE('',(#16094),#16128,.F.);
#16094 = FACE_BOUND('',#16095,.F.);
#16095 = EDGE_LOOP('',(#16096,#16104,#16112,#16120,#16126,#16127));
#16096 = ORIENTED_EDGE('',*,*,#16097,.F.);
#16097 = EDGE_CURVE('',#16098,#15660,#16100,.T.);
#16098 = VERTEX_POINT('',#16099);
#16099 = CARTESIAN_POINT('',(68.607208220616,-194.,865.31598865532));
#16100 = LINE('',#16101,#16102);
#16101 = CARTESIAN_POINT('',(68.607208220616,-194.,865.31598865532));
#16102 = VECTOR('',#16103,1.);
#16103 = DIRECTION('',(0.173648177667,0.,-0.984807753012));
#16104 = ORIENTED_EDGE('',*,*,#16105,.T.);
#16105 = EDGE_CURVE('',#16098,#16106,#16108,.T.);
#16106 = VERTEX_POINT('',#16107);
#16107 = CARTESIAN_POINT('',(77.470477997726,-194.,866.87882225432));
#16108 = LINE('',#16109,#16110);
#16109 = CARTESIAN_POINT('',(68.607208220616,-194.,865.31598865532));
#16110 = VECTOR('',#16111,1.);
#16111 = DIRECTION('',(0.984807753012,0.,0.173648177667));
#16112 = ORIENTED_EDGE('',*,*,#16113,.T.);
#16113 = EDGE_CURVE('',#16106,#16114,#16116,.T.);
#16114 = VERTEX_POINT('',#16115);
#16115 = CARTESIAN_POINT('',(79.033311596729,-194.,858.01555247721));
#16116 = LINE('',#16117,#16118);
#16117 = CARTESIAN_POINT('',(77.470477997726,-194.,866.87882225432));
#16118 = VECTOR('',#16119,1.);
#16119 = DIRECTION('',(0.173648177667,0.,-0.984807753012));
#16120 = ORIENTED_EDGE('',*,*,#16121,.F.);
#16121 = EDGE_CURVE('',#15705,#16114,#16122,.T.);
#16122 = LINE('',#16123,#16124);
#16123 = CARTESIAN_POINT('',(70.170041819619,-194.,856.45271887821));
#16124 = VECTOR('',#16125,1.);
#16125 = DIRECTION('',(0.984807753012,0.,0.173648177667));
#16126 = ORIENTED_EDGE('',*,*,#15712,.F.);
#16127 = ORIENTED_EDGE('',*,*,#15659,.F.);
#16128 = PLANE('',#16129);
#16129 = AXIS2_PLACEMENT_3D('',#16130,#16131,#16132);
#16130 = CARTESIAN_POINT('',(68.607208220616,-194.,865.31598865532));
#16131 = DIRECTION('',(0.,1.,0.));
#16132 = DIRECTION('',(0.984807753012,0.,0.173648177667));
#16133 = ADVANCED_FACE('',(#16134,#16137),#16148,.F.);
#16134 = FACE_BOUND('',#16135,.F.);
#16135 = EDGE_LOOP('',(#16136));
#16136 = ORIENTED_EDGE('',*,*,#15727,.T.);
#16137 = FACE_BOUND('',#16138,.F.);
#16138 = EDGE_LOOP('',(#16139));
#16139 = ORIENTED_EDGE('',*,*,#16140,.T.);
#16140 = EDGE_CURVE('',#16141,#16141,#16143,.T.);
#16141 = VERTEX_POINT('',#16142);
#16142 = CARTESIAN_POINT('',(70.,-195.,826.));
#16143 = CIRCLE('',#16144,14.);
#16144 = AXIS2_PLACEMENT_3D('',#16145,#16146,#16147);
#16145 = CARTESIAN_POINT('',(70.,-195.,840.));
#16146 = DIRECTION('',(0.,-1.,0.));
#16147 = DIRECTION('',(0.,0.,-1.));
#16148 = PLANE('',#16149);
#16149 = AXIS2_PLACEMENT_3D('',#16150,#16151,#16152);
#16150 = CARTESIAN_POINT('',(70.,-195.,840.));
#16151 = DIRECTION('',(0.,1.,0.));
#16152 = DIRECTION('',(0.,0.,1.));
#16153 = ADVANCED_FACE('',(#16154),#16172,.T.);
#16154 = FACE_BOUND('',#16155,.T.);
#16155 = EDGE_LOOP('',(#16156,#16157,#16158,#16166));
#16156 = ORIENTED_EDGE('',*,*,#16121,.F.);
#16157 = ORIENTED_EDGE('',*,*,#15704,.T.);
#16158 = ORIENTED_EDGE('',*,*,#16159,.T.);
#16159 = EDGE_CURVE('',#15696,#16160,#16162,.T.);
#16160 = VERTEX_POINT('',#16161);
#16161 = CARTESIAN_POINT('',(79.033311596729,-176.,858.01555247721));
#16162 = LINE('',#16163,#16164);
#16163 = CARTESIAN_POINT('',(70.170041819619,-176.,856.45271887821));
#16164 = VECTOR('',#16165,1.);
#16165 = DIRECTION('',(0.984807753012,0.,0.173648177667));
#16166 = ORIENTED_EDGE('',*,*,#16167,.F.);
#16167 = EDGE_CURVE('',#16114,#16160,#16168,.T.);
#16168 = LINE('',#16169,#16170);
#16169 = CARTESIAN_POINT('',(79.033311596729,-194.,858.01555247721));
#16170 = VECTOR('',#16171,1.);
#16171 = DIRECTION('',(0.,1.,0.));
#16172 = PLANE('',#16173);
#16173 = AXIS2_PLACEMENT_3D('',#16174,#16175,#16176);
#16174 = CARTESIAN_POINT('',(70.170041819619,-194.,856.45271887821));
#16175 = DIRECTION('',(0.173648177667,0.,-0.984807753012));
#16176 = DIRECTION('',(0.984807753012,0.,0.173648177667));
#16177 = ADVANCED_FACE('',(#16178),#16205,.T.);
#16178 = FACE_BOUND('',#16179,.T.);
#16179 = EDGE_LOOP('',(#16180,#16188,#16196,#16202,#16203,#16204));
#16180 = ORIENTED_EDGE('',*,*,#16181,.F.);
#16181 = EDGE_CURVE('',#16182,#15671,#16184,.T.);
#16182 = VERTEX_POINT('',#16183);
#16183 = CARTESIAN_POINT('',(68.607208220616,-176.,865.31598865532));
#16184 = LINE('',#16185,#16186);
#16185 = CARTESIAN_POINT('',(68.607208220616,-176.,865.31598865532));
#16186 = VECTOR('',#16187,1.);
#16187 = DIRECTION('',(0.173648177667,0.,-0.984807753012));
#16188 = ORIENTED_EDGE('',*,*,#16189,.T.);
#16189 = EDGE_CURVE('',#16182,#16190,#16192,.T.);
#16190 = VERTEX_POINT('',#16191);
#16191 = CARTESIAN_POINT('',(77.470477997726,-176.,866.87882225432));
#16192 = LINE('',#16193,#16194);
#16193 = CARTESIAN_POINT('',(68.607208220616,-176.,865.31598865532));
#16194 = VECTOR('',#16195,1.);
#16195 = DIRECTION('',(0.984807753012,0.,0.173648177667));
#16196 = ORIENTED_EDGE('',*,*,#16197,.T.);
#16197 = EDGE_CURVE('',#16190,#16160,#16198,.T.);
#16198 = LINE('',#16199,#16200);
#16199 = CARTESIAN_POINT('',(77.470477997726,-176.,866.87882225432));
#16200 = VECTOR('',#16201,1.);
#16201 = DIRECTION('',(0.173648177667,0.,-0.984807753012));
#16202 = ORIENTED_EDGE('',*,*,#16159,.F.);
#16203 = ORIENTED_EDGE('',*,*,#15695,.F.);
#16204 = ORIENTED_EDGE('',*,*,#15678,.F.);
#16205 = PLANE('',#16206);
#16206 = AXIS2_PLACEMENT_3D('',#16207,#16208,#16209);
#16207 = CARTESIAN_POINT('',(68.607208220616,-176.,865.31598865532));
#16208 = DIRECTION('',(0.,1.,0.));
#16209 = DIRECTION('',(0.984807753012,0.,0.173648177667));
#16210 = ADVANCED_FACE('',(#16211),#16222,.F.);
#16211 = FACE_BOUND('',#16212,.F.);
#16212 = EDGE_LOOP('',(#16213,#16214,#16220,#16221));
#16213 = ORIENTED_EDGE('',*,*,#16181,.F.);
#16214 = ORIENTED_EDGE('',*,*,#16215,.F.);
#16215 = EDGE_CURVE('',#16098,#16182,#16216,.T.);
#16216 = LINE('',#16217,#16218);
#16217 = CARTESIAN_POINT('',(68.607208220616,-194.,865.31598865532));
#16218 = VECTOR('',#16219,1.);
#16219 = DIRECTION('',(0.,1.,0.));
#16220 = ORIENTED_EDGE('',*,*,#16097,.T.);
#16221 = ORIENTED_EDGE('',*,*,#15670,.T.);
#16222 = PLANE('',#16223);
#16223 = AXIS2_PLACEMENT_3D('',#16224,#16225,#16226);
#16224 = CARTESIAN_POINT('',(68.607208220616,-194.,865.31598865532));
#16225 = DIRECTION('',(0.984807753012,0.,0.173648177667));
#16226 = DIRECTION('',(0.173648177667,0.,-0.984807753012));
#16227 = ADVANCED_FACE('',(#16228),#16261,.F.);
#16228 = FACE_BOUND('',#16229,.F.);
#16229 = EDGE_LOOP('',(#16230,#16238,#16239,#16247,#16255));
#16230 = ORIENTED_EDGE('',*,*,#16231,.F.);
#16231 = EDGE_CURVE('',#15740,#16232,#16234,.T.);
#16232 = VERTEX_POINT('',#16233);
#16233 = CARTESIAN_POINT('',(87.407633499063,-194.,847.80158317547));
#16234 = LINE('',#16235,#16236);
#16235 = CARTESIAN_POINT('',(80.513233510993,-194.,853.58667166265));
#16236 = VECTOR('',#16237,1.);
#16237 = DIRECTION('',(0.766044443119,0.,-0.642787609687));
#16238 = ORIENTED_EDGE('',*,*,#15737,.F.);
#16239 = ORIENTED_EDGE('',*,*,#16240,.T.);
#16240 = EDGE_CURVE('',#15738,#16241,#16243,.T.);
#16241 = VERTEX_POINT('',#16242);
#16242 = CARTESIAN_POINT('',(86.298321998172,-194.,860.48107165072));
#16243 = LINE('',#16244,#16245);
#16244 = CARTESIAN_POINT('',(80.513233510993,-194.,853.58667166265));
#16245 = VECTOR('',#16246,1.);
#16246 = DIRECTION('',(0.642787609687,0.,0.766044443119));
#16247 = ORIENTED_EDGE('',*,*,#16248,.T.);
#16248 = EDGE_CURVE('',#16241,#16249,#16251,.T.);
#16249 = VERTEX_POINT('',#16250);
#16250 = CARTESIAN_POINT('',(93.192721986242,-194.,854.69598316355));
#16251 = LINE('',#16252,#16253);
#16252 = CARTESIAN_POINT('',(86.298321998172,-194.,860.48107165072));
#16253 = VECTOR('',#16254,1.);
#16254 = DIRECTION('',(0.766044443119,0.,-0.642787609687));
#16255 = ORIENTED_EDGE('',*,*,#16256,.F.);
#16256 = EDGE_CURVE('',#16232,#16249,#16257,.T.);
#16257 = LINE('',#16258,#16259);
#16258 = CARTESIAN_POINT('',(87.407633499063,-194.,847.80158317547));
#16259 = VECTOR('',#16260,1.);
#16260 = DIRECTION('',(0.642787609687,0.,0.766044443119));
#16261 = PLANE('',#16262);
#16262 = AXIS2_PLACEMENT_3D('',#16263,#16264,#16265);
#16263 = CARTESIAN_POINT('',(80.513233510993,-194.,853.58667166265));
#16264 = DIRECTION('',(0.,1.,0.));
#16265 = DIRECTION('',(0.642787609687,0.,0.766044443119));
#16266 = ADVANCED_FACE('',(#16267),#16285,.F.);
#16267 = FACE_BOUND('',#16268,.F.);
#16268 = EDGE_LOOP('',(#16269,#16270,#16271,#16279));
#16269 = ORIENTED_EDGE('',*,*,#16240,.F.);
#16270 = ORIENTED_EDGE('',*,*,#15748,.T.);
#16271 = ORIENTED_EDGE('',*,*,#16272,.T.);
#16272 = EDGE_CURVE('',#15749,#16273,#16275,.T.);
#16273 = VERTEX_POINT('',#16274);
#16274 = CARTESIAN_POINT('',(86.298321998172,-176.,860.48107165072));
#16275 = LINE('',#16276,#16277);
#16276 = CARTESIAN_POINT('',(80.513233510993,-176.,853.58667166265));
#16277 = VECTOR('',#16278,1.);
#16278 = DIRECTION('',(0.642787609687,0.,0.766044443119));
#16279 = ORIENTED_EDGE('',*,*,#16280,.F.);
#16280 = EDGE_CURVE('',#16241,#16273,#16281,.T.);
#16281 = LINE('',#16282,#16283);
#16282 = CARTESIAN_POINT('',(86.298321998172,-194.,860.48107165072));
#16283 = VECTOR('',#16284,1.);
#16284 = DIRECTION('',(0.,1.,0.));
#16285 = PLANE('',#16286);
#16286 = AXIS2_PLACEMENT_3D('',#16287,#16288,#16289);
#16287 = CARTESIAN_POINT('',(80.513233510993,-194.,853.58667166265));
#16288 = DIRECTION('',(0.766044443119,0.,-0.642787609687));
#16289 = DIRECTION('',(0.642787609687,0.,0.766044443119));
#16290 = ADVANCED_FACE('',(#16291),#16309,.F.);
#16291 = FACE_BOUND('',#16292,.F.);
#16292 = EDGE_LOOP('',(#16293,#16301,#16302,#16303));
#16293 = ORIENTED_EDGE('',*,*,#16294,.F.);
#16294 = EDGE_CURVE('',#15757,#16295,#16297,.T.);
#16295 = VERTEX_POINT('',#16296);
#16296 = CARTESIAN_POINT('',(87.407633499063,-176.,847.80158317547));
#16297 = LINE('',#16298,#16299);
#16298 = CARTESIAN_POINT('',(80.513233510993,-176.,853.58667166265));
#16299 = VECTOR('',#16300,1.);
#16300 = DIRECTION('',(0.766044443119,0.,-0.642787609687));
#16301 = ORIENTED_EDGE('',*,*,#15765,.F.);
#16302 = ORIENTED_EDGE('',*,*,#16231,.T.);
#16303 = ORIENTED_EDGE('',*,*,#16304,.T.);
#16304 = EDGE_CURVE('',#16232,#16295,#16305,.T.);
#16305 = LINE('',#16306,#16307);
#16306 = CARTESIAN_POINT('',(87.407633499063,-194.,847.80158317547));
#16307 = VECTOR('',#16308,1.);
#16308 = DIRECTION('',(0.,1.,0.));
#16309 = PLANE('',#16310);
#16310 = AXIS2_PLACEMENT_3D('',#16311,#16312,#16313);
#16311 = CARTESIAN_POINT('',(80.513233510993,-194.,853.58667166265));
#16312 = DIRECTION('',(0.642787609687,0.,0.766044443119));
#16313 = DIRECTION('',(0.766044443119,0.,-0.642787609687));
#16314 = ADVANCED_FACE('',(#16315),#16334,.T.);
#16315 = FACE_BOUND('',#16316,.T.);
#16316 = EDGE_LOOP('',(#16317,#16318,#16319,#16320,#16328));
#16317 = ORIENTED_EDGE('',*,*,#16294,.F.);
#16318 = ORIENTED_EDGE('',*,*,#15756,.F.);
#16319 = ORIENTED_EDGE('',*,*,#16272,.T.);
#16320 = ORIENTED_EDGE('',*,*,#16321,.T.);
#16321 = EDGE_CURVE('',#16273,#16322,#16324,.T.);
#16322 = VERTEX_POINT('',#16323);
#16323 = CARTESIAN_POINT('',(93.192721986242,-176.,854.69598316355));
#16324 = LINE('',#16325,#16326);
#16325 = CARTESIAN_POINT('',(86.298321998172,-176.,860.48107165072));
#16326 = VECTOR('',#16327,1.);
#16327 = DIRECTION('',(0.766044443119,0.,-0.642787609687));
#16328 = ORIENTED_EDGE('',*,*,#16329,.F.);
#16329 = EDGE_CURVE('',#16295,#16322,#16330,.T.);
#16330 = LINE('',#16331,#16332);
#16331 = CARTESIAN_POINT('',(87.407633499063,-176.,847.80158317547));
#16332 = VECTOR('',#16333,1.);
#16333 = DIRECTION('',(0.642787609687,0.,0.766044443119));
#16334 = PLANE('',#16335);
#16335 = AXIS2_PLACEMENT_3D('',#16336,#16337,#16338);
#16336 = CARTESIAN_POINT('',(80.513233510993,-176.,853.58667166265));
#16337 = DIRECTION('',(0.,1.,0.));
#16338 = DIRECTION('',(0.642787609687,0.,0.766044443119));
#16339 = ADVANCED_FACE('',(#16340),#16381,.F.);
#16340 = FACE_BOUND('',#16341,.F.);
#16341 = EDGE_LOOP('',(#16342,#16352,#16360,#16366,#16367,#16375));
#16342 = ORIENTED_EDGE('',*,*,#16343,.F.);
#16343 = EDGE_CURVE('',#16344,#16346,#16348,.T.);
#16344 = VERTEX_POINT('',#16345);
#16345 = CARTESIAN_POINT('',(96.5,-194.,835.5));
#16346 = VERTEX_POINT('',#16347);
#16347 = CARTESIAN_POINT('',(96.5,-194.,844.5));
#16348 = LINE('',#16349,#16350);
#16349 = CARTESIAN_POINT('',(96.5,-194.,835.5));
#16350 = VECTOR('',#16351,1.);
#16351 = DIRECTION('',(0.,0.,1.));
#16352 = ORIENTED_EDGE('',*,*,#16353,.F.);
#16353 = EDGE_CURVE('',#16354,#16344,#16356,.T.);
#16354 = VERTEX_POINT('',#16355);
#16355 = CARTESIAN_POINT('',(87.5,-194.,835.5));
#16356 = LINE('',#16357,#16358);
#16357 = CARTESIAN_POINT('',(87.5,-194.,835.5));
#16358 = VECTOR('',#16359,1.);
#16359 = DIRECTION('',(1.,0.,0.));
#16360 = ORIENTED_EDGE('',*,*,#16361,.T.);
#16361 = EDGE_CURVE('',#16354,#15776,#16362,.T.);
#16362 = LINE('',#16363,#16364);
#16363 = CARTESIAN_POINT('',(87.5,-194.,835.5));
#16364 = VECTOR('',#16365,1.);
#16365 = DIRECTION('',(0.,0.,1.));
#16366 = ORIENTED_EDGE('',*,*,#15773,.F.);
#16367 = ORIENTED_EDGE('',*,*,#16368,.T.);
#16368 = EDGE_CURVE('',#15774,#16369,#16371,.T.);
#16369 = VERTEX_POINT('',#16370);
#16370 = CARTESIAN_POINT('',(87.5,-194.,844.5));
#16371 = LINE('',#16372,#16373);
#16372 = CARTESIAN_POINT('',(87.5,-194.,835.5));
#16373 = VECTOR('',#16374,1.);
#16374 = DIRECTION('',(0.,0.,1.));
#16375 = ORIENTED_EDGE('',*,*,#16376,.T.);
#16376 = EDGE_CURVE('',#16369,#16346,#16377,.T.);
#16377 = LINE('',#16378,#16379);
#16378 = CARTESIAN_POINT('',(87.5,-194.,844.5));
#16379 = VECTOR('',#16380,1.);
#16380 = DIRECTION('',(1.,0.,0.));
#16381 = PLANE('',#16382);
#16382 = AXIS2_PLACEMENT_3D('',#16383,#16384,#16385);
#16383 = CARTESIAN_POINT('',(87.5,-194.,835.5));
#16384 = DIRECTION('',(0.,1.,0.));
#16385 = DIRECTION('',(0.,0.,1.));
#16386 = ADVANCED_FACE('',(#16387),#16405,.F.);
#16387 = FACE_BOUND('',#16388,.F.);
#16388 = EDGE_LOOP('',(#16389,#16390,#16391,#16399));
#16389 = ORIENTED_EDGE('',*,*,#16368,.F.);
#16390 = ORIENTED_EDGE('',*,*,#15784,.T.);
#16391 = ORIENTED_EDGE('',*,*,#16392,.T.);
#16392 = EDGE_CURVE('',#15785,#16393,#16395,.T.);
#16393 = VERTEX_POINT('',#16394);
#16394 = CARTESIAN_POINT('',(87.5,-176.,844.5));
#16395 = LINE('',#16396,#16397);
#16396 = CARTESIAN_POINT('',(87.5,-176.,835.5));
#16397 = VECTOR('',#16398,1.);
#16398 = DIRECTION('',(0.,0.,1.));
#16399 = ORIENTED_EDGE('',*,*,#16400,.F.);
#16400 = EDGE_CURVE('',#16369,#16393,#16401,.T.);
#16401 = LINE('',#16402,#16403);
#16402 = CARTESIAN_POINT('',(87.5,-194.,844.5));
#16403 = VECTOR('',#16404,1.);
#16404 = DIRECTION('',(0.,1.,0.));
#16405 = PLANE('',#16406);
#16406 = AXIS2_PLACEMENT_3D('',#16407,#16408,#16409);
#16407 = CARTESIAN_POINT('',(87.5,-194.,835.5));
#16408 = DIRECTION('',(1.,0.,0.));
#16409 = DIRECTION('',(0.,0.,1.));
#16410 = ADVANCED_FACE('',(#16411),#16429,.F.);
#16411 = FACE_BOUND('',#16412,.F.);
#16412 = EDGE_LOOP('',(#16413,#16414,#16422,#16428));
#16413 = ORIENTED_EDGE('',*,*,#16361,.F.);
#16414 = ORIENTED_EDGE('',*,*,#16415,.T.);
#16415 = EDGE_CURVE('',#16354,#16416,#16418,.T.);
#16416 = VERTEX_POINT('',#16417);
#16417 = CARTESIAN_POINT('',(87.5,-176.,835.5));
#16418 = LINE('',#16419,#16420);
#16419 = CARTESIAN_POINT('',(87.5,-194.,835.5));
#16420 = VECTOR('',#16421,1.);
#16421 = DIRECTION('',(0.,1.,0.));
#16422 = ORIENTED_EDGE('',*,*,#16423,.T.);
#16423 = EDGE_CURVE('',#16416,#15793,#16424,.T.);
#16424 = LINE('',#16425,#16426);
#16425 = CARTESIAN_POINT('',(87.5,-176.,835.5));
#16426 = VECTOR('',#16427,1.);
#16427 = DIRECTION('',(0.,0.,1.));
#16428 = ORIENTED_EDGE('',*,*,#15801,.F.);
#16429 = PLANE('',#16430);
#16430 = AXIS2_PLACEMENT_3D('',#16431,#16432,#16433);
#16431 = CARTESIAN_POINT('',(87.5,-194.,835.5));
#16432 = DIRECTION('',(1.,0.,0.));
#16433 = DIRECTION('',(0.,0.,1.));
#16434 = ADVANCED_FACE('',(#16435),#16462,.T.);
#16435 = FACE_BOUND('',#16436,.T.);
#16436 = EDGE_LOOP('',(#16437,#16447,#16453,#16454,#16455,#16456));
#16437 = ORIENTED_EDGE('',*,*,#16438,.F.);
#16438 = EDGE_CURVE('',#16439,#16441,#16443,.T.);
#16439 = VERTEX_POINT('',#16440);
#16440 = CARTESIAN_POINT('',(96.5,-176.,835.5));
#16441 = VERTEX_POINT('',#16442);
#16442 = CARTESIAN_POINT('',(96.5,-176.,844.5));
#16443 = LINE('',#16444,#16445);
#16444 = CARTESIAN_POINT('',(96.5,-176.,835.5));
#16445 = VECTOR('',#16446,1.);
#16446 = DIRECTION('',(0.,0.,1.));
#16447 = ORIENTED_EDGE('',*,*,#16448,.F.);
#16448 = EDGE_CURVE('',#16416,#16439,#16449,.T.);
#16449 = LINE('',#16450,#16451);
#16450 = CARTESIAN_POINT('',(87.5,-176.,835.5));
#16451 = VECTOR('',#16452,1.);
#16452 = DIRECTION('',(1.,0.,0.));
#16453 = ORIENTED_EDGE('',*,*,#16423,.T.);
#16454 = ORIENTED_EDGE('',*,*,#15792,.F.);
#16455 = ORIENTED_EDGE('',*,*,#16392,.T.);
#16456 = ORIENTED_EDGE('',*,*,#16457,.T.);
#16457 = EDGE_CURVE('',#16393,#16441,#16458,.T.);
#16458 = LINE('',#16459,#16460);
#16459 = CARTESIAN_POINT('',(87.5,-176.,844.5));
#16460 = VECTOR('',#16461,1.);
#16461 = DIRECTION('',(1.,0.,0.));
#16462 = PLANE('',#16463);
#16463 = AXIS2_PLACEMENT_3D('',#16464,#16465,#16466);
#16464 = CARTESIAN_POINT('',(87.5,-176.,835.5));
#16465 = DIRECTION('',(0.,1.,0.));
#16466 = DIRECTION('',(0.,0.,1.));
#16467 = ADVANCED_FACE('',(#16468),#16493,.F.);
#16468 = FACE_BOUND('',#16469,.F.);
#16469 = EDGE_LOOP('',(#16470,#16478,#16486,#16492));
#16470 = ORIENTED_EDGE('',*,*,#16471,.F.);
#16471 = EDGE_CURVE('',#16472,#15810,#16474,.T.);
#16472 = VERTEX_POINT('',#16473);
#16473 = CARTESIAN_POINT('',(86.298321998172,-194.,819.51892834927));
#16474 = LINE('',#16475,#16476);
#16475 = CARTESIAN_POINT('',(86.298321998172,-194.,819.51892834927));
#16476 = VECTOR('',#16477,1.);
#16477 = DIRECTION('',(-0.642787609687,0.,0.766044443119));
#16478 = ORIENTED_EDGE('',*,*,#16479,.T.);
#16479 = EDGE_CURVE('',#16472,#16480,#16482,.T.);
#16480 = VERTEX_POINT('',#16481);
#16481 = CARTESIAN_POINT('',(86.298321998172,-176.,819.51892834927));
#16482 = LINE('',#16483,#16484);
#16483 = CARTESIAN_POINT('',(86.298321998172,-194.,819.51892834927));
#16484 = VECTOR('',#16485,1.);
#16485 = DIRECTION('',(0.,1.,0.));
#16486 = ORIENTED_EDGE('',*,*,#16487,.T.);
#16487 = EDGE_CURVE('',#16480,#15812,#16488,.T.);
#16488 = LINE('',#16489,#16490);
#16489 = CARTESIAN_POINT('',(86.298321998172,-176.,819.51892834927));
#16490 = VECTOR('',#16491,1.);
#16491 = DIRECTION('',(-0.642787609687,0.,0.766044443119));
#16492 = ORIENTED_EDGE('',*,*,#15809,.F.);
#16493 = PLANE('',#16494);
#16494 = AXIS2_PLACEMENT_3D('',#16495,#16496,#16497);
#16495 = CARTESIAN_POINT('',(86.298321998172,-194.,819.51892834927));
#16496 = DIRECTION('',(0.766044443119,0.,0.642787609687));
#16497 = DIRECTION('',(-0.642787609687,0.,0.766044443119));
#16498 = ADVANCED_FACE('',(#16499),#16525,.T.);
#16499 = FACE_BOUND('',#16500,.T.);
#16500 = EDGE_LOOP('',(#16501,#16511,#16517,#16518,#16519));
#16501 = ORIENTED_EDGE('',*,*,#16502,.F.);
#16502 = EDGE_CURVE('',#16503,#16505,#16507,.T.);
#16503 = VERTEX_POINT('',#16504);
#16504 = CARTESIAN_POINT('',(93.192721986242,-176.,825.30401683645));
#16505 = VERTEX_POINT('',#16506);
#16506 = CARTESIAN_POINT('',(87.407633499063,-176.,832.19841682452));
#16507 = LINE('',#16508,#16509);
#16508 = CARTESIAN_POINT('',(93.192721986242,-176.,825.30401683645));
#16509 = VECTOR('',#16510,1.);
#16510 = DIRECTION('',(-0.642787609687,0.,0.766044443119));
#16511 = ORIENTED_EDGE('',*,*,#16512,.F.);
#16512 = EDGE_CURVE('',#16480,#16503,#16513,.T.);
#16513 = LINE('',#16514,#16515);
#16514 = CARTESIAN_POINT('',(86.298321998172,-176.,819.51892834927));
#16515 = VECTOR('',#16516,1.);
#16516 = DIRECTION('',(0.766044443119,0.,0.642787609687));
#16517 = ORIENTED_EDGE('',*,*,#16487,.T.);
#16518 = ORIENTED_EDGE('',*,*,#15836,.F.);
#16519 = ORIENTED_EDGE('',*,*,#16520,.T.);
#16520 = EDGE_CURVE('',#15829,#16505,#16521,.T.);
#16521 = LINE('',#16522,#16523);
#16522 = CARTESIAN_POINT('',(80.513233510993,-176.,826.41332833734));
#16523 = VECTOR('',#16524,1.);
#16524 = DIRECTION('',(0.766044443119,0.,0.642787609687));
#16525 = PLANE('',#16526);
#16526 = AXIS2_PLACEMENT_3D('',#16527,#16528,#16529);
#16527 = CARTESIAN_POINT('',(86.298321998172,-176.,819.51892834927));
#16528 = DIRECTION('',(0.,1.,0.));
#16529 = DIRECTION('',(-0.642787609687,0.,0.766044443119));
#16530 = ADVANCED_FACE('',(#16531),#16549,.T.);
#16531 = FACE_BOUND('',#16532,.T.);
#16532 = EDGE_LOOP('',(#16533,#16534,#16535,#16543));
#16533 = ORIENTED_EDGE('',*,*,#16520,.F.);
#16534 = ORIENTED_EDGE('',*,*,#15828,.F.);
#16535 = ORIENTED_EDGE('',*,*,#16536,.T.);
#16536 = EDGE_CURVE('',#15820,#16537,#16539,.T.);
#16537 = VERTEX_POINT('',#16538);
#16538 = CARTESIAN_POINT('',(87.407633499063,-194.,832.19841682452));
#16539 = LINE('',#16540,#16541);
#16540 = CARTESIAN_POINT('',(80.513233510993,-194.,826.41332833734));
#16541 = VECTOR('',#16542,1.);
#16542 = DIRECTION('',(0.766044443119,0.,0.642787609687));
#16543 = ORIENTED_EDGE('',*,*,#16544,.T.);
#16544 = EDGE_CURVE('',#16537,#16505,#16545,.T.);
#16545 = LINE('',#16546,#16547);
#16546 = CARTESIAN_POINT('',(87.407633499063,-194.,832.19841682452));
#16547 = VECTOR('',#16548,1.);
#16548 = DIRECTION('',(0.,1.,0.));
#16549 = PLANE('',#16550);
#16550 = AXIS2_PLACEMENT_3D('',#16551,#16552,#16553);
#16551 = CARTESIAN_POINT('',(80.513233510993,-194.,826.41332833734));
#16552 = DIRECTION('',(-0.642787609687,0.,0.766044443119));
#16553 = DIRECTION('',(0.766044443119,0.,0.642787609687));
#16554 = ADVANCED_FACE('',(#16555),#16574,.F.);
#16555 = FACE_BOUND('',#16556,.F.);
#16556 = EDGE_LOOP('',(#16557,#16565,#16571,#16572,#16573));
#16557 = ORIENTED_EDGE('',*,*,#16558,.F.);
#16558 = EDGE_CURVE('',#16559,#16537,#16561,.T.);
#16559 = VERTEX_POINT('',#16560);
#16560 = CARTESIAN_POINT('',(93.192721986242,-194.,825.30401683645));
#16561 = LINE('',#16562,#16563);
#16562 = CARTESIAN_POINT('',(93.192721986242,-194.,825.30401683645));
#16563 = VECTOR('',#16564,1.);
#16564 = DIRECTION('',(-0.642787609687,0.,0.766044443119));
#16565 = ORIENTED_EDGE('',*,*,#16566,.F.);
#16566 = EDGE_CURVE('',#16472,#16559,#16567,.T.);
#16567 = LINE('',#16568,#16569);
#16568 = CARTESIAN_POINT('',(86.298321998172,-194.,819.51892834927));
#16569 = VECTOR('',#16570,1.);
#16570 = DIRECTION('',(0.766044443119,0.,0.642787609687));
#16571 = ORIENTED_EDGE('',*,*,#16471,.T.);
#16572 = ORIENTED_EDGE('',*,*,#15819,.F.);
#16573 = ORIENTED_EDGE('',*,*,#16536,.T.);
#16574 = PLANE('',#16575);
#16575 = AXIS2_PLACEMENT_3D('',#16576,#16577,#16578);
#16576 = CARTESIAN_POINT('',(86.298321998172,-194.,819.51892834927));
#16577 = DIRECTION('',(0.,1.,0.));
#16578 = DIRECTION('',(-0.642787609687,0.,0.766044443119));
#16579 = ADVANCED_FACE('',(#16580),#16613,.F.);
#16580 = FACE_BOUND('',#16581,.F.);
#16581 = EDGE_LOOP('',(#16582,#16590,#16598,#16606,#16612));
#16582 = ORIENTED_EDGE('',*,*,#16583,.F.);
#16583 = EDGE_CURVE('',#16584,#15846,#16586,.T.);
#16584 = VERTEX_POINT('',#16585);
#16585 = CARTESIAN_POINT('',(79.033311596729,-194.,821.98444752278));
#16586 = LINE('',#16587,#16588);
#16587 = CARTESIAN_POINT('',(79.033311596729,-194.,821.98444752278));
#16588 = VECTOR('',#16589,1.);
#16589 = DIRECTION('',(-0.984807753012,0.,0.173648177667));
#16590 = ORIENTED_EDGE('',*,*,#16591,.F.);
#16591 = EDGE_CURVE('',#16592,#16584,#16594,.T.);
#16592 = VERTEX_POINT('',#16593);
#16593 = CARTESIAN_POINT('',(77.470477997726,-194.,813.12117774567));
#16594 = LINE('',#16595,#16596);
#16595 = CARTESIAN_POINT('',(77.470477997726,-194.,813.12117774567));
#16596 = VECTOR('',#16597,1.);
#16597 = DIRECTION('',(0.173648177667,0.,0.984807753012));
#16598 = ORIENTED_EDGE('',*,*,#16599,.T.);
#16599 = EDGE_CURVE('',#16592,#16600,#16602,.T.);
#16600 = VERTEX_POINT('',#16601);
#16601 = CARTESIAN_POINT('',(68.607208220616,-194.,814.68401134467));
#16602 = LINE('',#16603,#16604);
#16603 = CARTESIAN_POINT('',(77.470477997726,-194.,813.12117774567));
#16604 = VECTOR('',#16605,1.);
#16605 = DIRECTION('',(-0.984807753012,0.,0.173648177667));
#16606 = ORIENTED_EDGE('',*,*,#16607,.T.);
#16607 = EDGE_CURVE('',#16600,#15848,#16608,.T.);
#16608 = LINE('',#16609,#16610);
#16609 = CARTESIAN_POINT('',(68.607208220616,-194.,814.68401134467));
#16610 = VECTOR('',#16611,1.);
#16611 = DIRECTION('',(0.173648177667,0.,0.984807753012));
#16612 = ORIENTED_EDGE('',*,*,#15845,.F.);
#16613 = PLANE('',#16614);
#16614 = AXIS2_PLACEMENT_3D('',#16615,#16616,#16617);
#16615 = CARTESIAN_POINT('',(77.470477997726,-194.,813.12117774567));
#16616 = DIRECTION('',(0.,1.,0.));
#16617 = DIRECTION('',(-0.984807753012,0.,0.173648177667));
#16618 = ADVANCED_FACE('',(#16619),#16637,.T.);
#16619 = FACE_BOUND('',#16620,.T.);
#16620 = EDGE_LOOP('',(#16621,#16622,#16630,#16636));
#16621 = ORIENTED_EDGE('',*,*,#16583,.F.);
#16622 = ORIENTED_EDGE('',*,*,#16623,.T.);
#16623 = EDGE_CURVE('',#16584,#16624,#16626,.T.);
#16624 = VERTEX_POINT('',#16625);
#16625 = CARTESIAN_POINT('',(79.033311596729,-176.,821.98444752278));
#16626 = LINE('',#16627,#16628);
#16627 = CARTESIAN_POINT('',(79.033311596729,-194.,821.98444752278));
#16628 = VECTOR('',#16629,1.);
#16629 = DIRECTION('',(0.,1.,0.));
#16630 = ORIENTED_EDGE('',*,*,#16631,.T.);
#16631 = EDGE_CURVE('',#16624,#15857,#16632,.T.);
#16632 = LINE('',#16633,#16634);
#16633 = CARTESIAN_POINT('',(79.033311596729,-176.,821.98444752278));
#16634 = VECTOR('',#16635,1.);
#16635 = DIRECTION('',(-0.984807753012,0.,0.173648177667));
#16636 = ORIENTED_EDGE('',*,*,#15856,.F.);
#16637 = PLANE('',#16638);
#16638 = AXIS2_PLACEMENT_3D('',#16639,#16640,#16641);
#16639 = CARTESIAN_POINT('',(79.033311596729,-194.,821.98444752278));
#16640 = DIRECTION('',(0.173648177667,0.,0.984807753012));
#16641 = DIRECTION('',(-0.984807753012,0.,0.173648177667));
#16642 = ADVANCED_FACE('',(#16643),#16661,.T.);
#16643 = FACE_BOUND('',#16644,.T.);
#16644 = EDGE_LOOP('',(#16645,#16653,#16659,#16660));
#16645 = ORIENTED_EDGE('',*,*,#16646,.F.);
#16646 = EDGE_CURVE('',#16647,#15865,#16649,.T.);
#16647 = VERTEX_POINT('',#16648);
#16648 = CARTESIAN_POINT('',(68.607208220616,-176.,814.68401134467));
#16649 = LINE('',#16650,#16651);
#16650 = CARTESIAN_POINT('',(68.607208220616,-176.,814.68401134467));
#16651 = VECTOR('',#16652,1.);
#16652 = DIRECTION('',(0.173648177667,0.,0.984807753012));
#16653 = ORIENTED_EDGE('',*,*,#16654,.F.);
#16654 = EDGE_CURVE('',#16600,#16647,#16655,.T.);
#16655 = LINE('',#16656,#16657);
#16656 = CARTESIAN_POINT('',(68.607208220616,-194.,814.68401134467));
#16657 = VECTOR('',#16658,1.);
#16658 = DIRECTION('',(0.,1.,0.));
#16659 = ORIENTED_EDGE('',*,*,#16607,.T.);
#16660 = ORIENTED_EDGE('',*,*,#15873,.T.);
#16661 = PLANE('',#16662);
#16662 = AXIS2_PLACEMENT_3D('',#16663,#16664,#16665);
#16663 = CARTESIAN_POINT('',(68.607208220616,-194.,814.68401134467));
#16664 = DIRECTION('',(-0.984807753012,0.,0.173648177667));
#16665 = DIRECTION('',(0.173648177667,0.,0.984807753012));
#16666 = ADVANCED_FACE('',(#16667),#16686,.T.);
#16667 = FACE_BOUND('',#16668,.T.);
#16668 = EDGE_LOOP('',(#16669,#16670,#16678,#16684,#16685));
#16669 = ORIENTED_EDGE('',*,*,#16631,.F.);
#16670 = ORIENTED_EDGE('',*,*,#16671,.F.);
#16671 = EDGE_CURVE('',#16672,#16624,#16674,.T.);
#16672 = VERTEX_POINT('',#16673);
#16673 = CARTESIAN_POINT('',(77.470477997726,-176.,813.12117774567));
#16674 = LINE('',#16675,#16676);
#16675 = CARTESIAN_POINT('',(77.470477997726,-176.,813.12117774567));
#16676 = VECTOR('',#16677,1.);
#16677 = DIRECTION('',(0.173648177667,0.,0.984807753012));
#16678 = ORIENTED_EDGE('',*,*,#16679,.T.);
#16679 = EDGE_CURVE('',#16672,#16647,#16680,.T.);
#16680 = LINE('',#16681,#16682);
#16681 = CARTESIAN_POINT('',(77.470477997726,-176.,813.12117774567));
#16682 = VECTOR('',#16683,1.);
#16683 = DIRECTION('',(-0.984807753012,0.,0.173648177667));
#16684 = ORIENTED_EDGE('',*,*,#16646,.T.);
#16685 = ORIENTED_EDGE('',*,*,#15864,.F.);
#16686 = PLANE('',#16687);
#16687 = AXIS2_PLACEMENT_3D('',#16688,#16689,#16690);
#16688 = CARTESIAN_POINT('',(77.470477997726,-176.,813.12117774567));
#16689 = DIRECTION('',(0.,1.,0.));
#16690 = DIRECTION('',(-0.984807753012,0.,0.173648177667));
#16691 = ADVANCED_FACE('',(#16692),#16717,.T.);
#16692 = FACE_BOUND('',#16693,.T.);
#16693 = EDGE_LOOP('',(#16694,#16702,#16703,#16711));
#16694 = ORIENTED_EDGE('',*,*,#16695,.F.);
#16695 = EDGE_CURVE('',#15882,#16696,#16698,.T.);
#16696 = VERTEX_POINT('',#16697);
#16697 = CARTESIAN_POINT('',(52.85288568297,-194.,822.59455543377));
#16698 = LINE('',#16699,#16700);
#16699 = CARTESIAN_POINT('',(60.64711431703,-194.,827.09455543377));
#16700 = VECTOR('',#16701,1.);
#16701 = DIRECTION('',(-0.866025403784,0.,-0.5));
#16702 = ORIENTED_EDGE('',*,*,#15881,.T.);
#16703 = ORIENTED_EDGE('',*,*,#16704,.T.);
#16704 = EDGE_CURVE('',#15884,#16705,#16707,.T.);
#16705 = VERTEX_POINT('',#16706);
#16706 = CARTESIAN_POINT('',(52.85288568297,-176.,822.59455543377));
#16707 = LINE('',#16708,#16709);
#16708 = CARTESIAN_POINT('',(60.64711431703,-176.,827.09455543377));
#16709 = VECTOR('',#16710,1.);
#16710 = DIRECTION('',(-0.866025403784,0.,-0.5));
#16711 = ORIENTED_EDGE('',*,*,#16712,.F.);
#16712 = EDGE_CURVE('',#16696,#16705,#16713,.T.);
#16713 = LINE('',#16714,#16715);
#16714 = CARTESIAN_POINT('',(52.85288568297,-194.,822.59455543377));
#16715 = VECTOR('',#16716,1.);
#16716 = DIRECTION('',(0.,1.,0.));
#16717 = PLANE('',#16718);
#16718 = AXIS2_PLACEMENT_3D('',#16719,#16720,#16721);
#16719 = CARTESIAN_POINT('',(60.64711431703,-194.,827.09455543377));
#16720 = DIRECTION('',(-0.5,0.,0.866025403784));
#16721 = DIRECTION('',(-0.866025403784,0.,-0.5));
#16722 = ADVANCED_FACE('',(#16723),#16749,.F.);
#16723 = FACE_BOUND('',#16724,.F.);
#16724 = EDGE_LOOP('',(#16725,#16733,#16741,#16747,#16748));
#16725 = ORIENTED_EDGE('',*,*,#16726,.F.);
#16726 = EDGE_CURVE('',#16727,#15892,#16729,.T.);
#16727 = VERTEX_POINT('',#16728);
#16728 = CARTESIAN_POINT('',(65.14711431703,-194.,819.30032679971));
#16729 = LINE('',#16730,#16731);
#16730 = CARTESIAN_POINT('',(65.14711431703,-194.,819.30032679971));
#16731 = VECTOR('',#16732,1.);
#16732 = DIRECTION('',(-0.5,0.,0.866025403784));
#16733 = ORIENTED_EDGE('',*,*,#16734,.T.);
#16734 = EDGE_CURVE('',#16727,#16735,#16737,.T.);
#16735 = VERTEX_POINT('',#16736);
#16736 = CARTESIAN_POINT('',(57.35288568297,-194.,814.80032679971));
#16737 = LINE('',#16738,#16739);
#16738 = CARTESIAN_POINT('',(65.14711431703,-194.,819.30032679971));
#16739 = VECTOR('',#16740,1.);
#16740 = DIRECTION('',(-0.866025403784,0.,-0.5));
#16741 = ORIENTED_EDGE('',*,*,#16742,.T.);
#16742 = EDGE_CURVE('',#16735,#16696,#16743,.T.);
#16743 = LINE('',#16744,#16745);
#16744 = CARTESIAN_POINT('',(57.35288568297,-194.,814.80032679971));
#16745 = VECTOR('',#16746,1.);
#16746 = DIRECTION('',(-0.5,0.,0.866025403784));
#16747 = ORIENTED_EDGE('',*,*,#16695,.F.);
#16748 = ORIENTED_EDGE('',*,*,#15891,.F.);
#16749 = PLANE('',#16750);
#16750 = AXIS2_PLACEMENT_3D('',#16751,#16752,#16753);
#16751 = CARTESIAN_POINT('',(65.14711431703,-194.,819.30032679971));
#16752 = DIRECTION('',(0.,1.,0.));
#16753 = DIRECTION('',(-0.866025403784,0.,-0.5));
#16754 = ADVANCED_FACE('',(#16755),#16781,.T.);
#16755 = FACE_BOUND('',#16756,.T.);
#16756 = EDGE_LOOP('',(#16757,#16765,#16773,#16779,#16780));
#16757 = ORIENTED_EDGE('',*,*,#16758,.F.);
#16758 = EDGE_CURVE('',#16759,#15901,#16761,.T.);
#16759 = VERTEX_POINT('',#16760);
#16760 = CARTESIAN_POINT('',(65.14711431703,-176.,819.30032679971));
#16761 = LINE('',#16762,#16763);
#16762 = CARTESIAN_POINT('',(65.14711431703,-176.,819.30032679971));
#16763 = VECTOR('',#16764,1.);
#16764 = DIRECTION('',(-0.5,0.,0.866025403784));
#16765 = ORIENTED_EDGE('',*,*,#16766,.T.);
#16766 = EDGE_CURVE('',#16759,#16767,#16769,.T.);
#16767 = VERTEX_POINT('',#16768);
#16768 = CARTESIAN_POINT('',(57.35288568297,-176.,814.80032679971));
#16769 = LINE('',#16770,#16771);
#16770 = CARTESIAN_POINT('',(65.14711431703,-176.,819.30032679971));
#16771 = VECTOR('',#16772,1.);
#16772 = DIRECTION('',(-0.866025403784,0.,-0.5));
#16773 = ORIENTED_EDGE('',*,*,#16774,.T.);
#16774 = EDGE_CURVE('',#16767,#16705,#16775,.T.);
#16775 = LINE('',#16776,#16777);
#16776 = CARTESIAN_POINT('',(57.35288568297,-176.,814.80032679971));
#16777 = VECTOR('',#16778,1.);
#16778 = DIRECTION('',(-0.5,0.,0.866025403784));
#16779 = ORIENTED_EDGE('',*,*,#16704,.F.);
#16780 = ORIENTED_EDGE('',*,*,#15908,.F.);
#16781 = PLANE('',#16782);
#16782 = AXIS2_PLACEMENT_3D('',#16783,#16784,#16785);
#16783 = CARTESIAN_POINT('',(65.14711431703,-176.,819.30032679971));
#16784 = DIRECTION('',(0.,1.,0.));
#16785 = DIRECTION('',(-0.866025403784,0.,-0.5));
#16786 = ADVANCED_FACE('',(#16787),#16798,.F.);
#16787 = FACE_BOUND('',#16788,.F.);
#16788 = EDGE_LOOP('',(#16789,#16790,#16796,#16797));
#16789 = ORIENTED_EDGE('',*,*,#16758,.F.);
#16790 = ORIENTED_EDGE('',*,*,#16791,.F.);
#16791 = EDGE_CURVE('',#16727,#16759,#16792,.T.);
#16792 = LINE('',#16793,#16794);
#16793 = CARTESIAN_POINT('',(65.14711431703,-194.,819.30032679971));
#16794 = VECTOR('',#16795,1.);
#16795 = DIRECTION('',(0.,1.,0.));
#16796 = ORIENTED_EDGE('',*,*,#16726,.T.);
#16797 = ORIENTED_EDGE('',*,*,#15900,.T.);
#16798 = PLANE('',#16799);
#16799 = AXIS2_PLACEMENT_3D('',#16800,#16801,#16802);
#16800 = CARTESIAN_POINT('',(65.14711431703,-194.,819.30032679971));
#16801 = DIRECTION('',(-0.866025403784,0.,-0.5));
#16802 = DIRECTION('',(-0.5,0.,0.866025403784));
#16803 = ADVANCED_FACE('',(#16804),#16837,.F.);
#16804 = FACE_BOUND('',#16805,.F.);
#16805 = EDGE_LOOP('',(#16806,#16814,#16815,#16823,#16831));
#16806 = ORIENTED_EDGE('',*,*,#16807,.F.);
#16807 = EDGE_CURVE('',#15920,#16808,#16810,.T.);
#16808 = VERTEX_POINT('',#16809);
#16809 = CARTESIAN_POINT('',(46.637236194139,-194.,838.24326428533));
#16810 = LINE('',#16811,#16812);
#16811 = CARTESIAN_POINT('',(55.094469781212,-194.,835.1650829954));
#16812 = VECTOR('',#16813,1.);
#16813 = DIRECTION('',(-0.939692620786,0.,0.342020143326));
#16814 = ORIENTED_EDGE('',*,*,#15917,.F.);
#16815 = ORIENTED_EDGE('',*,*,#16816,.T.);
#16816 = EDGE_CURVE('',#15918,#16817,#16819,.T.);
#16817 = VERTEX_POINT('',#16818);
#16818 = CARTESIAN_POINT('',(52.016288491281,-194.,826.70784940833));
#16819 = LINE('',#16820,#16821);
#16820 = CARTESIAN_POINT('',(55.094469781212,-194.,835.1650829954));
#16821 = VECTOR('',#16822,1.);
#16822 = DIRECTION('',(-0.342020143326,0.,-0.939692620786));
#16823 = ORIENTED_EDGE('',*,*,#16824,.T.);
#16824 = EDGE_CURVE('',#16817,#16825,#16827,.T.);
#16825 = VERTEX_POINT('',#16826);
#16826 = CARTESIAN_POINT('',(43.559054904208,-194.,829.78603069826));
#16827 = LINE('',#16828,#16829);
#16828 = CARTESIAN_POINT('',(52.016288491281,-194.,826.70784940833));
#16829 = VECTOR('',#16830,1.);
#16830 = DIRECTION('',(-0.939692620786,0.,0.342020143326));
#16831 = ORIENTED_EDGE('',*,*,#16832,.F.);
#16832 = EDGE_CURVE('',#16808,#16825,#16833,.T.);
#16833 = LINE('',#16834,#16835);
#16834 = CARTESIAN_POINT('',(46.637236194139,-194.,838.24326428533));
#16835 = VECTOR('',#16836,1.);
#16836 = DIRECTION('',(-0.342020143326,0.,-0.939692620786));
#16837 = PLANE('',#16838);
#16838 = AXIS2_PLACEMENT_3D('',#16839,#16840,#16841);
#16839 = CARTESIAN_POINT('',(55.094469781212,-194.,835.1650829954));
#16840 = DIRECTION('',(0.,1.,0.));
#16841 = DIRECTION('',(-0.342020143326,0.,-0.939692620786));
#16842 = ADVANCED_FACE('',(#16843),#16861,.F.);
#16843 = FACE_BOUND('',#16844,.F.);
#16844 = EDGE_LOOP('',(#16845,#16846,#16847,#16855));
#16845 = ORIENTED_EDGE('',*,*,#16816,.F.);
#16846 = ORIENTED_EDGE('',*,*,#15928,.T.);
#16847 = ORIENTED_EDGE('',*,*,#16848,.T.);
#16848 = EDGE_CURVE('',#15929,#16849,#16851,.T.);
#16849 = VERTEX_POINT('',#16850);
#16850 = CARTESIAN_POINT('',(52.016288491281,-176.,826.70784940833));
#16851 = LINE('',#16852,#16853);
#16852 = CARTESIAN_POINT('',(55.094469781212,-176.,835.1650829954));
#16853 = VECTOR('',#16854,1.);
#16854 = DIRECTION('',(-0.342020143326,0.,-0.939692620786));
#16855 = ORIENTED_EDGE('',*,*,#16856,.F.);
#16856 = EDGE_CURVE('',#16817,#16849,#16857,.T.);
#16857 = LINE('',#16858,#16859);
#16858 = CARTESIAN_POINT('',(52.016288491281,-194.,826.70784940833));
#16859 = VECTOR('',#16860,1.);
#16860 = DIRECTION('',(0.,1.,0.));
#16861 = PLANE('',#16862);
#16862 = AXIS2_PLACEMENT_3D('',#16863,#16864,#16865);
#16863 = CARTESIAN_POINT('',(55.094469781212,-194.,835.1650829954));
#16864 = DIRECTION('',(-0.939692620786,0.,0.342020143326));
#16865 = DIRECTION('',(-0.342020143326,0.,-0.939692620786));
#16866 = ADVANCED_FACE('',(#16867),#16885,.F.);
#16867 = FACE_BOUND('',#16868,.F.);
#16868 = EDGE_LOOP('',(#16869,#16877,#16878,#16879));
#16869 = ORIENTED_EDGE('',*,*,#16870,.F.);
#16870 = EDGE_CURVE('',#15937,#16871,#16873,.T.);
#16871 = VERTEX_POINT('',#16872);
#16872 = CARTESIAN_POINT('',(46.637236194139,-176.,838.24326428533));
#16873 = LINE('',#16874,#16875);
#16874 = CARTESIAN_POINT('',(55.094469781212,-176.,835.1650829954));
#16875 = VECTOR('',#16876,1.);
#16876 = DIRECTION('',(-0.939692620786,0.,0.342020143326));
#16877 = ORIENTED_EDGE('',*,*,#15945,.F.);
#16878 = ORIENTED_EDGE('',*,*,#16807,.T.);
#16879 = ORIENTED_EDGE('',*,*,#16880,.T.);
#16880 = EDGE_CURVE('',#16808,#16871,#16881,.T.);
#16881 = LINE('',#16882,#16883);
#16882 = CARTESIAN_POINT('',(46.637236194139,-194.,838.24326428533));
#16883 = VECTOR('',#16884,1.);
#16884 = DIRECTION('',(0.,1.,0.));
#16885 = PLANE('',#16886);
#16886 = AXIS2_PLACEMENT_3D('',#16887,#16888,#16889);
#16887 = CARTESIAN_POINT('',(55.094469781212,-194.,835.1650829954));
#16888 = DIRECTION('',(-0.342020143326,0.,-0.939692620786));
#16889 = DIRECTION('',(-0.939692620786,0.,0.342020143326));
#16890 = ADVANCED_FACE('',(#16891),#16910,.T.);
#16891 = FACE_BOUND('',#16892,.T.);
#16892 = EDGE_LOOP('',(#16893,#16894,#16895,#16896,#16904));
#16893 = ORIENTED_EDGE('',*,*,#16870,.F.);
#16894 = ORIENTED_EDGE('',*,*,#15936,.F.);
#16895 = ORIENTED_EDGE('',*,*,#16848,.T.);
#16896 = ORIENTED_EDGE('',*,*,#16897,.T.);
#16897 = EDGE_CURVE('',#16849,#16898,#16900,.T.);
#16898 = VERTEX_POINT('',#16899);
#16899 = CARTESIAN_POINT('',(43.559054904208,-176.,829.78603069826));
#16900 = LINE('',#16901,#16902);
#16901 = CARTESIAN_POINT('',(52.016288491281,-176.,826.70784940833));
#16902 = VECTOR('',#16903,1.);
#16903 = DIRECTION('',(-0.939692620786,0.,0.342020143326));
#16904 = ORIENTED_EDGE('',*,*,#16905,.F.);
#16905 = EDGE_CURVE('',#16871,#16898,#16906,.T.);
#16906 = LINE('',#16907,#16908);
#16907 = CARTESIAN_POINT('',(46.637236194139,-176.,838.24326428533));
#16908 = VECTOR('',#16909,1.);
#16909 = DIRECTION('',(-0.342020143326,0.,-0.939692620786));
#16910 = PLANE('',#16911);
#16911 = AXIS2_PLACEMENT_3D('',#16912,#16913,#16914);
#16912 = CARTESIAN_POINT('',(55.094469781212,-176.,835.1650829954));
#16913 = DIRECTION('',(0.,1.,0.));
#16914 = DIRECTION('',(-0.342020143326,0.,-0.939692620786));
#16915 = ADVANCED_FACE('',(#16916),#16941,.F.);
#16916 = FACE_BOUND('',#16917,.F.);
#16917 = EDGE_LOOP('',(#16918,#16926,#16934,#16940));
#16918 = ORIENTED_EDGE('',*,*,#16919,.F.);
#16919 = EDGE_CURVE('',#16920,#15954,#16922,.T.);
#16920 = VERTEX_POINT('',#16921);
#16921 = CARTESIAN_POINT('',(52.016288491281,-194.,853.29215059166));
#16922 = LINE('',#16923,#16924);
#16923 = CARTESIAN_POINT('',(52.016288491281,-194.,853.29215059166));
#16924 = VECTOR('',#16925,1.);
#16925 = DIRECTION('',(0.342020143326,0.,-0.939692620786));
#16926 = ORIENTED_EDGE('',*,*,#16927,.T.);
#16927 = EDGE_CURVE('',#16920,#16928,#16930,.T.);
#16928 = VERTEX_POINT('',#16929);
#16929 = CARTESIAN_POINT('',(52.016288491281,-176.,853.29215059166));
#16930 = LINE('',#16931,#16932);
#16931 = CARTESIAN_POINT('',(52.016288491281,-194.,853.29215059166));
#16932 = VECTOR('',#16933,1.);
#16933 = DIRECTION('',(0.,1.,0.));
#16934 = ORIENTED_EDGE('',*,*,#16935,.T.);
#16935 = EDGE_CURVE('',#16928,#15956,#16936,.T.);
#16936 = LINE('',#16937,#16938);
#16937 = CARTESIAN_POINT('',(52.016288491281,-176.,853.29215059166));
#16938 = VECTOR('',#16939,1.);
#16939 = DIRECTION('',(0.342020143326,0.,-0.939692620786));
#16940 = ORIENTED_EDGE('',*,*,#15953,.F.);
#16941 = PLANE('',#16942);
#16942 = AXIS2_PLACEMENT_3D('',#16943,#16944,#16945);
#16943 = CARTESIAN_POINT('',(52.016288491281,-194.,853.29215059166));
#16944 = DIRECTION('',(-0.939692620786,0.,-0.342020143326));
#16945 = DIRECTION('',(0.342020143326,0.,-0.939692620786));
#16946 = ADVANCED_FACE('',(#16947),#16973,.F.);
#16947 = FACE_BOUND('',#16948,.F.);
#16948 = EDGE_LOOP('',(#16949,#16959,#16965,#16966,#16967));
#16949 = ORIENTED_EDGE('',*,*,#16950,.F.);
#16950 = EDGE_CURVE('',#16951,#16953,#16955,.T.);
#16951 = VERTEX_POINT('',#16952);
#16952 = CARTESIAN_POINT('',(43.559054904208,-194.,850.21396930173));
#16953 = VERTEX_POINT('',#16954);
#16954 = CARTESIAN_POINT('',(46.637236194139,-194.,841.75673571466));
#16955 = LINE('',#16956,#16957);
#16956 = CARTESIAN_POINT('',(43.559054904208,-194.,850.21396930173));
#16957 = VECTOR('',#16958,1.);
#16958 = DIRECTION('',(0.342020143326,0.,-0.939692620786));
#16959 = ORIENTED_EDGE('',*,*,#16960,.F.);
#16960 = EDGE_CURVE('',#16920,#16951,#16961,.T.);
#16961 = LINE('',#16962,#16963);
#16962 = CARTESIAN_POINT('',(52.016288491281,-194.,853.29215059166));
#16963 = VECTOR('',#16964,1.);
#16964 = DIRECTION('',(-0.939692620786,0.,-0.342020143326));
#16965 = ORIENTED_EDGE('',*,*,#16919,.T.);
#16966 = ORIENTED_EDGE('',*,*,#15963,.F.);
#16967 = ORIENTED_EDGE('',*,*,#16968,.T.);
#16968 = EDGE_CURVE('',#15964,#16953,#16969,.T.);
#16969 = LINE('',#16970,#16971);
#16970 = CARTESIAN_POINT('',(55.094469781212,-194.,844.83491700459));
#16971 = VECTOR('',#16972,1.);
#16972 = DIRECTION('',(-0.939692620786,0.,-0.342020143326));
#16973 = PLANE('',#16974);
#16974 = AXIS2_PLACEMENT_3D('',#16975,#16976,#16977);
#16975 = CARTESIAN_POINT('',(52.016288491281,-194.,853.29215059166));
#16976 = DIRECTION('',(0.,1.,0.));
#16977 = DIRECTION('',(0.342020143326,0.,-0.939692620786));
#16978 = ADVANCED_FACE('',(#16979),#17005,.T.);
#16979 = FACE_BOUND('',#16980,.T.);
#16980 = EDGE_LOOP('',(#16981,#16991,#16997,#16998,#16999));
#16981 = ORIENTED_EDGE('',*,*,#16982,.F.);
#16982 = EDGE_CURVE('',#16983,#16985,#16987,.T.);
#16983 = VERTEX_POINT('',#16984);
#16984 = CARTESIAN_POINT('',(43.559054904208,-176.,850.21396930173));
#16985 = VERTEX_POINT('',#16986);
#16986 = CARTESIAN_POINT('',(46.637236194139,-176.,841.75673571466));
#16987 = LINE('',#16988,#16989);
#16988 = CARTESIAN_POINT('',(43.559054904208,-176.,850.21396930173));
#16989 = VECTOR('',#16990,1.);
#16990 = DIRECTION('',(0.342020143326,0.,-0.939692620786));
#16991 = ORIENTED_EDGE('',*,*,#16992,.F.);
#16992 = EDGE_CURVE('',#16928,#16983,#16993,.T.);
#16993 = LINE('',#16994,#16995);
#16994 = CARTESIAN_POINT('',(52.016288491281,-176.,853.29215059166));
#16995 = VECTOR('',#16996,1.);
#16996 = DIRECTION('',(-0.939692620786,0.,-0.342020143326));
#16997 = ORIENTED_EDGE('',*,*,#16935,.T.);
#16998 = ORIENTED_EDGE('',*,*,#15980,.F.);
#16999 = ORIENTED_EDGE('',*,*,#17000,.T.);
#17000 = EDGE_CURVE('',#15973,#16985,#17001,.T.);
#17001 = LINE('',#17002,#17003);
#17002 = CARTESIAN_POINT('',(55.094469781212,-176.,844.83491700459));
#17003 = VECTOR('',#17004,1.);
#17004 = DIRECTION('',(-0.939692620786,0.,-0.342020143326));
#17005 = PLANE('',#17006);
#17006 = AXIS2_PLACEMENT_3D('',#17007,#17008,#17009);
#17007 = CARTESIAN_POINT('',(52.016288491281,-176.,853.29215059166));
#17008 = DIRECTION('',(0.,1.,0.));
#17009 = DIRECTION('',(0.342020143326,0.,-0.939692620786));
#17010 = ADVANCED_FACE('',(#17011),#17022,.T.);
#17011 = FACE_BOUND('',#17012,.T.);
#17012 = EDGE_LOOP('',(#17013,#17014,#17015,#17016));
#17013 = ORIENTED_EDGE('',*,*,#17000,.F.);
#17014 = ORIENTED_EDGE('',*,*,#15972,.F.);
#17015 = ORIENTED_EDGE('',*,*,#16968,.T.);
#17016 = ORIENTED_EDGE('',*,*,#17017,.T.);
#17017 = EDGE_CURVE('',#16953,#16985,#17018,.T.);
#17018 = LINE('',#17019,#17020);
#17019 = CARTESIAN_POINT('',(46.637236194139,-194.,841.75673571466));
#17020 = VECTOR('',#17021,1.);
#17021 = DIRECTION('',(0.,1.,0.));
#17022 = PLANE('',#17023);
#17023 = AXIS2_PLACEMENT_3D('',#17024,#17025,#17026);
#17024 = CARTESIAN_POINT('',(55.094469781212,-194.,844.83491700459));
#17025 = DIRECTION('',(0.342020143326,0.,-0.939692620786));
#17026 = DIRECTION('',(-0.939692620786,0.,-0.342020143326));
#17027 = ADVANCED_FACE('',(#17028),#17061,.F.);
#17028 = FACE_BOUND('',#17029,.F.);
#17029 = EDGE_LOOP('',(#17030,#17038,#17046,#17054,#17060));
#17030 = ORIENTED_EDGE('',*,*,#17031,.F.);
#17031 = EDGE_CURVE('',#17032,#15990,#17034,.T.);
#17032 = VERTEX_POINT('',#17033);
#17033 = CARTESIAN_POINT('',(52.85288568297,-194.,857.40544456622));
#17034 = LINE('',#17035,#17036);
#17035 = CARTESIAN_POINT('',(52.85288568297,-194.,857.40544456622));
#17036 = VECTOR('',#17037,1.);
#17037 = DIRECTION('',(0.866025403784,0.,-0.5));
#17038 = ORIENTED_EDGE('',*,*,#17039,.F.);
#17039 = EDGE_CURVE('',#17040,#17032,#17042,.T.);
#17040 = VERTEX_POINT('',#17041);
#17041 = CARTESIAN_POINT('',(57.35288568297,-194.,865.19967320028));
#17042 = LINE('',#17043,#17044);
#17043 = CARTESIAN_POINT('',(57.35288568297,-194.,865.19967320028));
#17044 = VECTOR('',#17045,1.);
#17045 = DIRECTION('',(-0.5,0.,-0.866025403784));
#17046 = ORIENTED_EDGE('',*,*,#17047,.T.);
#17047 = EDGE_CURVE('',#17040,#17048,#17050,.T.);
#17048 = VERTEX_POINT('',#17049);
#17049 = CARTESIAN_POINT('',(65.14711431703,-194.,860.69967320028));
#17050 = LINE('',#17051,#17052);
#17051 = CARTESIAN_POINT('',(57.35288568297,-194.,865.19967320028));
#17052 = VECTOR('',#17053,1.);
#17053 = DIRECTION('',(0.866025403784,0.,-0.5));
#17054 = ORIENTED_EDGE('',*,*,#17055,.T.);
#17055 = EDGE_CURVE('',#17048,#15992,#17056,.T.);
#17056 = LINE('',#17057,#17058);
#17057 = CARTESIAN_POINT('',(65.14711431703,-194.,860.69967320028));
#17058 = VECTOR('',#17059,1.);
#17059 = DIRECTION('',(-0.5,0.,-0.866025403784));
#17060 = ORIENTED_EDGE('',*,*,#15989,.F.);
#17061 = PLANE('',#17062);
#17062 = AXIS2_PLACEMENT_3D('',#17063,#17064,#17065);
#17063 = CARTESIAN_POINT('',(57.35288568297,-194.,865.19967320028));
#17064 = DIRECTION('',(0.,1.,0.));
#17065 = DIRECTION('',(0.866025403784,0.,-0.5));
#17066 = ADVANCED_FACE('',(#17067),#17085,.T.);
#17067 = FACE_BOUND('',#17068,.T.);
#17068 = EDGE_LOOP('',(#17069,#17070,#17078,#17084));
#17069 = ORIENTED_EDGE('',*,*,#17031,.F.);
#17070 = ORIENTED_EDGE('',*,*,#17071,.T.);
#17071 = EDGE_CURVE('',#17032,#17072,#17074,.T.);
#17072 = VERTEX_POINT('',#17073);
#17073 = CARTESIAN_POINT('',(52.85288568297,-176.,857.40544456622));
#17074 = LINE('',#17075,#17076);
#17075 = CARTESIAN_POINT('',(52.85288568297,-194.,857.40544456622));
#17076 = VECTOR('',#17077,1.);
#17077 = DIRECTION('',(0.,1.,0.));
#17078 = ORIENTED_EDGE('',*,*,#17079,.T.);
#17079 = EDGE_CURVE('',#17072,#16001,#17080,.T.);
#17080 = LINE('',#17081,#17082);
#17081 = CARTESIAN_POINT('',(52.85288568297,-176.,857.40544456622));
#17082 = VECTOR('',#17083,1.);
#17083 = DIRECTION('',(0.866025403784,0.,-0.5));
#17084 = ORIENTED_EDGE('',*,*,#16000,.F.);
#17085 = PLANE('',#17086);
#17086 = AXIS2_PLACEMENT_3D('',#17087,#17088,#17089);
#17087 = CARTESIAN_POINT('',(52.85288568297,-194.,857.40544456622));
#17088 = DIRECTION('',(-0.5,0.,-0.866025403784));
#17089 = DIRECTION('',(0.866025403784,0.,-0.5));
#17090 = ADVANCED_FACE('',(#17091),#17109,.T.);
#17091 = FACE_BOUND('',#17092,.T.);
#17092 = EDGE_LOOP('',(#17093,#17101,#17107,#17108));
#17093 = ORIENTED_EDGE('',*,*,#17094,.F.);
#17094 = EDGE_CURVE('',#17095,#16009,#17097,.T.);
#17095 = VERTEX_POINT('',#17096);
#17096 = CARTESIAN_POINT('',(65.14711431703,-176.,860.69967320028));
#17097 = LINE('',#17098,#17099);
#17098 = CARTESIAN_POINT('',(65.14711431703,-176.,860.69967320028));
#17099 = VECTOR('',#17100,1.);
#17100 = DIRECTION('',(-0.5,0.,-0.866025403784));
#17101 = ORIENTED_EDGE('',*,*,#17102,.F.);
#17102 = EDGE_CURVE('',#17048,#17095,#17103,.T.);
#17103 = LINE('',#17104,#17105);
#17104 = CARTESIAN_POINT('',(65.14711431703,-194.,860.69967320028));
#17105 = VECTOR('',#17106,1.);
#17106 = DIRECTION('',(0.,1.,0.));
#17107 = ORIENTED_EDGE('',*,*,#17055,.T.);
#17108 = ORIENTED_EDGE('',*,*,#16017,.T.);
#17109 = PLANE('',#17110);
#17110 = AXIS2_PLACEMENT_3D('',#17111,#17112,#17113);
#17111 = CARTESIAN_POINT('',(65.14711431703,-194.,860.69967320028));
#17112 = DIRECTION('',(0.866025403784,0.,-0.5));
#17113 = DIRECTION('',(-0.5,0.,-0.866025403784));
#17114 = ADVANCED_FACE('',(#17115),#17134,.T.);
#17115 = FACE_BOUND('',#17116,.T.);
#17116 = EDGE_LOOP('',(#17117,#17118,#17126,#17132,#17133));
#17117 = ORIENTED_EDGE('',*,*,#17079,.F.);
#17118 = ORIENTED_EDGE('',*,*,#17119,.F.);
#17119 = EDGE_CURVE('',#17120,#17072,#17122,.T.);
#17120 = VERTEX_POINT('',#17121);
#17121 = CARTESIAN_POINT('',(57.35288568297,-176.,865.19967320028));
#17122 = LINE('',#17123,#17124);
#17123 = CARTESIAN_POINT('',(57.35288568297,-176.,865.19967320028));
#17124 = VECTOR('',#17125,1.);
#17125 = DIRECTION('',(-0.5,0.,-0.866025403784));
#17126 = ORIENTED_EDGE('',*,*,#17127,.T.);
#17127 = EDGE_CURVE('',#17120,#17095,#17128,.T.);
#17128 = LINE('',#17129,#17130);
#17129 = CARTESIAN_POINT('',(57.35288568297,-176.,865.19967320028));
#17130 = VECTOR('',#17131,1.);
#17131 = DIRECTION('',(0.866025403784,0.,-0.5));
#17132 = ORIENTED_EDGE('',*,*,#17094,.T.);
#17133 = ORIENTED_EDGE('',*,*,#16008,.F.);
#17134 = PLANE('',#17135);
#17135 = AXIS2_PLACEMENT_3D('',#17136,#17137,#17138);
#17136 = CARTESIAN_POINT('',(57.35288568297,-176.,865.19967320028));
#17137 = DIRECTION('',(0.,1.,0.));
#17138 = DIRECTION('',(0.866025403784,0.,-0.5));
#17139 = ADVANCED_FACE('',(#17140),#17165,.T.);
#17140 = FACE_BOUND('',#17141,.T.);
#17141 = EDGE_LOOP('',(#17142,#17150,#17151,#17159));
#17142 = ORIENTED_EDGE('',*,*,#17143,.F.);
#17143 = EDGE_CURVE('',#16033,#17144,#17146,.T.);
#17144 = VERTEX_POINT('',#17145);
#17145 = CARTESIAN_POINT('',(0.,49.,865.));
#17146 = LINE('',#17147,#17148);
#17147 = CARTESIAN_POINT('',(0.,49.,815.));
#17148 = VECTOR('',#17149,1.);
#17149 = DIRECTION('',(0.,0.,1.));
#17150 = ORIENTED_EDGE('',*,*,#16082,.T.);
#17151 = ORIENTED_EDGE('',*,*,#17152,.T.);
#17152 = EDGE_CURVE('',#16058,#17153,#17155,.T.);
#17153 = VERTEX_POINT('',#17154);
#17154 = CARTESIAN_POINT('',(0.,71.,865.));
#17155 = LINE('',#17156,#17157);
#17156 = CARTESIAN_POINT('',(0.,71.,815.));
#17157 = VECTOR('',#17158,1.);
#17158 = DIRECTION('',(0.,0.,1.));
#17159 = ORIENTED_EDGE('',*,*,#17160,.F.);
#17160 = EDGE_CURVE('',#17144,#17153,#17161,.T.);
#17161 = LINE('',#17162,#17163);
#17162 = CARTESIAN_POINT('',(0.,49.,865.));
#17163 = VECTOR('',#17164,1.);
#17164 = DIRECTION('',(0.,1.,0.));
#17165 = PLANE('',#17166);
#17166 = AXIS2_PLACEMENT_3D('',#17167,#17168,#17169);
#17167 = CARTESIAN_POINT('',(0.,49.,815.));
#17168 = DIRECTION('',(1.,0.,0.));
#17169 = DIRECTION('',(0.,0.,1.));
#17170 = ADVANCED_FACE('',(#17171),#17174,.T.);
#17171 = FACE_BOUND('',#17172,.T.);
#17172 = EDGE_LOOP('',(#17173));
#17173 = ORIENTED_EDGE('',*,*,#16074,.T.);
#17174 = PLANE('',#17175);
#17175 = AXIS2_PLACEMENT_3D('',#17176,#17177,#17178);
#17176 = CARTESIAN_POINT('',(0.,90.,840.));
#17177 = DIRECTION('',(0.,1.,0.));
#17178 = DIRECTION('',(0.,0.,1.));
#17179 = ADVANCED_FACE('',(#17180),#17240,.T.);
#17180 = FACE_BOUND('',#17181,.T.);
#17181 = EDGE_LOOP('',(#17182,#17190,#17198,#17206,#17215,#17224,#17232,
    #17238,#17239));
#17182 = ORIENTED_EDGE('',*,*,#17183,.F.);
#17183 = EDGE_CURVE('',#17184,#16050,#17186,.T.);
#17184 = VERTEX_POINT('',#17185);
#17185 = CARTESIAN_POINT('',(0.,71.,815.));
#17186 = LINE('',#17187,#17188);
#17187 = CARTESIAN_POINT('',(0.,71.,815.));
#17188 = VECTOR('',#17189,1.);
#17189 = DIRECTION('',(0.,0.,1.));
#17190 = ORIENTED_EDGE('',*,*,#17191,.F.);
#17191 = EDGE_CURVE('',#17192,#17184,#17194,.T.);
#17192 = VERTEX_POINT('',#17193);
#17193 = CARTESIAN_POINT('',(-76.,71.,815.));
#17194 = LINE('',#17195,#17196);
#17195 = CARTESIAN_POINT('',(-76.,71.,815.));
#17196 = VECTOR('',#17197,1.);
#17197 = DIRECTION('',(1.,0.,0.));
#17198 = ORIENTED_EDGE('',*,*,#17199,.T.);
#17199 = EDGE_CURVE('',#17192,#17200,#17202,.T.);
#17200 = VERTEX_POINT('',#17201);
#17201 = CARTESIAN_POINT('',(-76.,71.,827.35088935932));
#17202 = LINE('',#17203,#17204);
#17203 = CARTESIAN_POINT('',(-76.,71.,815.));
#17204 = VECTOR('',#17205,1.);
#17205 = DIRECTION('',(0.,0.,1.));
#17206 = ORIENTED_EDGE('',*,*,#17207,.F.);
#17207 = EDGE_CURVE('',#17208,#17200,#17210,.T.);
#17208 = VERTEX_POINT('',#17209);
#17209 = CARTESIAN_POINT('',(-70.,71.,854.));
#17210 = CIRCLE('',#17211,14.);
#17211 = AXIS2_PLACEMENT_3D('',#17212,#17213,#17214);
#17212 = CARTESIAN_POINT('',(-70.,71.,840.));
#17213 = DIRECTION('',(0.,1.,0.));
#17214 = DIRECTION('',(0.,0.,1.));
#17215 = ORIENTED_EDGE('',*,*,#17216,.F.);
#17216 = EDGE_CURVE('',#17217,#17208,#17219,.T.);
#17217 = VERTEX_POINT('',#17218);
#17218 = CARTESIAN_POINT('',(-76.,71.,852.64911064067));
#17219 = CIRCLE('',#17220,14.);
#17220 = AXIS2_PLACEMENT_3D('',#17221,#17222,#17223);
#17221 = CARTESIAN_POINT('',(-70.,71.,840.));
#17222 = DIRECTION('',(0.,1.,0.));
#17223 = DIRECTION('',(0.,0.,1.));
#17224 = ORIENTED_EDGE('',*,*,#17225,.T.);
#17225 = EDGE_CURVE('',#17217,#17226,#17228,.T.);
#17226 = VERTEX_POINT('',#17227);
#17227 = CARTESIAN_POINT('',(-76.,71.,865.));
#17228 = LINE('',#17229,#17230);
#17229 = CARTESIAN_POINT('',(-76.,71.,815.));
#17230 = VECTOR('',#17231,1.);
#17231 = DIRECTION('',(0.,0.,1.));
#17232 = ORIENTED_EDGE('',*,*,#17233,.T.);
#17233 = EDGE_CURVE('',#17226,#17153,#17234,.T.);
#17234 = LINE('',#17235,#17236);
#17235 = CARTESIAN_POINT('',(-76.,71.,865.));
#17236 = VECTOR('',#17237,1.);
#17237 = DIRECTION('',(1.,0.,0.));
#17238 = ORIENTED_EDGE('',*,*,#17152,.F.);
#17239 = ORIENTED_EDGE('',*,*,#16057,.F.);
#17240 = PLANE('',#17241);
#17241 = AXIS2_PLACEMENT_3D('',#17242,#17243,#17244);
#17242 = CARTESIAN_POINT('',(-76.,71.,815.));
#17243 = DIRECTION('',(0.,1.,0.));
#17244 = DIRECTION('',(0.,0.,1.));
#17245 = ADVANCED_FACE('',(#17246),#17264,.T.);
#17246 = FACE_BOUND('',#17247,.T.);
#17247 = EDGE_LOOP('',(#17248,#17249,#17257,#17263));
#17248 = ORIENTED_EDGE('',*,*,#16049,.F.);
#17249 = ORIENTED_EDGE('',*,*,#17250,.F.);
#17250 = EDGE_CURVE('',#17251,#16041,#17253,.T.);
#17251 = VERTEX_POINT('',#17252);
#17252 = CARTESIAN_POINT('',(0.,49.,815.));
#17253 = LINE('',#17254,#17255);
#17254 = CARTESIAN_POINT('',(0.,49.,815.));
#17255 = VECTOR('',#17256,1.);
#17256 = DIRECTION('',(0.,0.,1.));
#17257 = ORIENTED_EDGE('',*,*,#17258,.T.);
#17258 = EDGE_CURVE('',#17251,#17184,#17259,.T.);
#17259 = LINE('',#17260,#17261);
#17260 = CARTESIAN_POINT('',(0.,49.,815.));
#17261 = VECTOR('',#17262,1.);
#17262 = DIRECTION('',(0.,1.,0.));
#17263 = ORIENTED_EDGE('',*,*,#17183,.T.);
#17264 = PLANE('',#17265);
#17265 = AXIS2_PLACEMENT_3D('',#17266,#17267,#17268);
#17266 = CARTESIAN_POINT('',(0.,49.,815.));
#17267 = DIRECTION('',(1.,0.,0.));
#17268 = DIRECTION('',(0.,0.,1.));
#17269 = ADVANCED_FACE('',(#17270),#17323,.F.);
#17270 = FACE_BOUND('',#17271,.F.);
#17271 = EDGE_LOOP('',(#17272,#17273,#17281,#17289,#17298,#17307,#17315,
    #17321,#17322));
#17272 = ORIENTED_EDGE('',*,*,#17250,.F.);
#17273 = ORIENTED_EDGE('',*,*,#17274,.F.);
#17274 = EDGE_CURVE('',#17275,#17251,#17277,.T.);
#17275 = VERTEX_POINT('',#17276);
#17276 = CARTESIAN_POINT('',(-76.,49.,815.));
#17277 = LINE('',#17278,#17279);
#17278 = CARTESIAN_POINT('',(-76.,49.,815.));
#17279 = VECTOR('',#17280,1.);
#17280 = DIRECTION('',(1.,0.,0.));
#17281 = ORIENTED_EDGE('',*,*,#17282,.T.);
#17282 = EDGE_CURVE('',#17275,#17283,#17285,.T.);
#17283 = VERTEX_POINT('',#17284);
#17284 = CARTESIAN_POINT('',(-76.,49.,827.35088935932));
#17285 = LINE('',#17286,#17287);
#17286 = CARTESIAN_POINT('',(-76.,49.,815.));
#17287 = VECTOR('',#17288,1.);
#17288 = DIRECTION('',(0.,0.,1.));
#17289 = ORIENTED_EDGE('',*,*,#17290,.F.);
#17290 = EDGE_CURVE('',#17291,#17283,#17293,.T.);
#17291 = VERTEX_POINT('',#17292);
#17292 = CARTESIAN_POINT('',(-70.,49.,854.));
#17293 = CIRCLE('',#17294,14.);
#17294 = AXIS2_PLACEMENT_3D('',#17295,#17296,#17297);
#17295 = CARTESIAN_POINT('',(-70.,49.,840.));
#17296 = DIRECTION('',(0.,1.,0.));
#17297 = DIRECTION('',(0.,0.,1.));
#17298 = ORIENTED_EDGE('',*,*,#17299,.F.);
#17299 = EDGE_CURVE('',#17300,#17291,#17302,.T.);
#17300 = VERTEX_POINT('',#17301);
#17301 = CARTESIAN_POINT('',(-76.,49.,852.64911064067));
#17302 = CIRCLE('',#17303,14.);
#17303 = AXIS2_PLACEMENT_3D('',#17304,#17305,#17306);
#17304 = CARTESIAN_POINT('',(-70.,49.,840.));
#17305 = DIRECTION('',(0.,1.,0.));
#17306 = DIRECTION('',(0.,0.,1.));
#17307 = ORIENTED_EDGE('',*,*,#17308,.T.);
#17308 = EDGE_CURVE('',#17300,#17309,#17311,.T.);
#17309 = VERTEX_POINT('',#17310);
#17310 = CARTESIAN_POINT('',(-76.,49.,865.));
#17311 = LINE('',#17312,#17313);
#17312 = CARTESIAN_POINT('',(-76.,49.,815.));
#17313 = VECTOR('',#17314,1.);
#17314 = DIRECTION('',(0.,0.,1.));
#17315 = ORIENTED_EDGE('',*,*,#17316,.T.);
#17316 = EDGE_CURVE('',#17309,#17144,#17317,.T.);
#17317 = LINE('',#17318,#17319);
#17318 = CARTESIAN_POINT('',(-76.,49.,865.));
#17319 = VECTOR('',#17320,1.);
#17320 = DIRECTION('',(1.,0.,0.));
#17321 = ORIENTED_EDGE('',*,*,#17143,.F.);
#17322 = ORIENTED_EDGE('',*,*,#16040,.F.);
#17323 = PLANE('',#17324);
#17324 = AXIS2_PLACEMENT_3D('',#17325,#17326,#17327);
#17325 = CARTESIAN_POINT('',(-76.,49.,815.));
#17326 = DIRECTION('',(0.,1.,0.));
#17327 = DIRECTION('',(0.,0.,1.));
#17328 = ADVANCED_FACE('',(#17329),#17340,.T.);
#17329 = FACE_BOUND('',#17330,.T.);
#17330 = EDGE_LOOP('',(#17331,#17337,#17338,#17339));
#17331 = ORIENTED_EDGE('',*,*,#17332,.F.);
#17332 = EDGE_CURVE('',#16106,#16190,#17333,.T.);
#17333 = LINE('',#17334,#17335);
#17334 = CARTESIAN_POINT('',(77.470477997726,-194.,866.87882225432));
#17335 = VECTOR('',#17336,1.);
#17336 = DIRECTION('',(0.,1.,0.));
#17337 = ORIENTED_EDGE('',*,*,#16113,.T.);
#17338 = ORIENTED_EDGE('',*,*,#16167,.T.);
#17339 = ORIENTED_EDGE('',*,*,#16197,.F.);
#17340 = PLANE('',#17341);
#17341 = AXIS2_PLACEMENT_3D('',#17342,#17343,#17344);
#17342 = CARTESIAN_POINT('',(77.470477997726,-194.,866.87882225432));
#17343 = DIRECTION('',(0.984807753012,0.,0.173648177667));
#17344 = DIRECTION('',(0.173648177667,0.,-0.984807753012));
#17345 = ADVANCED_FACE('',(#17346),#17352,.F.);
#17346 = FACE_BOUND('',#17347,.F.);
#17347 = EDGE_LOOP('',(#17348,#17349,#17350,#17351));
#17348 = ORIENTED_EDGE('',*,*,#16105,.F.);
#17349 = ORIENTED_EDGE('',*,*,#16215,.T.);
#17350 = ORIENTED_EDGE('',*,*,#16189,.T.);
#17351 = ORIENTED_EDGE('',*,*,#17332,.F.);
#17352 = PLANE('',#17353);
#17353 = AXIS2_PLACEMENT_3D('',#17354,#17355,#17356);
#17354 = CARTESIAN_POINT('',(68.607208220616,-194.,865.31598865532));
#17355 = DIRECTION('',(0.173648177667,0.,-0.984807753012));
#17356 = DIRECTION('',(0.984807753012,0.,0.173648177667));
#17357 = ADVANCED_FACE('',(#17358,#17361),#17372,.T.);
#17358 = FACE_BOUND('',#17359,.T.);
#17359 = EDGE_LOOP('',(#17360));
#17360 = ORIENTED_EDGE('',*,*,#16140,.T.);
#17361 = FACE_BOUND('',#17362,.T.);
#17362 = EDGE_LOOP('',(#17363));
#17363 = ORIENTED_EDGE('',*,*,#17364,.F.);
#17364 = EDGE_CURVE('',#17365,#17365,#17367,.T.);
#17365 = VERTEX_POINT('',#17366);
#17366 = CARTESIAN_POINT('',(70.,-195.,830.));
#17367 = CIRCLE('',#17368,10.);
#17368 = AXIS2_PLACEMENT_3D('',#17369,#17370,#17371);
#17369 = CARTESIAN_POINT('',(70.,-195.,840.));
#17370 = DIRECTION('',(0.,-1.,0.));
#17371 = DIRECTION('',(0.,0.,-1.));
#17372 = PLANE('',#17373);
#17373 = AXIS2_PLACEMENT_3D('',#17374,#17375,#17376);
#17374 = CARTESIAN_POINT('',(70.,-195.,840.));
#17375 = DIRECTION('',(0.,-1.,0.));
#17376 = DIRECTION('',(0.,0.,-1.));
#17377 = ADVANCED_FACE('',(#17378),#17389,.T.);
#17378 = FACE_BOUND('',#17379,.T.);
#17379 = EDGE_LOOP('',(#17380,#17381,#17382,#17383));
#17380 = ORIENTED_EDGE('',*,*,#16256,.F.);
#17381 = ORIENTED_EDGE('',*,*,#16304,.T.);
#17382 = ORIENTED_EDGE('',*,*,#16329,.T.);
#17383 = ORIENTED_EDGE('',*,*,#17384,.F.);
#17384 = EDGE_CURVE('',#16249,#16322,#17385,.T.);
#17385 = LINE('',#17386,#17387);
#17386 = CARTESIAN_POINT('',(93.192721986242,-194.,854.69598316355));
#17387 = VECTOR('',#17388,1.);
#17388 = DIRECTION('',(0.,1.,0.));
#17389 = PLANE('',#17390);
#17390 = AXIS2_PLACEMENT_3D('',#17391,#17392,#17393);
#17391 = CARTESIAN_POINT('',(87.407633499063,-194.,847.80158317547));
#17392 = DIRECTION('',(0.766044443119,0.,-0.642787609687));
#17393 = DIRECTION('',(0.642787609687,0.,0.766044443119));
#17394 = ADVANCED_FACE('',(#17395),#17401,.T.);
#17395 = FACE_BOUND('',#17396,.T.);
#17396 = EDGE_LOOP('',(#17397,#17398,#17399,#17400));
#17397 = ORIENTED_EDGE('',*,*,#16280,.F.);
#17398 = ORIENTED_EDGE('',*,*,#16248,.T.);
#17399 = ORIENTED_EDGE('',*,*,#17384,.T.);
#17400 = ORIENTED_EDGE('',*,*,#16321,.F.);
#17401 = PLANE('',#17402);
#17402 = AXIS2_PLACEMENT_3D('',#17403,#17404,#17405);
#17403 = CARTESIAN_POINT('',(86.298321998172,-194.,860.48107165072));
#17404 = DIRECTION('',(0.642787609687,0.,0.766044443119));
#17405 = DIRECTION('',(0.766044443119,0.,-0.642787609687));
#17406 = ADVANCED_FACE('',(#17407),#17423,.T.);
#17407 = FACE_BOUND('',#17408,.T.);
#17408 = EDGE_LOOP('',(#17409,#17410,#17416,#17417));
#17409 = ORIENTED_EDGE('',*,*,#16343,.F.);
#17410 = ORIENTED_EDGE('',*,*,#17411,.T.);
#17411 = EDGE_CURVE('',#16344,#16439,#17412,.T.);
#17412 = LINE('',#17413,#17414);
#17413 = CARTESIAN_POINT('',(96.5,-194.,835.5));
#17414 = VECTOR('',#17415,1.);
#17415 = DIRECTION('',(0.,1.,0.));
#17416 = ORIENTED_EDGE('',*,*,#16438,.T.);
#17417 = ORIENTED_EDGE('',*,*,#17418,.F.);
#17418 = EDGE_CURVE('',#16346,#16441,#17419,.T.);
#17419 = LINE('',#17420,#17421);
#17420 = CARTESIAN_POINT('',(96.5,-194.,844.5));
#17421 = VECTOR('',#17422,1.);
#17422 = DIRECTION('',(0.,1.,0.));
#17423 = PLANE('',#17424);
#17424 = AXIS2_PLACEMENT_3D('',#17425,#17426,#17427);
#17425 = CARTESIAN_POINT('',(96.5,-194.,835.5));
#17426 = DIRECTION('',(1.,0.,0.));
#17427 = DIRECTION('',(0.,0.,1.));
#17428 = ADVANCED_FACE('',(#17429),#17435,.T.);
#17429 = FACE_BOUND('',#17430,.T.);
#17430 = EDGE_LOOP('',(#17431,#17432,#17433,#17434));
#17431 = ORIENTED_EDGE('',*,*,#16400,.F.);
#17432 = ORIENTED_EDGE('',*,*,#16376,.T.);
#17433 = ORIENTED_EDGE('',*,*,#17418,.T.);
#17434 = ORIENTED_EDGE('',*,*,#16457,.F.);
#17435 = PLANE('',#17436);
#17436 = AXIS2_PLACEMENT_3D('',#17437,#17438,#17439);
#17437 = CARTESIAN_POINT('',(87.5,-194.,844.5));
#17438 = DIRECTION('',(0.,0.,1.));
#17439 = DIRECTION('',(1.,0.,0.));
#17440 = ADVANCED_FACE('',(#17441),#17447,.F.);
#17441 = FACE_BOUND('',#17442,.F.);
#17442 = EDGE_LOOP('',(#17443,#17444,#17445,#17446));
#17443 = ORIENTED_EDGE('',*,*,#16415,.F.);
#17444 = ORIENTED_EDGE('',*,*,#16353,.T.);
#17445 = ORIENTED_EDGE('',*,*,#17411,.T.);
#17446 = ORIENTED_EDGE('',*,*,#16448,.F.);
#17447 = PLANE('',#17448);
#17448 = AXIS2_PLACEMENT_3D('',#17449,#17450,#17451);
#17449 = CARTESIAN_POINT('',(87.5,-194.,835.5));
#17450 = DIRECTION('',(0.,0.,1.));
#17451 = DIRECTION('',(1.,0.,0.));
#17452 = ADVANCED_FACE('',(#17453),#17464,.F.);
#17453 = FACE_BOUND('',#17454,.F.);
#17454 = EDGE_LOOP('',(#17455,#17456,#17457,#17463));
#17455 = ORIENTED_EDGE('',*,*,#16479,.F.);
#17456 = ORIENTED_EDGE('',*,*,#16566,.T.);
#17457 = ORIENTED_EDGE('',*,*,#17458,.T.);
#17458 = EDGE_CURVE('',#16559,#16503,#17459,.T.);
#17459 = LINE('',#17460,#17461);
#17460 = CARTESIAN_POINT('',(93.192721986242,-194.,825.30401683645));
#17461 = VECTOR('',#17462,1.);
#17462 = DIRECTION('',(0.,1.,0.));
#17463 = ORIENTED_EDGE('',*,*,#16512,.F.);
#17464 = PLANE('',#17465);
#17465 = AXIS2_PLACEMENT_3D('',#17466,#17467,#17468);
#17466 = CARTESIAN_POINT('',(86.298321998172,-194.,819.51892834927));
#17467 = DIRECTION('',(-0.642787609687,0.,0.766044443119));
#17468 = DIRECTION('',(0.766044443119,0.,0.642787609687));
#17469 = ADVANCED_FACE('',(#17470),#17476,.T.);
#17470 = FACE_BOUND('',#17471,.T.);
#17471 = EDGE_LOOP('',(#17472,#17473,#17474,#17475));
#17472 = ORIENTED_EDGE('',*,*,#16558,.F.);
#17473 = ORIENTED_EDGE('',*,*,#17458,.T.);
#17474 = ORIENTED_EDGE('',*,*,#16502,.T.);
#17475 = ORIENTED_EDGE('',*,*,#16544,.F.);
#17476 = PLANE('',#17477);
#17477 = AXIS2_PLACEMENT_3D('',#17478,#17479,#17480);
#17478 = CARTESIAN_POINT('',(93.192721986242,-194.,825.30401683645));
#17479 = DIRECTION('',(0.766044443119,0.,0.642787609687));
#17480 = DIRECTION('',(-0.642787609687,0.,0.766044443119));
#17481 = ADVANCED_FACE('',(#17482),#17493,.F.);
#17482 = FACE_BOUND('',#17483,.F.);
#17483 = EDGE_LOOP('',(#17484,#17485,#17491,#17492));
#17484 = ORIENTED_EDGE('',*,*,#16599,.F.);
#17485 = ORIENTED_EDGE('',*,*,#17486,.T.);
#17486 = EDGE_CURVE('',#16592,#16672,#17487,.T.);
#17487 = LINE('',#17488,#17489);
#17488 = CARTESIAN_POINT('',(77.470477997726,-194.,813.12117774567));
#17489 = VECTOR('',#17490,1.);
#17490 = DIRECTION('',(0.,1.,0.));
#17491 = ORIENTED_EDGE('',*,*,#16679,.T.);
#17492 = ORIENTED_EDGE('',*,*,#16654,.F.);
#17493 = PLANE('',#17494);
#17494 = AXIS2_PLACEMENT_3D('',#17495,#17496,#17497);
#17495 = CARTESIAN_POINT('',(77.470477997726,-194.,813.12117774567));
#17496 = DIRECTION('',(0.173648177667,0.,0.984807753012));
#17497 = DIRECTION('',(-0.984807753012,0.,0.173648177667));
#17498 = ADVANCED_FACE('',(#17499),#17505,.F.);
#17499 = FACE_BOUND('',#17500,.F.);
#17500 = EDGE_LOOP('',(#17501,#17502,#17503,#17504));
#17501 = ORIENTED_EDGE('',*,*,#17486,.F.);
#17502 = ORIENTED_EDGE('',*,*,#16591,.T.);
#17503 = ORIENTED_EDGE('',*,*,#16623,.T.);
#17504 = ORIENTED_EDGE('',*,*,#16671,.F.);
#17505 = PLANE('',#17506);
#17506 = AXIS2_PLACEMENT_3D('',#17507,#17508,#17509);
#17507 = CARTESIAN_POINT('',(77.470477997726,-194.,813.12117774567));
#17508 = DIRECTION('',(-0.984807753012,0.,0.173648177667));
#17509 = DIRECTION('',(0.173648177667,0.,0.984807753012));
#17510 = ADVANCED_FACE('',(#17511),#17522,.T.);
#17511 = FACE_BOUND('',#17512,.T.);
#17512 = EDGE_LOOP('',(#17513,#17519,#17520,#17521));
#17513 = ORIENTED_EDGE('',*,*,#17514,.F.);
#17514 = EDGE_CURVE('',#16735,#16767,#17515,.T.);
#17515 = LINE('',#17516,#17517);
#17516 = CARTESIAN_POINT('',(57.35288568297,-194.,814.80032679971));
#17517 = VECTOR('',#17518,1.);
#17518 = DIRECTION('',(0.,1.,0.));
#17519 = ORIENTED_EDGE('',*,*,#16742,.T.);
#17520 = ORIENTED_EDGE('',*,*,#16712,.T.);
#17521 = ORIENTED_EDGE('',*,*,#16774,.F.);
#17522 = PLANE('',#17523);
#17523 = AXIS2_PLACEMENT_3D('',#17524,#17525,#17526);
#17524 = CARTESIAN_POINT('',(57.35288568297,-194.,814.80032679971));
#17525 = DIRECTION('',(-0.866025403784,0.,-0.5));
#17526 = DIRECTION('',(-0.5,0.,0.866025403784));
#17527 = ADVANCED_FACE('',(#17528),#17534,.F.);
#17528 = FACE_BOUND('',#17529,.F.);
#17529 = EDGE_LOOP('',(#17530,#17531,#17532,#17533));
#17530 = ORIENTED_EDGE('',*,*,#16734,.F.);
#17531 = ORIENTED_EDGE('',*,*,#16791,.T.);
#17532 = ORIENTED_EDGE('',*,*,#16766,.T.);
#17533 = ORIENTED_EDGE('',*,*,#17514,.F.);
#17534 = PLANE('',#17535);
#17535 = AXIS2_PLACEMENT_3D('',#17536,#17537,#17538);
#17536 = CARTESIAN_POINT('',(65.14711431703,-194.,819.30032679971));
#17537 = DIRECTION('',(-0.5,0.,0.866025403784));
#17538 = DIRECTION('',(-0.866025403784,0.,-0.5));
#17539 = ADVANCED_FACE('',(#17540),#17551,.T.);
#17540 = FACE_BOUND('',#17541,.T.);
#17541 = EDGE_LOOP('',(#17542,#17543,#17544,#17545));
#17542 = ORIENTED_EDGE('',*,*,#16832,.F.);
#17543 = ORIENTED_EDGE('',*,*,#16880,.T.);
#17544 = ORIENTED_EDGE('',*,*,#16905,.T.);
#17545 = ORIENTED_EDGE('',*,*,#17546,.F.);
#17546 = EDGE_CURVE('',#16825,#16898,#17547,.T.);
#17547 = LINE('',#17548,#17549);
#17548 = CARTESIAN_POINT('',(43.559054904208,-194.,829.78603069826));
#17549 = VECTOR('',#17550,1.);
#17550 = DIRECTION('',(0.,1.,0.));
#17551 = PLANE('',#17552);
#17552 = AXIS2_PLACEMENT_3D('',#17553,#17554,#17555);
#17553 = CARTESIAN_POINT('',(46.637236194139,-194.,838.24326428533));
#17554 = DIRECTION('',(-0.939692620786,0.,0.342020143326));
#17555 = DIRECTION('',(-0.342020143326,0.,-0.939692620786));
#17556 = ADVANCED_FACE('',(#17557),#17563,.T.);
#17557 = FACE_BOUND('',#17558,.T.);
#17558 = EDGE_LOOP('',(#17559,#17560,#17561,#17562));
#17559 = ORIENTED_EDGE('',*,*,#16856,.F.);
#17560 = ORIENTED_EDGE('',*,*,#16824,.T.);
#17561 = ORIENTED_EDGE('',*,*,#17546,.T.);
#17562 = ORIENTED_EDGE('',*,*,#16897,.F.);
#17563 = PLANE('',#17564);
#17564 = AXIS2_PLACEMENT_3D('',#17565,#17566,#17567);
#17565 = CARTESIAN_POINT('',(52.016288491281,-194.,826.70784940833));
#17566 = DIRECTION('',(-0.342020143326,0.,-0.939692620786));
#17567 = DIRECTION('',(-0.939692620786,0.,0.342020143326));
#17568 = ADVANCED_FACE('',(#17569),#17580,.F.);
#17569 = FACE_BOUND('',#17570,.F.);
#17570 = EDGE_LOOP('',(#17571,#17572,#17573,#17579));
#17571 = ORIENTED_EDGE('',*,*,#16927,.F.);
#17572 = ORIENTED_EDGE('',*,*,#16960,.T.);
#17573 = ORIENTED_EDGE('',*,*,#17574,.T.);
#17574 = EDGE_CURVE('',#16951,#16983,#17575,.T.);
#17575 = LINE('',#17576,#17577);
#17576 = CARTESIAN_POINT('',(43.559054904208,-194.,850.21396930173));
#17577 = VECTOR('',#17578,1.);
#17578 = DIRECTION('',(0.,1.,0.));
#17579 = ORIENTED_EDGE('',*,*,#16992,.F.);
#17580 = PLANE('',#17581);
#17581 = AXIS2_PLACEMENT_3D('',#17582,#17583,#17584);
#17582 = CARTESIAN_POINT('',(52.016288491281,-194.,853.29215059166));
#17583 = DIRECTION('',(0.342020143326,0.,-0.939692620786));
#17584 = DIRECTION('',(-0.939692620786,0.,-0.342020143326));
#17585 = ADVANCED_FACE('',(#17586),#17592,.T.);
#17586 = FACE_BOUND('',#17587,.T.);
#17587 = EDGE_LOOP('',(#17588,#17589,#17590,#17591));
#17588 = ORIENTED_EDGE('',*,*,#16950,.F.);
#17589 = ORIENTED_EDGE('',*,*,#17574,.T.);
#17590 = ORIENTED_EDGE('',*,*,#16982,.T.);
#17591 = ORIENTED_EDGE('',*,*,#17017,.F.);
#17592 = PLANE('',#17593);
#17593 = AXIS2_PLACEMENT_3D('',#17594,#17595,#17596);
#17594 = CARTESIAN_POINT('',(43.559054904208,-194.,850.21396930173));
#17595 = DIRECTION('',(-0.939692620786,0.,-0.342020143326));
#17596 = DIRECTION('',(0.342020143326,0.,-0.939692620786));
#17597 = ADVANCED_FACE('',(#17598),#17609,.F.);
#17598 = FACE_BOUND('',#17599,.F.);
#17599 = EDGE_LOOP('',(#17600,#17601,#17607,#17608));
#17600 = ORIENTED_EDGE('',*,*,#17047,.F.);
#17601 = ORIENTED_EDGE('',*,*,#17602,.T.);
#17602 = EDGE_CURVE('',#17040,#17120,#17603,.T.);
#17603 = LINE('',#17604,#17605);
#17604 = CARTESIAN_POINT('',(57.35288568297,-194.,865.19967320028));
#17605 = VECTOR('',#17606,1.);
#17606 = DIRECTION('',(0.,1.,0.));
#17607 = ORIENTED_EDGE('',*,*,#17127,.T.);
#17608 = ORIENTED_EDGE('',*,*,#17102,.F.);
#17609 = PLANE('',#17610);
#17610 = AXIS2_PLACEMENT_3D('',#17611,#17612,#17613);
#17611 = CARTESIAN_POINT('',(57.35288568297,-194.,865.19967320028));
#17612 = DIRECTION('',(-0.5,0.,-0.866025403784));
#17613 = DIRECTION('',(0.866025403784,0.,-0.5));
#17614 = ADVANCED_FACE('',(#17615),#17621,.F.);
#17615 = FACE_BOUND('',#17616,.F.);
#17616 = EDGE_LOOP('',(#17617,#17618,#17619,#17620));
#17617 = ORIENTED_EDGE('',*,*,#17602,.F.);
#17618 = ORIENTED_EDGE('',*,*,#17039,.T.);
#17619 = ORIENTED_EDGE('',*,*,#17071,.T.);
#17620 = ORIENTED_EDGE('',*,*,#17119,.F.);
#17621 = PLANE('',#17622);
#17622 = AXIS2_PLACEMENT_3D('',#17623,#17624,#17625);
#17623 = CARTESIAN_POINT('',(57.35288568297,-194.,865.19967320028));
#17624 = DIRECTION('',(0.866025403784,0.,-0.5));
#17625 = DIRECTION('',(-0.5,0.,-0.866025403784));
#17626 = ADVANCED_FACE('',(#17627),#17638,.T.);
#17627 = FACE_BOUND('',#17628,.T.);
#17628 = EDGE_LOOP('',(#17629,#17635,#17636,#17637));
#17629 = ORIENTED_EDGE('',*,*,#17630,.F.);
#17630 = EDGE_CURVE('',#17309,#17226,#17631,.T.);
#17631 = LINE('',#17632,#17633);
#17632 = CARTESIAN_POINT('',(-76.,49.,865.));
#17633 = VECTOR('',#17634,1.);
#17634 = DIRECTION('',(0.,1.,0.));
#17635 = ORIENTED_EDGE('',*,*,#17316,.T.);
#17636 = ORIENTED_EDGE('',*,*,#17160,.T.);
#17637 = ORIENTED_EDGE('',*,*,#17233,.F.);
#17638 = PLANE('',#17639);
#17639 = AXIS2_PLACEMENT_3D('',#17640,#17641,#17642);
#17640 = CARTESIAN_POINT('',(-76.,49.,865.));
#17641 = DIRECTION('',(0.,0.,1.));
#17642 = DIRECTION('',(1.,0.,0.));
#17643 = ADVANCED_FACE('',(#17644),#17655,.F.);
#17644 = FACE_BOUND('',#17645,.F.);
#17645 = EDGE_LOOP('',(#17646,#17647,#17653,#17654));
#17646 = ORIENTED_EDGE('',*,*,#17308,.F.);
#17647 = ORIENTED_EDGE('',*,*,#17648,.T.);
#17648 = EDGE_CURVE('',#17300,#17217,#17649,.T.);
#17649 = LINE('',#17650,#17651);
#17650 = CARTESIAN_POINT('',(-76.,45.,852.64911064067));
#17651 = VECTOR('',#17652,1.);
#17652 = DIRECTION('',(0.,1.,0.));
#17653 = ORIENTED_EDGE('',*,*,#17225,.T.);
#17654 = ORIENTED_EDGE('',*,*,#17630,.F.);
#17655 = PLANE('',#17656);
#17656 = AXIS2_PLACEMENT_3D('',#17657,#17658,#17659);
#17657 = CARTESIAN_POINT('',(-76.,49.,815.));
#17658 = DIRECTION('',(1.,0.,0.));
#17659 = DIRECTION('',(0.,0.,1.));
#17660 = ADVANCED_FACE('',(#17661),#17706,.T.);
#17661 = FACE_BOUND('',#17662,.T.);
#17662 = EDGE_LOOP('',(#17663,#17664,#17672,#17679,#17680,#17681,#17687,
    #17688,#17696,#17703,#17704,#17705));
#17663 = ORIENTED_EDGE('',*,*,#17216,.T.);
#17664 = ORIENTED_EDGE('',*,*,#17665,.T.);
#17665 = EDGE_CURVE('',#17208,#17666,#17668,.T.);
#17666 = VERTEX_POINT('',#17667);
#17667 = CARTESIAN_POINT('',(-70.,175.,854.));
#17668 = LINE('',#17669,#17670);
#17669 = CARTESIAN_POINT('',(-70.,45.,854.));
#17670 = VECTOR('',#17671,1.);
#17671 = DIRECTION('',(0.,1.,0.));
#17672 = ORIENTED_EDGE('',*,*,#17673,.F.);
#17673 = EDGE_CURVE('',#17666,#17666,#17674,.T.);
#17674 = CIRCLE('',#17675,14.);
#17675 = AXIS2_PLACEMENT_3D('',#17676,#17677,#17678);
#17676 = CARTESIAN_POINT('',(-70.,175.,840.));
#17677 = DIRECTION('',(0.,1.,0.));
#17678 = DIRECTION('',(0.,0.,1.));
#17679 = ORIENTED_EDGE('',*,*,#17665,.F.);
#17680 = ORIENTED_EDGE('',*,*,#17207,.T.);
#17681 = ORIENTED_EDGE('',*,*,#17682,.F.);
#17682 = EDGE_CURVE('',#17283,#17200,#17683,.T.);
#17683 = LINE('',#17684,#17685);
#17684 = CARTESIAN_POINT('',(-76.,45.,827.35088935932));
#17685 = VECTOR('',#17686,1.);
#17686 = DIRECTION('',(0.,1.,0.));
#17687 = ORIENTED_EDGE('',*,*,#17290,.F.);
#17688 = ORIENTED_EDGE('',*,*,#17689,.F.);
#17689 = EDGE_CURVE('',#17690,#17291,#17692,.T.);
#17690 = VERTEX_POINT('',#17691);
#17691 = CARTESIAN_POINT('',(-70.,45.,854.));
#17692 = LINE('',#17693,#17694);
#17693 = CARTESIAN_POINT('',(-70.,45.,854.));
#17694 = VECTOR('',#17695,1.);
#17695 = DIRECTION('',(0.,1.,0.));
#17696 = ORIENTED_EDGE('',*,*,#17697,.T.);
#17697 = EDGE_CURVE('',#17690,#17690,#17698,.T.);
#17698 = CIRCLE('',#17699,14.);
#17699 = AXIS2_PLACEMENT_3D('',#17700,#17701,#17702);
#17700 = CARTESIAN_POINT('',(-70.,45.,840.));
#17701 = DIRECTION('',(0.,1.,0.));
#17702 = DIRECTION('',(0.,0.,1.));
#17703 = ORIENTED_EDGE('',*,*,#17689,.T.);
#17704 = ORIENTED_EDGE('',*,*,#17299,.F.);
#17705 = ORIENTED_EDGE('',*,*,#17648,.T.);
#17706 = CYLINDRICAL_SURFACE('',#17707,14.);
#17707 = AXIS2_PLACEMENT_3D('',#17708,#17709,#17710);
#17708 = CARTESIAN_POINT('',(-70.,45.,840.));
#17709 = DIRECTION('',(0.,1.,0.));
#17710 = DIRECTION('',(0.,0.,1.));
#17711 = ADVANCED_FACE('',(#17712),#17723,.F.);
#17712 = FACE_BOUND('',#17713,.F.);
#17713 = EDGE_LOOP('',(#17714,#17715,#17721,#17722));
#17714 = ORIENTED_EDGE('',*,*,#17282,.F.);
#17715 = ORIENTED_EDGE('',*,*,#17716,.T.);
#17716 = EDGE_CURVE('',#17275,#17192,#17717,.T.);
#17717 = LINE('',#17718,#17719);
#17718 = CARTESIAN_POINT('',(-76.,49.,815.));
#17719 = VECTOR('',#17720,1.);
#17720 = DIRECTION('',(0.,1.,0.));
#17721 = ORIENTED_EDGE('',*,*,#17199,.T.);
#17722 = ORIENTED_EDGE('',*,*,#17682,.F.);
#17723 = PLANE('',#17724);
#17724 = AXIS2_PLACEMENT_3D('',#17725,#17726,#17727);
#17725 = CARTESIAN_POINT('',(-76.,49.,815.));
#17726 = DIRECTION('',(1.,0.,0.));
#17727 = DIRECTION('',(0.,0.,1.));
#17728 = ADVANCED_FACE('',(#17729),#17735,.F.);
#17729 = FACE_BOUND('',#17730,.F.);
#17730 = EDGE_LOOP('',(#17731,#17732,#17733,#17734));
#17731 = ORIENTED_EDGE('',*,*,#17716,.F.);
#17732 = ORIENTED_EDGE('',*,*,#17274,.T.);
#17733 = ORIENTED_EDGE('',*,*,#17258,.T.);
#17734 = ORIENTED_EDGE('',*,*,#17191,.F.);
#17735 = PLANE('',#17736);
#17736 = AXIS2_PLACEMENT_3D('',#17737,#17738,#17739);
#17737 = CARTESIAN_POINT('',(-76.,49.,815.));
#17738 = DIRECTION('',(0.,0.,1.));
#17739 = DIRECTION('',(1.,0.,0.));
#17740 = ADVANCED_FACE('',(#17741),#17760,.T.);
#17741 = FACE_BOUND('',#17742,.T.);
#17742 = EDGE_LOOP('',(#17743,#17751,#17758,#17759));
#17743 = ORIENTED_EDGE('',*,*,#17744,.T.);
#17744 = EDGE_CURVE('',#17365,#17745,#17747,.T.);
#17745 = VERTEX_POINT('',#17746);
#17746 = CARTESIAN_POINT('',(70.,-219.,830.));
#17747 = LINE('',#17748,#17749);
#17748 = CARTESIAN_POINT('',(70.,-191.,830.));
#17749 = VECTOR('',#17750,1.);
#17750 = DIRECTION('',(0.,-1.,0.));
#17751 = ORIENTED_EDGE('',*,*,#17752,.F.);
#17752 = EDGE_CURVE('',#17745,#17745,#17753,.T.);
#17753 = CIRCLE('',#17754,10.);
#17754 = AXIS2_PLACEMENT_3D('',#17755,#17756,#17757);
#17755 = CARTESIAN_POINT('',(70.,-219.,840.));
#17756 = DIRECTION('',(0.,-1.,0.));
#17757 = DIRECTION('',(0.,0.,-1.));
#17758 = ORIENTED_EDGE('',*,*,#17744,.F.);
#17759 = ORIENTED_EDGE('',*,*,#17364,.T.);
#17760 = CYLINDRICAL_SURFACE('',#17761,10.);
#17761 = AXIS2_PLACEMENT_3D('',#17762,#17763,#17764);
#17762 = CARTESIAN_POINT('',(70.,-191.,840.));
#17763 = DIRECTION('',(0.,-1.,0.));
#17764 = DIRECTION('',(0.,0.,-1.));
#17765 = ADVANCED_FACE('',(#17766),#17769,.F.);
#17766 = FACE_BOUND('',#17767,.T.);
#17767 = EDGE_LOOP('',(#17768));
#17768 = ORIENTED_EDGE('',*,*,#17697,.F.);
#17769 = PLANE('',#17770);
#17770 = AXIS2_PLACEMENT_3D('',#17771,#17772,#17773);
#17771 = CARTESIAN_POINT('',(-70.,45.,840.));
#17772 = DIRECTION('',(0.,1.,0.));
#17773 = DIRECTION('',(0.,0.,1.));
#17774 = ADVANCED_FACE('',(#17775,#17786),#17789,.F.);
#17775 = FACE_BOUND('',#17776,.F.);
#17776 = EDGE_LOOP('',(#17777));
#17777 = ORIENTED_EDGE('',*,*,#17778,.T.);
#17778 = EDGE_CURVE('',#17779,#17779,#17781,.T.);
#17779 = VERTEX_POINT('',#17780);
#17780 = CARTESIAN_POINT('',(-70.,175.,858.));
#17781 = CIRCLE('',#17782,18.);
#17782 = AXIS2_PLACEMENT_3D('',#17783,#17784,#17785);
#17783 = CARTESIAN_POINT('',(-70.,175.,840.));
#17784 = DIRECTION('',(0.,1.,0.));
#17785 = DIRECTION('',(0.,0.,1.));
#17786 = FACE_BOUND('',#17787,.F.);
#17787 = EDGE_LOOP('',(#17788));
#17788 = ORIENTED_EDGE('',*,*,#17673,.F.);
#17789 = PLANE('',#17790);
#17790 = AXIS2_PLACEMENT_3D('',#17791,#17792,#17793);
#17791 = CARTESIAN_POINT('',(-70.,175.,840.));
#17792 = DIRECTION('',(0.,1.,0.));
#17793 = DIRECTION('',(0.,0.,1.));
#17794 = ADVANCED_FACE('',(#17795),#17798,.T.);
#17795 = FACE_BOUND('',#17796,.T.);
#17796 = EDGE_LOOP('',(#17797));
#17797 = ORIENTED_EDGE('',*,*,#17752,.T.);
#17798 = PLANE('',#17799);
#17799 = AXIS2_PLACEMENT_3D('',#17800,#17801,#17802);
#17800 = CARTESIAN_POINT('',(70.,-219.,840.));
#17801 = DIRECTION('',(0.,-1.,0.));
#17802 = DIRECTION('',(0.,0.,-1.));
#17803 = ADVANCED_FACE('',(#17804,#17882,#17918,#17954,#17990,#18026,
    #18062,#18098,#18134),#18170,.T.);
#17804 = FACE_BOUND('',#17805,.T.);
#17805 = EDGE_LOOP('',(#17806,#17817,#17825,#17834,#17842,#17849,#17850,
    #17859,#17867,#17874,#17880,#17881));
#17806 = ORIENTED_EDGE('',*,*,#17807,.F.);
#17807 = EDGE_CURVE('',#17808,#17810,#17812,.T.);
#17808 = VERTEX_POINT('',#17809);
#17809 = CARTESIAN_POINT('',(-70.10273389404,176.,857.99970682392));
#17810 = VERTEX_POINT('',#17811);
#17811 = CARTESIAN_POINT('',(-70.,176.,858.));
#17812 = CIRCLE('',#17813,18.);
#17813 = AXIS2_PLACEMENT_3D('',#17814,#17815,#17816);
#17814 = CARTESIAN_POINT('',(-70.,176.,840.));
#17815 = DIRECTION('',(0.,1.,0.));
#17816 = DIRECTION('',(0.,0.,1.));
#17817 = ORIENTED_EDGE('',*,*,#17818,.T.);
#17818 = EDGE_CURVE('',#17808,#17819,#17821,.T.);
#17819 = VERTEX_POINT('',#17820);
#17820 = CARTESIAN_POINT('',(-70.10273389404,194.,857.99970682392));
#17821 = LINE('',#17822,#17823);
#17822 = CARTESIAN_POINT('',(-70.10273389404,175.,857.99970682391));
#17823 = VECTOR('',#17824,1.);
#17824 = DIRECTION('',(0.,1.,0.));
#17825 = ORIENTED_EDGE('',*,*,#17826,.T.);
#17826 = EDGE_CURVE('',#17819,#17827,#17829,.T.);
#17827 = VERTEX_POINT('',#17828);
#17828 = CARTESIAN_POINT('',(-70.,194.,858.));
#17829 = CIRCLE('',#17830,18.);
#17830 = AXIS2_PLACEMENT_3D('',#17831,#17832,#17833);
#17831 = CARTESIAN_POINT('',(-70.,194.,840.));
#17832 = DIRECTION('',(0.,1.,0.));
#17833 = DIRECTION('',(0.,0.,1.));
#17834 = ORIENTED_EDGE('',*,*,#17835,.T.);
#17835 = EDGE_CURVE('',#17827,#17836,#17838,.T.);
#17836 = VERTEX_POINT('',#17837);
#17837 = CARTESIAN_POINT('',(-70.,195.,858.));
#17838 = LINE('',#17839,#17840);
#17839 = CARTESIAN_POINT('',(-70.,175.,858.));
#17840 = VECTOR('',#17841,1.);
#17841 = DIRECTION('',(0.,1.,0.));
#17842 = ORIENTED_EDGE('',*,*,#17843,.F.);
#17843 = EDGE_CURVE('',#17836,#17836,#17844,.T.);
#17844 = CIRCLE('',#17845,18.);
#17845 = AXIS2_PLACEMENT_3D('',#17846,#17847,#17848);
#17846 = CARTESIAN_POINT('',(-70.,195.,840.));
#17847 = DIRECTION('',(0.,1.,0.));
#17848 = DIRECTION('',(0.,0.,1.));
#17849 = ORIENTED_EDGE('',*,*,#17835,.F.);
#17850 = ORIENTED_EDGE('',*,*,#17851,.T.);
#17851 = EDGE_CURVE('',#17827,#17852,#17854,.T.);
#17852 = VERTEX_POINT('',#17853);
#17853 = CARTESIAN_POINT('',(-65.02745087602,194.,857.29953049102));
#17854 = CIRCLE('',#17855,18.);
#17855 = AXIS2_PLACEMENT_3D('',#17856,#17857,#17858);
#17856 = CARTESIAN_POINT('',(-70.,194.,840.));
#17857 = DIRECTION('',(0.,1.,0.));
#17858 = DIRECTION('',(0.,0.,1.));
#17859 = ORIENTED_EDGE('',*,*,#17860,.F.);
#17860 = EDGE_CURVE('',#17861,#17852,#17863,.T.);
#17861 = VERTEX_POINT('',#17862);
#17862 = CARTESIAN_POINT('',(-65.02745087602,176.,857.29953049102));
#17863 = LINE('',#17864,#17865);
#17864 = CARTESIAN_POINT('',(-65.02745087602,175.,857.29953049101));
#17865 = VECTOR('',#17866,1.);
#17866 = DIRECTION('',(0.,1.,0.));
#17867 = ORIENTED_EDGE('',*,*,#17868,.F.);
#17868 = EDGE_CURVE('',#17810,#17861,#17869,.T.);
#17869 = CIRCLE('',#17870,18.);
#17870 = AXIS2_PLACEMENT_3D('',#17871,#17872,#17873);
#17871 = CARTESIAN_POINT('',(-70.,176.,840.));
#17872 = DIRECTION('',(0.,1.,0.));
#17873 = DIRECTION('',(0.,0.,1.));
#17874 = ORIENTED_EDGE('',*,*,#17875,.F.);
#17875 = EDGE_CURVE('',#17779,#17810,#17876,.T.);
#17876 = LINE('',#17877,#17878);
#17877 = CARTESIAN_POINT('',(-70.,175.,858.));
#17878 = VECTOR('',#17879,1.);
#17879 = DIRECTION('',(0.,1.,0.));
#17880 = ORIENTED_EDGE('',*,*,#17778,.T.);
#17881 = ORIENTED_EDGE('',*,*,#17875,.T.);
#17882 = FACE_BOUND('',#17883,.T.);
#17883 = EDGE_LOOP('',(#17884,#17895,#17903,#17912));
#17884 = ORIENTED_EDGE('',*,*,#17885,.F.);
#17885 = EDGE_CURVE('',#17886,#17888,#17890,.T.);
#17886 = VERTEX_POINT('',#17887);
#17887 = CARTESIAN_POINT('',(-58.95878702827,176.,854.21589308179));
#17888 = VERTEX_POINT('',#17889);
#17889 = CARTESIAN_POINT('',(-54.81692777879,176.,849.66821172326));
#17890 = CIRCLE('',#17891,18.);
#17891 = AXIS2_PLACEMENT_3D('',#17892,#17893,#17894);
#17892 = CARTESIAN_POINT('',(-70.,176.,840.));
#17893 = DIRECTION('',(0.,1.,0.));
#17894 = DIRECTION('',(0.,0.,1.));
#17895 = ORIENTED_EDGE('',*,*,#17896,.T.);
#17896 = EDGE_CURVE('',#17886,#17897,#17899,.T.);
#17897 = VERTEX_POINT('',#17898);
#17898 = CARTESIAN_POINT('',(-58.95878702827,194.,854.21589308179));
#17899 = LINE('',#17900,#17901);
#17900 = CARTESIAN_POINT('',(-58.95878702827,175.,854.21589308179));
#17901 = VECTOR('',#17902,1.);
#17902 = DIRECTION('',(0.,1.,0.));
#17903 = ORIENTED_EDGE('',*,*,#17904,.T.);
#17904 = EDGE_CURVE('',#17897,#17905,#17907,.T.);
#17905 = VERTEX_POINT('',#17906);
#17906 = CARTESIAN_POINT('',(-54.81692777879,194.,849.66821172326));
#17907 = CIRCLE('',#17908,18.);
#17908 = AXIS2_PLACEMENT_3D('',#17909,#17910,#17911);
#17909 = CARTESIAN_POINT('',(-70.,194.,840.));
#17910 = DIRECTION('',(0.,1.,0.));
#17911 = DIRECTION('',(0.,0.,1.));
#17912 = ORIENTED_EDGE('',*,*,#17913,.F.);
#17913 = EDGE_CURVE('',#17888,#17905,#17914,.T.);
#17914 = LINE('',#17915,#17916);
#17915 = CARTESIAN_POINT('',(-54.8169277788,175.,849.66821172327));
#17916 = VECTOR('',#17917,1.);
#17917 = DIRECTION('',(0.,1.,0.));
#17918 = FACE_BOUND('',#17919,.T.);
#17919 = EDGE_LOOP('',(#17920,#17931,#17939,#17948));
#17920 = ORIENTED_EDGE('',*,*,#17921,.F.);
#17921 = EDGE_CURVE('',#17922,#17924,#17926,.T.);
#17922 = VERTEX_POINT('',#17923);
#17923 = CARTESIAN_POINT('',(-52.5,176.,844.21307488658));
#17924 = VERTEX_POINT('',#17925);
#17925 = CARTESIAN_POINT('',(-52.5,176.,835.78692511341));
#17926 = CIRCLE('',#17927,18.);
#17927 = AXIS2_PLACEMENT_3D('',#17928,#17929,#17930);
#17928 = CARTESIAN_POINT('',(-70.,176.,840.));
#17929 = DIRECTION('',(0.,1.,0.));
#17930 = DIRECTION('',(0.,0.,1.));
#17931 = ORIENTED_EDGE('',*,*,#17932,.T.);
#17932 = EDGE_CURVE('',#17922,#17933,#17935,.T.);
#17933 = VERTEX_POINT('',#17934);
#17934 = CARTESIAN_POINT('',(-52.5,194.,844.21307488658));
#17935 = LINE('',#17936,#17937);
#17936 = CARTESIAN_POINT('',(-52.5,175.,844.21307488658));
#17937 = VECTOR('',#17938,1.);
#17938 = DIRECTION('',(0.,1.,0.));
#17939 = ORIENTED_EDGE('',*,*,#17940,.T.);
#17940 = EDGE_CURVE('',#17933,#17941,#17943,.T.);
#17941 = VERTEX_POINT('',#17942);
#17942 = CARTESIAN_POINT('',(-52.5,194.,835.78692511341));
#17943 = CIRCLE('',#17944,18.);
#17944 = AXIS2_PLACEMENT_3D('',#17945,#17946,#17947);
#17945 = CARTESIAN_POINT('',(-70.,194.,840.));
#17946 = DIRECTION('',(0.,1.,0.));
#17947 = DIRECTION('',(0.,0.,1.));
#17948 = ORIENTED_EDGE('',*,*,#17949,.F.);
#17949 = EDGE_CURVE('',#17924,#17941,#17950,.T.);
#17950 = LINE('',#17951,#17952);
#17951 = CARTESIAN_POINT('',(-52.5,175.,835.78692511341));
#17952 = VECTOR('',#17953,1.);
#17953 = DIRECTION('',(0.,1.,0.));
#17954 = FACE_BOUND('',#17955,.T.);
#17955 = EDGE_LOOP('',(#17956,#17966,#17975,#17983));
#17956 = ORIENTED_EDGE('',*,*,#17957,.F.);
#17957 = EDGE_CURVE('',#17958,#17960,#17962,.T.);
#17958 = VERTEX_POINT('',#17959);
#17959 = CARTESIAN_POINT('',(-58.95878702827,176.,825.78410691819));
#17960 = VERTEX_POINT('',#17961);
#17961 = CARTESIAN_POINT('',(-58.95878702827,194.,825.78410691819));
#17962 = LINE('',#17963,#17964);
#17963 = CARTESIAN_POINT('',(-58.95878702827,175.,825.7841069182));
#17964 = VECTOR('',#17965,1.);
#17965 = DIRECTION('',(0.,1.,0.));
#17966 = ORIENTED_EDGE('',*,*,#17967,.F.);
#17967 = EDGE_CURVE('',#17968,#17958,#17970,.T.);
#17968 = VERTEX_POINT('',#17969);
#17969 = CARTESIAN_POINT('',(-54.81692777879,176.,830.33178827673));
#17970 = CIRCLE('',#17971,18.);
#17971 = AXIS2_PLACEMENT_3D('',#17972,#17973,#17974);
#17972 = CARTESIAN_POINT('',(-70.,176.,840.));
#17973 = DIRECTION('',(0.,1.,0.));
#17974 = DIRECTION('',(0.,0.,1.));
#17975 = ORIENTED_EDGE('',*,*,#17976,.T.);
#17976 = EDGE_CURVE('',#17968,#17977,#17979,.T.);
#17977 = VERTEX_POINT('',#17978);
#17978 = CARTESIAN_POINT('',(-54.81692777879,194.,830.33178827673));
#17979 = LINE('',#17980,#17981);
#17980 = CARTESIAN_POINT('',(-54.8169277788,175.,830.33178827673));
#17981 = VECTOR('',#17982,1.);
#17982 = DIRECTION('',(0.,1.,0.));
#17983 = ORIENTED_EDGE('',*,*,#17984,.T.);
#17984 = EDGE_CURVE('',#17977,#17960,#17985,.T.);
#17985 = CIRCLE('',#17986,18.);
#17986 = AXIS2_PLACEMENT_3D('',#17987,#17988,#17989);
#17987 = CARTESIAN_POINT('',(-70.,194.,840.));
#17988 = DIRECTION('',(0.,1.,0.));
#17989 = DIRECTION('',(0.,0.,1.));
#17990 = FACE_BOUND('',#17991,.T.);
#17991 = EDGE_LOOP('',(#17992,#18003,#18011,#18020));
#17992 = ORIENTED_EDGE('',*,*,#17993,.F.);
#17993 = EDGE_CURVE('',#17994,#17996,#17998,.T.);
#17994 = VERTEX_POINT('',#17995);
#17995 = CARTESIAN_POINT('',(-65.02745087605,176.,822.70046950898));
#17996 = VERTEX_POINT('',#17997);
#17997 = CARTESIAN_POINT('',(-70.10273389404,176.,822.00029317607));
#17998 = CIRCLE('',#17999,18.);
#17999 = AXIS2_PLACEMENT_3D('',#18000,#18001,#18002);
#18000 = CARTESIAN_POINT('',(-70.,176.,840.));
#18001 = DIRECTION('',(0.,1.,0.));
#18002 = DIRECTION('',(0.,0.,1.));
#18003 = ORIENTED_EDGE('',*,*,#18004,.T.);
#18004 = EDGE_CURVE('',#17994,#18005,#18007,.T.);
#18005 = VERTEX_POINT('',#18006);
#18006 = CARTESIAN_POINT('',(-65.02745087605,194.,822.70046950898));
#18007 = LINE('',#18008,#18009);
#18008 = CARTESIAN_POINT('',(-65.02745087603,175.,822.70046950898));
#18009 = VECTOR('',#18010,1.);
#18010 = DIRECTION('',(0.,1.,0.));
#18011 = ORIENTED_EDGE('',*,*,#18012,.T.);
#18012 = EDGE_CURVE('',#18005,#18013,#18015,.T.);
#18013 = VERTEX_POINT('',#18014);
#18014 = CARTESIAN_POINT('',(-70.10273389404,194.,822.00029317607));
#18015 = CIRCLE('',#18016,18.);
#18016 = AXIS2_PLACEMENT_3D('',#18017,#18018,#18019);
#18017 = CARTESIAN_POINT('',(-70.,194.,840.));
#18018 = DIRECTION('',(0.,1.,0.));
#18019 = DIRECTION('',(0.,0.,1.));
#18020 = ORIENTED_EDGE('',*,*,#18021,.F.);
#18021 = EDGE_CURVE('',#17996,#18013,#18022,.T.);
#18022 = LINE('',#18023,#18024);
#18023 = CARTESIAN_POINT('',(-70.10273389404,175.,822.00029317608));
#18024 = VECTOR('',#18025,1.);
#18025 = DIRECTION('',(0.,1.,0.));
#18026 = FACE_BOUND('',#18027,.T.);
#18027 = EDGE_LOOP('',(#18028,#18038,#18047,#18055));
#18028 = ORIENTED_EDGE('',*,*,#18029,.F.);
#18029 = EDGE_CURVE('',#18030,#18032,#18034,.T.);
#18030 = VERTEX_POINT('',#18031);
#18031 = CARTESIAN_POINT('',(-81.2865917601,176.,825.9781297096));
#18032 = VERTEX_POINT('',#18033);
#18033 = CARTESIAN_POINT('',(-81.2865917601,194.,825.9781297096));
#18034 = LINE('',#18035,#18036);
#18035 = CARTESIAN_POINT('',(-81.2865917601,175.,825.9781297096));
#18036 = VECTOR('',#18037,1.);
#18037 = DIRECTION('',(0.,1.,0.));
#18038 = ORIENTED_EDGE('',*,*,#18039,.F.);
#18039 = EDGE_CURVE('',#18040,#18030,#18042,.T.);
#18040 = VERTEX_POINT('',#18041);
#18041 = CARTESIAN_POINT('',(-77.30611709378,176.,823.54944824596));
#18042 = CIRCLE('',#18043,18.);
#18043 = AXIS2_PLACEMENT_3D('',#18044,#18045,#18046);
#18044 = CARTESIAN_POINT('',(-70.,176.,840.));
#18045 = DIRECTION('',(0.,1.,0.));
#18046 = DIRECTION('',(0.,0.,1.));
#18047 = ORIENTED_EDGE('',*,*,#18048,.T.);
#18048 = EDGE_CURVE('',#18040,#18049,#18051,.T.);
#18049 = VERTEX_POINT('',#18050);
#18050 = CARTESIAN_POINT('',(-77.30611709378,194.,823.54944824596));
#18051 = LINE('',#18052,#18053);
#18052 = CARTESIAN_POINT('',(-77.30611709379,175.,823.54944824597));
#18053 = VECTOR('',#18054,1.);
#18054 = DIRECTION('',(0.,1.,0.));
#18055 = ORIENTED_EDGE('',*,*,#18056,.T.);
#18056 = EDGE_CURVE('',#18049,#18032,#18057,.T.);
#18057 = CIRCLE('',#18058,18.);
#18058 = AXIS2_PLACEMENT_3D('',#18059,#18060,#18061);
#18059 = CARTESIAN_POINT('',(-70.,194.,840.));
#18060 = DIRECTION('',(0.,1.,0.));
#18061 = DIRECTION('',(0.,0.,1.));
#18062 = FACE_BOUND('',#18063,.T.);
#18063 = EDGE_LOOP('',(#18064,#18075,#18083,#18092));
#18064 = ORIENTED_EDGE('',*,*,#18065,.F.);
#18065 = EDGE_CURVE('',#18066,#18068,#18070,.T.);
#18066 = VERTEX_POINT('',#18067);
#18067 = CARTESIAN_POINT('',(-86.08577516513,176.,831.9223866559));
#18068 = VERTEX_POINT('',#18069);
#18069 = CARTESIAN_POINT('',(-87.58100456797,176.,836.13887602105));
#18070 = CIRCLE('',#18071,18.);
#18071 = AXIS2_PLACEMENT_3D('',#18072,#18073,#18074);
#18072 = CARTESIAN_POINT('',(-70.,176.,840.));
#18073 = DIRECTION('',(0.,1.,0.));
#18074 = DIRECTION('',(0.,0.,1.));
#18075 = ORIENTED_EDGE('',*,*,#18076,.T.);
#18076 = EDGE_CURVE('',#18066,#18077,#18079,.T.);
#18077 = VERTEX_POINT('',#18078);
#18078 = CARTESIAN_POINT('',(-86.08577516513,194.,831.9223866559));
#18079 = LINE('',#18080,#18081);
#18080 = CARTESIAN_POINT('',(-86.08577516513,175.,831.92238665589));
#18081 = VECTOR('',#18082,1.);
#18082 = DIRECTION('',(0.,1.,0.));
#18083 = ORIENTED_EDGE('',*,*,#18084,.T.);
#18084 = EDGE_CURVE('',#18077,#18085,#18087,.T.);
#18085 = VERTEX_POINT('',#18086);
#18086 = CARTESIAN_POINT('',(-87.58100456797,194.,836.13887602105));
#18087 = CIRCLE('',#18088,18.);
#18088 = AXIS2_PLACEMENT_3D('',#18089,#18090,#18091);
#18089 = CARTESIAN_POINT('',(-70.,194.,840.));
#18090 = DIRECTION('',(0.,1.,0.));
#18091 = DIRECTION('',(0.,0.,1.));
#18092 = ORIENTED_EDGE('',*,*,#18093,.F.);
#18093 = EDGE_CURVE('',#18068,#18085,#18094,.T.);
#18094 = LINE('',#18095,#18096);
#18095 = CARTESIAN_POINT('',(-87.58100456797,175.,836.13887602105));
#18096 = VECTOR('',#18097,1.);
#18097 = DIRECTION('',(0.,1.,0.));
#18098 = FACE_BOUND('',#18099,.T.);
#18099 = EDGE_LOOP('',(#18100,#18110,#18119,#18127));
#18100 = ORIENTED_EDGE('',*,*,#18101,.F.);
#18101 = EDGE_CURVE('',#18102,#18104,#18106,.T.);
#18102 = VERTEX_POINT('',#18103);
#18103 = CARTESIAN_POINT('',(-86.08577516513,176.,848.07761334411));
#18104 = VERTEX_POINT('',#18105);
#18105 = CARTESIAN_POINT('',(-86.08577516513,194.,848.07761334411));
#18106 = LINE('',#18107,#18108);
#18107 = CARTESIAN_POINT('',(-86.08577516513,175.,848.0776133441));
#18108 = VECTOR('',#18109,1.);
#18109 = DIRECTION('',(0.,1.,0.));
#18110 = ORIENTED_EDGE('',*,*,#18111,.F.);
#18111 = EDGE_CURVE('',#18112,#18102,#18114,.T.);
#18112 = VERTEX_POINT('',#18113);
#18113 = CARTESIAN_POINT('',(-87.58100456798,176.,843.86112397894));
#18114 = CIRCLE('',#18115,18.);
#18115 = AXIS2_PLACEMENT_3D('',#18116,#18117,#18118);
#18116 = CARTESIAN_POINT('',(-70.,176.,840.));
#18117 = DIRECTION('',(0.,1.,0.));
#18118 = DIRECTION('',(0.,0.,1.));
#18119 = ORIENTED_EDGE('',*,*,#18120,.T.);
#18120 = EDGE_CURVE('',#18112,#18121,#18123,.T.);
#18121 = VERTEX_POINT('',#18122);
#18122 = CARTESIAN_POINT('',(-87.58100456798,194.,843.86112397894));
#18123 = LINE('',#18124,#18125);
#18124 = CARTESIAN_POINT('',(-87.58100456797,175.,843.86112397894));
#18125 = VECTOR('',#18126,1.);
#18126 = DIRECTION('',(0.,1.,0.));
#18127 = ORIENTED_EDGE('',*,*,#18128,.T.);
#18128 = EDGE_CURVE('',#18121,#18104,#18129,.T.);
#18129 = CIRCLE('',#18130,18.);
#18130 = AXIS2_PLACEMENT_3D('',#18131,#18132,#18133);
#18131 = CARTESIAN_POINT('',(-70.,194.,840.));
#18132 = DIRECTION('',(0.,1.,0.));
#18133 = DIRECTION('',(0.,0.,1.));
#18134 = FACE_BOUND('',#18135,.T.);
#18135 = EDGE_LOOP('',(#18136,#18147,#18155,#18164));
#18136 = ORIENTED_EDGE('',*,*,#18137,.F.);
#18137 = EDGE_CURVE('',#18138,#18140,#18142,.T.);
#18138 = VERTEX_POINT('',#18139);
#18139 = CARTESIAN_POINT('',(-81.2865917601,176.,854.02187029039));
#18140 = VERTEX_POINT('',#18141);
#18141 = CARTESIAN_POINT('',(-77.30611709378,176.,856.45055175403));
#18142 = CIRCLE('',#18143,18.);
#18143 = AXIS2_PLACEMENT_3D('',#18144,#18145,#18146);
#18144 = CARTESIAN_POINT('',(-70.,176.,840.));
#18145 = DIRECTION('',(0.,1.,0.));
#18146 = DIRECTION('',(0.,0.,1.));
#18147 = ORIENTED_EDGE('',*,*,#18148,.T.);
#18148 = EDGE_CURVE('',#18138,#18149,#18151,.T.);
#18149 = VERTEX_POINT('',#18150);
#18150 = CARTESIAN_POINT('',(-81.2865917601,194.,854.02187029039));
#18151 = LINE('',#18152,#18153);
#18152 = CARTESIAN_POINT('',(-81.2865917601,175.,854.02187029039));
#18153 = VECTOR('',#18154,1.);
#18154 = DIRECTION('',(0.,1.,0.));
#18155 = ORIENTED_EDGE('',*,*,#18156,.T.);
#18156 = EDGE_CURVE('',#18149,#18157,#18159,.T.);
#18157 = VERTEX_POINT('',#18158);
#18158 = CARTESIAN_POINT('',(-77.30611709378,194.,856.45055175403));
#18159 = CIRCLE('',#18160,18.);
#18160 = AXIS2_PLACEMENT_3D('',#18161,#18162,#18163);
#18161 = CARTESIAN_POINT('',(-70.,194.,840.));
#18162 = DIRECTION('',(0.,1.,0.));
#18163 = DIRECTION('',(0.,0.,1.));
#18164 = ORIENTED_EDGE('',*,*,#18165,.F.);
#18165 = EDGE_CURVE('',#18140,#18157,#18166,.T.);
#18166 = LINE('',#18167,#18168);
#18167 = CARTESIAN_POINT('',(-77.30611709378,175.,856.45055175402));
#18168 = VECTOR('',#18169,1.);
#18169 = DIRECTION('',(0.,1.,0.));
#18170 = CYLINDRICAL_SURFACE('',#18171,18.);
#18171 = AXIS2_PLACEMENT_3D('',#18172,#18173,#18174);
#18172 = CARTESIAN_POINT('',(-70.,175.,840.));
#18173 = DIRECTION('',(0.,1.,0.));
#18174 = DIRECTION('',(0.,0.,1.));
#18175 = ADVANCED_FACE('',(#18176),#18210,.F.);
#18176 = FACE_BOUND('',#18177,.F.);
#18177 = EDGE_LOOP('',(#18178,#18186,#18194,#18202,#18208,#18209));
#18178 = ORIENTED_EDGE('',*,*,#18179,.F.);
#18179 = EDGE_CURVE('',#18180,#17808,#18182,.T.);
#18180 = VERTEX_POINT('',#18181);
#18181 = CARTESIAN_POINT('',(-71.39279177938,176.,865.31598865532));
#18182 = LINE('',#18183,#18184);
#18183 = CARTESIAN_POINT('',(-71.39279177938,176.,865.31598865532));
#18184 = VECTOR('',#18185,1.);
#18185 = DIRECTION('',(0.173648177667,0.,-0.984807753012));
#18186 = ORIENTED_EDGE('',*,*,#18187,.T.);
#18187 = EDGE_CURVE('',#18180,#18188,#18190,.T.);
#18188 = VERTEX_POINT('',#18189);
#18189 = CARTESIAN_POINT('',(-62.52952200227,176.,866.87882225432));
#18190 = LINE('',#18191,#18192);
#18191 = CARTESIAN_POINT('',(-71.39279177938,176.,865.31598865532));
#18192 = VECTOR('',#18193,1.);
#18193 = DIRECTION('',(0.984807753012,0.,0.173648177667));
#18194 = ORIENTED_EDGE('',*,*,#18195,.T.);
#18195 = EDGE_CURVE('',#18188,#18196,#18198,.T.);
#18196 = VERTEX_POINT('',#18197);
#18197 = CARTESIAN_POINT('',(-60.96668840327,176.,858.01555247721));
#18198 = LINE('',#18199,#18200);
#18199 = CARTESIAN_POINT('',(-62.52952200227,176.,866.87882225432));
#18200 = VECTOR('',#18201,1.);
#18201 = DIRECTION('',(0.173648177667,0.,-0.984807753012));
#18202 = ORIENTED_EDGE('',*,*,#18203,.F.);
#18203 = EDGE_CURVE('',#17861,#18196,#18204,.T.);
#18204 = LINE('',#18205,#18206);
#18205 = CARTESIAN_POINT('',(-69.82995818038,176.,856.45271887821));
#18206 = VECTOR('',#18207,1.);
#18207 = DIRECTION('',(0.984807753012,0.,0.173648177667));
#18208 = ORIENTED_EDGE('',*,*,#17868,.F.);
#18209 = ORIENTED_EDGE('',*,*,#17807,.F.);
#18210 = PLANE('',#18211);
#18211 = AXIS2_PLACEMENT_3D('',#18212,#18213,#18214);
#18212 = CARTESIAN_POINT('',(-71.39279177938,176.,865.31598865532));
#18213 = DIRECTION('',(0.,1.,0.));
#18214 = DIRECTION('',(0.984807753012,0.,0.173648177667));
#18215 = ADVANCED_FACE('',(#18216),#18234,.T.);
#18216 = FACE_BOUND('',#18217,.T.);
#18217 = EDGE_LOOP('',(#18218,#18219,#18220,#18228));
#18218 = ORIENTED_EDGE('',*,*,#18203,.F.);
#18219 = ORIENTED_EDGE('',*,*,#17860,.T.);
#18220 = ORIENTED_EDGE('',*,*,#18221,.T.);
#18221 = EDGE_CURVE('',#17852,#18222,#18224,.T.);
#18222 = VERTEX_POINT('',#18223);
#18223 = CARTESIAN_POINT('',(-60.96668840327,194.,858.01555247721));
#18224 = LINE('',#18225,#18226);
#18225 = CARTESIAN_POINT('',(-69.82995818038,194.,856.45271887821));
#18226 = VECTOR('',#18227,1.);
#18227 = DIRECTION('',(0.984807753012,0.,0.173648177667));
#18228 = ORIENTED_EDGE('',*,*,#18229,.F.);
#18229 = EDGE_CURVE('',#18196,#18222,#18230,.T.);
#18230 = LINE('',#18231,#18232);
#18231 = CARTESIAN_POINT('',(-60.96668840327,176.,858.01555247721));
#18232 = VECTOR('',#18233,1.);
#18233 = DIRECTION('',(0.,1.,0.));
#18234 = PLANE('',#18235);
#18235 = AXIS2_PLACEMENT_3D('',#18236,#18237,#18238);
#18236 = CARTESIAN_POINT('',(-69.82995818038,176.,856.45271887821));
#18237 = DIRECTION('',(0.173648177667,0.,-0.984807753012));
#18238 = DIRECTION('',(0.984807753012,0.,0.173648177667));
#18239 = ADVANCED_FACE('',(#18240),#18267,.T.);
#18240 = FACE_BOUND('',#18241,.T.);
#18241 = EDGE_LOOP('',(#18242,#18250,#18258,#18264,#18265,#18266));
#18242 = ORIENTED_EDGE('',*,*,#18243,.F.);
#18243 = EDGE_CURVE('',#18244,#17819,#18246,.T.);
#18244 = VERTEX_POINT('',#18245);
#18245 = CARTESIAN_POINT('',(-71.39279177938,194.,865.31598865532));
#18246 = LINE('',#18247,#18248);
#18247 = CARTESIAN_POINT('',(-71.39279177938,194.,865.31598865532));
#18248 = VECTOR('',#18249,1.);
#18249 = DIRECTION('',(0.173648177667,0.,-0.984807753012));
#18250 = ORIENTED_EDGE('',*,*,#18251,.T.);
#18251 = EDGE_CURVE('',#18244,#18252,#18254,.T.);
#18252 = VERTEX_POINT('',#18253);
#18253 = CARTESIAN_POINT('',(-62.52952200227,194.,866.87882225432));
#18254 = LINE('',#18255,#18256);
#18255 = CARTESIAN_POINT('',(-71.39279177938,194.,865.31598865532));
#18256 = VECTOR('',#18257,1.);
#18257 = DIRECTION('',(0.984807753012,0.,0.173648177667));
#18258 = ORIENTED_EDGE('',*,*,#18259,.T.);
#18259 = EDGE_CURVE('',#18252,#18222,#18260,.T.);
#18260 = LINE('',#18261,#18262);
#18261 = CARTESIAN_POINT('',(-62.52952200227,194.,866.87882225432));
#18262 = VECTOR('',#18263,1.);
#18263 = DIRECTION('',(0.173648177667,0.,-0.984807753012));
#18264 = ORIENTED_EDGE('',*,*,#18221,.F.);
#18265 = ORIENTED_EDGE('',*,*,#17851,.F.);
#18266 = ORIENTED_EDGE('',*,*,#17826,.F.);
#18267 = PLANE('',#18268);
#18268 = AXIS2_PLACEMENT_3D('',#18269,#18270,#18271);
#18269 = CARTESIAN_POINT('',(-71.39279177938,194.,865.31598865532));
#18270 = DIRECTION('',(0.,1.,0.));
#18271 = DIRECTION('',(0.984807753012,0.,0.173648177667));
#18272 = ADVANCED_FACE('',(#18273,#18276),#18287,.T.);
#18273 = FACE_BOUND('',#18274,.T.);
#18274 = EDGE_LOOP('',(#18275));
#18275 = ORIENTED_EDGE('',*,*,#17843,.T.);
#18276 = FACE_BOUND('',#18277,.T.);
#18277 = EDGE_LOOP('',(#18278));
#18278 = ORIENTED_EDGE('',*,*,#18279,.F.);
#18279 = EDGE_CURVE('',#18280,#18280,#18282,.T.);
#18280 = VERTEX_POINT('',#18281);
#18281 = CARTESIAN_POINT('',(-70.,195.,854.));
#18282 = CIRCLE('',#18283,14.);
#18283 = AXIS2_PLACEMENT_3D('',#18284,#18285,#18286);
#18284 = CARTESIAN_POINT('',(-70.,195.,840.));
#18285 = DIRECTION('',(0.,1.,0.));
#18286 = DIRECTION('',(0.,0.,1.));
#18287 = PLANE('',#18288);
#18288 = AXIS2_PLACEMENT_3D('',#18289,#18290,#18291);
#18289 = CARTESIAN_POINT('',(-70.,195.,840.));
#18290 = DIRECTION('',(0.,1.,0.));
#18291 = DIRECTION('',(0.,0.,1.));
#18292 = ADVANCED_FACE('',(#18293),#18304,.F.);
#18293 = FACE_BOUND('',#18294,.F.);
#18294 = EDGE_LOOP('',(#18295,#18296,#18302,#18303));
#18295 = ORIENTED_EDGE('',*,*,#18243,.F.);
#18296 = ORIENTED_EDGE('',*,*,#18297,.F.);
#18297 = EDGE_CURVE('',#18180,#18244,#18298,.T.);
#18298 = LINE('',#18299,#18300);
#18299 = CARTESIAN_POINT('',(-71.39279177938,176.,865.31598865532));
#18300 = VECTOR('',#18301,1.);
#18301 = DIRECTION('',(0.,1.,0.));
#18302 = ORIENTED_EDGE('',*,*,#18179,.T.);
#18303 = ORIENTED_EDGE('',*,*,#17818,.T.);
#18304 = PLANE('',#18305);
#18305 = AXIS2_PLACEMENT_3D('',#18306,#18307,#18308);
#18306 = CARTESIAN_POINT('',(-71.39279177938,176.,865.31598865532));
#18307 = DIRECTION('',(0.984807753012,0.,0.173648177667));
#18308 = DIRECTION('',(0.173648177667,0.,-0.984807753012));
#18309 = ADVANCED_FACE('',(#18310),#18343,.F.);
#18310 = FACE_BOUND('',#18311,.F.);
#18311 = EDGE_LOOP('',(#18312,#18320,#18321,#18329,#18337));
#18312 = ORIENTED_EDGE('',*,*,#18313,.F.);
#18313 = EDGE_CURVE('',#17888,#18314,#18316,.T.);
#18314 = VERTEX_POINT('',#18315);
#18315 = CARTESIAN_POINT('',(-52.59236650093,176.,847.80158317547));
#18316 = LINE('',#18317,#18318);
#18317 = CARTESIAN_POINT('',(-59.486766489,176.,853.58667166265));
#18318 = VECTOR('',#18319,1.);
#18319 = DIRECTION('',(0.766044443119,0.,-0.642787609687));
#18320 = ORIENTED_EDGE('',*,*,#17885,.F.);
#18321 = ORIENTED_EDGE('',*,*,#18322,.T.);
#18322 = EDGE_CURVE('',#17886,#18323,#18325,.T.);
#18323 = VERTEX_POINT('',#18324);
#18324 = CARTESIAN_POINT('',(-53.70167800182,176.,860.48107165072));
#18325 = LINE('',#18326,#18327);
#18326 = CARTESIAN_POINT('',(-59.486766489,176.,853.58667166265));
#18327 = VECTOR('',#18328,1.);
#18328 = DIRECTION('',(0.642787609687,0.,0.766044443119));
#18329 = ORIENTED_EDGE('',*,*,#18330,.T.);
#18330 = EDGE_CURVE('',#18323,#18331,#18333,.T.);
#18331 = VERTEX_POINT('',#18332);
#18332 = CARTESIAN_POINT('',(-46.80727801375,176.,854.69598316355));
#18333 = LINE('',#18334,#18335);
#18334 = CARTESIAN_POINT('',(-53.70167800182,176.,860.48107165072));
#18335 = VECTOR('',#18336,1.);
#18336 = DIRECTION('',(0.766044443119,0.,-0.642787609687));
#18337 = ORIENTED_EDGE('',*,*,#18338,.F.);
#18338 = EDGE_CURVE('',#18314,#18331,#18339,.T.);
#18339 = LINE('',#18340,#18341);
#18340 = CARTESIAN_POINT('',(-52.59236650093,176.,847.80158317547));
#18341 = VECTOR('',#18342,1.);
#18342 = DIRECTION('',(0.642787609687,0.,0.766044443119));
#18343 = PLANE('',#18344);
#18344 = AXIS2_PLACEMENT_3D('',#18345,#18346,#18347);
#18345 = CARTESIAN_POINT('',(-59.486766489,176.,853.58667166265));
#18346 = DIRECTION('',(0.,1.,0.));
#18347 = DIRECTION('',(0.642787609687,0.,0.766044443119));
#18348 = ADVANCED_FACE('',(#18349),#18367,.F.);
#18349 = FACE_BOUND('',#18350,.F.);
#18350 = EDGE_LOOP('',(#18351,#18352,#18353,#18361));
#18351 = ORIENTED_EDGE('',*,*,#18322,.F.);
#18352 = ORIENTED_EDGE('',*,*,#17896,.T.);
#18353 = ORIENTED_EDGE('',*,*,#18354,.T.);
#18354 = EDGE_CURVE('',#17897,#18355,#18357,.T.);
#18355 = VERTEX_POINT('',#18356);
#18356 = CARTESIAN_POINT('',(-53.70167800182,194.,860.48107165072));
#18357 = LINE('',#18358,#18359);
#18358 = CARTESIAN_POINT('',(-59.486766489,194.,853.58667166265));
#18359 = VECTOR('',#18360,1.);
#18360 = DIRECTION('',(0.642787609687,0.,0.766044443119));
#18361 = ORIENTED_EDGE('',*,*,#18362,.F.);
#18362 = EDGE_CURVE('',#18323,#18355,#18363,.T.);
#18363 = LINE('',#18364,#18365);
#18364 = CARTESIAN_POINT('',(-53.70167800182,176.,860.48107165072));
#18365 = VECTOR('',#18366,1.);
#18366 = DIRECTION('',(0.,1.,0.));
#18367 = PLANE('',#18368);
#18368 = AXIS2_PLACEMENT_3D('',#18369,#18370,#18371);
#18369 = CARTESIAN_POINT('',(-59.486766489,176.,853.58667166265));
#18370 = DIRECTION('',(0.766044443119,0.,-0.642787609687));
#18371 = DIRECTION('',(0.642787609687,0.,0.766044443119));
#18372 = ADVANCED_FACE('',(#18373),#18391,.F.);
#18373 = FACE_BOUND('',#18374,.F.);
#18374 = EDGE_LOOP('',(#18375,#18383,#18384,#18385));
#18375 = ORIENTED_EDGE('',*,*,#18376,.F.);
#18376 = EDGE_CURVE('',#17905,#18377,#18379,.T.);
#18377 = VERTEX_POINT('',#18378);
#18378 = CARTESIAN_POINT('',(-52.59236650093,194.,847.80158317547));
#18379 = LINE('',#18380,#18381);
#18380 = CARTESIAN_POINT('',(-59.486766489,194.,853.58667166265));
#18381 = VECTOR('',#18382,1.);
#18382 = DIRECTION('',(0.766044443119,0.,-0.642787609687));
#18383 = ORIENTED_EDGE('',*,*,#17913,.F.);
#18384 = ORIENTED_EDGE('',*,*,#18313,.T.);
#18385 = ORIENTED_EDGE('',*,*,#18386,.T.);
#18386 = EDGE_CURVE('',#18314,#18377,#18387,.T.);
#18387 = LINE('',#18388,#18389);
#18388 = CARTESIAN_POINT('',(-52.59236650093,176.,847.80158317547));
#18389 = VECTOR('',#18390,1.);
#18390 = DIRECTION('',(0.,1.,0.));
#18391 = PLANE('',#18392);
#18392 = AXIS2_PLACEMENT_3D('',#18393,#18394,#18395);
#18393 = CARTESIAN_POINT('',(-59.486766489,176.,853.58667166265));
#18394 = DIRECTION('',(0.642787609687,0.,0.766044443119));
#18395 = DIRECTION('',(0.766044443119,0.,-0.642787609687));
#18396 = ADVANCED_FACE('',(#18397),#18416,.T.);
#18397 = FACE_BOUND('',#18398,.T.);
#18398 = EDGE_LOOP('',(#18399,#18400,#18401,#18402,#18410));
#18399 = ORIENTED_EDGE('',*,*,#18376,.F.);
#18400 = ORIENTED_EDGE('',*,*,#17904,.F.);
#18401 = ORIENTED_EDGE('',*,*,#18354,.T.);
#18402 = ORIENTED_EDGE('',*,*,#18403,.T.);
#18403 = EDGE_CURVE('',#18355,#18404,#18406,.T.);
#18404 = VERTEX_POINT('',#18405);
#18405 = CARTESIAN_POINT('',(-46.80727801375,194.,854.69598316355));
#18406 = LINE('',#18407,#18408);
#18407 = CARTESIAN_POINT('',(-53.70167800182,194.,860.48107165072));
#18408 = VECTOR('',#18409,1.);
#18409 = DIRECTION('',(0.766044443119,0.,-0.642787609687));
#18410 = ORIENTED_EDGE('',*,*,#18411,.F.);
#18411 = EDGE_CURVE('',#18377,#18404,#18412,.T.);
#18412 = LINE('',#18413,#18414);
#18413 = CARTESIAN_POINT('',(-52.59236650093,194.,847.80158317547));
#18414 = VECTOR('',#18415,1.);
#18415 = DIRECTION('',(0.642787609687,0.,0.766044443119));
#18416 = PLANE('',#18417);
#18417 = AXIS2_PLACEMENT_3D('',#18418,#18419,#18420);
#18418 = CARTESIAN_POINT('',(-59.486766489,194.,853.58667166265));
#18419 = DIRECTION('',(0.,1.,0.));
#18420 = DIRECTION('',(0.642787609687,0.,0.766044443119));
#18421 = ADVANCED_FACE('',(#18422),#18463,.F.);
#18422 = FACE_BOUND('',#18423,.F.);
#18423 = EDGE_LOOP('',(#18424,#18434,#18442,#18448,#18449,#18457));
#18424 = ORIENTED_EDGE('',*,*,#18425,.F.);
#18425 = EDGE_CURVE('',#18426,#18428,#18430,.T.);
#18426 = VERTEX_POINT('',#18427);
#18427 = CARTESIAN_POINT('',(-43.5,176.,835.5));
#18428 = VERTEX_POINT('',#18429);
#18429 = CARTESIAN_POINT('',(-43.5,176.,844.5));
#18430 = LINE('',#18431,#18432);
#18431 = CARTESIAN_POINT('',(-43.5,176.,835.5));
#18432 = VECTOR('',#18433,1.);
#18433 = DIRECTION('',(0.,0.,1.));
#18434 = ORIENTED_EDGE('',*,*,#18435,.F.);
#18435 = EDGE_CURVE('',#18436,#18426,#18438,.T.);
#18436 = VERTEX_POINT('',#18437);
#18437 = CARTESIAN_POINT('',(-52.5,176.,835.5));
#18438 = LINE('',#18439,#18440);
#18439 = CARTESIAN_POINT('',(-52.5,176.,835.5));
#18440 = VECTOR('',#18441,1.);
#18441 = DIRECTION('',(1.,0.,0.));
#18442 = ORIENTED_EDGE('',*,*,#18443,.T.);
#18443 = EDGE_CURVE('',#18436,#17924,#18444,.T.);
#18444 = LINE('',#18445,#18446);
#18445 = CARTESIAN_POINT('',(-52.5,176.,835.5));
#18446 = VECTOR('',#18447,1.);
#18447 = DIRECTION('',(0.,0.,1.));
#18448 = ORIENTED_EDGE('',*,*,#17921,.F.);
#18449 = ORIENTED_EDGE('',*,*,#18450,.T.);
#18450 = EDGE_CURVE('',#17922,#18451,#18453,.T.);
#18451 = VERTEX_POINT('',#18452);
#18452 = CARTESIAN_POINT('',(-52.5,176.,844.5));
#18453 = LINE('',#18454,#18455);
#18454 = CARTESIAN_POINT('',(-52.5,176.,835.5));
#18455 = VECTOR('',#18456,1.);
#18456 = DIRECTION('',(0.,0.,1.));
#18457 = ORIENTED_EDGE('',*,*,#18458,.T.);
#18458 = EDGE_CURVE('',#18451,#18428,#18459,.T.);
#18459 = LINE('',#18460,#18461);
#18460 = CARTESIAN_POINT('',(-52.5,176.,844.5));
#18461 = VECTOR('',#18462,1.);
#18462 = DIRECTION('',(1.,0.,0.));
#18463 = PLANE('',#18464);
#18464 = AXIS2_PLACEMENT_3D('',#18465,#18466,#18467);
#18465 = CARTESIAN_POINT('',(-52.5,176.,835.5));
#18466 = DIRECTION('',(0.,1.,0.));
#18467 = DIRECTION('',(0.,0.,1.));
#18468 = ADVANCED_FACE('',(#18469),#18487,.F.);
#18469 = FACE_BOUND('',#18470,.F.);
#18470 = EDGE_LOOP('',(#18471,#18472,#18473,#18481));
#18471 = ORIENTED_EDGE('',*,*,#18450,.F.);
#18472 = ORIENTED_EDGE('',*,*,#17932,.T.);
#18473 = ORIENTED_EDGE('',*,*,#18474,.T.);
#18474 = EDGE_CURVE('',#17933,#18475,#18477,.T.);
#18475 = VERTEX_POINT('',#18476);
#18476 = CARTESIAN_POINT('',(-52.5,194.,844.5));
#18477 = LINE('',#18478,#18479);
#18478 = CARTESIAN_POINT('',(-52.5,194.,835.5));
#18479 = VECTOR('',#18480,1.);
#18480 = DIRECTION('',(0.,0.,1.));
#18481 = ORIENTED_EDGE('',*,*,#18482,.F.);
#18482 = EDGE_CURVE('',#18451,#18475,#18483,.T.);
#18483 = LINE('',#18484,#18485);
#18484 = CARTESIAN_POINT('',(-52.5,176.,844.5));
#18485 = VECTOR('',#18486,1.);
#18486 = DIRECTION('',(0.,1.,0.));
#18487 = PLANE('',#18488);
#18488 = AXIS2_PLACEMENT_3D('',#18489,#18490,#18491);
#18489 = CARTESIAN_POINT('',(-52.5,176.,835.5));
#18490 = DIRECTION('',(1.,0.,0.));
#18491 = DIRECTION('',(0.,0.,1.));
#18492 = ADVANCED_FACE('',(#18493),#18511,.F.);
#18493 = FACE_BOUND('',#18494,.F.);
#18494 = EDGE_LOOP('',(#18495,#18496,#18504,#18510));
#18495 = ORIENTED_EDGE('',*,*,#18443,.F.);
#18496 = ORIENTED_EDGE('',*,*,#18497,.T.);
#18497 = EDGE_CURVE('',#18436,#18498,#18500,.T.);
#18498 = VERTEX_POINT('',#18499);
#18499 = CARTESIAN_POINT('',(-52.5,194.,835.5));
#18500 = LINE('',#18501,#18502);
#18501 = CARTESIAN_POINT('',(-52.5,176.,835.5));
#18502 = VECTOR('',#18503,1.);
#18503 = DIRECTION('',(0.,1.,0.));
#18504 = ORIENTED_EDGE('',*,*,#18505,.T.);
#18505 = EDGE_CURVE('',#18498,#17941,#18506,.T.);
#18506 = LINE('',#18507,#18508);
#18507 = CARTESIAN_POINT('',(-52.5,194.,835.5));
#18508 = VECTOR('',#18509,1.);
#18509 = DIRECTION('',(0.,0.,1.));
#18510 = ORIENTED_EDGE('',*,*,#17949,.F.);
#18511 = PLANE('',#18512);
#18512 = AXIS2_PLACEMENT_3D('',#18513,#18514,#18515);
#18513 = CARTESIAN_POINT('',(-52.5,176.,835.5));
#18514 = DIRECTION('',(1.,0.,0.));
#18515 = DIRECTION('',(0.,0.,1.));
#18516 = ADVANCED_FACE('',(#18517),#18544,.T.);
#18517 = FACE_BOUND('',#18518,.T.);
#18518 = EDGE_LOOP('',(#18519,#18529,#18535,#18536,#18537,#18538));
#18519 = ORIENTED_EDGE('',*,*,#18520,.F.);
#18520 = EDGE_CURVE('',#18521,#18523,#18525,.T.);
#18521 = VERTEX_POINT('',#18522);
#18522 = CARTESIAN_POINT('',(-43.5,194.,835.5));
#18523 = VERTEX_POINT('',#18524);
#18524 = CARTESIAN_POINT('',(-43.5,194.,844.5));
#18525 = LINE('',#18526,#18527);
#18526 = CARTESIAN_POINT('',(-43.5,194.,835.5));
#18527 = VECTOR('',#18528,1.);
#18528 = DIRECTION('',(0.,0.,1.));
#18529 = ORIENTED_EDGE('',*,*,#18530,.F.);
#18530 = EDGE_CURVE('',#18498,#18521,#18531,.T.);
#18531 = LINE('',#18532,#18533);
#18532 = CARTESIAN_POINT('',(-52.5,194.,835.5));
#18533 = VECTOR('',#18534,1.);
#18534 = DIRECTION('',(1.,0.,0.));
#18535 = ORIENTED_EDGE('',*,*,#18505,.T.);
#18536 = ORIENTED_EDGE('',*,*,#17940,.F.);
#18537 = ORIENTED_EDGE('',*,*,#18474,.T.);
#18538 = ORIENTED_EDGE('',*,*,#18539,.T.);
#18539 = EDGE_CURVE('',#18475,#18523,#18540,.T.);
#18540 = LINE('',#18541,#18542);
#18541 = CARTESIAN_POINT('',(-52.5,194.,844.5));
#18542 = VECTOR('',#18543,1.);
#18543 = DIRECTION('',(1.,0.,0.));
#18544 = PLANE('',#18545);
#18545 = AXIS2_PLACEMENT_3D('',#18546,#18547,#18548);
#18546 = CARTESIAN_POINT('',(-52.5,194.,835.5));
#18547 = DIRECTION('',(0.,1.,0.));
#18548 = DIRECTION('',(0.,0.,1.));
#18549 = ADVANCED_FACE('',(#18550),#18575,.F.);
#18550 = FACE_BOUND('',#18551,.F.);
#18551 = EDGE_LOOP('',(#18552,#18560,#18568,#18574));
#18552 = ORIENTED_EDGE('',*,*,#18553,.F.);
#18553 = EDGE_CURVE('',#18554,#17958,#18556,.T.);
#18554 = VERTEX_POINT('',#18555);
#18555 = CARTESIAN_POINT('',(-53.70167800182,176.,819.51892834927));
#18556 = LINE('',#18557,#18558);
#18557 = CARTESIAN_POINT('',(-53.70167800182,176.,819.51892834927));
#18558 = VECTOR('',#18559,1.);
#18559 = DIRECTION('',(-0.642787609687,0.,0.766044443119));
#18560 = ORIENTED_EDGE('',*,*,#18561,.T.);
#18561 = EDGE_CURVE('',#18554,#18562,#18564,.T.);
#18562 = VERTEX_POINT('',#18563);
#18563 = CARTESIAN_POINT('',(-53.70167800182,194.,819.51892834927));
#18564 = LINE('',#18565,#18566);
#18565 = CARTESIAN_POINT('',(-53.70167800182,176.,819.51892834927));
#18566 = VECTOR('',#18567,1.);
#18567 = DIRECTION('',(0.,1.,0.));
#18568 = ORIENTED_EDGE('',*,*,#18569,.T.);
#18569 = EDGE_CURVE('',#18562,#17960,#18570,.T.);
#18570 = LINE('',#18571,#18572);
#18571 = CARTESIAN_POINT('',(-53.70167800182,194.,819.51892834927));
#18572 = VECTOR('',#18573,1.);
#18573 = DIRECTION('',(-0.642787609687,0.,0.766044443119));
#18574 = ORIENTED_EDGE('',*,*,#17957,.F.);
#18575 = PLANE('',#18576);
#18576 = AXIS2_PLACEMENT_3D('',#18577,#18578,#18579);
#18577 = CARTESIAN_POINT('',(-53.70167800182,176.,819.51892834927));
#18578 = DIRECTION('',(0.766044443119,0.,0.642787609687));
#18579 = DIRECTION('',(-0.642787609687,0.,0.766044443119));
#18580 = ADVANCED_FACE('',(#18581),#18607,.T.);
#18581 = FACE_BOUND('',#18582,.T.);
#18582 = EDGE_LOOP('',(#18583,#18593,#18599,#18600,#18601));
#18583 = ORIENTED_EDGE('',*,*,#18584,.F.);
#18584 = EDGE_CURVE('',#18585,#18587,#18589,.T.);
#18585 = VERTEX_POINT('',#18586);
#18586 = CARTESIAN_POINT('',(-46.80727801375,194.,825.30401683645));
#18587 = VERTEX_POINT('',#18588);
#18588 = CARTESIAN_POINT('',(-52.59236650093,194.,832.19841682452));
#18589 = LINE('',#18590,#18591);
#18590 = CARTESIAN_POINT('',(-46.80727801375,194.,825.30401683645));
#18591 = VECTOR('',#18592,1.);
#18592 = DIRECTION('',(-0.642787609687,0.,0.766044443119));
#18593 = ORIENTED_EDGE('',*,*,#18594,.F.);
#18594 = EDGE_CURVE('',#18562,#18585,#18595,.T.);
#18595 = LINE('',#18596,#18597);
#18596 = CARTESIAN_POINT('',(-53.70167800182,194.,819.51892834927));
#18597 = VECTOR('',#18598,1.);
#18598 = DIRECTION('',(0.766044443119,0.,0.642787609687));
#18599 = ORIENTED_EDGE('',*,*,#18569,.T.);
#18600 = ORIENTED_EDGE('',*,*,#17984,.F.);
#18601 = ORIENTED_EDGE('',*,*,#18602,.T.);
#18602 = EDGE_CURVE('',#17977,#18587,#18603,.T.);
#18603 = LINE('',#18604,#18605);
#18604 = CARTESIAN_POINT('',(-59.486766489,194.,826.41332833734));
#18605 = VECTOR('',#18606,1.);
#18606 = DIRECTION('',(0.766044443119,0.,0.642787609687));
#18607 = PLANE('',#18608);
#18608 = AXIS2_PLACEMENT_3D('',#18609,#18610,#18611);
#18609 = CARTESIAN_POINT('',(-53.70167800182,194.,819.51892834927));
#18610 = DIRECTION('',(0.,1.,0.));
#18611 = DIRECTION('',(-0.642787609687,0.,0.766044443119));
#18612 = ADVANCED_FACE('',(#18613),#18631,.T.);
#18613 = FACE_BOUND('',#18614,.T.);
#18614 = EDGE_LOOP('',(#18615,#18616,#18617,#18625));
#18615 = ORIENTED_EDGE('',*,*,#18602,.F.);
#18616 = ORIENTED_EDGE('',*,*,#17976,.F.);
#18617 = ORIENTED_EDGE('',*,*,#18618,.T.);
#18618 = EDGE_CURVE('',#17968,#18619,#18621,.T.);
#18619 = VERTEX_POINT('',#18620);
#18620 = CARTESIAN_POINT('',(-52.59236650093,176.,832.19841682452));
#18621 = LINE('',#18622,#18623);
#18622 = CARTESIAN_POINT('',(-59.486766489,176.,826.41332833734));
#18623 = VECTOR('',#18624,1.);
#18624 = DIRECTION('',(0.766044443119,0.,0.642787609687));
#18625 = ORIENTED_EDGE('',*,*,#18626,.T.);
#18626 = EDGE_CURVE('',#18619,#18587,#18627,.T.);
#18627 = LINE('',#18628,#18629);
#18628 = CARTESIAN_POINT('',(-52.59236650093,176.,832.19841682452));
#18629 = VECTOR('',#18630,1.);
#18630 = DIRECTION('',(0.,1.,0.));
#18631 = PLANE('',#18632);
#18632 = AXIS2_PLACEMENT_3D('',#18633,#18634,#18635);
#18633 = CARTESIAN_POINT('',(-59.486766489,176.,826.41332833734));
#18634 = DIRECTION('',(-0.642787609687,0.,0.766044443119));
#18635 = DIRECTION('',(0.766044443119,0.,0.642787609687));
#18636 = ADVANCED_FACE('',(#18637),#18656,.F.);
#18637 = FACE_BOUND('',#18638,.F.);
#18638 = EDGE_LOOP('',(#18639,#18647,#18653,#18654,#18655));
#18639 = ORIENTED_EDGE('',*,*,#18640,.F.);
#18640 = EDGE_CURVE('',#18641,#18619,#18643,.T.);
#18641 = VERTEX_POINT('',#18642);
#18642 = CARTESIAN_POINT('',(-46.80727801375,176.,825.30401683645));
#18643 = LINE('',#18644,#18645);
#18644 = CARTESIAN_POINT('',(-46.80727801375,176.,825.30401683645));
#18645 = VECTOR('',#18646,1.);
#18646 = DIRECTION('',(-0.642787609687,0.,0.766044443119));
#18647 = ORIENTED_EDGE('',*,*,#18648,.F.);
#18648 = EDGE_CURVE('',#18554,#18641,#18649,.T.);
#18649 = LINE('',#18650,#18651);
#18650 = CARTESIAN_POINT('',(-53.70167800182,176.,819.51892834927));
#18651 = VECTOR('',#18652,1.);
#18652 = DIRECTION('',(0.766044443119,0.,0.642787609687));
#18653 = ORIENTED_EDGE('',*,*,#18553,.T.);
#18654 = ORIENTED_EDGE('',*,*,#17967,.F.);
#18655 = ORIENTED_EDGE('',*,*,#18618,.T.);
#18656 = PLANE('',#18657);
#18657 = AXIS2_PLACEMENT_3D('',#18658,#18659,#18660);
#18658 = CARTESIAN_POINT('',(-53.70167800182,176.,819.51892834927));
#18659 = DIRECTION('',(0.,1.,0.));
#18660 = DIRECTION('',(-0.642787609687,0.,0.766044443119));
#18661 = ADVANCED_FACE('',(#18662),#18695,.F.);
#18662 = FACE_BOUND('',#18663,.F.);
#18663 = EDGE_LOOP('',(#18664,#18672,#18680,#18688,#18694));
#18664 = ORIENTED_EDGE('',*,*,#18665,.F.);
#18665 = EDGE_CURVE('',#18666,#17994,#18668,.T.);
#18666 = VERTEX_POINT('',#18667);
#18667 = CARTESIAN_POINT('',(-60.96668840327,176.,821.98444752278));
#18668 = LINE('',#18669,#18670);
#18669 = CARTESIAN_POINT('',(-60.96668840327,176.,821.98444752278));
#18670 = VECTOR('',#18671,1.);
#18671 = DIRECTION('',(-0.984807753012,0.,0.173648177667));
#18672 = ORIENTED_EDGE('',*,*,#18673,.F.);
#18673 = EDGE_CURVE('',#18674,#18666,#18676,.T.);
#18674 = VERTEX_POINT('',#18675);
#18675 = CARTESIAN_POINT('',(-62.52952200227,176.,813.12117774567));
#18676 = LINE('',#18677,#18678);
#18677 = CARTESIAN_POINT('',(-62.52952200227,176.,813.12117774567));
#18678 = VECTOR('',#18679,1.);
#18679 = DIRECTION('',(0.173648177667,0.,0.984807753012));
#18680 = ORIENTED_EDGE('',*,*,#18681,.T.);
#18681 = EDGE_CURVE('',#18674,#18682,#18684,.T.);
#18682 = VERTEX_POINT('',#18683);
#18683 = CARTESIAN_POINT('',(-71.39279177938,176.,814.68401134467));
#18684 = LINE('',#18685,#18686);
#18685 = CARTESIAN_POINT('',(-62.52952200227,176.,813.12117774567));
#18686 = VECTOR('',#18687,1.);
#18687 = DIRECTION('',(-0.984807753012,0.,0.173648177667));
#18688 = ORIENTED_EDGE('',*,*,#18689,.T.);
#18689 = EDGE_CURVE('',#18682,#17996,#18690,.T.);
#18690 = LINE('',#18691,#18692);
#18691 = CARTESIAN_POINT('',(-71.39279177938,176.,814.68401134467));
#18692 = VECTOR('',#18693,1.);
#18693 = DIRECTION('',(0.173648177667,0.,0.984807753012));
#18694 = ORIENTED_EDGE('',*,*,#17993,.F.);
#18695 = PLANE('',#18696);
#18696 = AXIS2_PLACEMENT_3D('',#18697,#18698,#18699);
#18697 = CARTESIAN_POINT('',(-62.52952200227,176.,813.12117774567));
#18698 = DIRECTION('',(0.,1.,0.));
#18699 = DIRECTION('',(-0.984807753012,0.,0.173648177667));
#18700 = ADVANCED_FACE('',(#18701),#18719,.T.);
#18701 = FACE_BOUND('',#18702,.T.);
#18702 = EDGE_LOOP('',(#18703,#18704,#18712,#18718));
#18703 = ORIENTED_EDGE('',*,*,#18665,.F.);
#18704 = ORIENTED_EDGE('',*,*,#18705,.T.);
#18705 = EDGE_CURVE('',#18666,#18706,#18708,.T.);
#18706 = VERTEX_POINT('',#18707);
#18707 = CARTESIAN_POINT('',(-60.96668840327,194.,821.98444752278));
#18708 = LINE('',#18709,#18710);
#18709 = CARTESIAN_POINT('',(-60.96668840327,176.,821.98444752278));
#18710 = VECTOR('',#18711,1.);
#18711 = DIRECTION('',(0.,1.,0.));
#18712 = ORIENTED_EDGE('',*,*,#18713,.T.);
#18713 = EDGE_CURVE('',#18706,#18005,#18714,.T.);
#18714 = LINE('',#18715,#18716);
#18715 = CARTESIAN_POINT('',(-60.96668840327,194.,821.98444752278));
#18716 = VECTOR('',#18717,1.);
#18717 = DIRECTION('',(-0.984807753012,0.,0.173648177667));
#18718 = ORIENTED_EDGE('',*,*,#18004,.F.);
#18719 = PLANE('',#18720);
#18720 = AXIS2_PLACEMENT_3D('',#18721,#18722,#18723);
#18721 = CARTESIAN_POINT('',(-60.96668840327,176.,821.98444752278));
#18722 = DIRECTION('',(0.173648177667,0.,0.984807753012));
#18723 = DIRECTION('',(-0.984807753012,0.,0.173648177667));
#18724 = ADVANCED_FACE('',(#18725),#18743,.T.);
#18725 = FACE_BOUND('',#18726,.T.);
#18726 = EDGE_LOOP('',(#18727,#18735,#18741,#18742));
#18727 = ORIENTED_EDGE('',*,*,#18728,.F.);
#18728 = EDGE_CURVE('',#18729,#18013,#18731,.T.);
#18729 = VERTEX_POINT('',#18730);
#18730 = CARTESIAN_POINT('',(-71.39279177938,194.,814.68401134467));
#18731 = LINE('',#18732,#18733);
#18732 = CARTESIAN_POINT('',(-71.39279177938,194.,814.68401134467));
#18733 = VECTOR('',#18734,1.);
#18734 = DIRECTION('',(0.173648177667,0.,0.984807753012));
#18735 = ORIENTED_EDGE('',*,*,#18736,.F.);
#18736 = EDGE_CURVE('',#18682,#18729,#18737,.T.);
#18737 = LINE('',#18738,#18739);
#18738 = CARTESIAN_POINT('',(-71.39279177938,176.,814.68401134467));
#18739 = VECTOR('',#18740,1.);
#18740 = DIRECTION('',(0.,1.,0.));
#18741 = ORIENTED_EDGE('',*,*,#18689,.T.);
#18742 = ORIENTED_EDGE('',*,*,#18021,.T.);
#18743 = PLANE('',#18744);
#18744 = AXIS2_PLACEMENT_3D('',#18745,#18746,#18747);
#18745 = CARTESIAN_POINT('',(-71.39279177938,176.,814.68401134467));
#18746 = DIRECTION('',(-0.984807753012,0.,0.173648177667));
#18747 = DIRECTION('',(0.173648177667,0.,0.984807753012));
#18748 = ADVANCED_FACE('',(#18749),#18768,.T.);
#18749 = FACE_BOUND('',#18750,.T.);
#18750 = EDGE_LOOP('',(#18751,#18752,#18760,#18766,#18767));
#18751 = ORIENTED_EDGE('',*,*,#18713,.F.);
#18752 = ORIENTED_EDGE('',*,*,#18753,.F.);
#18753 = EDGE_CURVE('',#18754,#18706,#18756,.T.);
#18754 = VERTEX_POINT('',#18755);
#18755 = CARTESIAN_POINT('',(-62.52952200227,194.,813.12117774567));
#18756 = LINE('',#18757,#18758);
#18757 = CARTESIAN_POINT('',(-62.52952200227,194.,813.12117774567));
#18758 = VECTOR('',#18759,1.);
#18759 = DIRECTION('',(0.173648177667,0.,0.984807753012));
#18760 = ORIENTED_EDGE('',*,*,#18761,.T.);
#18761 = EDGE_CURVE('',#18754,#18729,#18762,.T.);
#18762 = LINE('',#18763,#18764);
#18763 = CARTESIAN_POINT('',(-62.52952200227,194.,813.12117774567));
#18764 = VECTOR('',#18765,1.);
#18765 = DIRECTION('',(-0.984807753012,0.,0.173648177667));
#18766 = ORIENTED_EDGE('',*,*,#18728,.T.);
#18767 = ORIENTED_EDGE('',*,*,#18012,.F.);
#18768 = PLANE('',#18769);
#18769 = AXIS2_PLACEMENT_3D('',#18770,#18771,#18772);
#18770 = CARTESIAN_POINT('',(-62.52952200227,194.,813.12117774567));
#18771 = DIRECTION('',(0.,1.,0.));
#18772 = DIRECTION('',(-0.984807753012,0.,0.173648177667));
#18773 = ADVANCED_FACE('',(#18774),#18799,.T.);
#18774 = FACE_BOUND('',#18775,.T.);
#18775 = EDGE_LOOP('',(#18776,#18784,#18785,#18793));
#18776 = ORIENTED_EDGE('',*,*,#18777,.F.);
#18777 = EDGE_CURVE('',#18030,#18778,#18780,.T.);
#18778 = VERTEX_POINT('',#18779);
#18779 = CARTESIAN_POINT('',(-87.14711431703,176.,822.59455543377));
#18780 = LINE('',#18781,#18782);
#18781 = CARTESIAN_POINT('',(-79.35288568297,176.,827.09455543377));
#18782 = VECTOR('',#18783,1.);
#18783 = DIRECTION('',(-0.866025403784,0.,-0.5));
#18784 = ORIENTED_EDGE('',*,*,#18029,.T.);
#18785 = ORIENTED_EDGE('',*,*,#18786,.T.);
#18786 = EDGE_CURVE('',#18032,#18787,#18789,.T.);
#18787 = VERTEX_POINT('',#18788);
#18788 = CARTESIAN_POINT('',(-87.14711431703,194.,822.59455543377));
#18789 = LINE('',#18790,#18791);
#18790 = CARTESIAN_POINT('',(-79.35288568297,194.,827.09455543377));
#18791 = VECTOR('',#18792,1.);
#18792 = DIRECTION('',(-0.866025403784,0.,-0.5));
#18793 = ORIENTED_EDGE('',*,*,#18794,.F.);
#18794 = EDGE_CURVE('',#18778,#18787,#18795,.T.);
#18795 = LINE('',#18796,#18797);
#18796 = CARTESIAN_POINT('',(-87.14711431703,176.,822.59455543377));
#18797 = VECTOR('',#18798,1.);
#18798 = DIRECTION('',(0.,1.,0.));
#18799 = PLANE('',#18800);
#18800 = AXIS2_PLACEMENT_3D('',#18801,#18802,#18803);
#18801 = CARTESIAN_POINT('',(-79.35288568297,176.,827.09455543377));
#18802 = DIRECTION('',(-0.5,0.,0.866025403784));
#18803 = DIRECTION('',(-0.866025403784,0.,-0.5));
#18804 = ADVANCED_FACE('',(#18805),#18831,.F.);
#18805 = FACE_BOUND('',#18806,.F.);
#18806 = EDGE_LOOP('',(#18807,#18815,#18823,#18829,#18830));
#18807 = ORIENTED_EDGE('',*,*,#18808,.F.);
#18808 = EDGE_CURVE('',#18809,#18040,#18811,.T.);
#18809 = VERTEX_POINT('',#18810);
#18810 = CARTESIAN_POINT('',(-74.85288568297,176.,819.30032679971));
#18811 = LINE('',#18812,#18813);
#18812 = CARTESIAN_POINT('',(-74.85288568297,176.,819.30032679971));
#18813 = VECTOR('',#18814,1.);
#18814 = DIRECTION('',(-0.5,0.,0.866025403784));
#18815 = ORIENTED_EDGE('',*,*,#18816,.T.);
#18816 = EDGE_CURVE('',#18809,#18817,#18819,.T.);
#18817 = VERTEX_POINT('',#18818);
#18818 = CARTESIAN_POINT('',(-82.64711431703,176.,814.80032679971));
#18819 = LINE('',#18820,#18821);
#18820 = CARTESIAN_POINT('',(-74.85288568297,176.,819.30032679971));
#18821 = VECTOR('',#18822,1.);
#18822 = DIRECTION('',(-0.866025403784,0.,-0.5));
#18823 = ORIENTED_EDGE('',*,*,#18824,.T.);
#18824 = EDGE_CURVE('',#18817,#18778,#18825,.T.);
#18825 = LINE('',#18826,#18827);
#18826 = CARTESIAN_POINT('',(-82.64711431703,176.,814.80032679971));
#18827 = VECTOR('',#18828,1.);
#18828 = DIRECTION('',(-0.5,0.,0.866025403784));
#18829 = ORIENTED_EDGE('',*,*,#18777,.F.);
#18830 = ORIENTED_EDGE('',*,*,#18039,.F.);
#18831 = PLANE('',#18832);
#18832 = AXIS2_PLACEMENT_3D('',#18833,#18834,#18835);
#18833 = CARTESIAN_POINT('',(-74.85288568297,176.,819.30032679971));
#18834 = DIRECTION('',(0.,1.,0.));
#18835 = DIRECTION('',(-0.866025403784,0.,-0.5));
#18836 = ADVANCED_FACE('',(#18837),#18863,.T.);
#18837 = FACE_BOUND('',#18838,.T.);
#18838 = EDGE_LOOP('',(#18839,#18847,#18855,#18861,#18862));
#18839 = ORIENTED_EDGE('',*,*,#18840,.F.);
#18840 = EDGE_CURVE('',#18841,#18049,#18843,.T.);
#18841 = VERTEX_POINT('',#18842);
#18842 = CARTESIAN_POINT('',(-74.85288568297,194.,819.30032679971));
#18843 = LINE('',#18844,#18845);
#18844 = CARTESIAN_POINT('',(-74.85288568297,194.,819.30032679971));
#18845 = VECTOR('',#18846,1.);
#18846 = DIRECTION('',(-0.5,0.,0.866025403784));
#18847 = ORIENTED_EDGE('',*,*,#18848,.T.);
#18848 = EDGE_CURVE('',#18841,#18849,#18851,.T.);
#18849 = VERTEX_POINT('',#18850);
#18850 = CARTESIAN_POINT('',(-82.64711431703,194.,814.80032679971));
#18851 = LINE('',#18852,#18853);
#18852 = CARTESIAN_POINT('',(-74.85288568297,194.,819.30032679971));
#18853 = VECTOR('',#18854,1.);
#18854 = DIRECTION('',(-0.866025403784,0.,-0.5));
#18855 = ORIENTED_EDGE('',*,*,#18856,.T.);
#18856 = EDGE_CURVE('',#18849,#18787,#18857,.T.);
#18857 = LINE('',#18858,#18859);
#18858 = CARTESIAN_POINT('',(-82.64711431703,194.,814.80032679971));
#18859 = VECTOR('',#18860,1.);
#18860 = DIRECTION('',(-0.5,0.,0.866025403784));
#18861 = ORIENTED_EDGE('',*,*,#18786,.F.);
#18862 = ORIENTED_EDGE('',*,*,#18056,.F.);
#18863 = PLANE('',#18864);
#18864 = AXIS2_PLACEMENT_3D('',#18865,#18866,#18867);
#18865 = CARTESIAN_POINT('',(-74.85288568297,194.,819.30032679971));
#18866 = DIRECTION('',(0.,1.,0.));
#18867 = DIRECTION('',(-0.866025403784,0.,-0.5));
#18868 = ADVANCED_FACE('',(#18869),#18880,.F.);
#18869 = FACE_BOUND('',#18870,.F.);
#18870 = EDGE_LOOP('',(#18871,#18872,#18878,#18879));
#18871 = ORIENTED_EDGE('',*,*,#18840,.F.);
#18872 = ORIENTED_EDGE('',*,*,#18873,.F.);
#18873 = EDGE_CURVE('',#18809,#18841,#18874,.T.);
#18874 = LINE('',#18875,#18876);
#18875 = CARTESIAN_POINT('',(-74.85288568297,176.,819.30032679971));
#18876 = VECTOR('',#18877,1.);
#18877 = DIRECTION('',(0.,1.,0.));
#18878 = ORIENTED_EDGE('',*,*,#18808,.T.);
#18879 = ORIENTED_EDGE('',*,*,#18048,.T.);
#18880 = PLANE('',#18881);
#18881 = AXIS2_PLACEMENT_3D('',#18882,#18883,#18884);
#18882 = CARTESIAN_POINT('',(-74.85288568297,176.,819.30032679971));
#18883 = DIRECTION('',(-0.866025403784,0.,-0.5));
#18884 = DIRECTION('',(-0.5,0.,0.866025403784));
#18885 = ADVANCED_FACE('',(#18886),#18919,.F.);
#18886 = FACE_BOUND('',#18887,.F.);
#18887 = EDGE_LOOP('',(#18888,#18896,#18897,#18905,#18913));
#18888 = ORIENTED_EDGE('',*,*,#18889,.F.);
#18889 = EDGE_CURVE('',#18068,#18890,#18892,.T.);
#18890 = VERTEX_POINT('',#18891);
#18891 = CARTESIAN_POINT('',(-93.36276380586,176.,838.24326428533));
#18892 = LINE('',#18893,#18894);
#18893 = CARTESIAN_POINT('',(-84.90553021878,176.,835.1650829954));
#18894 = VECTOR('',#18895,1.);
#18895 = DIRECTION('',(-0.939692620786,0.,0.342020143326));
#18896 = ORIENTED_EDGE('',*,*,#18065,.F.);
#18897 = ORIENTED_EDGE('',*,*,#18898,.T.);
#18898 = EDGE_CURVE('',#18066,#18899,#18901,.T.);
#18899 = VERTEX_POINT('',#18900);
#18900 = CARTESIAN_POINT('',(-87.98371150871,176.,826.70784940833));
#18901 = LINE('',#18902,#18903);
#18902 = CARTESIAN_POINT('',(-84.90553021878,176.,835.1650829954));
#18903 = VECTOR('',#18904,1.);
#18904 = DIRECTION('',(-0.342020143326,0.,-0.939692620786));
#18905 = ORIENTED_EDGE('',*,*,#18906,.T.);
#18906 = EDGE_CURVE('',#18899,#18907,#18909,.T.);
#18907 = VERTEX_POINT('',#18908);
#18908 = CARTESIAN_POINT('',(-96.44094509579,176.,829.78603069826));
#18909 = LINE('',#18910,#18911);
#18910 = CARTESIAN_POINT('',(-87.98371150871,176.,826.70784940833));
#18911 = VECTOR('',#18912,1.);
#18912 = DIRECTION('',(-0.939692620786,0.,0.342020143326));
#18913 = ORIENTED_EDGE('',*,*,#18914,.F.);
#18914 = EDGE_CURVE('',#18890,#18907,#18915,.T.);
#18915 = LINE('',#18916,#18917);
#18916 = CARTESIAN_POINT('',(-93.36276380586,176.,838.24326428533));
#18917 = VECTOR('',#18918,1.);
#18918 = DIRECTION('',(-0.342020143326,0.,-0.939692620786));
#18919 = PLANE('',#18920);
#18920 = AXIS2_PLACEMENT_3D('',#18921,#18922,#18923);
#18921 = CARTESIAN_POINT('',(-84.90553021878,176.,835.1650829954));
#18922 = DIRECTION('',(0.,1.,0.));
#18923 = DIRECTION('',(-0.342020143326,0.,-0.939692620786));
#18924 = ADVANCED_FACE('',(#18925),#18943,.F.);
#18925 = FACE_BOUND('',#18926,.F.);
#18926 = EDGE_LOOP('',(#18927,#18928,#18929,#18937));
#18927 = ORIENTED_EDGE('',*,*,#18898,.F.);
#18928 = ORIENTED_EDGE('',*,*,#18076,.T.);
#18929 = ORIENTED_EDGE('',*,*,#18930,.T.);
#18930 = EDGE_CURVE('',#18077,#18931,#18933,.T.);
#18931 = VERTEX_POINT('',#18932);
#18932 = CARTESIAN_POINT('',(-87.98371150871,194.,826.70784940833));
#18933 = LINE('',#18934,#18935);
#18934 = CARTESIAN_POINT('',(-84.90553021878,194.,835.1650829954));
#18935 = VECTOR('',#18936,1.);
#18936 = DIRECTION('',(-0.342020143326,0.,-0.939692620786));
#18937 = ORIENTED_EDGE('',*,*,#18938,.F.);
#18938 = EDGE_CURVE('',#18899,#18931,#18939,.T.);
#18939 = LINE('',#18940,#18941);
#18940 = CARTESIAN_POINT('',(-87.98371150871,176.,826.70784940833));
#18941 = VECTOR('',#18942,1.);
#18942 = DIRECTION('',(0.,1.,0.));
#18943 = PLANE('',#18944);
#18944 = AXIS2_PLACEMENT_3D('',#18945,#18946,#18947);
#18945 = CARTESIAN_POINT('',(-84.90553021878,176.,835.1650829954));
#18946 = DIRECTION('',(-0.939692620786,0.,0.342020143326));
#18947 = DIRECTION('',(-0.342020143326,0.,-0.939692620786));
#18948 = ADVANCED_FACE('',(#18949),#18967,.F.);
#18949 = FACE_BOUND('',#18950,.F.);
#18950 = EDGE_LOOP('',(#18951,#18959,#18960,#18961));
#18951 = ORIENTED_EDGE('',*,*,#18952,.F.);
#18952 = EDGE_CURVE('',#18085,#18953,#18955,.T.);
#18953 = VERTEX_POINT('',#18954);
#18954 = CARTESIAN_POINT('',(-93.36276380586,194.,838.24326428533));
#18955 = LINE('',#18956,#18957);
#18956 = CARTESIAN_POINT('',(-84.90553021878,194.,835.1650829954));
#18957 = VECTOR('',#18958,1.);
#18958 = DIRECTION('',(-0.939692620786,0.,0.342020143326));
#18959 = ORIENTED_EDGE('',*,*,#18093,.F.);
#18960 = ORIENTED_EDGE('',*,*,#18889,.T.);
#18961 = ORIENTED_EDGE('',*,*,#18962,.T.);
#18962 = EDGE_CURVE('',#18890,#18953,#18963,.T.);
#18963 = LINE('',#18964,#18965);
#18964 = CARTESIAN_POINT('',(-93.36276380586,176.,838.24326428533));
#18965 = VECTOR('',#18966,1.);
#18966 = DIRECTION('',(0.,1.,0.));
#18967 = PLANE('',#18968);
#18968 = AXIS2_PLACEMENT_3D('',#18969,#18970,#18971);
#18969 = CARTESIAN_POINT('',(-84.90553021878,176.,835.1650829954));
#18970 = DIRECTION('',(-0.342020143326,0.,-0.939692620786));
#18971 = DIRECTION('',(-0.939692620786,0.,0.342020143326));
#18972 = ADVANCED_FACE('',(#18973),#18992,.T.);
#18973 = FACE_BOUND('',#18974,.T.);
#18974 = EDGE_LOOP('',(#18975,#18976,#18977,#18978,#18986));
#18975 = ORIENTED_EDGE('',*,*,#18952,.F.);
#18976 = ORIENTED_EDGE('',*,*,#18084,.F.);
#18977 = ORIENTED_EDGE('',*,*,#18930,.T.);
#18978 = ORIENTED_EDGE('',*,*,#18979,.T.);
#18979 = EDGE_CURVE('',#18931,#18980,#18982,.T.);
#18980 = VERTEX_POINT('',#18981);
#18981 = CARTESIAN_POINT('',(-96.44094509579,194.,829.78603069826));
#18982 = LINE('',#18983,#18984);
#18983 = CARTESIAN_POINT('',(-87.98371150871,194.,826.70784940833));
#18984 = VECTOR('',#18985,1.);
#18985 = DIRECTION('',(-0.939692620786,0.,0.342020143326));
#18986 = ORIENTED_EDGE('',*,*,#18987,.F.);
#18987 = EDGE_CURVE('',#18953,#18980,#18988,.T.);
#18988 = LINE('',#18989,#18990);
#18989 = CARTESIAN_POINT('',(-93.36276380586,194.,838.24326428533));
#18990 = VECTOR('',#18991,1.);
#18991 = DIRECTION('',(-0.342020143326,0.,-0.939692620786));
#18992 = PLANE('',#18993);
#18993 = AXIS2_PLACEMENT_3D('',#18994,#18995,#18996);
#18994 = CARTESIAN_POINT('',(-84.90553021878,194.,835.1650829954));
#18995 = DIRECTION('',(0.,1.,0.));
#18996 = DIRECTION('',(-0.342020143326,0.,-0.939692620786));
#18997 = ADVANCED_FACE('',(#18998),#19023,.F.);
#18998 = FACE_BOUND('',#18999,.F.);
#18999 = EDGE_LOOP('',(#19000,#19008,#19016,#19022));
#19000 = ORIENTED_EDGE('',*,*,#19001,.F.);
#19001 = EDGE_CURVE('',#19002,#18102,#19004,.T.);
#19002 = VERTEX_POINT('',#19003);
#19003 = CARTESIAN_POINT('',(-87.98371150871,176.,853.29215059166));
#19004 = LINE('',#19005,#19006);
#19005 = CARTESIAN_POINT('',(-87.98371150871,176.,853.29215059166));
#19006 = VECTOR('',#19007,1.);
#19007 = DIRECTION('',(0.342020143326,0.,-0.939692620786));
#19008 = ORIENTED_EDGE('',*,*,#19009,.T.);
#19009 = EDGE_CURVE('',#19002,#19010,#19012,.T.);
#19010 = VERTEX_POINT('',#19011);
#19011 = CARTESIAN_POINT('',(-87.98371150871,194.,853.29215059166));
#19012 = LINE('',#19013,#19014);
#19013 = CARTESIAN_POINT('',(-87.98371150871,176.,853.29215059166));
#19014 = VECTOR('',#19015,1.);
#19015 = DIRECTION('',(0.,1.,0.));
#19016 = ORIENTED_EDGE('',*,*,#19017,.T.);
#19017 = EDGE_CURVE('',#19010,#18104,#19018,.T.);
#19018 = LINE('',#19019,#19020);
#19019 = CARTESIAN_POINT('',(-87.98371150871,194.,853.29215059166));
#19020 = VECTOR('',#19021,1.);
#19021 = DIRECTION('',(0.342020143326,0.,-0.939692620786));
#19022 = ORIENTED_EDGE('',*,*,#18101,.F.);
#19023 = PLANE('',#19024);
#19024 = AXIS2_PLACEMENT_3D('',#19025,#19026,#19027);
#19025 = CARTESIAN_POINT('',(-87.98371150871,176.,853.29215059166));
#19026 = DIRECTION('',(-0.939692620786,0.,-0.342020143326));
#19027 = DIRECTION('',(0.342020143326,0.,-0.939692620786));
#19028 = ADVANCED_FACE('',(#19029),#19055,.F.);
#19029 = FACE_BOUND('',#19030,.F.);
#19030 = EDGE_LOOP('',(#19031,#19041,#19047,#19048,#19049));
#19031 = ORIENTED_EDGE('',*,*,#19032,.F.);
#19032 = EDGE_CURVE('',#19033,#19035,#19037,.T.);
#19033 = VERTEX_POINT('',#19034);
#19034 = CARTESIAN_POINT('',(-96.44094509579,176.,850.21396930173));
#19035 = VERTEX_POINT('',#19036);
#19036 = CARTESIAN_POINT('',(-93.36276380586,176.,841.75673571466));
#19037 = LINE('',#19038,#19039);
#19038 = CARTESIAN_POINT('',(-96.44094509579,176.,850.21396930173));
#19039 = VECTOR('',#19040,1.);
#19040 = DIRECTION('',(0.342020143326,0.,-0.939692620786));
#19041 = ORIENTED_EDGE('',*,*,#19042,.F.);
#19042 = EDGE_CURVE('',#19002,#19033,#19043,.T.);
#19043 = LINE('',#19044,#19045);
#19044 = CARTESIAN_POINT('',(-87.98371150871,176.,853.29215059166));
#19045 = VECTOR('',#19046,1.);
#19046 = DIRECTION('',(-0.939692620786,0.,-0.342020143326));
#19047 = ORIENTED_EDGE('',*,*,#19001,.T.);
#19048 = ORIENTED_EDGE('',*,*,#18111,.F.);
#19049 = ORIENTED_EDGE('',*,*,#19050,.T.);
#19050 = EDGE_CURVE('',#18112,#19035,#19051,.T.);
#19051 = LINE('',#19052,#19053);
#19052 = CARTESIAN_POINT('',(-84.90553021878,176.,844.83491700459));
#19053 = VECTOR('',#19054,1.);
#19054 = DIRECTION('',(-0.939692620786,0.,-0.342020143326));
#19055 = PLANE('',#19056);
#19056 = AXIS2_PLACEMENT_3D('',#19057,#19058,#19059);
#19057 = CARTESIAN_POINT('',(-87.98371150871,176.,853.29215059166));
#19058 = DIRECTION('',(0.,1.,0.));
#19059 = DIRECTION('',(0.342020143326,0.,-0.939692620786));
#19060 = ADVANCED_FACE('',(#19061),#19087,.T.);
#19061 = FACE_BOUND('',#19062,.T.);
#19062 = EDGE_LOOP('',(#19063,#19073,#19079,#19080,#19081));
#19063 = ORIENTED_EDGE('',*,*,#19064,.F.);
#19064 = EDGE_CURVE('',#19065,#19067,#19069,.T.);
#19065 = VERTEX_POINT('',#19066);
#19066 = CARTESIAN_POINT('',(-96.44094509579,194.,850.21396930173));
#19067 = VERTEX_POINT('',#19068);
#19068 = CARTESIAN_POINT('',(-93.36276380586,194.,841.75673571466));
#19069 = LINE('',#19070,#19071);
#19070 = CARTESIAN_POINT('',(-96.44094509579,194.,850.21396930173));
#19071 = VECTOR('',#19072,1.);
#19072 = DIRECTION('',(0.342020143326,0.,-0.939692620786));
#19073 = ORIENTED_EDGE('',*,*,#19074,.F.);
#19074 = EDGE_CURVE('',#19010,#19065,#19075,.T.);
#19075 = LINE('',#19076,#19077);
#19076 = CARTESIAN_POINT('',(-87.98371150871,194.,853.29215059166));
#19077 = VECTOR('',#19078,1.);
#19078 = DIRECTION('',(-0.939692620786,0.,-0.342020143326));
#19079 = ORIENTED_EDGE('',*,*,#19017,.T.);
#19080 = ORIENTED_EDGE('',*,*,#18128,.F.);
#19081 = ORIENTED_EDGE('',*,*,#19082,.T.);
#19082 = EDGE_CURVE('',#18121,#19067,#19083,.T.);
#19083 = LINE('',#19084,#19085);
#19084 = CARTESIAN_POINT('',(-84.90553021878,194.,844.83491700459));
#19085 = VECTOR('',#19086,1.);
#19086 = DIRECTION('',(-0.939692620786,0.,-0.342020143326));
#19087 = PLANE('',#19088);
#19088 = AXIS2_PLACEMENT_3D('',#19089,#19090,#19091);
#19089 = CARTESIAN_POINT('',(-87.98371150871,194.,853.29215059166));
#19090 = DIRECTION('',(0.,1.,0.));
#19091 = DIRECTION('',(0.342020143326,0.,-0.939692620786));
#19092 = ADVANCED_FACE('',(#19093),#19104,.T.);
#19093 = FACE_BOUND('',#19094,.T.);
#19094 = EDGE_LOOP('',(#19095,#19096,#19097,#19098));
#19095 = ORIENTED_EDGE('',*,*,#19082,.F.);
#19096 = ORIENTED_EDGE('',*,*,#18120,.F.);
#19097 = ORIENTED_EDGE('',*,*,#19050,.T.);
#19098 = ORIENTED_EDGE('',*,*,#19099,.T.);
#19099 = EDGE_CURVE('',#19035,#19067,#19100,.T.);
#19100 = LINE('',#19101,#19102);
#19101 = CARTESIAN_POINT('',(-93.36276380586,176.,841.75673571466));
#19102 = VECTOR('',#19103,1.);
#19103 = DIRECTION('',(0.,1.,0.));
#19104 = PLANE('',#19105);
#19105 = AXIS2_PLACEMENT_3D('',#19106,#19107,#19108);
#19106 = CARTESIAN_POINT('',(-84.90553021878,176.,844.83491700459));
#19107 = DIRECTION('',(0.342020143326,0.,-0.939692620786));
#19108 = DIRECTION('',(-0.939692620786,0.,-0.342020143326));
#19109 = ADVANCED_FACE('',(#19110),#19143,.F.);
#19110 = FACE_BOUND('',#19111,.F.);
#19111 = EDGE_LOOP('',(#19112,#19120,#19128,#19136,#19142));
#19112 = ORIENTED_EDGE('',*,*,#19113,.F.);
#19113 = EDGE_CURVE('',#19114,#18138,#19116,.T.);
#19114 = VERTEX_POINT('',#19115);
#19115 = CARTESIAN_POINT('',(-87.14711431703,176.,857.40544456622));
#19116 = LINE('',#19117,#19118);
#19117 = CARTESIAN_POINT('',(-87.14711431703,176.,857.40544456622));
#19118 = VECTOR('',#19119,1.);
#19119 = DIRECTION('',(0.866025403784,0.,-0.5));
#19120 = ORIENTED_EDGE('',*,*,#19121,.F.);
#19121 = EDGE_CURVE('',#19122,#19114,#19124,.T.);
#19122 = VERTEX_POINT('',#19123);
#19123 = CARTESIAN_POINT('',(-82.64711431703,176.,865.19967320028));
#19124 = LINE('',#19125,#19126);
#19125 = CARTESIAN_POINT('',(-82.64711431703,176.,865.19967320028));
#19126 = VECTOR('',#19127,1.);
#19127 = DIRECTION('',(-0.5,0.,-0.866025403784));
#19128 = ORIENTED_EDGE('',*,*,#19129,.T.);
#19129 = EDGE_CURVE('',#19122,#19130,#19132,.T.);
#19130 = VERTEX_POINT('',#19131);
#19131 = CARTESIAN_POINT('',(-74.85288568297,176.,860.69967320028));
#19132 = LINE('',#19133,#19134);
#19133 = CARTESIAN_POINT('',(-82.64711431703,176.,865.19967320028));
#19134 = VECTOR('',#19135,1.);
#19135 = DIRECTION('',(0.866025403784,0.,-0.5));
#19136 = ORIENTED_EDGE('',*,*,#19137,.T.);
#19137 = EDGE_CURVE('',#19130,#18140,#19138,.T.);
#19138 = LINE('',#19139,#19140);
#19139 = CARTESIAN_POINT('',(-74.85288568297,176.,860.69967320028));
#19140 = VECTOR('',#19141,1.);
#19141 = DIRECTION('',(-0.5,0.,-0.866025403784));
#19142 = ORIENTED_EDGE('',*,*,#18137,.F.);
#19143 = PLANE('',#19144);
#19144 = AXIS2_PLACEMENT_3D('',#19145,#19146,#19147);
#19145 = CARTESIAN_POINT('',(-82.64711431703,176.,865.19967320028));
#19146 = DIRECTION('',(0.,1.,0.));
#19147 = DIRECTION('',(0.866025403784,0.,-0.5));
#19148 = ADVANCED_FACE('',(#19149),#19167,.T.);
#19149 = FACE_BOUND('',#19150,.T.);
#19150 = EDGE_LOOP('',(#19151,#19152,#19160,#19166));
#19151 = ORIENTED_EDGE('',*,*,#19113,.F.);
#19152 = ORIENTED_EDGE('',*,*,#19153,.T.);
#19153 = EDGE_CURVE('',#19114,#19154,#19156,.T.);
#19154 = VERTEX_POINT('',#19155);
#19155 = CARTESIAN_POINT('',(-87.14711431703,194.,857.40544456622));
#19156 = LINE('',#19157,#19158);
#19157 = CARTESIAN_POINT('',(-87.14711431703,176.,857.40544456622));
#19158 = VECTOR('',#19159,1.);
#19159 = DIRECTION('',(0.,1.,0.));
#19160 = ORIENTED_EDGE('',*,*,#19161,.T.);
#19161 = EDGE_CURVE('',#19154,#18149,#19162,.T.);
#19162 = LINE('',#19163,#19164);
#19163 = CARTESIAN_POINT('',(-87.14711431703,194.,857.40544456622));
#19164 = VECTOR('',#19165,1.);
#19165 = DIRECTION('',(0.866025403784,0.,-0.5));
#19166 = ORIENTED_EDGE('',*,*,#18148,.F.);
#19167 = PLANE('',#19168);
#19168 = AXIS2_PLACEMENT_3D('',#19169,#19170,#19171);
#19169 = CARTESIAN_POINT('',(-87.14711431703,176.,857.40544456622));
#19170 = DIRECTION('',(-0.5,0.,-0.866025403784));
#19171 = DIRECTION('',(0.866025403784,0.,-0.5));
#19172 = ADVANCED_FACE('',(#19173),#19191,.T.);
#19173 = FACE_BOUND('',#19174,.T.);
#19174 = EDGE_LOOP('',(#19175,#19183,#19189,#19190));
#19175 = ORIENTED_EDGE('',*,*,#19176,.F.);
#19176 = EDGE_CURVE('',#19177,#18157,#19179,.T.);
#19177 = VERTEX_POINT('',#19178);
#19178 = CARTESIAN_POINT('',(-74.85288568297,194.,860.69967320028));
#19179 = LINE('',#19180,#19181);
#19180 = CARTESIAN_POINT('',(-74.85288568297,194.,860.69967320028));
#19181 = VECTOR('',#19182,1.);
#19182 = DIRECTION('',(-0.5,0.,-0.866025403784));
#19183 = ORIENTED_EDGE('',*,*,#19184,.F.);
#19184 = EDGE_CURVE('',#19130,#19177,#19185,.T.);
#19185 = LINE('',#19186,#19187);
#19186 = CARTESIAN_POINT('',(-74.85288568297,176.,860.69967320028));
#19187 = VECTOR('',#19188,1.);
#19188 = DIRECTION('',(0.,1.,0.));
#19189 = ORIENTED_EDGE('',*,*,#19137,.T.);
#19190 = ORIENTED_EDGE('',*,*,#18165,.T.);
#19191 = PLANE('',#19192);
#19192 = AXIS2_PLACEMENT_3D('',#19193,#19194,#19195);
#19193 = CARTESIAN_POINT('',(-74.85288568297,176.,860.69967320028));
#19194 = DIRECTION('',(0.866025403784,0.,-0.5));
#19195 = DIRECTION('',(-0.5,0.,-0.866025403784));
#19196 = ADVANCED_FACE('',(#19197),#19216,.T.);
#19197 = FACE_BOUND('',#19198,.T.);
#19198 = EDGE_LOOP('',(#19199,#19200,#19208,#19214,#19215));
#19199 = ORIENTED_EDGE('',*,*,#19161,.F.);
#19200 = ORIENTED_EDGE('',*,*,#19201,.F.);
#19201 = EDGE_CURVE('',#19202,#19154,#19204,.T.);
#19202 = VERTEX_POINT('',#19203);
#19203 = CARTESIAN_POINT('',(-82.64711431703,194.,865.19967320028));
#19204 = LINE('',#19205,#19206);
#19205 = CARTESIAN_POINT('',(-82.64711431703,194.,865.19967320028));
#19206 = VECTOR('',#19207,1.);
#19207 = DIRECTION('',(-0.5,0.,-0.866025403784));
#19208 = ORIENTED_EDGE('',*,*,#19209,.T.);
#19209 = EDGE_CURVE('',#19202,#19177,#19210,.T.);
#19210 = LINE('',#19211,#19212);
#19211 = CARTESIAN_POINT('',(-82.64711431703,194.,865.19967320028));
#19212 = VECTOR('',#19213,1.);
#19213 = DIRECTION('',(0.866025403784,0.,-0.5));
#19214 = ORIENTED_EDGE('',*,*,#19176,.T.);
#19215 = ORIENTED_EDGE('',*,*,#18156,.F.);
#19216 = PLANE('',#19217);
#19217 = AXIS2_PLACEMENT_3D('',#19218,#19219,#19220);
#19218 = CARTESIAN_POINT('',(-82.64711431703,194.,865.19967320028));
#19219 = DIRECTION('',(0.,1.,0.));
#19220 = DIRECTION('',(0.866025403784,0.,-0.5));
#19221 = ADVANCED_FACE('',(#19222),#19233,.T.);
#19222 = FACE_BOUND('',#19223,.T.);
#19223 = EDGE_LOOP('',(#19224,#19230,#19231,#19232));
#19224 = ORIENTED_EDGE('',*,*,#19225,.F.);
#19225 = EDGE_CURVE('',#18188,#18252,#19226,.T.);
#19226 = LINE('',#19227,#19228);
#19227 = CARTESIAN_POINT('',(-62.52952200227,176.,866.87882225432));
#19228 = VECTOR('',#19229,1.);
#19229 = DIRECTION('',(0.,1.,0.));
#19230 = ORIENTED_EDGE('',*,*,#18195,.T.);
#19231 = ORIENTED_EDGE('',*,*,#18229,.T.);
#19232 = ORIENTED_EDGE('',*,*,#18259,.F.);
#19233 = PLANE('',#19234);
#19234 = AXIS2_PLACEMENT_3D('',#19235,#19236,#19237);
#19235 = CARTESIAN_POINT('',(-62.52952200227,176.,866.87882225432));
#19236 = DIRECTION('',(0.984807753012,0.,0.173648177667));
#19237 = DIRECTION('',(0.173648177667,0.,-0.984807753012));
#19238 = ADVANCED_FACE('',(#19239),#19245,.F.);
#19239 = FACE_BOUND('',#19240,.F.);
#19240 = EDGE_LOOP('',(#19241,#19242,#19243,#19244));
#19241 = ORIENTED_EDGE('',*,*,#18187,.F.);
#19242 = ORIENTED_EDGE('',*,*,#18297,.T.);
#19243 = ORIENTED_EDGE('',*,*,#18251,.T.);
#19244 = ORIENTED_EDGE('',*,*,#19225,.F.);
#19245 = PLANE('',#19246);
#19246 = AXIS2_PLACEMENT_3D('',#19247,#19248,#19249);
#19247 = CARTESIAN_POINT('',(-71.39279177938,176.,865.31598865532));
#19248 = DIRECTION('',(0.173648177667,0.,-0.984807753012));
#19249 = DIRECTION('',(0.984807753012,0.,0.173648177667));
#19250 = ADVANCED_FACE('',(#19251,#19254),#19265,.T.);
#19251 = FACE_BOUND('',#19252,.T.);
#19252 = EDGE_LOOP('',(#19253));
#19253 = ORIENTED_EDGE('',*,*,#18279,.T.);
#19254 = FACE_BOUND('',#19255,.T.);
#19255 = EDGE_LOOP('',(#19256));
#19256 = ORIENTED_EDGE('',*,*,#19257,.F.);
#19257 = EDGE_CURVE('',#19258,#19258,#19260,.T.);
#19258 = VERTEX_POINT('',#19259);
#19259 = CARTESIAN_POINT('',(-70.,195.,850.));
#19260 = CIRCLE('',#19261,10.);
#19261 = AXIS2_PLACEMENT_3D('',#19262,#19263,#19264);
#19262 = CARTESIAN_POINT('',(-70.,195.,840.));
#19263 = DIRECTION('',(0.,1.,0.));
#19264 = DIRECTION('',(0.,0.,1.));
#19265 = PLANE('',#19266);
#19266 = AXIS2_PLACEMENT_3D('',#19267,#19268,#19269);
#19267 = CARTESIAN_POINT('',(-70.,195.,840.));
#19268 = DIRECTION('',(0.,1.,0.));
#19269 = DIRECTION('',(0.,0.,1.));
#19270 = ADVANCED_FACE('',(#19271),#19282,.T.);
#19271 = FACE_BOUND('',#19272,.T.);
#19272 = EDGE_LOOP('',(#19273,#19274,#19275,#19276));
#19273 = ORIENTED_EDGE('',*,*,#18338,.F.);
#19274 = ORIENTED_EDGE('',*,*,#18386,.T.);
#19275 = ORIENTED_EDGE('',*,*,#18411,.T.);
#19276 = ORIENTED_EDGE('',*,*,#19277,.F.);
#19277 = EDGE_CURVE('',#18331,#18404,#19278,.T.);
#19278 = LINE('',#19279,#19280);
#19279 = CARTESIAN_POINT('',(-46.80727801375,176.,854.69598316355));
#19280 = VECTOR('',#19281,1.);
#19281 = DIRECTION('',(0.,1.,0.));
#19282 = PLANE('',#19283);
#19283 = AXIS2_PLACEMENT_3D('',#19284,#19285,#19286);
#19284 = CARTESIAN_POINT('',(-52.59236650093,176.,847.80158317547));
#19285 = DIRECTION('',(0.766044443119,0.,-0.642787609687));
#19286 = DIRECTION('',(0.642787609687,0.,0.766044443119));
#19287 = ADVANCED_FACE('',(#19288),#19294,.T.);
#19288 = FACE_BOUND('',#19289,.T.);
#19289 = EDGE_LOOP('',(#19290,#19291,#19292,#19293));
#19290 = ORIENTED_EDGE('',*,*,#18362,.F.);
#19291 = ORIENTED_EDGE('',*,*,#18330,.T.);
#19292 = ORIENTED_EDGE('',*,*,#19277,.T.);
#19293 = ORIENTED_EDGE('',*,*,#18403,.F.);
#19294 = PLANE('',#19295);
#19295 = AXIS2_PLACEMENT_3D('',#19296,#19297,#19298);
#19296 = CARTESIAN_POINT('',(-53.70167800182,176.,860.48107165072));
#19297 = DIRECTION('',(0.642787609687,0.,0.766044443119));
#19298 = DIRECTION('',(0.766044443119,0.,-0.642787609687));
#19299 = ADVANCED_FACE('',(#19300),#19316,.T.);
#19300 = FACE_BOUND('',#19301,.T.);
#19301 = EDGE_LOOP('',(#19302,#19303,#19309,#19310));
#19302 = ORIENTED_EDGE('',*,*,#18425,.F.);
#19303 = ORIENTED_EDGE('',*,*,#19304,.T.);
#19304 = EDGE_CURVE('',#18426,#18521,#19305,.T.);
#19305 = LINE('',#19306,#19307);
#19306 = CARTESIAN_POINT('',(-43.5,176.,835.5));
#19307 = VECTOR('',#19308,1.);
#19308 = DIRECTION('',(0.,1.,0.));
#19309 = ORIENTED_EDGE('',*,*,#18520,.T.);
#19310 = ORIENTED_EDGE('',*,*,#19311,.F.);
#19311 = EDGE_CURVE('',#18428,#18523,#19312,.T.);
#19312 = LINE('',#19313,#19314);
#19313 = CARTESIAN_POINT('',(-43.5,176.,844.5));
#19314 = VECTOR('',#19315,1.);
#19315 = DIRECTION('',(0.,1.,0.));
#19316 = PLANE('',#19317);
#19317 = AXIS2_PLACEMENT_3D('',#19318,#19319,#19320);
#19318 = CARTESIAN_POINT('',(-43.5,176.,835.5));
#19319 = DIRECTION('',(1.,0.,0.));
#19320 = DIRECTION('',(0.,0.,1.));
#19321 = ADVANCED_FACE('',(#19322),#19328,.T.);
#19322 = FACE_BOUND('',#19323,.T.);
#19323 = EDGE_LOOP('',(#19324,#19325,#19326,#19327));
#19324 = ORIENTED_EDGE('',*,*,#18482,.F.);
#19325 = ORIENTED_EDGE('',*,*,#18458,.T.);
#19326 = ORIENTED_EDGE('',*,*,#19311,.T.);
#19327 = ORIENTED_EDGE('',*,*,#18539,.F.);
#19328 = PLANE('',#19329);
#19329 = AXIS2_PLACEMENT_3D('',#19330,#19331,#19332);
#19330 = CARTESIAN_POINT('',(-52.5,176.,844.5));
#19331 = DIRECTION('',(0.,0.,1.));
#19332 = DIRECTION('',(1.,0.,0.));
#19333 = ADVANCED_FACE('',(#19334),#19340,.F.);
#19334 = FACE_BOUND('',#19335,.F.);
#19335 = EDGE_LOOP('',(#19336,#19337,#19338,#19339));
#19336 = ORIENTED_EDGE('',*,*,#18497,.F.);
#19337 = ORIENTED_EDGE('',*,*,#18435,.T.);
#19338 = ORIENTED_EDGE('',*,*,#19304,.T.);
#19339 = ORIENTED_EDGE('',*,*,#18530,.F.);
#19340 = PLANE('',#19341);
#19341 = AXIS2_PLACEMENT_3D('',#19342,#19343,#19344);
#19342 = CARTESIAN_POINT('',(-52.5,176.,835.5));
#19343 = DIRECTION('',(0.,0.,1.));
#19344 = DIRECTION('',(1.,0.,0.));
#19345 = ADVANCED_FACE('',(#19346),#19357,.F.);
#19346 = FACE_BOUND('',#19347,.F.);
#19347 = EDGE_LOOP('',(#19348,#19349,#19350,#19356));
#19348 = ORIENTED_EDGE('',*,*,#18561,.F.);
#19349 = ORIENTED_EDGE('',*,*,#18648,.T.);
#19350 = ORIENTED_EDGE('',*,*,#19351,.T.);
#19351 = EDGE_CURVE('',#18641,#18585,#19352,.T.);
#19352 = LINE('',#19353,#19354);
#19353 = CARTESIAN_POINT('',(-46.80727801375,176.,825.30401683645));
#19354 = VECTOR('',#19355,1.);
#19355 = DIRECTION('',(0.,1.,0.));
#19356 = ORIENTED_EDGE('',*,*,#18594,.F.);
#19357 = PLANE('',#19358);
#19358 = AXIS2_PLACEMENT_3D('',#19359,#19360,#19361);
#19359 = CARTESIAN_POINT('',(-53.70167800182,176.,819.51892834927));
#19360 = DIRECTION('',(-0.642787609687,0.,0.766044443119));
#19361 = DIRECTION('',(0.766044443119,0.,0.642787609687));
#19362 = ADVANCED_FACE('',(#19363),#19369,.T.);
#19363 = FACE_BOUND('',#19364,.T.);
#19364 = EDGE_LOOP('',(#19365,#19366,#19367,#19368));
#19365 = ORIENTED_EDGE('',*,*,#18640,.F.);
#19366 = ORIENTED_EDGE('',*,*,#19351,.T.);
#19367 = ORIENTED_EDGE('',*,*,#18584,.T.);
#19368 = ORIENTED_EDGE('',*,*,#18626,.F.);
#19369 = PLANE('',#19370);
#19370 = AXIS2_PLACEMENT_3D('',#19371,#19372,#19373);
#19371 = CARTESIAN_POINT('',(-46.80727801375,176.,825.30401683645));
#19372 = DIRECTION('',(0.766044443119,0.,0.642787609687));
#19373 = DIRECTION('',(-0.642787609687,0.,0.766044443119));
#19374 = ADVANCED_FACE('',(#19375),#19386,.F.);
#19375 = FACE_BOUND('',#19376,.F.);
#19376 = EDGE_LOOP('',(#19377,#19378,#19384,#19385));
#19377 = ORIENTED_EDGE('',*,*,#18681,.F.);
#19378 = ORIENTED_EDGE('',*,*,#19379,.T.);
#19379 = EDGE_CURVE('',#18674,#18754,#19380,.T.);
#19380 = LINE('',#19381,#19382);
#19381 = CARTESIAN_POINT('',(-62.52952200227,176.,813.12117774567));
#19382 = VECTOR('',#19383,1.);
#19383 = DIRECTION('',(0.,1.,0.));
#19384 = ORIENTED_EDGE('',*,*,#18761,.T.);
#19385 = ORIENTED_EDGE('',*,*,#18736,.F.);
#19386 = PLANE('',#19387);
#19387 = AXIS2_PLACEMENT_3D('',#19388,#19389,#19390);
#19388 = CARTESIAN_POINT('',(-62.52952200227,176.,813.12117774567));
#19389 = DIRECTION('',(0.173648177667,0.,0.984807753012));
#19390 = DIRECTION('',(-0.984807753012,0.,0.173648177667));
#19391 = ADVANCED_FACE('',(#19392),#19398,.F.);
#19392 = FACE_BOUND('',#19393,.F.);
#19393 = EDGE_LOOP('',(#19394,#19395,#19396,#19397));
#19394 = ORIENTED_EDGE('',*,*,#19379,.F.);
#19395 = ORIENTED_EDGE('',*,*,#18673,.T.);
#19396 = ORIENTED_EDGE('',*,*,#18705,.T.);
#19397 = ORIENTED_EDGE('',*,*,#18753,.F.);
#19398 = PLANE('',#19399);
#19399 = AXIS2_PLACEMENT_3D('',#19400,#19401,#19402);
#19400 = CARTESIAN_POINT('',(-62.52952200227,176.,813.12117774567));
#19401 = DIRECTION('',(-0.984807753012,0.,0.173648177667));
#19402 = DIRECTION('',(0.173648177667,0.,0.984807753012));
#19403 = ADVANCED_FACE('',(#19404),#19415,.T.);
#19404 = FACE_BOUND('',#19405,.T.);
#19405 = EDGE_LOOP('',(#19406,#19412,#19413,#19414));
#19406 = ORIENTED_EDGE('',*,*,#19407,.F.);
#19407 = EDGE_CURVE('',#18817,#18849,#19408,.T.);
#19408 = LINE('',#19409,#19410);
#19409 = CARTESIAN_POINT('',(-82.64711431703,176.,814.80032679971));
#19410 = VECTOR('',#19411,1.);
#19411 = DIRECTION('',(0.,1.,0.));
#19412 = ORIENTED_EDGE('',*,*,#18824,.T.);
#19413 = ORIENTED_EDGE('',*,*,#18794,.T.);
#19414 = ORIENTED_EDGE('',*,*,#18856,.F.);
#19415 = PLANE('',#19416);
#19416 = AXIS2_PLACEMENT_3D('',#19417,#19418,#19419);
#19417 = CARTESIAN_POINT('',(-82.64711431703,176.,814.80032679971));
#19418 = DIRECTION('',(-0.866025403784,0.,-0.5));
#19419 = DIRECTION('',(-0.5,0.,0.866025403784));
#19420 = ADVANCED_FACE('',(#19421),#19427,.F.);
#19421 = FACE_BOUND('',#19422,.F.);
#19422 = EDGE_LOOP('',(#19423,#19424,#19425,#19426));
#19423 = ORIENTED_EDGE('',*,*,#18816,.F.);
#19424 = ORIENTED_EDGE('',*,*,#18873,.T.);
#19425 = ORIENTED_EDGE('',*,*,#18848,.T.);
#19426 = ORIENTED_EDGE('',*,*,#19407,.F.);
#19427 = PLANE('',#19428);
#19428 = AXIS2_PLACEMENT_3D('',#19429,#19430,#19431);
#19429 = CARTESIAN_POINT('',(-74.85288568297,176.,819.30032679971));
#19430 = DIRECTION('',(-0.5,0.,0.866025403784));
#19431 = DIRECTION('',(-0.866025403784,0.,-0.5));
#19432 = ADVANCED_FACE('',(#19433),#19444,.T.);
#19433 = FACE_BOUND('',#19434,.T.);
#19434 = EDGE_LOOP('',(#19435,#19436,#19437,#19438));
#19435 = ORIENTED_EDGE('',*,*,#18914,.F.);
#19436 = ORIENTED_EDGE('',*,*,#18962,.T.);
#19437 = ORIENTED_EDGE('',*,*,#18987,.T.);
#19438 = ORIENTED_EDGE('',*,*,#19439,.F.);
#19439 = EDGE_CURVE('',#18907,#18980,#19440,.T.);
#19440 = LINE('',#19441,#19442);
#19441 = CARTESIAN_POINT('',(-96.44094509579,176.,829.78603069826));
#19442 = VECTOR('',#19443,1.);
#19443 = DIRECTION('',(0.,1.,0.));
#19444 = PLANE('',#19445);
#19445 = AXIS2_PLACEMENT_3D('',#19446,#19447,#19448);
#19446 = CARTESIAN_POINT('',(-93.36276380586,176.,838.24326428533));
#19447 = DIRECTION('',(-0.939692620786,0.,0.342020143326));
#19448 = DIRECTION('',(-0.342020143326,0.,-0.939692620786));
#19449 = ADVANCED_FACE('',(#19450),#19456,.T.);
#19450 = FACE_BOUND('',#19451,.T.);
#19451 = EDGE_LOOP('',(#19452,#19453,#19454,#19455));
#19452 = ORIENTED_EDGE('',*,*,#18938,.F.);
#19453 = ORIENTED_EDGE('',*,*,#18906,.T.);
#19454 = ORIENTED_EDGE('',*,*,#19439,.T.);
#19455 = ORIENTED_EDGE('',*,*,#18979,.F.);
#19456 = PLANE('',#19457);
#19457 = AXIS2_PLACEMENT_3D('',#19458,#19459,#19460);
#19458 = CARTESIAN_POINT('',(-87.98371150871,176.,826.70784940833));
#19459 = DIRECTION('',(-0.342020143326,0.,-0.939692620786));
#19460 = DIRECTION('',(-0.939692620786,0.,0.342020143326));
#19461 = ADVANCED_FACE('',(#19462),#19473,.F.);
#19462 = FACE_BOUND('',#19463,.F.);
#19463 = EDGE_LOOP('',(#19464,#19465,#19466,#19472));
#19464 = ORIENTED_EDGE('',*,*,#19009,.F.);
#19465 = ORIENTED_EDGE('',*,*,#19042,.T.);
#19466 = ORIENTED_EDGE('',*,*,#19467,.T.);
#19467 = EDGE_CURVE('',#19033,#19065,#19468,.T.);
#19468 = LINE('',#19469,#19470);
#19469 = CARTESIAN_POINT('',(-96.44094509579,176.,850.21396930173));
#19470 = VECTOR('',#19471,1.);
#19471 = DIRECTION('',(0.,1.,0.));
#19472 = ORIENTED_EDGE('',*,*,#19074,.F.);
#19473 = PLANE('',#19474);
#19474 = AXIS2_PLACEMENT_3D('',#19475,#19476,#19477);
#19475 = CARTESIAN_POINT('',(-87.98371150871,176.,853.29215059166));
#19476 = DIRECTION('',(0.342020143326,0.,-0.939692620786));
#19477 = DIRECTION('',(-0.939692620786,0.,-0.342020143326));
#19478 = ADVANCED_FACE('',(#19479),#19485,.T.);
#19479 = FACE_BOUND('',#19480,.T.);
#19480 = EDGE_LOOP('',(#19481,#19482,#19483,#19484));
#19481 = ORIENTED_EDGE('',*,*,#19032,.F.);
#19482 = ORIENTED_EDGE('',*,*,#19467,.T.);
#19483 = ORIENTED_EDGE('',*,*,#19064,.T.);
#19484 = ORIENTED_EDGE('',*,*,#19099,.F.);
#19485 = PLANE('',#19486);
#19486 = AXIS2_PLACEMENT_3D('',#19487,#19488,#19489);
#19487 = CARTESIAN_POINT('',(-96.44094509579,176.,850.21396930173));
#19488 = DIRECTION('',(-0.939692620786,0.,-0.342020143326));
#19489 = DIRECTION('',(0.342020143326,0.,-0.939692620786));
#19490 = ADVANCED_FACE('',(#19491),#19502,.F.);
#19491 = FACE_BOUND('',#19492,.F.);
#19492 = EDGE_LOOP('',(#19493,#19494,#19500,#19501));
#19493 = ORIENTED_EDGE('',*,*,#19129,.F.);
#19494 = ORIENTED_EDGE('',*,*,#19495,.T.);
#19495 = EDGE_CURVE('',#19122,#19202,#19496,.T.);
#19496 = LINE('',#19497,#19498);
#19497 = CARTESIAN_POINT('',(-82.64711431703,176.,865.19967320028));
#19498 = VECTOR('',#19499,1.);
#19499 = DIRECTION('',(0.,1.,0.));
#19500 = ORIENTED_EDGE('',*,*,#19209,.T.);
#19501 = ORIENTED_EDGE('',*,*,#19184,.F.);
#19502 = PLANE('',#19503);
#19503 = AXIS2_PLACEMENT_3D('',#19504,#19505,#19506);
#19504 = CARTESIAN_POINT('',(-82.64711431703,176.,865.19967320028));
#19505 = DIRECTION('',(-0.5,0.,-0.866025403784));
#19506 = DIRECTION('',(0.866025403784,0.,-0.5));
#19507 = ADVANCED_FACE('',(#19508),#19514,.F.);
#19508 = FACE_BOUND('',#19509,.F.);
#19509 = EDGE_LOOP('',(#19510,#19511,#19512,#19513));
#19510 = ORIENTED_EDGE('',*,*,#19495,.F.);
#19511 = ORIENTED_EDGE('',*,*,#19121,.T.);
#19512 = ORIENTED_EDGE('',*,*,#19153,.T.);
#19513 = ORIENTED_EDGE('',*,*,#19201,.F.);
#19514 = PLANE('',#19515);
#19515 = AXIS2_PLACEMENT_3D('',#19516,#19517,#19518);
#19516 = CARTESIAN_POINT('',(-82.64711431703,176.,865.19967320028));
#19517 = DIRECTION('',(0.866025403784,0.,-0.5));
#19518 = DIRECTION('',(-0.5,0.,-0.866025403784));
#19519 = ADVANCED_FACE('',(#19520),#19539,.T.);
#19520 = FACE_BOUND('',#19521,.T.);
#19521 = EDGE_LOOP('',(#19522,#19530,#19537,#19538));
#19522 = ORIENTED_EDGE('',*,*,#19523,.T.);
#19523 = EDGE_CURVE('',#19258,#19524,#19526,.T.);
#19524 = VERTEX_POINT('',#19525);
#19525 = CARTESIAN_POINT('',(-70.,219.,850.));
#19526 = LINE('',#19527,#19528);
#19527 = CARTESIAN_POINT('',(-70.,191.,850.));
#19528 = VECTOR('',#19529,1.);
#19529 = DIRECTION('',(0.,1.,0.));
#19530 = ORIENTED_EDGE('',*,*,#19531,.F.);
#19531 = EDGE_CURVE('',#19524,#19524,#19532,.T.);
#19532 = CIRCLE('',#19533,10.);
#19533 = AXIS2_PLACEMENT_3D('',#19534,#19535,#19536);
#19534 = CARTESIAN_POINT('',(-70.,219.,840.));
#19535 = DIRECTION('',(0.,1.,0.));
#19536 = DIRECTION('',(0.,0.,1.));
#19537 = ORIENTED_EDGE('',*,*,#19523,.F.);
#19538 = ORIENTED_EDGE('',*,*,#19257,.T.);
#19539 = CYLINDRICAL_SURFACE('',#19540,10.);
#19540 = AXIS2_PLACEMENT_3D('',#19541,#19542,#19543);
#19541 = CARTESIAN_POINT('',(-70.,191.,840.));
#19542 = DIRECTION('',(0.,1.,0.));
#19543 = DIRECTION('',(0.,0.,1.));
#19544 = ADVANCED_FACE('',(#19545),#19548,.T.);
#19545 = FACE_BOUND('',#19546,.T.);
#19546 = EDGE_LOOP('',(#19547));
#19547 = ORIENTED_EDGE('',*,*,#19531,.T.);
#19548 = PLANE('',#19549);
#19549 = AXIS2_PLACEMENT_3D('',#19550,#19551,#19552);
#19550 = CARTESIAN_POINT('',(-70.,219.,840.));
#19551 = DIRECTION('',(0.,1.,0.));
#19552 = DIRECTION('',(0.,0.,1.));
#19553 = ( GEOMETRIC_REPRESENTATION_CONTEXT(3) 
GLOBAL_UNCERTAINTY_ASSIGNED_CONTEXT((#19557)) 
GLOBAL_UNIT_ASSIGNED_CONTEXT((#19554,#19555,#19556)) 
REPRESENTATION_CONTEXT('Context #1',
  '3D Context with UNIT and UNCERTAINTY') );
#19554 = ( LENGTH_UNIT() NAMED_UNIT(*) SI_UNIT(.MILLI.,.METRE.) );
#19555 = ( NAMED_UNIT(*) PLANE_ANGLE_UNIT() SI_UNIT($,.RADIAN.) );
#19556 = ( NAMED_UNIT(*) SI_UNIT($,.STERADIAN.) SOLID_ANGLE_UNIT() );
#19557 = UNCERTAINTY_MEASURE_WITH_UNIT(LENGTH_MEASURE(1.E-07),#19554,
  'distance_accuracy_value','confusion accuracy');
#19558 = PRODUCT_RELATED_PRODUCT_CATEGORY('part',$,(#7));
ENDSEC;
END-ISO-10303-21;
