ISO-10303-21;
HEADER;
FILE_DESCRIPTION(('FreeCAD Model'),'2;1');
FILE_NAME('Open CASCADE Shape Model','2026-07-28T02:10:46',('FreeCAD'),(
    'FreeCAD'),'Open CASCADE STEP processor 7.9','FreeCAD','Unknown');
FILE_SCHEMA(('AUTOMOTIVE_DESIGN { 1 0 10303 214 1 1 1 1 }'));
ENDSEC;
DATA;
#1 = APPLICATION_PROTOCOL_DEFINITION('international standard',
  'automotive_design',2000,#2);
#2 = APPLICATION_CONTEXT(
  'core data for automotive mechanical design processes');
#3 = SHAPE_DEFINITION_REPRESENTATION(#4,#10);
#4 = PRODUCT_DEFINITION_SHAPE('','',#5);
#5 = PRODUCT_DEFINITION('design','',#6,#9);
#6 = PRODUCT_DEFINITION_FORMATION('','',#7);
#7 = PRODUCT('Open CASCADE STEP translator 7.9 7',
  'Open CASCADE STEP translator 7.9 7','',(#8));
#8 = PRODUCT_CONTEXT('',#2,'mechanical');
#9 = PRODUCT_DEFINITION_CONTEXT('part definition',#2,'design');
#10 = SHAPE_REPRESENTATION('',(#11,#15,#68,#121,#271,#421,#571,#721,#774
    ,#827,#880,#933,#1083,#1233,#1383,#1533,#1683,#1833,#1983,#2133,
    #2827,#3521,#3574,#3627,#3777,#3927,#3980,#4033,#4086,#4139,#4487,
    #4637,#4787,#4840,#4893,#4946,#4999),#5347);
#11 = AXIS2_PLACEMENT_3D('',#12,#13,#14);
#12 = CARTESIAN_POINT('',(0.,0.,0.));
#13 = DIRECTION('',(0.,0.,1.));
#14 = DIRECTION('',(1.,0.,-0.));
#15 = MANIFOLD_SOLID_BREP('',#16);
#16 = CLOSED_SHELL('',(#17,#50,#59));
#17 = ADVANCED_FACE('',(#18),#45,.T.);
#18 = FACE_BOUND('',#19,.T.);
#19 = EDGE_LOOP('',(#20,#29,#37,#44));
#20 = ORIENTED_EDGE('',*,*,#21,.F.);
#21 = EDGE_CURVE('',#22,#22,#24,.T.);
#22 = VERTEX_POINT('',#23);
#23 = CARTESIAN_POINT('',(-4.898587196589E-15,110.,860.));
#24 = CIRCLE('',#25,20.);
#25 = AXIS2_PLACEMENT_3D('',#26,#27,#28);
#26 = CARTESIAN_POINT('',(0.,110.,840.));
#27 = DIRECTION('',(0.,1.,0.));
#28 = DIRECTION('',(0.,0.,1.));
#29 = ORIENTED_EDGE('',*,*,#30,.F.);
#30 = EDGE_CURVE('',#31,#22,#33,.T.);
#31 = VERTEX_POINT('',#32);
#32 = CARTESIAN_POINT('',(-4.898587196589E-15,-110.,860.));
#33 = LINE('',#34,#35);
#34 = CARTESIAN_POINT('',(-4.898587196589E-15,-110.,860.));
#35 = VECTOR('',#36,1.);
#36 = DIRECTION('',(0.,1.,0.));
#37 = ORIENTED_EDGE('',*,*,#38,.T.);
#38 = EDGE_CURVE('',#31,#31,#39,.T.);
#39 = CIRCLE('',#40,20.);
#40 = AXIS2_PLACEMENT_3D('',#41,#42,#43);
#41 = CARTESIAN_POINT('',(0.,-110.,840.));
#42 = DIRECTION('',(0.,1.,0.));
#43 = DIRECTION('',(0.,0.,1.));
#44 = ORIENTED_EDGE('',*,*,#30,.T.);
#45 = CYLINDRICAL_SURFACE('',#46,20.);
#46 = AXIS2_PLACEMENT_3D('',#47,#48,#49);
#47 = CARTESIAN_POINT('',(0.,-110.,840.));
#48 = DIRECTION('',(0.,1.,0.));
#49 = DIRECTION('',(0.,0.,1.));
#50 = ADVANCED_FACE('',(#51),#54,.T.);
#51 = FACE_BOUND('',#52,.T.);
#52 = EDGE_LOOP('',(#53));
#53 = ORIENTED_EDGE('',*,*,#21,.T.);
#54 = PLANE('',#55);
#55 = AXIS2_PLACEMENT_3D('',#56,#57,#58);
#56 = CARTESIAN_POINT('',(0.,110.,840.));
#57 = DIRECTION('',(0.,1.,0.));
#58 = DIRECTION('',(0.,0.,1.));
#59 = ADVANCED_FACE('',(#60),#63,.F.);
#60 = FACE_BOUND('',#61,.T.);
#61 = EDGE_LOOP('',(#62));
#62 = ORIENTED_EDGE('',*,*,#38,.F.);
#63 = PLANE('',#64);
#64 = AXIS2_PLACEMENT_3D('',#65,#66,#67);
#65 = CARTESIAN_POINT('',(0.,-110.,840.));
#66 = DIRECTION('',(0.,1.,0.));
#67 = DIRECTION('',(0.,0.,1.));
#68 = MANIFOLD_SOLID_BREP('',#69);
#69 = CLOSED_SHELL('',(#70,#103,#112));
#70 = ADVANCED_FACE('',(#71),#98,.T.);
#71 = FACE_BOUND('',#72,.T.);
#72 = EDGE_LOOP('',(#73,#82,#90,#97));
#73 = ORIENTED_EDGE('',*,*,#74,.F.);
#74 = EDGE_CURVE('',#75,#75,#77,.T.);
#75 = VERTEX_POINT('',#76);
#76 = CARTESIAN_POINT('',(-8.572527594031E-15,45.,875.));
#77 = CIRCLE('',#78,35.);
#78 = AXIS2_PLACEMENT_3D('',#79,#80,#81);
#79 = CARTESIAN_POINT('',(0.,45.,840.));
#80 = DIRECTION('',(0.,1.,0.));
#81 = DIRECTION('',(0.,0.,1.));
#82 = ORIENTED_EDGE('',*,*,#83,.F.);
#83 = EDGE_CURVE('',#84,#75,#86,.T.);
#84 = VERTEX_POINT('',#85);
#85 = CARTESIAN_POINT('',(-8.572527594031E-15,-45.,875.));
#86 = LINE('',#87,#88);
#87 = CARTESIAN_POINT('',(-8.572527594031E-15,-45.,875.));
#88 = VECTOR('',#89,1.);
#89 = DIRECTION('',(0.,1.,0.));
#90 = ORIENTED_EDGE('',*,*,#91,.T.);
#91 = EDGE_CURVE('',#84,#84,#92,.T.);
#92 = CIRCLE('',#93,35.);
#93 = AXIS2_PLACEMENT_3D('',#94,#95,#96);
#94 = CARTESIAN_POINT('',(0.,-45.,840.));
#95 = DIRECTION('',(0.,1.,0.));
#96 = DIRECTION('',(0.,0.,1.));
#97 = ORIENTED_EDGE('',*,*,#83,.T.);
#98 = CYLINDRICAL_SURFACE('',#99,35.);
#99 = AXIS2_PLACEMENT_3D('',#100,#101,#102);
#100 = CARTESIAN_POINT('',(0.,-45.,840.));
#101 = DIRECTION('',(0.,1.,0.));
#102 = DIRECTION('',(0.,0.,1.));
#103 = ADVANCED_FACE('',(#104),#107,.T.);
#104 = FACE_BOUND('',#105,.T.);
#105 = EDGE_LOOP('',(#106));
#106 = ORIENTED_EDGE('',*,*,#74,.T.);
#107 = PLANE('',#108);
#108 = AXIS2_PLACEMENT_3D('',#109,#110,#111);
#109 = CARTESIAN_POINT('',(0.,45.,840.));
#110 = DIRECTION('',(0.,1.,0.));
#111 = DIRECTION('',(0.,0.,1.));
#112 = ADVANCED_FACE('',(#113),#116,.F.);
#113 = FACE_BOUND('',#114,.T.);
#114 = EDGE_LOOP('',(#115));
#115 = ORIENTED_EDGE('',*,*,#91,.F.);
#116 = PLANE('',#117);
#117 = AXIS2_PLACEMENT_3D('',#118,#119,#120);
#118 = CARTESIAN_POINT('',(0.,-45.,840.));
#119 = DIRECTION('',(0.,1.,0.));
#120 = DIRECTION('',(0.,0.,1.));
#121 = MANIFOLD_SOLID_BREP('',#122);
#122 = CLOSED_SHELL('',(#123,#163,#203,#225,#247,#259));
#123 = ADVANCED_FACE('',(#124),#158,.F.);
#124 = FACE_BOUND('',#125,.F.);
#125 = EDGE_LOOP('',(#126,#136,#144,#152));
#126 = ORIENTED_EDGE('',*,*,#127,.F.);
#127 = EDGE_CURVE('',#128,#130,#132,.T.);
#128 = VERTEX_POINT('',#129);
#129 = CARTESIAN_POINT('',(-25.,25.,758.));
#130 = VERTEX_POINT('',#131);
#131 = CARTESIAN_POINT('',(-25.,25.,818.));
#132 = LINE('',#133,#134);
#133 = CARTESIAN_POINT('',(-25.,25.,758.));
#134 = VECTOR('',#135,1.);
#135 = DIRECTION('',(0.,0.,1.));
#136 = ORIENTED_EDGE('',*,*,#137,.T.);
#137 = EDGE_CURVE('',#128,#138,#140,.T.);
#138 = VERTEX_POINT('',#139);
#139 = CARTESIAN_POINT('',(-25.,65.,758.));
#140 = LINE('',#141,#142);
#141 = CARTESIAN_POINT('',(-25.,25.,758.));
#142 = VECTOR('',#143,1.);
#143 = DIRECTION('',(0.,1.,0.));
#144 = ORIENTED_EDGE('',*,*,#145,.T.);
#145 = EDGE_CURVE('',#138,#146,#148,.T.);
#146 = VERTEX_POINT('',#147);
#147 = CARTESIAN_POINT('',(-25.,65.,818.));
#148 = LINE('',#149,#150);
#149 = CARTESIAN_POINT('',(-25.,65.,758.));
#150 = VECTOR('',#151,1.);
#151 = DIRECTION('',(0.,0.,1.));
#152 = ORIENTED_EDGE('',*,*,#153,.F.);
#153 = EDGE_CURVE('',#130,#146,#154,.T.);
#154 = LINE('',#155,#156);
#155 = CARTESIAN_POINT('',(-25.,25.,818.));
#156 = VECTOR('',#157,1.);
#157 = DIRECTION('',(0.,1.,0.));
#158 = PLANE('',#159);
#159 = AXIS2_PLACEMENT_3D('',#160,#161,#162);
#160 = CARTESIAN_POINT('',(-25.,25.,758.));
#161 = DIRECTION('',(1.,0.,0.));
#162 = DIRECTION('',(0.,0.,1.));
#163 = ADVANCED_FACE('',(#164),#198,.T.);
#164 = FACE_BOUND('',#165,.T.);
#165 = EDGE_LOOP('',(#166,#176,#184,#192));
#166 = ORIENTED_EDGE('',*,*,#167,.F.);
#167 = EDGE_CURVE('',#168,#170,#172,.T.);
#168 = VERTEX_POINT('',#169);
#169 = CARTESIAN_POINT('',(25.,25.,758.));
#170 = VERTEX_POINT('',#171);
#171 = CARTESIAN_POINT('',(25.,25.,818.));
#172 = LINE('',#173,#174);
#173 = CARTESIAN_POINT('',(25.,25.,758.));
#174 = VECTOR('',#175,1.);
#175 = DIRECTION('',(0.,0.,1.));
#176 = ORIENTED_EDGE('',*,*,#177,.T.);
#177 = EDGE_CURVE('',#168,#178,#180,.T.);
#178 = VERTEX_POINT('',#179);
#179 = CARTESIAN_POINT('',(25.,65.,758.));
#180 = LINE('',#181,#182);
#181 = CARTESIAN_POINT('',(25.,25.,758.));
#182 = VECTOR('',#183,1.);
#183 = DIRECTION('',(0.,1.,0.));
#184 = ORIENTED_EDGE('',*,*,#185,.T.);
#185 = EDGE_CURVE('',#178,#186,#188,.T.);
#186 = VERTEX_POINT('',#187);
#187 = CARTESIAN_POINT('',(25.,65.,818.));
#188 = LINE('',#189,#190);
#189 = CARTESIAN_POINT('',(25.,65.,758.));
#190 = VECTOR('',#191,1.);
#191 = DIRECTION('',(0.,0.,1.));
#192 = ORIENTED_EDGE('',*,*,#193,.F.);
#193 = EDGE_CURVE('',#170,#186,#194,.T.);
#194 = LINE('',#195,#196);
#195 = CARTESIAN_POINT('',(25.,25.,818.));
#196 = VECTOR('',#197,1.);
#197 = DIRECTION('',(0.,1.,0.));
#198 = PLANE('',#199);
#199 = AXIS2_PLACEMENT_3D('',#200,#201,#202);
#200 = CARTESIAN_POINT('',(25.,25.,758.));
#201 = DIRECTION('',(1.,0.,0.));
#202 = DIRECTION('',(0.,0.,1.));
#203 = ADVANCED_FACE('',(#204),#220,.F.);
#204 = FACE_BOUND('',#205,.F.);
#205 = EDGE_LOOP('',(#206,#212,#213,#219));
#206 = ORIENTED_EDGE('',*,*,#207,.F.);
#207 = EDGE_CURVE('',#128,#168,#208,.T.);
#208 = LINE('',#209,#210);
#209 = CARTESIAN_POINT('',(-25.,25.,758.));
#210 = VECTOR('',#211,1.);
#211 = DIRECTION('',(1.,0.,0.));
#212 = ORIENTED_EDGE('',*,*,#127,.T.);
#213 = ORIENTED_EDGE('',*,*,#214,.T.);
#214 = EDGE_CURVE('',#130,#170,#215,.T.);
#215 = LINE('',#216,#217);
#216 = CARTESIAN_POINT('',(-25.,25.,818.));
#217 = VECTOR('',#218,1.);
#218 = DIRECTION('',(1.,0.,0.));
#219 = ORIENTED_EDGE('',*,*,#167,.F.);
#220 = PLANE('',#221);
#221 = AXIS2_PLACEMENT_3D('',#222,#223,#224);
#222 = CARTESIAN_POINT('',(-25.,25.,758.));
#223 = DIRECTION('',(0.,1.,0.));
#224 = DIRECTION('',(0.,0.,1.));
#225 = ADVANCED_FACE('',(#226),#242,.T.);
#226 = FACE_BOUND('',#227,.T.);
#227 = EDGE_LOOP('',(#228,#234,#235,#241));
#228 = ORIENTED_EDGE('',*,*,#229,.F.);
#229 = EDGE_CURVE('',#138,#178,#230,.T.);
#230 = LINE('',#231,#232);
#231 = CARTESIAN_POINT('',(-25.,65.,758.));
#232 = VECTOR('',#233,1.);
#233 = DIRECTION('',(1.,0.,0.));
#234 = ORIENTED_EDGE('',*,*,#145,.T.);
#235 = ORIENTED_EDGE('',*,*,#236,.T.);
#236 = EDGE_CURVE('',#146,#186,#237,.T.);
#237 = LINE('',#238,#239);
#238 = CARTESIAN_POINT('',(-25.,65.,818.));
#239 = VECTOR('',#240,1.);
#240 = DIRECTION('',(1.,0.,0.));
#241 = ORIENTED_EDGE('',*,*,#185,.F.);
#242 = PLANE('',#243);
#243 = AXIS2_PLACEMENT_3D('',#244,#245,#246);
#244 = CARTESIAN_POINT('',(-25.,65.,758.));
#245 = DIRECTION('',(0.,1.,0.));
#246 = DIRECTION('',(0.,0.,1.));
#247 = ADVANCED_FACE('',(#248),#254,.F.);
#248 = FACE_BOUND('',#249,.F.);
#249 = EDGE_LOOP('',(#250,#251,#252,#253));
#250 = ORIENTED_EDGE('',*,*,#137,.F.);
#251 = ORIENTED_EDGE('',*,*,#207,.T.);
#252 = ORIENTED_EDGE('',*,*,#177,.T.);
#253 = ORIENTED_EDGE('',*,*,#229,.F.);
#254 = PLANE('',#255);
#255 = AXIS2_PLACEMENT_3D('',#256,#257,#258);
#256 = CARTESIAN_POINT('',(-25.,25.,758.));
#257 = DIRECTION('',(0.,0.,1.));
#258 = DIRECTION('',(1.,0.,0.));
#259 = ADVANCED_FACE('',(#260),#266,.T.);
#260 = FACE_BOUND('',#261,.T.);
#261 = EDGE_LOOP('',(#262,#263,#264,#265));
#262 = ORIENTED_EDGE('',*,*,#153,.F.);
#263 = ORIENTED_EDGE('',*,*,#214,.T.);
#264 = ORIENTED_EDGE('',*,*,#193,.T.);
#265 = ORIENTED_EDGE('',*,*,#236,.F.);
#266 = PLANE('',#267);
#267 = AXIS2_PLACEMENT_3D('',#268,#269,#270);
#268 = CARTESIAN_POINT('',(-25.,25.,818.));
#269 = DIRECTION('',(0.,0.,1.));
#270 = DIRECTION('',(1.,0.,0.));
#271 = MANIFOLD_SOLID_BREP('',#272);
#272 = CLOSED_SHELL('',(#273,#313,#353,#375,#397,#409));
#273 = ADVANCED_FACE('',(#274),#308,.F.);
#274 = FACE_BOUND('',#275,.F.);
#275 = EDGE_LOOP('',(#276,#286,#294,#302));
#276 = ORIENTED_EDGE('',*,*,#277,.F.);
#277 = EDGE_CURVE('',#278,#280,#282,.T.);
#278 = VERTEX_POINT('',#279);
#279 = CARTESIAN_POINT('',(-25.,-65.,758.));
#280 = VERTEX_POINT('',#281);
#281 = CARTESIAN_POINT('',(-25.,-65.,818.));
#282 = LINE('',#283,#284);
#283 = CARTESIAN_POINT('',(-25.,-65.,758.));
#284 = VECTOR('',#285,1.);
#285 = DIRECTION('',(0.,0.,1.));
#286 = ORIENTED_EDGE('',*,*,#287,.T.);
#287 = EDGE_CURVE('',#278,#288,#290,.T.);
#288 = VERTEX_POINT('',#289);
#289 = CARTESIAN_POINT('',(-25.,-25.,758.));
#290 = LINE('',#291,#292);
#291 = CARTESIAN_POINT('',(-25.,-65.,758.));
#292 = VECTOR('',#293,1.);
#293 = DIRECTION('',(0.,1.,0.));
#294 = ORIENTED_EDGE('',*,*,#295,.T.);
#295 = EDGE_CURVE('',#288,#296,#298,.T.);
#296 = VERTEX_POINT('',#297);
#297 = CARTESIAN_POINT('',(-25.,-25.,818.));
#298 = LINE('',#299,#300);
#299 = CARTESIAN_POINT('',(-25.,-25.,758.));
#300 = VECTOR('',#301,1.);
#301 = DIRECTION('',(0.,0.,1.));
#302 = ORIENTED_EDGE('',*,*,#303,.F.);
#303 = EDGE_CURVE('',#280,#296,#304,.T.);
#304 = LINE('',#305,#306);
#305 = CARTESIAN_POINT('',(-25.,-65.,818.));
#306 = VECTOR('',#307,1.);
#307 = DIRECTION('',(0.,1.,0.));
#308 = PLANE('',#309);
#309 = AXIS2_PLACEMENT_3D('',#310,#311,#312);
#310 = CARTESIAN_POINT('',(-25.,-65.,758.));
#311 = DIRECTION('',(1.,0.,0.));
#312 = DIRECTION('',(0.,0.,1.));
#313 = ADVANCED_FACE('',(#314),#348,.T.);
#314 = FACE_BOUND('',#315,.T.);
#315 = EDGE_LOOP('',(#316,#326,#334,#342));
#316 = ORIENTED_EDGE('',*,*,#317,.F.);
#317 = EDGE_CURVE('',#318,#320,#322,.T.);
#318 = VERTEX_POINT('',#319);
#319 = CARTESIAN_POINT('',(25.,-65.,758.));
#320 = VERTEX_POINT('',#321);
#321 = CARTESIAN_POINT('',(25.,-65.,818.));
#322 = LINE('',#323,#324);
#323 = CARTESIAN_POINT('',(25.,-65.,758.));
#324 = VECTOR('',#325,1.);
#325 = DIRECTION('',(0.,0.,1.));
#326 = ORIENTED_EDGE('',*,*,#327,.T.);
#327 = EDGE_CURVE('',#318,#328,#330,.T.);
#328 = VERTEX_POINT('',#329);
#329 = CARTESIAN_POINT('',(25.,-25.,758.));
#330 = LINE('',#331,#332);
#331 = CARTESIAN_POINT('',(25.,-65.,758.));
#332 = VECTOR('',#333,1.);
#333 = DIRECTION('',(0.,1.,0.));
#334 = ORIENTED_EDGE('',*,*,#335,.T.);
#335 = EDGE_CURVE('',#328,#336,#338,.T.);
#336 = VERTEX_POINT('',#337);
#337 = CARTESIAN_POINT('',(25.,-25.,818.));
#338 = LINE('',#339,#340);
#339 = CARTESIAN_POINT('',(25.,-25.,758.));
#340 = VECTOR('',#341,1.);
#341 = DIRECTION('',(0.,0.,1.));
#342 = ORIENTED_EDGE('',*,*,#343,.F.);
#343 = EDGE_CURVE('',#320,#336,#344,.T.);
#344 = LINE('',#345,#346);
#345 = CARTESIAN_POINT('',(25.,-65.,818.));
#346 = VECTOR('',#347,1.);
#347 = DIRECTION('',(0.,1.,0.));
#348 = PLANE('',#349);
#349 = AXIS2_PLACEMENT_3D('',#350,#351,#352);
#350 = CARTESIAN_POINT('',(25.,-65.,758.));
#351 = DIRECTION('',(1.,0.,0.));
#352 = DIRECTION('',(0.,0.,1.));
#353 = ADVANCED_FACE('',(#354),#370,.F.);
#354 = FACE_BOUND('',#355,.F.);
#355 = EDGE_LOOP('',(#356,#362,#363,#369));
#356 = ORIENTED_EDGE('',*,*,#357,.F.);
#357 = EDGE_CURVE('',#278,#318,#358,.T.);
#358 = LINE('',#359,#360);
#359 = CARTESIAN_POINT('',(-25.,-65.,758.));
#360 = VECTOR('',#361,1.);
#361 = DIRECTION('',(1.,0.,0.));
#362 = ORIENTED_EDGE('',*,*,#277,.T.);
#363 = ORIENTED_EDGE('',*,*,#364,.T.);
#364 = EDGE_CURVE('',#280,#320,#365,.T.);
#365 = LINE('',#366,#367);
#366 = CARTESIAN_POINT('',(-25.,-65.,818.));
#367 = VECTOR('',#368,1.);
#368 = DIRECTION('',(1.,0.,0.));
#369 = ORIENTED_EDGE('',*,*,#317,.F.);
#370 = PLANE('',#371);
#371 = AXIS2_PLACEMENT_3D('',#372,#373,#374);
#372 = CARTESIAN_POINT('',(-25.,-65.,758.));
#373 = DIRECTION('',(0.,1.,0.));
#374 = DIRECTION('',(0.,0.,1.));
#375 = ADVANCED_FACE('',(#376),#392,.T.);
#376 = FACE_BOUND('',#377,.T.);
#377 = EDGE_LOOP('',(#378,#384,#385,#391));
#378 = ORIENTED_EDGE('',*,*,#379,.F.);
#379 = EDGE_CURVE('',#288,#328,#380,.T.);
#380 = LINE('',#381,#382);
#381 = CARTESIAN_POINT('',(-25.,-25.,758.));
#382 = VECTOR('',#383,1.);
#383 = DIRECTION('',(1.,0.,0.));
#384 = ORIENTED_EDGE('',*,*,#295,.T.);
#385 = ORIENTED_EDGE('',*,*,#386,.T.);
#386 = EDGE_CURVE('',#296,#336,#387,.T.);
#387 = LINE('',#388,#389);
#388 = CARTESIAN_POINT('',(-25.,-25.,818.));
#389 = VECTOR('',#390,1.);
#390 = DIRECTION('',(1.,0.,0.));
#391 = ORIENTED_EDGE('',*,*,#335,.F.);
#392 = PLANE('',#393);
#393 = AXIS2_PLACEMENT_3D('',#394,#395,#396);
#394 = CARTESIAN_POINT('',(-25.,-25.,758.));
#395 = DIRECTION('',(0.,1.,0.));
#396 = DIRECTION('',(0.,0.,1.));
#397 = ADVANCED_FACE('',(#398),#404,.F.);
#398 = FACE_BOUND('',#399,.F.);
#399 = EDGE_LOOP('',(#400,#401,#402,#403));
#400 = ORIENTED_EDGE('',*,*,#287,.F.);
#401 = ORIENTED_EDGE('',*,*,#357,.T.);
#402 = ORIENTED_EDGE('',*,*,#327,.T.);
#403 = ORIENTED_EDGE('',*,*,#379,.F.);
#404 = PLANE('',#405);
#405 = AXIS2_PLACEMENT_3D('',#406,#407,#408);
#406 = CARTESIAN_POINT('',(-25.,-65.,758.));
#407 = DIRECTION('',(0.,0.,1.));
#408 = DIRECTION('',(1.,0.,0.));
#409 = ADVANCED_FACE('',(#410),#416,.T.);
#410 = FACE_BOUND('',#411,.T.);
#411 = EDGE_LOOP('',(#412,#413,#414,#415));
#412 = ORIENTED_EDGE('',*,*,#303,.F.);
#413 = ORIENTED_EDGE('',*,*,#364,.T.);
#414 = ORIENTED_EDGE('',*,*,#343,.T.);
#415 = ORIENTED_EDGE('',*,*,#386,.F.);
#416 = PLANE('',#417);
#417 = AXIS2_PLACEMENT_3D('',#418,#419,#420);
#418 = CARTESIAN_POINT('',(-25.,-65.,818.));
#419 = DIRECTION('',(0.,0.,1.));
#420 = DIRECTION('',(1.,0.,0.));
#421 = MANIFOLD_SOLID_BREP('',#422);
#422 = CLOSED_SHELL('',(#423,#463,#503,#525,#547,#559));
#423 = ADVANCED_FACE('',(#424),#458,.F.);
#424 = FACE_BOUND('',#425,.F.);
#425 = EDGE_LOOP('',(#426,#436,#444,#452));
#426 = ORIENTED_EDGE('',*,*,#427,.F.);
#427 = EDGE_CURVE('',#428,#430,#432,.T.);
#428 = VERTEX_POINT('',#429);
#429 = CARTESIAN_POINT('',(-25.,-71.,815.));
#430 = VERTEX_POINT('',#431);
#431 = CARTESIAN_POINT('',(-25.,-71.,865.));
#432 = LINE('',#433,#434);
#433 = CARTESIAN_POINT('',(-25.,-71.,815.));
#434 = VECTOR('',#435,1.);
#435 = DIRECTION('',(0.,0.,1.));
#436 = ORIENTED_EDGE('',*,*,#437,.T.);
#437 = EDGE_CURVE('',#428,#438,#440,.T.);
#438 = VERTEX_POINT('',#439);
#439 = CARTESIAN_POINT('',(-25.,-49.,815.));
#440 = LINE('',#441,#442);
#441 = CARTESIAN_POINT('',(-25.,-71.,815.));
#442 = VECTOR('',#443,1.);
#443 = DIRECTION('',(0.,1.,0.));
#444 = ORIENTED_EDGE('',*,*,#445,.T.);
#445 = EDGE_CURVE('',#438,#446,#448,.T.);
#446 = VERTEX_POINT('',#447);
#447 = CARTESIAN_POINT('',(-25.,-49.,865.));
#448 = LINE('',#449,#450);
#449 = CARTESIAN_POINT('',(-25.,-49.,815.));
#450 = VECTOR('',#451,1.);
#451 = DIRECTION('',(0.,0.,1.));
#452 = ORIENTED_EDGE('',*,*,#453,.F.);
#453 = EDGE_CURVE('',#430,#446,#454,.T.);
#454 = LINE('',#455,#456);
#455 = CARTESIAN_POINT('',(-25.,-71.,865.));
#456 = VECTOR('',#457,1.);
#457 = DIRECTION('',(0.,1.,0.));
#458 = PLANE('',#459);
#459 = AXIS2_PLACEMENT_3D('',#460,#461,#462);
#460 = CARTESIAN_POINT('',(-25.,-71.,815.));
#461 = DIRECTION('',(1.,0.,0.));
#462 = DIRECTION('',(0.,0.,1.));
#463 = ADVANCED_FACE('',(#464),#498,.T.);
#464 = FACE_BOUND('',#465,.T.);
#465 = EDGE_LOOP('',(#466,#476,#484,#492));
#466 = ORIENTED_EDGE('',*,*,#467,.F.);
#467 = EDGE_CURVE('',#468,#470,#472,.T.);
#468 = VERTEX_POINT('',#469);
#469 = CARTESIAN_POINT('',(95.,-71.,815.));
#470 = VERTEX_POINT('',#471);
#471 = CARTESIAN_POINT('',(95.,-71.,865.));
#472 = LINE('',#473,#474);
#473 = CARTESIAN_POINT('',(95.,-71.,815.));
#474 = VECTOR('',#475,1.);
#475 = DIRECTION('',(0.,0.,1.));
#476 = ORIENTED_EDGE('',*,*,#477,.T.);
#477 = EDGE_CURVE('',#468,#478,#480,.T.);
#478 = VERTEX_POINT('',#479);
#479 = CARTESIAN_POINT('',(95.,-49.,815.));
#480 = LINE('',#481,#482);
#481 = CARTESIAN_POINT('',(95.,-71.,815.));
#482 = VECTOR('',#483,1.);
#483 = DIRECTION('',(0.,1.,0.));
#484 = ORIENTED_EDGE('',*,*,#485,.T.);
#485 = EDGE_CURVE('',#478,#486,#488,.T.);
#486 = VERTEX_POINT('',#487);
#487 = CARTESIAN_POINT('',(95.,-49.,865.));
#488 = LINE('',#489,#490);
#489 = CARTESIAN_POINT('',(95.,-49.,815.));
#490 = VECTOR('',#491,1.);
#491 = DIRECTION('',(0.,0.,1.));
#492 = ORIENTED_EDGE('',*,*,#493,.F.);
#493 = EDGE_CURVE('',#470,#486,#494,.T.);
#494 = LINE('',#495,#496);
#495 = CARTESIAN_POINT('',(95.,-71.,865.));
#496 = VECTOR('',#497,1.);
#497 = DIRECTION('',(0.,1.,0.));
#498 = PLANE('',#499);
#499 = AXIS2_PLACEMENT_3D('',#500,#501,#502);
#500 = CARTESIAN_POINT('',(95.,-71.,815.));
#501 = DIRECTION('',(1.,0.,0.));
#502 = DIRECTION('',(0.,0.,1.));
#503 = ADVANCED_FACE('',(#504),#520,.F.);
#504 = FACE_BOUND('',#505,.F.);
#505 = EDGE_LOOP('',(#506,#512,#513,#519));
#506 = ORIENTED_EDGE('',*,*,#507,.F.);
#507 = EDGE_CURVE('',#428,#468,#508,.T.);
#508 = LINE('',#509,#510);
#509 = CARTESIAN_POINT('',(-25.,-71.,815.));
#510 = VECTOR('',#511,1.);
#511 = DIRECTION('',(1.,0.,0.));
#512 = ORIENTED_EDGE('',*,*,#427,.T.);
#513 = ORIENTED_EDGE('',*,*,#514,.T.);
#514 = EDGE_CURVE('',#430,#470,#515,.T.);
#515 = LINE('',#516,#517);
#516 = CARTESIAN_POINT('',(-25.,-71.,865.));
#517 = VECTOR('',#518,1.);
#518 = DIRECTION('',(1.,0.,0.));
#519 = ORIENTED_EDGE('',*,*,#467,.F.);
#520 = PLANE('',#521);
#521 = AXIS2_PLACEMENT_3D('',#522,#523,#524);
#522 = CARTESIAN_POINT('',(-25.,-71.,815.));
#523 = DIRECTION('',(0.,1.,0.));
#524 = DIRECTION('',(0.,0.,1.));
#525 = ADVANCED_FACE('',(#526),#542,.T.);
#526 = FACE_BOUND('',#527,.T.);
#527 = EDGE_LOOP('',(#528,#534,#535,#541));
#528 = ORIENTED_EDGE('',*,*,#529,.F.);
#529 = EDGE_CURVE('',#438,#478,#530,.T.);
#530 = LINE('',#531,#532);
#531 = CARTESIAN_POINT('',(-25.,-49.,815.));
#532 = VECTOR('',#533,1.);
#533 = DIRECTION('',(1.,0.,0.));
#534 = ORIENTED_EDGE('',*,*,#445,.T.);
#535 = ORIENTED_EDGE('',*,*,#536,.T.);
#536 = EDGE_CURVE('',#446,#486,#537,.T.);
#537 = LINE('',#538,#539);
#538 = CARTESIAN_POINT('',(-25.,-49.,865.));
#539 = VECTOR('',#540,1.);
#540 = DIRECTION('',(1.,0.,0.));
#541 = ORIENTED_EDGE('',*,*,#485,.F.);
#542 = PLANE('',#543);
#543 = AXIS2_PLACEMENT_3D('',#544,#545,#546);
#544 = CARTESIAN_POINT('',(-25.,-49.,815.));
#545 = DIRECTION('',(0.,1.,0.));
#546 = DIRECTION('',(0.,0.,1.));
#547 = ADVANCED_FACE('',(#548),#554,.F.);
#548 = FACE_BOUND('',#549,.F.);
#549 = EDGE_LOOP('',(#550,#551,#552,#553));
#550 = ORIENTED_EDGE('',*,*,#437,.F.);
#551 = ORIENTED_EDGE('',*,*,#507,.T.);
#552 = ORIENTED_EDGE('',*,*,#477,.T.);
#553 = ORIENTED_EDGE('',*,*,#529,.F.);
#554 = PLANE('',#555);
#555 = AXIS2_PLACEMENT_3D('',#556,#557,#558);
#556 = CARTESIAN_POINT('',(-25.,-71.,815.));
#557 = DIRECTION('',(0.,0.,1.));
#558 = DIRECTION('',(1.,0.,0.));
#559 = ADVANCED_FACE('',(#560),#566,.T.);
#560 = FACE_BOUND('',#561,.T.);
#561 = EDGE_LOOP('',(#562,#563,#564,#565));
#562 = ORIENTED_EDGE('',*,*,#453,.F.);
#563 = ORIENTED_EDGE('',*,*,#514,.T.);
#564 = ORIENTED_EDGE('',*,*,#493,.T.);
#565 = ORIENTED_EDGE('',*,*,#536,.F.);
#566 = PLANE('',#567);
#567 = AXIS2_PLACEMENT_3D('',#568,#569,#570);
#568 = CARTESIAN_POINT('',(-25.,-71.,865.));
#569 = DIRECTION('',(0.,0.,1.));
#570 = DIRECTION('',(1.,0.,0.));
#571 = MANIFOLD_SOLID_BREP('',#572);
#572 = CLOSED_SHELL('',(#573,#613,#653,#675,#697,#709));
#573 = ADVANCED_FACE('',(#574),#608,.F.);
#574 = FACE_BOUND('',#575,.F.);
#575 = EDGE_LOOP('',(#576,#586,#594,#602));
#576 = ORIENTED_EDGE('',*,*,#577,.F.);
#577 = EDGE_CURVE('',#578,#580,#582,.T.);
#578 = VERTEX_POINT('',#579);
#579 = CARTESIAN_POINT('',(-95.,49.,815.));
#580 = VERTEX_POINT('',#581);
#581 = CARTESIAN_POINT('',(-95.,49.,865.));
#582 = LINE('',#583,#584);
#583 = CARTESIAN_POINT('',(-95.,49.,815.));
#584 = VECTOR('',#585,1.);
#585 = DIRECTION('',(0.,0.,1.));
#586 = ORIENTED_EDGE('',*,*,#587,.T.);
#587 = EDGE_CURVE('',#578,#588,#590,.T.);
#588 = VERTEX_POINT('',#589);
#589 = CARTESIAN_POINT('',(-95.,71.,815.));
#590 = LINE('',#591,#592);
#591 = CARTESIAN_POINT('',(-95.,49.,815.));
#592 = VECTOR('',#593,1.);
#593 = DIRECTION('',(0.,1.,0.));
#594 = ORIENTED_EDGE('',*,*,#595,.T.);
#595 = EDGE_CURVE('',#588,#596,#598,.T.);
#596 = VERTEX_POINT('',#597);
#597 = CARTESIAN_POINT('',(-95.,71.,865.));
#598 = LINE('',#599,#600);
#599 = CARTESIAN_POINT('',(-95.,71.,815.));
#600 = VECTOR('',#601,1.);
#601 = DIRECTION('',(0.,0.,1.));
#602 = ORIENTED_EDGE('',*,*,#603,.F.);
#603 = EDGE_CURVE('',#580,#596,#604,.T.);
#604 = LINE('',#605,#606);
#605 = CARTESIAN_POINT('',(-95.,49.,865.));
#606 = VECTOR('',#607,1.);
#607 = DIRECTION('',(0.,1.,0.));
#608 = PLANE('',#609);
#609 = AXIS2_PLACEMENT_3D('',#610,#611,#612);
#610 = CARTESIAN_POINT('',(-95.,49.,815.));
#611 = DIRECTION('',(1.,0.,0.));
#612 = DIRECTION('',(0.,0.,1.));
#613 = ADVANCED_FACE('',(#614),#648,.T.);
#614 = FACE_BOUND('',#615,.T.);
#615 = EDGE_LOOP('',(#616,#626,#634,#642));
#616 = ORIENTED_EDGE('',*,*,#617,.F.);
#617 = EDGE_CURVE('',#618,#620,#622,.T.);
#618 = VERTEX_POINT('',#619);
#619 = CARTESIAN_POINT('',(25.,49.,815.));
#620 = VERTEX_POINT('',#621);
#621 = CARTESIAN_POINT('',(25.,49.,865.));
#622 = LINE('',#623,#624);
#623 = CARTESIAN_POINT('',(25.,49.,815.));
#624 = VECTOR('',#625,1.);
#625 = DIRECTION('',(0.,0.,1.));
#626 = ORIENTED_EDGE('',*,*,#627,.T.);
#627 = EDGE_CURVE('',#618,#628,#630,.T.);
#628 = VERTEX_POINT('',#629);
#629 = CARTESIAN_POINT('',(25.,71.,815.));
#630 = LINE('',#631,#632);
#631 = CARTESIAN_POINT('',(25.,49.,815.));
#632 = VECTOR('',#633,1.);
#633 = DIRECTION('',(0.,1.,0.));
#634 = ORIENTED_EDGE('',*,*,#635,.T.);
#635 = EDGE_CURVE('',#628,#636,#638,.T.);
#636 = VERTEX_POINT('',#637);
#637 = CARTESIAN_POINT('',(25.,71.,865.));
#638 = LINE('',#639,#640);
#639 = CARTESIAN_POINT('',(25.,71.,815.));
#640 = VECTOR('',#641,1.);
#641 = DIRECTION('',(0.,0.,1.));
#642 = ORIENTED_EDGE('',*,*,#643,.F.);
#643 = EDGE_CURVE('',#620,#636,#644,.T.);
#644 = LINE('',#645,#646);
#645 = CARTESIAN_POINT('',(25.,49.,865.));
#646 = VECTOR('',#647,1.);
#647 = DIRECTION('',(0.,1.,0.));
#648 = PLANE('',#649);
#649 = AXIS2_PLACEMENT_3D('',#650,#651,#652);
#650 = CARTESIAN_POINT('',(25.,49.,815.));
#651 = DIRECTION('',(1.,0.,0.));
#652 = DIRECTION('',(0.,0.,1.));
#653 = ADVANCED_FACE('',(#654),#670,.F.);
#654 = FACE_BOUND('',#655,.F.);
#655 = EDGE_LOOP('',(#656,#662,#663,#669));
#656 = ORIENTED_EDGE('',*,*,#657,.F.);
#657 = EDGE_CURVE('',#578,#618,#658,.T.);
#658 = LINE('',#659,#660);
#659 = CARTESIAN_POINT('',(-95.,49.,815.));
#660 = VECTOR('',#661,1.);
#661 = DIRECTION('',(1.,0.,0.));
#662 = ORIENTED_EDGE('',*,*,#577,.T.);
#663 = ORIENTED_EDGE('',*,*,#664,.T.);
#664 = EDGE_CURVE('',#580,#620,#665,.T.);
#665 = LINE('',#666,#667);
#666 = CARTESIAN_POINT('',(-95.,49.,865.));
#667 = VECTOR('',#668,1.);
#668 = DIRECTION('',(1.,0.,0.));
#669 = ORIENTED_EDGE('',*,*,#617,.F.);
#670 = PLANE('',#671);
#671 = AXIS2_PLACEMENT_3D('',#672,#673,#674);
#672 = CARTESIAN_POINT('',(-95.,49.,815.));
#673 = DIRECTION('',(0.,1.,0.));
#674 = DIRECTION('',(0.,0.,1.));
#675 = ADVANCED_FACE('',(#676),#692,.T.);
#676 = FACE_BOUND('',#677,.T.);
#677 = EDGE_LOOP('',(#678,#684,#685,#691));
#678 = ORIENTED_EDGE('',*,*,#679,.F.);
#679 = EDGE_CURVE('',#588,#628,#680,.T.);
#680 = LINE('',#681,#682);
#681 = CARTESIAN_POINT('',(-95.,71.,815.));
#682 = VECTOR('',#683,1.);
#683 = DIRECTION('',(1.,0.,0.));
#684 = ORIENTED_EDGE('',*,*,#595,.T.);
#685 = ORIENTED_EDGE('',*,*,#686,.T.);
#686 = EDGE_CURVE('',#596,#636,#687,.T.);
#687 = LINE('',#688,#689);
#688 = CARTESIAN_POINT('',(-95.,71.,865.));
#689 = VECTOR('',#690,1.);
#690 = DIRECTION('',(1.,0.,0.));
#691 = ORIENTED_EDGE('',*,*,#635,.F.);
#692 = PLANE('',#693);
#693 = AXIS2_PLACEMENT_3D('',#694,#695,#696);
#694 = CARTESIAN_POINT('',(-95.,71.,815.));
#695 = DIRECTION('',(0.,1.,0.));
#696 = DIRECTION('',(0.,0.,1.));
#697 = ADVANCED_FACE('',(#698),#704,.F.);
#698 = FACE_BOUND('',#699,.F.);
#699 = EDGE_LOOP('',(#700,#701,#702,#703));
#700 = ORIENTED_EDGE('',*,*,#587,.F.);
#701 = ORIENTED_EDGE('',*,*,#657,.T.);
#702 = ORIENTED_EDGE('',*,*,#627,.T.);
#703 = ORIENTED_EDGE('',*,*,#679,.F.);
#704 = PLANE('',#705);
#705 = AXIS2_PLACEMENT_3D('',#706,#707,#708);
#706 = CARTESIAN_POINT('',(-95.,49.,815.));
#707 = DIRECTION('',(0.,0.,1.));
#708 = DIRECTION('',(1.,0.,0.));
#709 = ADVANCED_FACE('',(#710),#716,.T.);
#710 = FACE_BOUND('',#711,.T.);
#711 = EDGE_LOOP('',(#712,#713,#714,#715));
#712 = ORIENTED_EDGE('',*,*,#603,.F.);
#713 = ORIENTED_EDGE('',*,*,#664,.T.);
#714 = ORIENTED_EDGE('',*,*,#643,.T.);
#715 = ORIENTED_EDGE('',*,*,#686,.F.);
#716 = PLANE('',#717);
#717 = AXIS2_PLACEMENT_3D('',#718,#719,#720);
#718 = CARTESIAN_POINT('',(-95.,49.,865.));
#719 = DIRECTION('',(0.,0.,1.));
#720 = DIRECTION('',(1.,0.,0.));
#721 = MANIFOLD_SOLID_BREP('',#722);
#722 = CLOSED_SHELL('',(#723,#756,#765));
#723 = ADVANCED_FACE('',(#724),#751,.T.);
#724 = FACE_BOUND('',#725,.T.);
#725 = EDGE_LOOP('',(#726,#735,#743,#750));
#726 = ORIENTED_EDGE('',*,*,#727,.F.);
#727 = EDGE_CURVE('',#728,#728,#730,.T.);
#728 = VERTEX_POINT('',#729);
#729 = CARTESIAN_POINT('',(70.,-45.,852.));
#730 = CIRCLE('',#731,12.);
#731 = AXIS2_PLACEMENT_3D('',#732,#733,#734);
#732 = CARTESIAN_POINT('',(70.,-45.,840.));
#733 = DIRECTION('',(0.,1.,0.));
#734 = DIRECTION('',(0.,0.,1.));
#735 = ORIENTED_EDGE('',*,*,#736,.F.);
#736 = EDGE_CURVE('',#737,#728,#739,.T.);
#737 = VERTEX_POINT('',#738);
#738 = CARTESIAN_POINT('',(70.,-185.,852.));
#739 = LINE('',#740,#741);
#740 = CARTESIAN_POINT('',(70.,-185.,852.));
#741 = VECTOR('',#742,1.);
#742 = DIRECTION('',(0.,1.,0.));
#743 = ORIENTED_EDGE('',*,*,#744,.T.);
#744 = EDGE_CURVE('',#737,#737,#745,.T.);
#745 = CIRCLE('',#746,12.);
#746 = AXIS2_PLACEMENT_3D('',#747,#748,#749);
#747 = CARTESIAN_POINT('',(70.,-185.,840.));
#748 = DIRECTION('',(0.,1.,0.));
#749 = DIRECTION('',(0.,0.,1.));
#750 = ORIENTED_EDGE('',*,*,#736,.T.);
#751 = CYLINDRICAL_SURFACE('',#752,12.);
#752 = AXIS2_PLACEMENT_3D('',#753,#754,#755);
#753 = CARTESIAN_POINT('',(70.,-185.,840.));
#754 = DIRECTION('',(0.,1.,0.));
#755 = DIRECTION('',(0.,0.,1.));
#756 = ADVANCED_FACE('',(#757),#760,.T.);
#757 = FACE_BOUND('',#758,.T.);
#758 = EDGE_LOOP('',(#759));
#759 = ORIENTED_EDGE('',*,*,#727,.T.);
#760 = PLANE('',#761);
#761 = AXIS2_PLACEMENT_3D('',#762,#763,#764);
#762 = CARTESIAN_POINT('',(70.,-45.,840.));
#763 = DIRECTION('',(0.,1.,0.));
#764 = DIRECTION('',(0.,0.,1.));
#765 = ADVANCED_FACE('',(#766),#769,.F.);
#766 = FACE_BOUND('',#767,.T.);
#767 = EDGE_LOOP('',(#768));
#768 = ORIENTED_EDGE('',*,*,#744,.F.);
#769 = PLANE('',#770);
#770 = AXIS2_PLACEMENT_3D('',#771,#772,#773);
#771 = CARTESIAN_POINT('',(70.,-185.,840.));
#772 = DIRECTION('',(0.,1.,0.));
#773 = DIRECTION('',(0.,0.,1.));
#774 = MANIFOLD_SOLID_BREP('',#775);
#775 = CLOSED_SHELL('',(#776,#809,#818));
#776 = ADVANCED_FACE('',(#777),#804,.T.);
#777 = FACE_BOUND('',#778,.T.);
#778 = EDGE_LOOP('',(#779,#788,#796,#803));
#779 = ORIENTED_EDGE('',*,*,#780,.F.);
#780 = EDGE_CURVE('',#781,#781,#783,.T.);
#781 = VERTEX_POINT('',#782);
#782 = CARTESIAN_POINT('',(-70.,185.,852.));
#783 = CIRCLE('',#784,12.);
#784 = AXIS2_PLACEMENT_3D('',#785,#786,#787);
#785 = CARTESIAN_POINT('',(-70.,185.,840.));
#786 = DIRECTION('',(0.,1.,0.));
#787 = DIRECTION('',(0.,0.,1.));
#788 = ORIENTED_EDGE('',*,*,#789,.F.);
#789 = EDGE_CURVE('',#790,#781,#792,.T.);
#790 = VERTEX_POINT('',#791);
#791 = CARTESIAN_POINT('',(-70.,45.,852.));
#792 = LINE('',#793,#794);
#793 = CARTESIAN_POINT('',(-70.,45.,852.));
#794 = VECTOR('',#795,1.);
#795 = DIRECTION('',(0.,1.,0.));
#796 = ORIENTED_EDGE('',*,*,#797,.T.);
#797 = EDGE_CURVE('',#790,#790,#798,.T.);
#798 = CIRCLE('',#799,12.);
#799 = AXIS2_PLACEMENT_3D('',#800,#801,#802);
#800 = CARTESIAN_POINT('',(-70.,45.,840.));
#801 = DIRECTION('',(0.,1.,0.));
#802 = DIRECTION('',(0.,0.,1.));
#803 = ORIENTED_EDGE('',*,*,#789,.T.);
#804 = CYLINDRICAL_SURFACE('',#805,12.);
#805 = AXIS2_PLACEMENT_3D('',#806,#807,#808);
#806 = CARTESIAN_POINT('',(-70.,45.,840.));
#807 = DIRECTION('',(0.,1.,0.));
#808 = DIRECTION('',(0.,0.,1.));
#809 = ADVANCED_FACE('',(#810),#813,.T.);
#810 = FACE_BOUND('',#811,.T.);
#811 = EDGE_LOOP('',(#812));
#812 = ORIENTED_EDGE('',*,*,#780,.T.);
#813 = PLANE('',#814);
#814 = AXIS2_PLACEMENT_3D('',#815,#816,#817);
#815 = CARTESIAN_POINT('',(-70.,185.,840.));
#816 = DIRECTION('',(0.,1.,0.));
#817 = DIRECTION('',(0.,0.,1.));
#818 = ADVANCED_FACE('',(#819),#822,.F.);
#819 = FACE_BOUND('',#820,.T.);
#820 = EDGE_LOOP('',(#821));
#821 = ORIENTED_EDGE('',*,*,#797,.F.);
#822 = PLANE('',#823);
#823 = AXIS2_PLACEMENT_3D('',#824,#825,#826);
#824 = CARTESIAN_POINT('',(-70.,45.,840.));
#825 = DIRECTION('',(0.,1.,0.));
#826 = DIRECTION('',(0.,0.,1.));
#827 = MANIFOLD_SOLID_BREP('',#828);
#828 = CLOSED_SHELL('',(#829,#862,#871));
#829 = ADVANCED_FACE('',(#830),#857,.T.);
#830 = FACE_BOUND('',#831,.T.);
#831 = EDGE_LOOP('',(#832,#841,#849,#856));
#832 = ORIENTED_EDGE('',*,*,#833,.F.);
#833 = EDGE_CURVE('',#834,#834,#836,.T.);
#834 = VERTEX_POINT('',#835);
#835 = CARTESIAN_POINT('',(70.,-193.,865.));
#836 = CIRCLE('',#837,25.);
#837 = AXIS2_PLACEMENT_3D('',#838,#839,#840);
#838 = CARTESIAN_POINT('',(70.,-193.,840.));
#839 = DIRECTION('',(0.,1.,0.));
#840 = DIRECTION('',(0.,0.,1.));
#841 = ORIENTED_EDGE('',*,*,#842,.F.);
#842 = EDGE_CURVE('',#843,#834,#845,.T.);
#843 = VERTEX_POINT('',#844);
#844 = CARTESIAN_POINT('',(70.,-218.,865.));
#845 = LINE('',#846,#847);
#846 = CARTESIAN_POINT('',(70.,-218.,865.));
#847 = VECTOR('',#848,1.);
#848 = DIRECTION('',(0.,1.,0.));
#849 = ORIENTED_EDGE('',*,*,#850,.T.);
#850 = EDGE_CURVE('',#843,#843,#851,.T.);
#851 = CIRCLE('',#852,25.);
#852 = AXIS2_PLACEMENT_3D('',#853,#854,#855);
#853 = CARTESIAN_POINT('',(70.,-218.,840.));
#854 = DIRECTION('',(0.,1.,0.));
#855 = DIRECTION('',(0.,0.,1.));
#856 = ORIENTED_EDGE('',*,*,#842,.T.);
#857 = CYLINDRICAL_SURFACE('',#858,25.);
#858 = AXIS2_PLACEMENT_3D('',#859,#860,#861);
#859 = CARTESIAN_POINT('',(70.,-218.,840.));
#860 = DIRECTION('',(0.,1.,0.));
#861 = DIRECTION('',(0.,0.,1.));
#862 = ADVANCED_FACE('',(#863),#866,.T.);
#863 = FACE_BOUND('',#864,.T.);
#864 = EDGE_LOOP('',(#865));
#865 = ORIENTED_EDGE('',*,*,#833,.T.);
#866 = PLANE('',#867);
#867 = AXIS2_PLACEMENT_3D('',#868,#869,#870);
#868 = CARTESIAN_POINT('',(70.,-193.,840.));
#869 = DIRECTION('',(0.,1.,0.));
#870 = DIRECTION('',(0.,0.,1.));
#871 = ADVANCED_FACE('',(#872),#875,.F.);
#872 = FACE_BOUND('',#873,.T.);
#873 = EDGE_LOOP('',(#874));
#874 = ORIENTED_EDGE('',*,*,#850,.F.);
#875 = PLANE('',#876);
#876 = AXIS2_PLACEMENT_3D('',#877,#878,#879);
#877 = CARTESIAN_POINT('',(70.,-218.,840.));
#878 = DIRECTION('',(0.,1.,0.));
#879 = DIRECTION('',(0.,0.,1.));
#880 = MANIFOLD_SOLID_BREP('',#881);
#881 = CLOSED_SHELL('',(#882,#915,#924));
#882 = ADVANCED_FACE('',(#883),#910,.T.);
#883 = FACE_BOUND('',#884,.T.);
#884 = EDGE_LOOP('',(#885,#894,#902,#909));
#885 = ORIENTED_EDGE('',*,*,#886,.F.);
#886 = EDGE_CURVE('',#887,#887,#889,.T.);
#887 = VERTEX_POINT('',#888);
#888 = CARTESIAN_POINT('',(-70.,218.,865.));
#889 = CIRCLE('',#890,25.);
#890 = AXIS2_PLACEMENT_3D('',#891,#892,#893);
#891 = CARTESIAN_POINT('',(-70.,218.,840.));
#892 = DIRECTION('',(0.,1.,0.));
#893 = DIRECTION('',(0.,0.,1.));
#894 = ORIENTED_EDGE('',*,*,#895,.F.);
#895 = EDGE_CURVE('',#896,#887,#898,.T.);
#896 = VERTEX_POINT('',#897);
#897 = CARTESIAN_POINT('',(-70.,193.,865.));
#898 = LINE('',#899,#900);
#899 = CARTESIAN_POINT('',(-70.,193.,865.));
#900 = VECTOR('',#901,1.);
#901 = DIRECTION('',(0.,1.,0.));
#902 = ORIENTED_EDGE('',*,*,#903,.T.);
#903 = EDGE_CURVE('',#896,#896,#904,.T.);
#904 = CIRCLE('',#905,25.);
#905 = AXIS2_PLACEMENT_3D('',#906,#907,#908);
#906 = CARTESIAN_POINT('',(-70.,193.,840.));
#907 = DIRECTION('',(0.,1.,0.));
#908 = DIRECTION('',(0.,0.,1.));
#909 = ORIENTED_EDGE('',*,*,#895,.T.);
#910 = CYLINDRICAL_SURFACE('',#911,25.);
#911 = AXIS2_PLACEMENT_3D('',#912,#913,#914);
#912 = CARTESIAN_POINT('',(-70.,193.,840.));
#913 = DIRECTION('',(0.,1.,0.));
#914 = DIRECTION('',(0.,0.,1.));
#915 = ADVANCED_FACE('',(#916),#919,.T.);
#916 = FACE_BOUND('',#917,.T.);
#917 = EDGE_LOOP('',(#918));
#918 = ORIENTED_EDGE('',*,*,#886,.T.);
#919 = PLANE('',#920);
#920 = AXIS2_PLACEMENT_3D('',#921,#922,#923);
#921 = CARTESIAN_POINT('',(-70.,218.,840.));
#922 = DIRECTION('',(0.,1.,0.));
#923 = DIRECTION('',(0.,0.,1.));
#924 = ADVANCED_FACE('',(#925),#928,.F.);
#925 = FACE_BOUND('',#926,.T.);
#926 = EDGE_LOOP('',(#927));
#927 = ORIENTED_EDGE('',*,*,#903,.F.);
#928 = PLANE('',#929);
#929 = AXIS2_PLACEMENT_3D('',#930,#931,#932);
#930 = CARTESIAN_POINT('',(-70.,193.,840.));
#931 = DIRECTION('',(0.,1.,0.));
#932 = DIRECTION('',(0.,0.,1.));
#933 = MANIFOLD_SOLID_BREP('',#934);
#934 = CLOSED_SHELL('',(#935,#975,#1015,#1037,#1059,#1071));
#935 = ADVANCED_FACE('',(#936),#970,.F.);
#936 = FACE_BOUND('',#937,.F.);
#937 = EDGE_LOOP('',(#938,#948,#956,#964));
#938 = ORIENTED_EDGE('',*,*,#939,.F.);
#939 = EDGE_CURVE('',#940,#942,#944,.T.);
#940 = VERTEX_POINT('',#941);
#941 = CARTESIAN_POINT('',(55.,-440.,825.));
#942 = VERTEX_POINT('',#943);
#943 = CARTESIAN_POINT('',(55.,-440.,855.));
#944 = LINE('',#945,#946);
#945 = CARTESIAN_POINT('',(55.,-440.,825.));
#946 = VECTOR('',#947,1.);
#947 = DIRECTION('',(0.,0.,1.));
#948 = ORIENTED_EDGE('',*,*,#949,.T.);
#949 = EDGE_CURVE('',#940,#950,#952,.T.);
#950 = VERTEX_POINT('',#951);
#951 = CARTESIAN_POINT('',(55.,-190.,825.));
#952 = LINE('',#953,#954);
#953 = CARTESIAN_POINT('',(55.,-440.,825.));
#954 = VECTOR('',#955,1.);
#955 = DIRECTION('',(0.,1.,0.));
#956 = ORIENTED_EDGE('',*,*,#957,.T.);
#957 = EDGE_CURVE('',#950,#958,#960,.T.);
#958 = VERTEX_POINT('',#959);
#959 = CARTESIAN_POINT('',(55.,-190.,855.));
#960 = LINE('',#961,#962);
#961 = CARTESIAN_POINT('',(55.,-190.,825.));
#962 = VECTOR('',#963,1.);
#963 = DIRECTION('',(0.,0.,1.));
#964 = ORIENTED_EDGE('',*,*,#965,.F.);
#965 = EDGE_CURVE('',#942,#958,#966,.T.);
#966 = LINE('',#967,#968);
#967 = CARTESIAN_POINT('',(55.,-440.,855.));
#968 = VECTOR('',#969,1.);
#969 = DIRECTION('',(0.,1.,0.));
#970 = PLANE('',#971);
#971 = AXIS2_PLACEMENT_3D('',#972,#973,#974);
#972 = CARTESIAN_POINT('',(55.,-440.,825.));
#973 = DIRECTION('',(1.,0.,0.));
#974 = DIRECTION('',(0.,0.,1.));
#975 = ADVANCED_FACE('',(#976),#1010,.T.);
#976 = FACE_BOUND('',#977,.T.);
#977 = EDGE_LOOP('',(#978,#988,#996,#1004));
#978 = ORIENTED_EDGE('',*,*,#979,.F.);
#979 = EDGE_CURVE('',#980,#982,#984,.T.);
#980 = VERTEX_POINT('',#981);
#981 = CARTESIAN_POINT('',(85.,-440.,825.));
#982 = VERTEX_POINT('',#983);
#983 = CARTESIAN_POINT('',(85.,-440.,855.));
#984 = LINE('',#985,#986);
#985 = CARTESIAN_POINT('',(85.,-440.,825.));
#986 = VECTOR('',#987,1.);
#987 = DIRECTION('',(0.,0.,1.));
#988 = ORIENTED_EDGE('',*,*,#989,.T.);
#989 = EDGE_CURVE('',#980,#990,#992,.T.);
#990 = VERTEX_POINT('',#991);
#991 = CARTESIAN_POINT('',(85.,-190.,825.));
#992 = LINE('',#993,#994);
#993 = CARTESIAN_POINT('',(85.,-440.,825.));
#994 = VECTOR('',#995,1.);
#995 = DIRECTION('',(0.,1.,0.));
#996 = ORIENTED_EDGE('',*,*,#997,.T.);
#997 = EDGE_CURVE('',#990,#998,#1000,.T.);
#998 = VERTEX_POINT('',#999);
#999 = CARTESIAN_POINT('',(85.,-190.,855.));
#1000 = LINE('',#1001,#1002);
#1001 = CARTESIAN_POINT('',(85.,-190.,825.));
#1002 = VECTOR('',#1003,1.);
#1003 = DIRECTION('',(0.,0.,1.));
#1004 = ORIENTED_EDGE('',*,*,#1005,.F.);
#1005 = EDGE_CURVE('',#982,#998,#1006,.T.);
#1006 = LINE('',#1007,#1008);
#1007 = CARTESIAN_POINT('',(85.,-440.,855.));
#1008 = VECTOR('',#1009,1.);
#1009 = DIRECTION('',(0.,1.,0.));
#1010 = PLANE('',#1011);
#1011 = AXIS2_PLACEMENT_3D('',#1012,#1013,#1014);
#1012 = CARTESIAN_POINT('',(85.,-440.,825.));
#1013 = DIRECTION('',(1.,0.,0.));
#1014 = DIRECTION('',(0.,0.,1.));
#1015 = ADVANCED_FACE('',(#1016),#1032,.F.);
#1016 = FACE_BOUND('',#1017,.F.);
#1017 = EDGE_LOOP('',(#1018,#1024,#1025,#1031));
#1018 = ORIENTED_EDGE('',*,*,#1019,.F.);
#1019 = EDGE_CURVE('',#940,#980,#1020,.T.);
#1020 = LINE('',#1021,#1022);
#1021 = CARTESIAN_POINT('',(55.,-440.,825.));
#1022 = VECTOR('',#1023,1.);
#1023 = DIRECTION('',(1.,0.,0.));
#1024 = ORIENTED_EDGE('',*,*,#939,.T.);
#1025 = ORIENTED_EDGE('',*,*,#1026,.T.);
#1026 = EDGE_CURVE('',#942,#982,#1027,.T.);
#1027 = LINE('',#1028,#1029);
#1028 = CARTESIAN_POINT('',(55.,-440.,855.));
#1029 = VECTOR('',#1030,1.);
#1030 = DIRECTION('',(1.,0.,0.));
#1031 = ORIENTED_EDGE('',*,*,#979,.F.);
#1032 = PLANE('',#1033);
#1033 = AXIS2_PLACEMENT_3D('',#1034,#1035,#1036);
#1034 = CARTESIAN_POINT('',(55.,-440.,825.));
#1035 = DIRECTION('',(0.,1.,0.));
#1036 = DIRECTION('',(0.,0.,1.));
#1037 = ADVANCED_FACE('',(#1038),#1054,.T.);
#1038 = FACE_BOUND('',#1039,.T.);
#1039 = EDGE_LOOP('',(#1040,#1046,#1047,#1053));
#1040 = ORIENTED_EDGE('',*,*,#1041,.F.);
#1041 = EDGE_CURVE('',#950,#990,#1042,.T.);
#1042 = LINE('',#1043,#1044);
#1043 = CARTESIAN_POINT('',(55.,-190.,825.));
#1044 = VECTOR('',#1045,1.);
#1045 = DIRECTION('',(1.,0.,0.));
#1046 = ORIENTED_EDGE('',*,*,#957,.T.);
#1047 = ORIENTED_EDGE('',*,*,#1048,.T.);
#1048 = EDGE_CURVE('',#958,#998,#1049,.T.);
#1049 = LINE('',#1050,#1051);
#1050 = CARTESIAN_POINT('',(55.,-190.,855.));
#1051 = VECTOR('',#1052,1.);
#1052 = DIRECTION('',(1.,0.,0.));
#1053 = ORIENTED_EDGE('',*,*,#997,.F.);
#1054 = PLANE('',#1055);
#1055 = AXIS2_PLACEMENT_3D('',#1056,#1057,#1058);
#1056 = CARTESIAN_POINT('',(55.,-190.,825.));
#1057 = DIRECTION('',(0.,1.,0.));
#1058 = DIRECTION('',(0.,0.,1.));
#1059 = ADVANCED_FACE('',(#1060),#1066,.F.);
#1060 = FACE_BOUND('',#1061,.F.);
#1061 = EDGE_LOOP('',(#1062,#1063,#1064,#1065));
#1062 = ORIENTED_EDGE('',*,*,#949,.F.);
#1063 = ORIENTED_EDGE('',*,*,#1019,.T.);
#1064 = ORIENTED_EDGE('',*,*,#989,.T.);
#1065 = ORIENTED_EDGE('',*,*,#1041,.F.);
#1066 = PLANE('',#1067);
#1067 = AXIS2_PLACEMENT_3D('',#1068,#1069,#1070);
#1068 = CARTESIAN_POINT('',(55.,-440.,825.));
#1069 = DIRECTION('',(0.,0.,1.));
#1070 = DIRECTION('',(1.,0.,0.));
#1071 = ADVANCED_FACE('',(#1072),#1078,.T.);
#1072 = FACE_BOUND('',#1073,.T.);
#1073 = EDGE_LOOP('',(#1074,#1075,#1076,#1077));
#1074 = ORIENTED_EDGE('',*,*,#965,.F.);
#1075 = ORIENTED_EDGE('',*,*,#1026,.T.);
#1076 = ORIENTED_EDGE('',*,*,#1005,.T.);
#1077 = ORIENTED_EDGE('',*,*,#1048,.F.);
#1078 = PLANE('',#1079);
#1079 = AXIS2_PLACEMENT_3D('',#1080,#1081,#1082);
#1080 = CARTESIAN_POINT('',(55.,-440.,855.));
#1081 = DIRECTION('',(0.,0.,1.));
#1082 = DIRECTION('',(1.,0.,0.));
#1083 = MANIFOLD_SOLID_BREP('',#1084);
#1084 = CLOSED_SHELL('',(#1085,#1125,#1165,#1187,#1209,#1221));
#1085 = ADVANCED_FACE('',(#1086),#1120,.F.);
#1086 = FACE_BOUND('',#1087,.F.);
#1087 = EDGE_LOOP('',(#1088,#1098,#1106,#1114));
#1088 = ORIENTED_EDGE('',*,*,#1089,.F.);
#1089 = EDGE_CURVE('',#1090,#1092,#1094,.T.);
#1090 = VERTEX_POINT('',#1091);
#1091 = CARTESIAN_POINT('',(-85.,190.,825.));
#1092 = VERTEX_POINT('',#1093);
#1093 = CARTESIAN_POINT('',(-85.,190.,855.));
#1094 = LINE('',#1095,#1096);
#1095 = CARTESIAN_POINT('',(-85.,190.,825.));
#1096 = VECTOR('',#1097,1.);
#1097 = DIRECTION('',(0.,0.,1.));
#1098 = ORIENTED_EDGE('',*,*,#1099,.T.);
#1099 = EDGE_CURVE('',#1090,#1100,#1102,.T.);
#1100 = VERTEX_POINT('',#1101);
#1101 = CARTESIAN_POINT('',(-85.,440.,825.));
#1102 = LINE('',#1103,#1104);
#1103 = CARTESIAN_POINT('',(-85.,190.,825.));
#1104 = VECTOR('',#1105,1.);
#1105 = DIRECTION('',(0.,1.,0.));
#1106 = ORIENTED_EDGE('',*,*,#1107,.T.);
#1107 = EDGE_CURVE('',#1100,#1108,#1110,.T.);
#1108 = VERTEX_POINT('',#1109);
#1109 = CARTESIAN_POINT('',(-85.,440.,855.));
#1110 = LINE('',#1111,#1112);
#1111 = CARTESIAN_POINT('',(-85.,440.,825.));
#1112 = VECTOR('',#1113,1.);
#1113 = DIRECTION('',(0.,0.,1.));
#1114 = ORIENTED_EDGE('',*,*,#1115,.F.);
#1115 = EDGE_CURVE('',#1092,#1108,#1116,.T.);
#1116 = LINE('',#1117,#1118);
#1117 = CARTESIAN_POINT('',(-85.,190.,855.));
#1118 = VECTOR('',#1119,1.);
#1119 = DIRECTION('',(0.,1.,0.));
#1120 = PLANE('',#1121);
#1121 = AXIS2_PLACEMENT_3D('',#1122,#1123,#1124);
#1122 = CARTESIAN_POINT('',(-85.,190.,825.));
#1123 = DIRECTION('',(1.,0.,0.));
#1124 = DIRECTION('',(0.,0.,1.));
#1125 = ADVANCED_FACE('',(#1126),#1160,.T.);
#1126 = FACE_BOUND('',#1127,.T.);
#1127 = EDGE_LOOP('',(#1128,#1138,#1146,#1154));
#1128 = ORIENTED_EDGE('',*,*,#1129,.F.);
#1129 = EDGE_CURVE('',#1130,#1132,#1134,.T.);
#1130 = VERTEX_POINT('',#1131);
#1131 = CARTESIAN_POINT('',(-55.,190.,825.));
#1132 = VERTEX_POINT('',#1133);
#1133 = CARTESIAN_POINT('',(-55.,190.,855.));
#1134 = LINE('',#1135,#1136);
#1135 = CARTESIAN_POINT('',(-55.,190.,825.));
#1136 = VECTOR('',#1137,1.);
#1137 = DIRECTION('',(0.,0.,1.));
#1138 = ORIENTED_EDGE('',*,*,#1139,.T.);
#1139 = EDGE_CURVE('',#1130,#1140,#1142,.T.);
#1140 = VERTEX_POINT('',#1141);
#1141 = CARTESIAN_POINT('',(-55.,440.,825.));
#1142 = LINE('',#1143,#1144);
#1143 = CARTESIAN_POINT('',(-55.,190.,825.));
#1144 = VECTOR('',#1145,1.);
#1145 = DIRECTION('',(0.,1.,0.));
#1146 = ORIENTED_EDGE('',*,*,#1147,.T.);
#1147 = EDGE_CURVE('',#1140,#1148,#1150,.T.);
#1148 = VERTEX_POINT('',#1149);
#1149 = CARTESIAN_POINT('',(-55.,440.,855.));
#1150 = LINE('',#1151,#1152);
#1151 = CARTESIAN_POINT('',(-55.,440.,825.));
#1152 = VECTOR('',#1153,1.);
#1153 = DIRECTION('',(0.,0.,1.));
#1154 = ORIENTED_EDGE('',*,*,#1155,.F.);
#1155 = EDGE_CURVE('',#1132,#1148,#1156,.T.);
#1156 = LINE('',#1157,#1158);
#1157 = CARTESIAN_POINT('',(-55.,190.,855.));
#1158 = VECTOR('',#1159,1.);
#1159 = DIRECTION('',(0.,1.,0.));
#1160 = PLANE('',#1161);
#1161 = AXIS2_PLACEMENT_3D('',#1162,#1163,#1164);
#1162 = CARTESIAN_POINT('',(-55.,190.,825.));
#1163 = DIRECTION('',(1.,0.,0.));
#1164 = DIRECTION('',(0.,0.,1.));
#1165 = ADVANCED_FACE('',(#1166),#1182,.F.);
#1166 = FACE_BOUND('',#1167,.F.);
#1167 = EDGE_LOOP('',(#1168,#1174,#1175,#1181));
#1168 = ORIENTED_EDGE('',*,*,#1169,.F.);
#1169 = EDGE_CURVE('',#1090,#1130,#1170,.T.);
#1170 = LINE('',#1171,#1172);
#1171 = CARTESIAN_POINT('',(-85.,190.,825.));
#1172 = VECTOR('',#1173,1.);
#1173 = DIRECTION('',(1.,0.,0.));
#1174 = ORIENTED_EDGE('',*,*,#1089,.T.);
#1175 = ORIENTED_EDGE('',*,*,#1176,.T.);
#1176 = EDGE_CURVE('',#1092,#1132,#1177,.T.);
#1177 = LINE('',#1178,#1179);
#1178 = CARTESIAN_POINT('',(-85.,190.,855.));
#1179 = VECTOR('',#1180,1.);
#1180 = DIRECTION('',(1.,0.,0.));
#1181 = ORIENTED_EDGE('',*,*,#1129,.F.);
#1182 = PLANE('',#1183);
#1183 = AXIS2_PLACEMENT_3D('',#1184,#1185,#1186);
#1184 = CARTESIAN_POINT('',(-85.,190.,825.));
#1185 = DIRECTION('',(0.,1.,0.));
#1186 = DIRECTION('',(0.,0.,1.));
#1187 = ADVANCED_FACE('',(#1188),#1204,.T.);
#1188 = FACE_BOUND('',#1189,.T.);
#1189 = EDGE_LOOP('',(#1190,#1196,#1197,#1203));
#1190 = ORIENTED_EDGE('',*,*,#1191,.F.);
#1191 = EDGE_CURVE('',#1100,#1140,#1192,.T.);
#1192 = LINE('',#1193,#1194);
#1193 = CARTESIAN_POINT('',(-85.,440.,825.));
#1194 = VECTOR('',#1195,1.);
#1195 = DIRECTION('',(1.,0.,0.));
#1196 = ORIENTED_EDGE('',*,*,#1107,.T.);
#1197 = ORIENTED_EDGE('',*,*,#1198,.T.);
#1198 = EDGE_CURVE('',#1108,#1148,#1199,.T.);
#1199 = LINE('',#1200,#1201);
#1200 = CARTESIAN_POINT('',(-85.,440.,855.));
#1201 = VECTOR('',#1202,1.);
#1202 = DIRECTION('',(1.,0.,0.));
#1203 = ORIENTED_EDGE('',*,*,#1147,.F.);
#1204 = PLANE('',#1205);
#1205 = AXIS2_PLACEMENT_3D('',#1206,#1207,#1208);
#1206 = CARTESIAN_POINT('',(-85.,440.,825.));
#1207 = DIRECTION('',(0.,1.,0.));
#1208 = DIRECTION('',(0.,0.,1.));
#1209 = ADVANCED_FACE('',(#1210),#1216,.F.);
#1210 = FACE_BOUND('',#1211,.F.);
#1211 = EDGE_LOOP('',(#1212,#1213,#1214,#1215));
#1212 = ORIENTED_EDGE('',*,*,#1099,.F.);
#1213 = ORIENTED_EDGE('',*,*,#1169,.T.);
#1214 = ORIENTED_EDGE('',*,*,#1139,.T.);
#1215 = ORIENTED_EDGE('',*,*,#1191,.F.);
#1216 = PLANE('',#1217);
#1217 = AXIS2_PLACEMENT_3D('',#1218,#1219,#1220);
#1218 = CARTESIAN_POINT('',(-85.,190.,825.));
#1219 = DIRECTION('',(0.,0.,1.));
#1220 = DIRECTION('',(1.,0.,0.));
#1221 = ADVANCED_FACE('',(#1222),#1228,.T.);
#1222 = FACE_BOUND('',#1223,.T.);
#1223 = EDGE_LOOP('',(#1224,#1225,#1226,#1227));
#1224 = ORIENTED_EDGE('',*,*,#1115,.F.);
#1225 = ORIENTED_EDGE('',*,*,#1176,.T.);
#1226 = ORIENTED_EDGE('',*,*,#1155,.T.);
#1227 = ORIENTED_EDGE('',*,*,#1198,.F.);
#1228 = PLANE('',#1229);
#1229 = AXIS2_PLACEMENT_3D('',#1230,#1231,#1232);
#1230 = CARTESIAN_POINT('',(-85.,190.,855.));
#1231 = DIRECTION('',(0.,0.,1.));
#1232 = DIRECTION('',(1.,0.,0.));
#1233 = MANIFOLD_SOLID_BREP('',#1234);
#1234 = CLOSED_SHELL('',(#1235,#1275,#1315,#1337,#1359,#1371));
#1235 = ADVANCED_FACE('',(#1236),#1270,.F.);
#1236 = FACE_BOUND('',#1237,.F.);
#1237 = EDGE_LOOP('',(#1238,#1248,#1256,#1264));
#1238 = ORIENTED_EDGE('',*,*,#1239,.F.);
#1239 = EDGE_CURVE('',#1240,#1242,#1244,.T.);
#1240 = VERTEX_POINT('',#1241);
#1241 = CARTESIAN_POINT('',(77.469516727951,-455.,826.25631329235));
#1242 = VERTEX_POINT('',#1243);
#1243 = CARTESIAN_POINT('',(56.256313292354,-455.,847.46951672795));
#1244 = LINE('',#1245,#1246);
#1245 = CARTESIAN_POINT('',(77.469516727951,-455.,826.25631329235));
#1246 = VECTOR('',#1247,1.);
#1247 = DIRECTION('',(-0.707106781187,0.,0.707106781187));
#1248 = ORIENTED_EDGE('',*,*,#1249,.T.);
#1249 = EDGE_CURVE('',#1240,#1250,#1252,.T.);
#1250 = VERTEX_POINT('',#1251);
#1251 = CARTESIAN_POINT('',(77.469516727951,-425.,826.25631329235));
#1252 = LINE('',#1253,#1254);
#1253 = CARTESIAN_POINT('',(77.469516727951,-455.,826.25631329235));
#1254 = VECTOR('',#1255,1.);
#1255 = DIRECTION('',(-0.,1.,0.));
#1256 = ORIENTED_EDGE('',*,*,#1257,.T.);
#1257 = EDGE_CURVE('',#1250,#1258,#1260,.T.);
#1258 = VERTEX_POINT('',#1259);
#1259 = CARTESIAN_POINT('',(56.256313292354,-425.,847.46951672795));
#1260 = LINE('',#1261,#1262);
#1261 = CARTESIAN_POINT('',(77.469516727951,-425.,826.25631329235));
#1262 = VECTOR('',#1263,1.);
#1263 = DIRECTION('',(-0.707106781187,0.,0.707106781187));
#1264 = ORIENTED_EDGE('',*,*,#1265,.F.);
#1265 = EDGE_CURVE('',#1242,#1258,#1266,.T.);
#1266 = LINE('',#1267,#1268);
#1267 = CARTESIAN_POINT('',(56.256313292354,-455.,847.46951672795));
#1268 = VECTOR('',#1269,1.);
#1269 = DIRECTION('',(-0.,1.,0.));
#1270 = PLANE('',#1271);
#1271 = AXIS2_PLACEMENT_3D('',#1272,#1273,#1274);
#1272 = CARTESIAN_POINT('',(77.469516727951,-455.,826.25631329235));
#1273 = DIRECTION('',(0.707106781187,0.,0.707106781187));
#1274 = DIRECTION('',(-0.707106781187,0.,0.707106781187));
#1275 = ADVANCED_FACE('',(#1276),#1310,.T.);
#1276 = FACE_BOUND('',#1277,.T.);
#1277 = EDGE_LOOP('',(#1278,#1288,#1296,#1304));
#1278 = ORIENTED_EDGE('',*,*,#1279,.F.);
#1279 = EDGE_CURVE('',#1280,#1282,#1284,.T.);
#1280 = VERTEX_POINT('',#1281);
#1281 = CARTESIAN_POINT('',(303.74368670764,-455.,1.052530483272E+03));
#1282 = VERTEX_POINT('',#1283);
#1283 = CARTESIAN_POINT('',(282.53048327204,-455.,1.073743686708E+03));
#1284 = LINE('',#1285,#1286);
#1285 = CARTESIAN_POINT('',(303.74368670764,-455.,1.052530483272E+03));
#1286 = VECTOR('',#1287,1.);
#1287 = DIRECTION('',(-0.707106781187,0.,0.707106781187));
#1288 = ORIENTED_EDGE('',*,*,#1289,.T.);
#1289 = EDGE_CURVE('',#1280,#1290,#1292,.T.);
#1290 = VERTEX_POINT('',#1291);
#1291 = CARTESIAN_POINT('',(303.74368670764,-425.,1.052530483272E+03));
#1292 = LINE('',#1293,#1294);
#1293 = CARTESIAN_POINT('',(303.74368670764,-455.,1.052530483272E+03));
#1294 = VECTOR('',#1295,1.);
#1295 = DIRECTION('',(-0.,1.,0.));
#1296 = ORIENTED_EDGE('',*,*,#1297,.T.);
#1297 = EDGE_CURVE('',#1290,#1298,#1300,.T.);
#1298 = VERTEX_POINT('',#1299);
#1299 = CARTESIAN_POINT('',(282.53048327204,-425.,1.073743686708E+03));
#1300 = LINE('',#1301,#1302);
#1301 = CARTESIAN_POINT('',(303.74368670764,-425.,1.052530483272E+03));
#1302 = VECTOR('',#1303,1.);
#1303 = DIRECTION('',(-0.707106781187,0.,0.707106781187));
#1304 = ORIENTED_EDGE('',*,*,#1305,.F.);
#1305 = EDGE_CURVE('',#1282,#1298,#1306,.T.);
#1306 = LINE('',#1307,#1308);
#1307 = CARTESIAN_POINT('',(282.53048327204,-455.,1.073743686708E+03));
#1308 = VECTOR('',#1309,1.);
#1309 = DIRECTION('',(-0.,1.,0.));
#1310 = PLANE('',#1311);
#1311 = AXIS2_PLACEMENT_3D('',#1312,#1313,#1314);
#1312 = CARTESIAN_POINT('',(303.74368670764,-455.,1.052530483272E+03));
#1313 = DIRECTION('',(0.707106781187,0.,0.707106781187));
#1314 = DIRECTION('',(-0.707106781187,0.,0.707106781187));
#1315 = ADVANCED_FACE('',(#1316),#1332,.F.);
#1316 = FACE_BOUND('',#1317,.F.);
#1317 = EDGE_LOOP('',(#1318,#1324,#1325,#1331));
#1318 = ORIENTED_EDGE('',*,*,#1319,.F.);
#1319 = EDGE_CURVE('',#1240,#1280,#1320,.T.);
#1320 = LINE('',#1321,#1322);
#1321 = CARTESIAN_POINT('',(77.469516727951,-455.,826.25631329235));
#1322 = VECTOR('',#1323,1.);
#1323 = DIRECTION('',(0.707106781187,0.,0.707106781187));
#1324 = ORIENTED_EDGE('',*,*,#1239,.T.);
#1325 = ORIENTED_EDGE('',*,*,#1326,.T.);
#1326 = EDGE_CURVE('',#1242,#1282,#1327,.T.);
#1327 = LINE('',#1328,#1329);
#1328 = CARTESIAN_POINT('',(56.256313292354,-455.,847.46951672795));
#1329 = VECTOR('',#1330,1.);
#1330 = DIRECTION('',(0.707106781187,0.,0.707106781187));
#1331 = ORIENTED_EDGE('',*,*,#1279,.F.);
#1332 = PLANE('',#1333);
#1333 = AXIS2_PLACEMENT_3D('',#1334,#1335,#1336);
#1334 = CARTESIAN_POINT('',(77.469516727951,-455.,826.25631329235));
#1335 = DIRECTION('',(-0.,1.,0.));
#1336 = DIRECTION('',(-0.707106781187,0.,0.707106781187));
#1337 = ADVANCED_FACE('',(#1338),#1354,.T.);
#1338 = FACE_BOUND('',#1339,.T.);
#1339 = EDGE_LOOP('',(#1340,#1346,#1347,#1353));
#1340 = ORIENTED_EDGE('',*,*,#1341,.F.);
#1341 = EDGE_CURVE('',#1250,#1290,#1342,.T.);
#1342 = LINE('',#1343,#1344);
#1343 = CARTESIAN_POINT('',(77.469516727951,-425.,826.25631329235));
#1344 = VECTOR('',#1345,1.);
#1345 = DIRECTION('',(0.707106781187,0.,0.707106781187));
#1346 = ORIENTED_EDGE('',*,*,#1257,.T.);
#1347 = ORIENTED_EDGE('',*,*,#1348,.T.);
#1348 = EDGE_CURVE('',#1258,#1298,#1349,.T.);
#1349 = LINE('',#1350,#1351);
#1350 = CARTESIAN_POINT('',(56.256313292354,-425.,847.46951672795));
#1351 = VECTOR('',#1352,1.);
#1352 = DIRECTION('',(0.707106781187,0.,0.707106781187));
#1353 = ORIENTED_EDGE('',*,*,#1297,.F.);
#1354 = PLANE('',#1355);
#1355 = AXIS2_PLACEMENT_3D('',#1356,#1357,#1358);
#1356 = CARTESIAN_POINT('',(77.469516727951,-425.,826.25631329235));
#1357 = DIRECTION('',(-0.,1.,0.));
#1358 = DIRECTION('',(-0.707106781187,0.,0.707106781187));
#1359 = ADVANCED_FACE('',(#1360),#1366,.F.);
#1360 = FACE_BOUND('',#1361,.F.);
#1361 = EDGE_LOOP('',(#1362,#1363,#1364,#1365));
#1362 = ORIENTED_EDGE('',*,*,#1249,.F.);
#1363 = ORIENTED_EDGE('',*,*,#1319,.T.);
#1364 = ORIENTED_EDGE('',*,*,#1289,.T.);
#1365 = ORIENTED_EDGE('',*,*,#1341,.F.);
#1366 = PLANE('',#1367);
#1367 = AXIS2_PLACEMENT_3D('',#1368,#1369,#1370);
#1368 = CARTESIAN_POINT('',(77.469516727951,-455.,826.25631329235));
#1369 = DIRECTION('',(-0.707106781187,0.,0.707106781187));
#1370 = DIRECTION('',(0.707106781187,0.,0.707106781187));
#1371 = ADVANCED_FACE('',(#1372),#1378,.T.);
#1372 = FACE_BOUND('',#1373,.T.);
#1373 = EDGE_LOOP('',(#1374,#1375,#1376,#1377));
#1374 = ORIENTED_EDGE('',*,*,#1265,.F.);
#1375 = ORIENTED_EDGE('',*,*,#1326,.T.);
#1376 = ORIENTED_EDGE('',*,*,#1305,.T.);
#1377 = ORIENTED_EDGE('',*,*,#1348,.F.);
#1378 = PLANE('',#1379);
#1379 = AXIS2_PLACEMENT_3D('',#1380,#1381,#1382);
#1380 = CARTESIAN_POINT('',(56.256313292354,-455.,847.46951672795));
#1381 = DIRECTION('',(-0.707106781187,0.,0.707106781187));
#1382 = DIRECTION('',(0.707106781187,0.,0.707106781187));
#1383 = MANIFOLD_SOLID_BREP('',#1384);
#1384 = CLOSED_SHELL('',(#1385,#1425,#1465,#1487,#1509,#1521));
#1385 = ADVANCED_FACE('',(#1386),#1420,.F.);
#1386 = FACE_BOUND('',#1387,.F.);
#1387 = EDGE_LOOP('',(#1388,#1398,#1406,#1414));
#1388 = ORIENTED_EDGE('',*,*,#1389,.F.);
#1389 = EDGE_CURVE('',#1390,#1392,#1394,.T.);
#1390 = VERTEX_POINT('',#1391);
#1391 = CARTESIAN_POINT('',(-282.530483272,425.,606.25631329235));
#1392 = VERTEX_POINT('',#1393);
#1393 = CARTESIAN_POINT('',(-303.7436867076,425.,627.46951672795));
#1394 = LINE('',#1395,#1396);
#1395 = CARTESIAN_POINT('',(-282.530483272,425.,606.25631329235));
#1396 = VECTOR('',#1397,1.);
#1397 = DIRECTION('',(-0.707106781187,0.,0.707106781187));
#1398 = ORIENTED_EDGE('',*,*,#1399,.T.);
#1399 = EDGE_CURVE('',#1390,#1400,#1402,.T.);
#1400 = VERTEX_POINT('',#1401);
#1401 = CARTESIAN_POINT('',(-282.530483272,455.,606.25631329235));
#1402 = LINE('',#1403,#1404);
#1403 = CARTESIAN_POINT('',(-282.530483272,425.,606.25631329235));
#1404 = VECTOR('',#1405,1.);
#1405 = DIRECTION('',(-0.,1.,0.));
#1406 = ORIENTED_EDGE('',*,*,#1407,.T.);
#1407 = EDGE_CURVE('',#1400,#1408,#1410,.T.);
#1408 = VERTEX_POINT('',#1409);
#1409 = CARTESIAN_POINT('',(-303.7436867076,455.,627.46951672795));
#1410 = LINE('',#1411,#1412);
#1411 = CARTESIAN_POINT('',(-282.530483272,455.,606.25631329235));
#1412 = VECTOR('',#1413,1.);
#1413 = DIRECTION('',(-0.707106781187,0.,0.707106781187));
#1414 = ORIENTED_EDGE('',*,*,#1415,.F.);
#1415 = EDGE_CURVE('',#1392,#1408,#1416,.T.);
#1416 = LINE('',#1417,#1418);
#1417 = CARTESIAN_POINT('',(-303.7436867076,425.,627.46951672795));
#1418 = VECTOR('',#1419,1.);
#1419 = DIRECTION('',(-0.,1.,0.));
#1420 = PLANE('',#1421);
#1421 = AXIS2_PLACEMENT_3D('',#1422,#1423,#1424);
#1422 = CARTESIAN_POINT('',(-282.530483272,425.,606.25631329235));
#1423 = DIRECTION('',(0.707106781187,0.,0.707106781187));
#1424 = DIRECTION('',(-0.707106781187,0.,0.707106781187));
#1425 = ADVANCED_FACE('',(#1426),#1460,.T.);
#1426 = FACE_BOUND('',#1427,.T.);
#1427 = EDGE_LOOP('',(#1428,#1438,#1446,#1454));
#1428 = ORIENTED_EDGE('',*,*,#1429,.F.);
#1429 = EDGE_CURVE('',#1430,#1432,#1434,.T.);
#1430 = VERTEX_POINT('',#1431);
#1431 = CARTESIAN_POINT('',(-56.25631329235,425.,832.53048327204));
#1432 = VERTEX_POINT('',#1433);
#1433 = CARTESIAN_POINT('',(-77.46951672795,425.,853.74368670764));
#1434 = LINE('',#1435,#1436);
#1435 = CARTESIAN_POINT('',(-56.25631329235,425.,832.53048327204));
#1436 = VECTOR('',#1437,1.);
#1437 = DIRECTION('',(-0.707106781187,0.,0.707106781187));
#1438 = ORIENTED_EDGE('',*,*,#1439,.T.);
#1439 = EDGE_CURVE('',#1430,#1440,#1442,.T.);
#1440 = VERTEX_POINT('',#1441);
#1441 = CARTESIAN_POINT('',(-56.25631329235,455.,832.53048327204));
#1442 = LINE('',#1443,#1444);
#1443 = CARTESIAN_POINT('',(-56.25631329235,425.,832.53048327204));
#1444 = VECTOR('',#1445,1.);
#1445 = DIRECTION('',(-0.,1.,0.));
#1446 = ORIENTED_EDGE('',*,*,#1447,.T.);
#1447 = EDGE_CURVE('',#1440,#1448,#1450,.T.);
#1448 = VERTEX_POINT('',#1449);
#1449 = CARTESIAN_POINT('',(-77.46951672795,455.,853.74368670764));
#1450 = LINE('',#1451,#1452);
#1451 = CARTESIAN_POINT('',(-56.25631329235,455.,832.53048327204));
#1452 = VECTOR('',#1453,1.);
#1453 = DIRECTION('',(-0.707106781187,0.,0.707106781187));
#1454 = ORIENTED_EDGE('',*,*,#1455,.F.);
#1455 = EDGE_CURVE('',#1432,#1448,#1456,.T.);
#1456 = LINE('',#1457,#1458);
#1457 = CARTESIAN_POINT('',(-77.46951672795,425.,853.74368670764));
#1458 = VECTOR('',#1459,1.);
#1459 = DIRECTION('',(-0.,1.,0.));
#1460 = PLANE('',#1461);
#1461 = AXIS2_PLACEMENT_3D('',#1462,#1463,#1464);
#1462 = CARTESIAN_POINT('',(-56.25631329235,425.,832.53048327204));
#1463 = DIRECTION('',(0.707106781187,0.,0.707106781187));
#1464 = DIRECTION('',(-0.707106781187,0.,0.707106781187));
#1465 = ADVANCED_FACE('',(#1466),#1482,.F.);
#1466 = FACE_BOUND('',#1467,.F.);
#1467 = EDGE_LOOP('',(#1468,#1474,#1475,#1481));
#1468 = ORIENTED_EDGE('',*,*,#1469,.F.);
#1469 = EDGE_CURVE('',#1390,#1430,#1470,.T.);
#1470 = LINE('',#1471,#1472);
#1471 = CARTESIAN_POINT('',(-282.530483272,425.,606.25631329235));
#1472 = VECTOR('',#1473,1.);
#1473 = DIRECTION('',(0.707106781187,0.,0.707106781187));
#1474 = ORIENTED_EDGE('',*,*,#1389,.T.);
#1475 = ORIENTED_EDGE('',*,*,#1476,.T.);
#1476 = EDGE_CURVE('',#1392,#1432,#1477,.T.);
#1477 = LINE('',#1478,#1479);
#1478 = CARTESIAN_POINT('',(-303.7436867076,425.,627.46951672795));
#1479 = VECTOR('',#1480,1.);
#1480 = DIRECTION('',(0.707106781187,0.,0.707106781187));
#1481 = ORIENTED_EDGE('',*,*,#1429,.F.);
#1482 = PLANE('',#1483);
#1483 = AXIS2_PLACEMENT_3D('',#1484,#1485,#1486);
#1484 = CARTESIAN_POINT('',(-282.530483272,425.,606.25631329235));
#1485 = DIRECTION('',(-0.,1.,0.));
#1486 = DIRECTION('',(-0.707106781187,0.,0.707106781187));
#1487 = ADVANCED_FACE('',(#1488),#1504,.T.);
#1488 = FACE_BOUND('',#1489,.T.);
#1489 = EDGE_LOOP('',(#1490,#1496,#1497,#1503));
#1490 = ORIENTED_EDGE('',*,*,#1491,.F.);
#1491 = EDGE_CURVE('',#1400,#1440,#1492,.T.);
#1492 = LINE('',#1493,#1494);
#1493 = CARTESIAN_POINT('',(-282.530483272,455.,606.25631329235));
#1494 = VECTOR('',#1495,1.);
#1495 = DIRECTION('',(0.707106781187,0.,0.707106781187));
#1496 = ORIENTED_EDGE('',*,*,#1407,.T.);
#1497 = ORIENTED_EDGE('',*,*,#1498,.T.);
#1498 = EDGE_CURVE('',#1408,#1448,#1499,.T.);
#1499 = LINE('',#1500,#1501);
#1500 = CARTESIAN_POINT('',(-303.7436867076,455.,627.46951672795));
#1501 = VECTOR('',#1502,1.);
#1502 = DIRECTION('',(0.707106781187,0.,0.707106781187));
#1503 = ORIENTED_EDGE('',*,*,#1447,.F.);
#1504 = PLANE('',#1505);
#1505 = AXIS2_PLACEMENT_3D('',#1506,#1507,#1508);
#1506 = CARTESIAN_POINT('',(-282.530483272,455.,606.25631329235));
#1507 = DIRECTION('',(-0.,1.,0.));
#1508 = DIRECTION('',(-0.707106781187,0.,0.707106781187));
#1509 = ADVANCED_FACE('',(#1510),#1516,.F.);
#1510 = FACE_BOUND('',#1511,.F.);
#1511 = EDGE_LOOP('',(#1512,#1513,#1514,#1515));
#1512 = ORIENTED_EDGE('',*,*,#1399,.F.);
#1513 = ORIENTED_EDGE('',*,*,#1469,.T.);
#1514 = ORIENTED_EDGE('',*,*,#1439,.T.);
#1515 = ORIENTED_EDGE('',*,*,#1491,.F.);
#1516 = PLANE('',#1517);
#1517 = AXIS2_PLACEMENT_3D('',#1518,#1519,#1520);
#1518 = CARTESIAN_POINT('',(-282.530483272,425.,606.25631329235));
#1519 = DIRECTION('',(-0.707106781187,0.,0.707106781187));
#1520 = DIRECTION('',(0.707106781187,0.,0.707106781187));
#1521 = ADVANCED_FACE('',(#1522),#1528,.T.);
#1522 = FACE_BOUND('',#1523,.T.);
#1523 = EDGE_LOOP('',(#1524,#1525,#1526,#1527));
#1524 = ORIENTED_EDGE('',*,*,#1415,.F.);
#1525 = ORIENTED_EDGE('',*,*,#1476,.T.);
#1526 = ORIENTED_EDGE('',*,*,#1455,.T.);
#1527 = ORIENTED_EDGE('',*,*,#1498,.F.);
#1528 = PLANE('',#1529);
#1529 = AXIS2_PLACEMENT_3D('',#1530,#1531,#1532);
#1530 = CARTESIAN_POINT('',(-303.7436867076,425.,627.46951672795));
#1531 = DIRECTION('',(-0.707106781187,0.,0.707106781187));
#1532 = DIRECTION('',(0.707106781187,0.,0.707106781187));
#1533 = MANIFOLD_SOLID_BREP('',#1534);
#1534 = CLOSED_SHELL('',(#1535,#1575,#1615,#1637,#1659,#1671));
#1535 = ADVANCED_FACE('',(#1536),#1570,.F.);
#1536 = FACE_BOUND('',#1537,.F.);
#1537 = EDGE_LOOP('',(#1538,#1548,#1556,#1564));
#1538 = ORIENTED_EDGE('',*,*,#1539,.F.);
#1539 = EDGE_CURVE('',#1540,#1542,#1544,.T.);
#1540 = VERTEX_POINT('',#1541);
#1541 = CARTESIAN_POINT('',(280.30151519016,-452.,1.067272077939E+03));
#1542 = VERTEX_POINT('',#1543);
#1543 = CARTESIAN_POINT('',(322.72792206135,-452.,1.10969848481E+03));
#1544 = LINE('',#1545,#1546);
#1545 = CARTESIAN_POINT('',(280.30151519016,-452.,1.067272077939E+03));
#1546 = VECTOR('',#1547,1.);
#1547 = DIRECTION('',(0.707106781187,0.,0.707106781187));
#1548 = ORIENTED_EDGE('',*,*,#1549,.T.);
#1549 = EDGE_CURVE('',#1540,#1550,#1552,.T.);
#1550 = VERTEX_POINT('',#1551);
#1551 = CARTESIAN_POINT('',(280.30151519016,-428.,1.067272077939E+03));
#1552 = LINE('',#1553,#1554);
#1553 = CARTESIAN_POINT('',(280.30151519016,-452.,1.067272077939E+03));
#1554 = VECTOR('',#1555,1.);
#1555 = DIRECTION('',(0.,1.,0.));
#1556 = ORIENTED_EDGE('',*,*,#1557,.T.);
#1557 = EDGE_CURVE('',#1550,#1558,#1560,.T.);
#1558 = VERTEX_POINT('',#1559);
#1559 = CARTESIAN_POINT('',(322.72792206135,-428.,1.10969848481E+03));
#1560 = LINE('',#1561,#1562);
#1561 = CARTESIAN_POINT('',(280.30151519016,-428.,1.067272077939E+03));
#1562 = VECTOR('',#1563,1.);
#1563 = DIRECTION('',(0.707106781187,0.,0.707106781187));
#1564 = ORIENTED_EDGE('',*,*,#1565,.F.);
#1565 = EDGE_CURVE('',#1542,#1558,#1566,.T.);
#1566 = LINE('',#1567,#1568);
#1567 = CARTESIAN_POINT('',(322.72792206135,-452.,1.10969848481E+03));
#1568 = VECTOR('',#1569,1.);
#1569 = DIRECTION('',(0.,1.,0.));
#1570 = PLANE('',#1571);
#1571 = AXIS2_PLACEMENT_3D('',#1572,#1573,#1574);
#1572 = CARTESIAN_POINT('',(280.30151519016,-452.,1.067272077939E+03));
#1573 = DIRECTION('',(0.707106781187,0.,-0.707106781187));
#1574 = DIRECTION('',(0.707106781187,0.,0.707106781187));
#1575 = ADVANCED_FACE('',(#1576),#1610,.T.);
#1576 = FACE_BOUND('',#1577,.T.);
#1577 = EDGE_LOOP('',(#1578,#1588,#1596,#1604));
#1578 = ORIENTED_EDGE('',*,*,#1579,.F.);
#1579 = EDGE_CURVE('',#1580,#1582,#1584,.T.);
#1580 = VERTEX_POINT('',#1581);
#1581 = CARTESIAN_POINT('',(297.27207793864,-452.,1.05030151519E+03));
#1582 = VERTEX_POINT('',#1583);
#1583 = CARTESIAN_POINT('',(339.69848480983,-452.,1.092727922061E+03));
#1584 = LINE('',#1585,#1586);
#1585 = CARTESIAN_POINT('',(297.27207793864,-452.,1.05030151519E+03));
#1586 = VECTOR('',#1587,1.);
#1587 = DIRECTION('',(0.707106781187,0.,0.707106781187));
#1588 = ORIENTED_EDGE('',*,*,#1589,.T.);
#1589 = EDGE_CURVE('',#1580,#1590,#1592,.T.);
#1590 = VERTEX_POINT('',#1591);
#1591 = CARTESIAN_POINT('',(297.27207793864,-428.,1.05030151519E+03));
#1592 = LINE('',#1593,#1594);
#1593 = CARTESIAN_POINT('',(297.27207793864,-452.,1.05030151519E+03));
#1594 = VECTOR('',#1595,1.);
#1595 = DIRECTION('',(0.,1.,0.));
#1596 = ORIENTED_EDGE('',*,*,#1597,.T.);
#1597 = EDGE_CURVE('',#1590,#1598,#1600,.T.);
#1598 = VERTEX_POINT('',#1599);
#1599 = CARTESIAN_POINT('',(339.69848480983,-428.,1.092727922061E+03));
#1600 = LINE('',#1601,#1602);
#1601 = CARTESIAN_POINT('',(297.27207793864,-428.,1.05030151519E+03));
#1602 = VECTOR('',#1603,1.);
#1603 = DIRECTION('',(0.707106781187,0.,0.707106781187));
#1604 = ORIENTED_EDGE('',*,*,#1605,.F.);
#1605 = EDGE_CURVE('',#1582,#1598,#1606,.T.);
#1606 = LINE('',#1607,#1608);
#1607 = CARTESIAN_POINT('',(339.69848480983,-452.,1.092727922061E+03));
#1608 = VECTOR('',#1609,1.);
#1609 = DIRECTION('',(0.,1.,0.));
#1610 = PLANE('',#1611);
#1611 = AXIS2_PLACEMENT_3D('',#1612,#1613,#1614);
#1612 = CARTESIAN_POINT('',(297.27207793864,-452.,1.05030151519E+03));
#1613 = DIRECTION('',(0.707106781187,0.,-0.707106781187));
#1614 = DIRECTION('',(0.707106781187,0.,0.707106781187));
#1615 = ADVANCED_FACE('',(#1616),#1632,.F.);
#1616 = FACE_BOUND('',#1617,.F.);
#1617 = EDGE_LOOP('',(#1618,#1624,#1625,#1631));
#1618 = ORIENTED_EDGE('',*,*,#1619,.F.);
#1619 = EDGE_CURVE('',#1540,#1580,#1620,.T.);
#1620 = LINE('',#1621,#1622);
#1621 = CARTESIAN_POINT('',(280.30151519016,-452.,1.067272077939E+03));
#1622 = VECTOR('',#1623,1.);
#1623 = DIRECTION('',(0.707106781187,0.,-0.707106781187));
#1624 = ORIENTED_EDGE('',*,*,#1539,.T.);
#1625 = ORIENTED_EDGE('',*,*,#1626,.T.);
#1626 = EDGE_CURVE('',#1542,#1582,#1627,.T.);
#1627 = LINE('',#1628,#1629);
#1628 = CARTESIAN_POINT('',(322.72792206135,-452.,1.10969848481E+03));
#1629 = VECTOR('',#1630,1.);
#1630 = DIRECTION('',(0.707106781187,0.,-0.707106781187));
#1631 = ORIENTED_EDGE('',*,*,#1579,.F.);
#1632 = PLANE('',#1633);
#1633 = AXIS2_PLACEMENT_3D('',#1634,#1635,#1636);
#1634 = CARTESIAN_POINT('',(280.30151519016,-452.,1.067272077939E+03));
#1635 = DIRECTION('',(0.,1.,0.));
#1636 = DIRECTION('',(0.707106781187,0.,0.707106781187));
#1637 = ADVANCED_FACE('',(#1638),#1654,.T.);
#1638 = FACE_BOUND('',#1639,.T.);
#1639 = EDGE_LOOP('',(#1640,#1646,#1647,#1653));
#1640 = ORIENTED_EDGE('',*,*,#1641,.F.);
#1641 = EDGE_CURVE('',#1550,#1590,#1642,.T.);
#1642 = LINE('',#1643,#1644);
#1643 = CARTESIAN_POINT('',(280.30151519016,-428.,1.067272077939E+03));
#1644 = VECTOR('',#1645,1.);
#1645 = DIRECTION('',(0.707106781187,0.,-0.707106781187));
#1646 = ORIENTED_EDGE('',*,*,#1557,.T.);
#1647 = ORIENTED_EDGE('',*,*,#1648,.T.);
#1648 = EDGE_CURVE('',#1558,#1598,#1649,.T.);
#1649 = LINE('',#1650,#1651);
#1650 = CARTESIAN_POINT('',(322.72792206135,-428.,1.10969848481E+03));
#1651 = VECTOR('',#1652,1.);
#1652 = DIRECTION('',(0.707106781187,0.,-0.707106781187));
#1653 = ORIENTED_EDGE('',*,*,#1597,.F.);
#1654 = PLANE('',#1655);
#1655 = AXIS2_PLACEMENT_3D('',#1656,#1657,#1658);
#1656 = CARTESIAN_POINT('',(280.30151519016,-428.,1.067272077939E+03));
#1657 = DIRECTION('',(0.,1.,0.));
#1658 = DIRECTION('',(0.707106781187,0.,0.707106781187));
#1659 = ADVANCED_FACE('',(#1660),#1666,.F.);
#1660 = FACE_BOUND('',#1661,.F.);
#1661 = EDGE_LOOP('',(#1662,#1663,#1664,#1665));
#1662 = ORIENTED_EDGE('',*,*,#1549,.F.);
#1663 = ORIENTED_EDGE('',*,*,#1619,.T.);
#1664 = ORIENTED_EDGE('',*,*,#1589,.T.);
#1665 = ORIENTED_EDGE('',*,*,#1641,.F.);
#1666 = PLANE('',#1667);
#1667 = AXIS2_PLACEMENT_3D('',#1668,#1669,#1670);
#1668 = CARTESIAN_POINT('',(280.30151519016,-452.,1.067272077939E+03));
#1669 = DIRECTION('',(0.707106781187,0.,0.707106781187));
#1670 = DIRECTION('',(0.707106781187,0.,-0.707106781187));
#1671 = ADVANCED_FACE('',(#1672),#1678,.T.);
#1672 = FACE_BOUND('',#1673,.T.);
#1673 = EDGE_LOOP('',(#1674,#1675,#1676,#1677));
#1674 = ORIENTED_EDGE('',*,*,#1565,.F.);
#1675 = ORIENTED_EDGE('',*,*,#1626,.T.);
#1676 = ORIENTED_EDGE('',*,*,#1605,.T.);
#1677 = ORIENTED_EDGE('',*,*,#1648,.F.);
#1678 = PLANE('',#1679);
#1679 = AXIS2_PLACEMENT_3D('',#1680,#1681,#1682);
#1680 = CARTESIAN_POINT('',(322.72792206135,-452.,1.10969848481E+03));
#1681 = DIRECTION('',(0.707106781187,0.,0.707106781187));
#1682 = DIRECTION('',(0.707106781187,0.,-0.707106781187));
#1683 = MANIFOLD_SOLID_BREP('',#1684);
#1684 = CLOSED_SHELL('',(#1685,#1725,#1765,#1787,#1809,#1821));
#1685 = ADVANCED_FACE('',(#1686),#1720,.F.);
#1686 = FACE_BOUND('',#1687,.F.);
#1687 = EDGE_LOOP('',(#1688,#1698,#1706,#1714));
#1688 = ORIENTED_EDGE('',*,*,#1689,.F.);
#1689 = EDGE_CURVE('',#1690,#1692,#1694,.T.);
#1690 = VERTEX_POINT('',#1691);
#1691 = CARTESIAN_POINT('',(-339.6984848098,428.,587.27207793864));
#1692 = VERTEX_POINT('',#1693);
#1693 = CARTESIAN_POINT('',(-297.2720779386,428.,629.69848480983));
#1694 = LINE('',#1695,#1696);
#1695 = CARTESIAN_POINT('',(-339.6984848098,428.,587.27207793864));
#1696 = VECTOR('',#1697,1.);
#1697 = DIRECTION('',(0.707106781187,0.,0.707106781187));
#1698 = ORIENTED_EDGE('',*,*,#1699,.T.);
#1699 = EDGE_CURVE('',#1690,#1700,#1702,.T.);
#1700 = VERTEX_POINT('',#1701);
#1701 = CARTESIAN_POINT('',(-339.6984848098,452.,587.27207793864));
#1702 = LINE('',#1703,#1704);
#1703 = CARTESIAN_POINT('',(-339.6984848098,428.,587.27207793864));
#1704 = VECTOR('',#1705,1.);
#1705 = DIRECTION('',(0.,1.,0.));
#1706 = ORIENTED_EDGE('',*,*,#1707,.T.);
#1707 = EDGE_CURVE('',#1700,#1708,#1710,.T.);
#1708 = VERTEX_POINT('',#1709);
#1709 = CARTESIAN_POINT('',(-297.2720779386,452.,629.69848480983));
#1710 = LINE('',#1711,#1712);
#1711 = CARTESIAN_POINT('',(-339.6984848098,452.,587.27207793864));
#1712 = VECTOR('',#1713,1.);
#1713 = DIRECTION('',(0.707106781187,0.,0.707106781187));
#1714 = ORIENTED_EDGE('',*,*,#1715,.F.);
#1715 = EDGE_CURVE('',#1692,#1708,#1716,.T.);
#1716 = LINE('',#1717,#1718);
#1717 = CARTESIAN_POINT('',(-297.2720779386,428.,629.69848480983));
#1718 = VECTOR('',#1719,1.);
#1719 = DIRECTION('',(0.,1.,0.));
#1720 = PLANE('',#1721);
#1721 = AXIS2_PLACEMENT_3D('',#1722,#1723,#1724);
#1722 = CARTESIAN_POINT('',(-339.6984848098,428.,587.27207793864));
#1723 = DIRECTION('',(0.707106781187,0.,-0.707106781187));
#1724 = DIRECTION('',(0.707106781187,0.,0.707106781187));
#1725 = ADVANCED_FACE('',(#1726),#1760,.T.);
#1726 = FACE_BOUND('',#1727,.T.);
#1727 = EDGE_LOOP('',(#1728,#1738,#1746,#1754));
#1728 = ORIENTED_EDGE('',*,*,#1729,.F.);
#1729 = EDGE_CURVE('',#1730,#1732,#1734,.T.);
#1730 = VERTEX_POINT('',#1731);
#1731 = CARTESIAN_POINT('',(-322.7279220613,428.,570.30151519016));
#1732 = VERTEX_POINT('',#1733);
#1733 = CARTESIAN_POINT('',(-280.3015151901,428.,612.72792206135));
#1734 = LINE('',#1735,#1736);
#1735 = CARTESIAN_POINT('',(-322.7279220613,428.,570.30151519016));
#1736 = VECTOR('',#1737,1.);
#1737 = DIRECTION('',(0.707106781187,0.,0.707106781187));
#1738 = ORIENTED_EDGE('',*,*,#1739,.T.);
#1739 = EDGE_CURVE('',#1730,#1740,#1742,.T.);
#1740 = VERTEX_POINT('',#1741);
#1741 = CARTESIAN_POINT('',(-322.7279220613,452.,570.30151519016));
#1742 = LINE('',#1743,#1744);
#1743 = CARTESIAN_POINT('',(-322.7279220613,428.,570.30151519016));
#1744 = VECTOR('',#1745,1.);
#1745 = DIRECTION('',(0.,1.,0.));
#1746 = ORIENTED_EDGE('',*,*,#1747,.T.);
#1747 = EDGE_CURVE('',#1740,#1748,#1750,.T.);
#1748 = VERTEX_POINT('',#1749);
#1749 = CARTESIAN_POINT('',(-280.3015151901,452.,612.72792206135));
#1750 = LINE('',#1751,#1752);
#1751 = CARTESIAN_POINT('',(-322.7279220613,452.,570.30151519016));
#1752 = VECTOR('',#1753,1.);
#1753 = DIRECTION('',(0.707106781187,0.,0.707106781187));
#1754 = ORIENTED_EDGE('',*,*,#1755,.F.);
#1755 = EDGE_CURVE('',#1732,#1748,#1756,.T.);
#1756 = LINE('',#1757,#1758);
#1757 = CARTESIAN_POINT('',(-280.3015151901,428.,612.72792206135));
#1758 = VECTOR('',#1759,1.);
#1759 = DIRECTION('',(0.,1.,0.));
#1760 = PLANE('',#1761);
#1761 = AXIS2_PLACEMENT_3D('',#1762,#1763,#1764);
#1762 = CARTESIAN_POINT('',(-322.7279220613,428.,570.30151519016));
#1763 = DIRECTION('',(0.707106781187,0.,-0.707106781187));
#1764 = DIRECTION('',(0.707106781187,0.,0.707106781187));
#1765 = ADVANCED_FACE('',(#1766),#1782,.F.);
#1766 = FACE_BOUND('',#1767,.F.);
#1767 = EDGE_LOOP('',(#1768,#1774,#1775,#1781));
#1768 = ORIENTED_EDGE('',*,*,#1769,.F.);
#1769 = EDGE_CURVE('',#1690,#1730,#1770,.T.);
#1770 = LINE('',#1771,#1772);
#1771 = CARTESIAN_POINT('',(-339.6984848098,428.,587.27207793864));
#1772 = VECTOR('',#1773,1.);
#1773 = DIRECTION('',(0.707106781187,0.,-0.707106781187));
#1774 = ORIENTED_EDGE('',*,*,#1689,.T.);
#1775 = ORIENTED_EDGE('',*,*,#1776,.T.);
#1776 = EDGE_CURVE('',#1692,#1732,#1777,.T.);
#1777 = LINE('',#1778,#1779);
#1778 = CARTESIAN_POINT('',(-297.2720779386,428.,629.69848480983));
#1779 = VECTOR('',#1780,1.);
#1780 = DIRECTION('',(0.707106781187,0.,-0.707106781187));
#1781 = ORIENTED_EDGE('',*,*,#1729,.F.);
#1782 = PLANE('',#1783);
#1783 = AXIS2_PLACEMENT_3D('',#1784,#1785,#1786);
#1784 = CARTESIAN_POINT('',(-339.6984848098,428.,587.27207793864));
#1785 = DIRECTION('',(0.,1.,0.));
#1786 = DIRECTION('',(0.707106781187,0.,0.707106781187));
#1787 = ADVANCED_FACE('',(#1788),#1804,.T.);
#1788 = FACE_BOUND('',#1789,.T.);
#1789 = EDGE_LOOP('',(#1790,#1796,#1797,#1803));
#1790 = ORIENTED_EDGE('',*,*,#1791,.F.);
#1791 = EDGE_CURVE('',#1700,#1740,#1792,.T.);
#1792 = LINE('',#1793,#1794);
#1793 = CARTESIAN_POINT('',(-339.6984848098,452.,587.27207793864));
#1794 = VECTOR('',#1795,1.);
#1795 = DIRECTION('',(0.707106781187,0.,-0.707106781187));
#1796 = ORIENTED_EDGE('',*,*,#1707,.T.);
#1797 = ORIENTED_EDGE('',*,*,#1798,.T.);
#1798 = EDGE_CURVE('',#1708,#1748,#1799,.T.);
#1799 = LINE('',#1800,#1801);
#1800 = CARTESIAN_POINT('',(-297.2720779386,452.,629.69848480983));
#1801 = VECTOR('',#1802,1.);
#1802 = DIRECTION('',(0.707106781187,0.,-0.707106781187));
#1803 = ORIENTED_EDGE('',*,*,#1747,.F.);
#1804 = PLANE('',#1805);
#1805 = AXIS2_PLACEMENT_3D('',#1806,#1807,#1808);
#1806 = CARTESIAN_POINT('',(-339.6984848098,452.,587.27207793864));
#1807 = DIRECTION('',(0.,1.,0.));
#1808 = DIRECTION('',(0.707106781187,0.,0.707106781187));
#1809 = ADVANCED_FACE('',(#1810),#1816,.F.);
#1810 = FACE_BOUND('',#1811,.F.);
#1811 = EDGE_LOOP('',(#1812,#1813,#1814,#1815));
#1812 = ORIENTED_EDGE('',*,*,#1699,.F.);
#1813 = ORIENTED_EDGE('',*,*,#1769,.T.);
#1814 = ORIENTED_EDGE('',*,*,#1739,.T.);
#1815 = ORIENTED_EDGE('',*,*,#1791,.F.);
#1816 = PLANE('',#1817);
#1817 = AXIS2_PLACEMENT_3D('',#1818,#1819,#1820);
#1818 = CARTESIAN_POINT('',(-339.6984848098,428.,587.27207793864));
#1819 = DIRECTION('',(0.707106781187,0.,0.707106781187));
#1820 = DIRECTION('',(0.707106781187,0.,-0.707106781187));
#1821 = ADVANCED_FACE('',(#1822),#1828,.T.);
#1822 = FACE_BOUND('',#1823,.T.);
#1823 = EDGE_LOOP('',(#1824,#1825,#1826,#1827));
#1824 = ORIENTED_EDGE('',*,*,#1715,.F.);
#1825 = ORIENTED_EDGE('',*,*,#1776,.T.);
#1826 = ORIENTED_EDGE('',*,*,#1755,.T.);
#1827 = ORIENTED_EDGE('',*,*,#1798,.F.);
#1828 = PLANE('',#1829);
#1829 = AXIS2_PLACEMENT_3D('',#1830,#1831,#1832);
#1830 = CARTESIAN_POINT('',(-297.2720779386,428.,629.69848480983));
#1831 = DIRECTION('',(0.707106781187,0.,0.707106781187));
#1832 = DIRECTION('',(0.707106781187,0.,-0.707106781187));
#1833 = MANIFOLD_SOLID_BREP('',#1834);
#1834 = CLOSED_SHELL('',(#1835,#1875,#1915,#1937,#1959,#1971));
#1835 = ADVANCED_FACE('',(#1836),#1870,.F.);
#1836 = FACE_BOUND('',#1837,.F.);
#1837 = EDGE_LOOP('',(#1838,#1848,#1856,#1864));
#1838 = ORIENTED_EDGE('',*,*,#1839,.F.);
#1839 = EDGE_CURVE('',#1840,#1842,#1844,.T.);
#1840 = VERTEX_POINT('',#1841);
#1841 = CARTESIAN_POINT('',(263.07611844574,-490.,1.151213203436E+03));
#1842 = VERTEX_POINT('',#1843);
#1843 = CARTESIAN_POINT('',(333.7867965644,-490.,1.221923881554E+03));
#1844 = LINE('',#1845,#1846);
#1845 = CARTESIAN_POINT('',(263.07611844574,-490.,1.151213203436E+03));
#1846 = VECTOR('',#1847,1.);
#1847 = DIRECTION('',(0.707106781187,0.,0.707106781187));
#1848 = ORIENTED_EDGE('',*,*,#1849,.T.);
#1849 = EDGE_CURVE('',#1840,#1850,#1852,.T.);
#1850 = VERTEX_POINT('',#1851);
#1851 = CARTESIAN_POINT('',(263.07611844574,-390.,1.151213203436E+03));
#1852 = LINE('',#1853,#1854);
#1853 = CARTESIAN_POINT('',(263.07611844574,-490.,1.151213203436E+03));
#1854 = VECTOR('',#1855,1.);
#1855 = DIRECTION('',(0.,1.,0.));
#1856 = ORIENTED_EDGE('',*,*,#1857,.T.);
#1857 = EDGE_CURVE('',#1850,#1858,#1860,.T.);
#1858 = VERTEX_POINT('',#1859);
#1859 = CARTESIAN_POINT('',(333.7867965644,-390.,1.221923881554E+03));
#1860 = LINE('',#1861,#1862);
#1861 = CARTESIAN_POINT('',(263.07611844574,-390.,1.151213203436E+03));
#1862 = VECTOR('',#1863,1.);
#1863 = DIRECTION('',(0.707106781187,0.,0.707106781187));
#1864 = ORIENTED_EDGE('',*,*,#1865,.F.);
#1865 = EDGE_CURVE('',#1842,#1858,#1866,.T.);
#1866 = LINE('',#1867,#1868);
#1867 = CARTESIAN_POINT('',(333.7867965644,-490.,1.221923881554E+03));
#1868 = VECTOR('',#1869,1.);
#1869 = DIRECTION('',(0.,1.,0.));
#1870 = PLANE('',#1871);
#1871 = AXIS2_PLACEMENT_3D('',#1872,#1873,#1874);
#1872 = CARTESIAN_POINT('',(263.07611844574,-490.,1.151213203436E+03));
#1873 = DIRECTION('',(0.707106781187,0.,-0.707106781187));
#1874 = DIRECTION('',(0.707106781187,0.,0.707106781187));
#1875 = ADVANCED_FACE('',(#1876),#1910,.T.);
#1876 = FACE_BOUND('',#1877,.T.);
#1877 = EDGE_LOOP('',(#1878,#1888,#1896,#1904));
#1878 = ORIENTED_EDGE('',*,*,#1879,.F.);
#1879 = EDGE_CURVE('',#1880,#1882,#1884,.T.);
#1880 = VERTEX_POINT('',#1881);
#1881 = CARTESIAN_POINT('',(376.21320343559,-490.,1.038076118446E+03));
#1882 = VERTEX_POINT('',#1883);
#1883 = CARTESIAN_POINT('',(446.92388155425,-490.,1.108786796564E+03));
#1884 = LINE('',#1885,#1886);
#1885 = CARTESIAN_POINT('',(376.21320343559,-490.,1.038076118446E+03));
#1886 = VECTOR('',#1887,1.);
#1887 = DIRECTION('',(0.707106781187,0.,0.707106781187));
#1888 = ORIENTED_EDGE('',*,*,#1889,.T.);
#1889 = EDGE_CURVE('',#1880,#1890,#1892,.T.);
#1890 = VERTEX_POINT('',#1891);
#1891 = CARTESIAN_POINT('',(376.21320343559,-390.,1.038076118446E+03));
#1892 = LINE('',#1893,#1894);
#1893 = CARTESIAN_POINT('',(376.21320343559,-490.,1.038076118446E+03));
#1894 = VECTOR('',#1895,1.);
#1895 = DIRECTION('',(0.,1.,0.));
#1896 = ORIENTED_EDGE('',*,*,#1897,.T.);
#1897 = EDGE_CURVE('',#1890,#1898,#1900,.T.);
#1898 = VERTEX_POINT('',#1899);
#1899 = CARTESIAN_POINT('',(446.92388155425,-390.,1.108786796564E+03));
#1900 = LINE('',#1901,#1902);
#1901 = CARTESIAN_POINT('',(376.21320343559,-390.,1.038076118446E+03));
#1902 = VECTOR('',#1903,1.);
#1903 = DIRECTION('',(0.707106781187,0.,0.707106781187));
#1904 = ORIENTED_EDGE('',*,*,#1905,.F.);
#1905 = EDGE_CURVE('',#1882,#1898,#1906,.T.);
#1906 = LINE('',#1907,#1908);
#1907 = CARTESIAN_POINT('',(446.92388155425,-490.,1.108786796564E+03));
#1908 = VECTOR('',#1909,1.);
#1909 = DIRECTION('',(0.,1.,0.));
#1910 = PLANE('',#1911);
#1911 = AXIS2_PLACEMENT_3D('',#1912,#1913,#1914);
#1912 = CARTESIAN_POINT('',(376.21320343559,-490.,1.038076118446E+03));
#1913 = DIRECTION('',(0.707106781187,0.,-0.707106781187));
#1914 = DIRECTION('',(0.707106781187,0.,0.707106781187));
#1915 = ADVANCED_FACE('',(#1916),#1932,.F.);
#1916 = FACE_BOUND('',#1917,.F.);
#1917 = EDGE_LOOP('',(#1918,#1924,#1925,#1931));
#1918 = ORIENTED_EDGE('',*,*,#1919,.F.);
#1919 = EDGE_CURVE('',#1840,#1880,#1920,.T.);
#1920 = LINE('',#1921,#1922);
#1921 = CARTESIAN_POINT('',(263.07611844574,-490.,1.151213203436E+03));
#1922 = VECTOR('',#1923,1.);
#1923 = DIRECTION('',(0.707106781187,0.,-0.707106781187));
#1924 = ORIENTED_EDGE('',*,*,#1839,.T.);
#1925 = ORIENTED_EDGE('',*,*,#1926,.T.);
#1926 = EDGE_CURVE('',#1842,#1882,#1927,.T.);
#1927 = LINE('',#1928,#1929);
#1928 = CARTESIAN_POINT('',(333.7867965644,-490.,1.221923881554E+03));
#1929 = VECTOR('',#1930,1.);
#1930 = DIRECTION('',(0.707106781187,0.,-0.707106781187));
#1931 = ORIENTED_EDGE('',*,*,#1879,.F.);
#1932 = PLANE('',#1933);
#1933 = AXIS2_PLACEMENT_3D('',#1934,#1935,#1936);
#1934 = CARTESIAN_POINT('',(263.07611844574,-490.,1.151213203436E+03));
#1935 = DIRECTION('',(0.,1.,0.));
#1936 = DIRECTION('',(0.707106781187,0.,0.707106781187));
#1937 = ADVANCED_FACE('',(#1938),#1954,.T.);
#1938 = FACE_BOUND('',#1939,.T.);
#1939 = EDGE_LOOP('',(#1940,#1946,#1947,#1953));
#1940 = ORIENTED_EDGE('',*,*,#1941,.F.);
#1941 = EDGE_CURVE('',#1850,#1890,#1942,.T.);
#1942 = LINE('',#1943,#1944);
#1943 = CARTESIAN_POINT('',(263.07611844574,-390.,1.151213203436E+03));
#1944 = VECTOR('',#1945,1.);
#1945 = DIRECTION('',(0.707106781187,0.,-0.707106781187));
#1946 = ORIENTED_EDGE('',*,*,#1857,.T.);
#1947 = ORIENTED_EDGE('',*,*,#1948,.T.);
#1948 = EDGE_CURVE('',#1858,#1898,#1949,.T.);
#1949 = LINE('',#1950,#1951);
#1950 = CARTESIAN_POINT('',(333.7867965644,-390.,1.221923881554E+03));
#1951 = VECTOR('',#1952,1.);
#1952 = DIRECTION('',(0.707106781187,0.,-0.707106781187));
#1953 = ORIENTED_EDGE('',*,*,#1897,.F.);
#1954 = PLANE('',#1955);
#1955 = AXIS2_PLACEMENT_3D('',#1956,#1957,#1958);
#1956 = CARTESIAN_POINT('',(263.07611844574,-390.,1.151213203436E+03));
#1957 = DIRECTION('',(0.,1.,0.));
#1958 = DIRECTION('',(0.707106781187,0.,0.707106781187));
#1959 = ADVANCED_FACE('',(#1960),#1966,.F.);
#1960 = FACE_BOUND('',#1961,.F.);
#1961 = EDGE_LOOP('',(#1962,#1963,#1964,#1965));
#1962 = ORIENTED_EDGE('',*,*,#1849,.F.);
#1963 = ORIENTED_EDGE('',*,*,#1919,.T.);
#1964 = ORIENTED_EDGE('',*,*,#1889,.T.);
#1965 = ORIENTED_EDGE('',*,*,#1941,.F.);
#1966 = PLANE('',#1967);
#1967 = AXIS2_PLACEMENT_3D('',#1968,#1969,#1970);
#1968 = CARTESIAN_POINT('',(263.07611844574,-490.,1.151213203436E+03));
#1969 = DIRECTION('',(0.707106781187,0.,0.707106781187));
#1970 = DIRECTION('',(0.707106781187,0.,-0.707106781187));
#1971 = ADVANCED_FACE('',(#1972),#1978,.T.);
#1972 = FACE_BOUND('',#1973,.T.);
#1973 = EDGE_LOOP('',(#1974,#1975,#1976,#1977));
#1974 = ORIENTED_EDGE('',*,*,#1865,.F.);
#1975 = ORIENTED_EDGE('',*,*,#1926,.T.);
#1976 = ORIENTED_EDGE('',*,*,#1905,.T.);
#1977 = ORIENTED_EDGE('',*,*,#1948,.F.);
#1978 = PLANE('',#1979);
#1979 = AXIS2_PLACEMENT_3D('',#1980,#1981,#1982);
#1980 = CARTESIAN_POINT('',(333.7867965644,-490.,1.221923881554E+03));
#1981 = DIRECTION('',(0.707106781187,0.,0.707106781187));
#1982 = DIRECTION('',(0.707106781187,0.,-0.707106781187));
#1983 = MANIFOLD_SOLID_BREP('',#1984);
#1984 = CLOSED_SHELL('',(#1985,#2025,#2065,#2087,#2109,#2121));
#1985 = ADVANCED_FACE('',(#1986),#2020,.F.);
#1986 = FACE_BOUND('',#1987,.F.);
#1987 = EDGE_LOOP('',(#1988,#1998,#2006,#2014));
#1988 = ORIENTED_EDGE('',*,*,#1989,.F.);
#1989 = EDGE_CURVE('',#1990,#1992,#1994,.T.);
#1990 = VERTEX_POINT('',#1991);
#1991 = CARTESIAN_POINT('',(-446.9238815542,390.,571.21320343559));
#1992 = VERTEX_POINT('',#1993);
#1993 = CARTESIAN_POINT('',(-376.2132034355,390.,641.92388155425));
#1994 = LINE('',#1995,#1996);
#1995 = CARTESIAN_POINT('',(-446.9238815542,390.,571.21320343559));
#1996 = VECTOR('',#1997,1.);
#1997 = DIRECTION('',(0.707106781187,0.,0.707106781187));
#1998 = ORIENTED_EDGE('',*,*,#1999,.T.);
#1999 = EDGE_CURVE('',#1990,#2000,#2002,.T.);
#2000 = VERTEX_POINT('',#2001);
#2001 = CARTESIAN_POINT('',(-446.9238815542,490.,571.21320343559));
#2002 = LINE('',#2003,#2004);
#2003 = CARTESIAN_POINT('',(-446.9238815542,390.,571.21320343559));
#2004 = VECTOR('',#2005,1.);
#2005 = DIRECTION('',(0.,1.,0.));
#2006 = ORIENTED_EDGE('',*,*,#2007,.T.);
#2007 = EDGE_CURVE('',#2000,#2008,#2010,.T.);
#2008 = VERTEX_POINT('',#2009);
#2009 = CARTESIAN_POINT('',(-376.2132034355,490.,641.92388155425));
#2010 = LINE('',#2011,#2012);
#2011 = CARTESIAN_POINT('',(-446.9238815542,490.,571.21320343559));
#2012 = VECTOR('',#2013,1.);
#2013 = DIRECTION('',(0.707106781187,0.,0.707106781187));
#2014 = ORIENTED_EDGE('',*,*,#2015,.F.);
#2015 = EDGE_CURVE('',#1992,#2008,#2016,.T.);
#2016 = LINE('',#2017,#2018);
#2017 = CARTESIAN_POINT('',(-376.2132034355,390.,641.92388155425));
#2018 = VECTOR('',#2019,1.);
#2019 = DIRECTION('',(0.,1.,0.));
#2020 = PLANE('',#2021);
#2021 = AXIS2_PLACEMENT_3D('',#2022,#2023,#2024);
#2022 = CARTESIAN_POINT('',(-446.9238815542,390.,571.21320343559));
#2023 = DIRECTION('',(0.707106781187,0.,-0.707106781187));
#2024 = DIRECTION('',(0.707106781187,0.,0.707106781187));
#2025 = ADVANCED_FACE('',(#2026),#2060,.T.);
#2026 = FACE_BOUND('',#2027,.T.);
#2027 = EDGE_LOOP('',(#2028,#2038,#2046,#2054));
#2028 = ORIENTED_EDGE('',*,*,#2029,.F.);
#2029 = EDGE_CURVE('',#2030,#2032,#2034,.T.);
#2030 = VERTEX_POINT('',#2031);
#2031 = CARTESIAN_POINT('',(-333.7867965644,390.,458.07611844574));
#2032 = VERTEX_POINT('',#2033);
#2033 = CARTESIAN_POINT('',(-263.0761184457,390.,528.7867965644));
#2034 = LINE('',#2035,#2036);
#2035 = CARTESIAN_POINT('',(-333.7867965644,390.,458.07611844574));
#2036 = VECTOR('',#2037,1.);
#2037 = DIRECTION('',(0.707106781187,0.,0.707106781187));
#2038 = ORIENTED_EDGE('',*,*,#2039,.T.);
#2039 = EDGE_CURVE('',#2030,#2040,#2042,.T.);
#2040 = VERTEX_POINT('',#2041);
#2041 = CARTESIAN_POINT('',(-333.7867965644,490.,458.07611844574));
#2042 = LINE('',#2043,#2044);
#2043 = CARTESIAN_POINT('',(-333.7867965644,390.,458.07611844574));
#2044 = VECTOR('',#2045,1.);
#2045 = DIRECTION('',(0.,1.,0.));
#2046 = ORIENTED_EDGE('',*,*,#2047,.T.);
#2047 = EDGE_CURVE('',#2040,#2048,#2050,.T.);
#2048 = VERTEX_POINT('',#2049);
#2049 = CARTESIAN_POINT('',(-263.0761184457,490.,528.7867965644));
#2050 = LINE('',#2051,#2052);
#2051 = CARTESIAN_POINT('',(-333.7867965644,490.,458.07611844574));
#2052 = VECTOR('',#2053,1.);
#2053 = DIRECTION('',(0.707106781187,0.,0.707106781187));
#2054 = ORIENTED_EDGE('',*,*,#2055,.F.);
#2055 = EDGE_CURVE('',#2032,#2048,#2056,.T.);
#2056 = LINE('',#2057,#2058);
#2057 = CARTESIAN_POINT('',(-263.0761184457,390.,528.7867965644));
#2058 = VECTOR('',#2059,1.);
#2059 = DIRECTION('',(0.,1.,0.));
#2060 = PLANE('',#2061);
#2061 = AXIS2_PLACEMENT_3D('',#2062,#2063,#2064);
#2062 = CARTESIAN_POINT('',(-333.7867965644,390.,458.07611844574));
#2063 = DIRECTION('',(0.707106781187,0.,-0.707106781187));
#2064 = DIRECTION('',(0.707106781187,0.,0.707106781187));
#2065 = ADVANCED_FACE('',(#2066),#2082,.F.);
#2066 = FACE_BOUND('',#2067,.F.);
#2067 = EDGE_LOOP('',(#2068,#2074,#2075,#2081));
#2068 = ORIENTED_EDGE('',*,*,#2069,.F.);
#2069 = EDGE_CURVE('',#1990,#2030,#2070,.T.);
#2070 = LINE('',#2071,#2072);
#2071 = CARTESIAN_POINT('',(-446.9238815542,390.,571.21320343559));
#2072 = VECTOR('',#2073,1.);
#2073 = DIRECTION('',(0.707106781187,0.,-0.707106781187));
#2074 = ORIENTED_EDGE('',*,*,#1989,.T.);
#2075 = ORIENTED_EDGE('',*,*,#2076,.T.);
#2076 = EDGE_CURVE('',#1992,#2032,#2077,.T.);
#2077 = LINE('',#2078,#2079);
#2078 = CARTESIAN_POINT('',(-376.2132034355,390.,641.92388155425));
#2079 = VECTOR('',#2080,1.);
#2080 = DIRECTION('',(0.707106781187,0.,-0.707106781187));
#2081 = ORIENTED_EDGE('',*,*,#2029,.F.);
#2082 = PLANE('',#2083);
#2083 = AXIS2_PLACEMENT_3D('',#2084,#2085,#2086);
#2084 = CARTESIAN_POINT('',(-446.9238815542,390.,571.21320343559));
#2085 = DIRECTION('',(0.,1.,0.));
#2086 = DIRECTION('',(0.707106781187,0.,0.707106781187));
#2087 = ADVANCED_FACE('',(#2088),#2104,.T.);
#2088 = FACE_BOUND('',#2089,.T.);
#2089 = EDGE_LOOP('',(#2090,#2096,#2097,#2103));
#2090 = ORIENTED_EDGE('',*,*,#2091,.F.);
#2091 = EDGE_CURVE('',#2000,#2040,#2092,.T.);
#2092 = LINE('',#2093,#2094);
#2093 = CARTESIAN_POINT('',(-446.9238815542,490.,571.21320343559));
#2094 = VECTOR('',#2095,1.);
#2095 = DIRECTION('',(0.707106781187,0.,-0.707106781187));
#2096 = ORIENTED_EDGE('',*,*,#2007,.T.);
#2097 = ORIENTED_EDGE('',*,*,#2098,.T.);
#2098 = EDGE_CURVE('',#2008,#2048,#2099,.T.);
#2099 = LINE('',#2100,#2101);
#2100 = CARTESIAN_POINT('',(-376.2132034355,490.,641.92388155425));
#2101 = VECTOR('',#2102,1.);
#2102 = DIRECTION('',(0.707106781187,0.,-0.707106781187));
#2103 = ORIENTED_EDGE('',*,*,#2047,.F.);
#2104 = PLANE('',#2105);
#2105 = AXIS2_PLACEMENT_3D('',#2106,#2107,#2108);
#2106 = CARTESIAN_POINT('',(-446.9238815542,490.,571.21320343559));
#2107 = DIRECTION('',(0.,1.,0.));
#2108 = DIRECTION('',(0.707106781187,0.,0.707106781187));
#2109 = ADVANCED_FACE('',(#2110),#2116,.F.);
#2110 = FACE_BOUND('',#2111,.F.);
#2111 = EDGE_LOOP('',(#2112,#2113,#2114,#2115));
#2112 = ORIENTED_EDGE('',*,*,#1999,.F.);
#2113 = ORIENTED_EDGE('',*,*,#2069,.T.);
#2114 = ORIENTED_EDGE('',*,*,#2039,.T.);
#2115 = ORIENTED_EDGE('',*,*,#2091,.F.);
#2116 = PLANE('',#2117);
#2117 = AXIS2_PLACEMENT_3D('',#2118,#2119,#2120);
#2118 = CARTESIAN_POINT('',(-446.9238815542,390.,571.21320343559));
#2119 = DIRECTION('',(0.707106781187,0.,0.707106781187));
#2120 = DIRECTION('',(0.707106781187,0.,-0.707106781187));
#2121 = ADVANCED_FACE('',(#2122),#2128,.T.);
#2122 = FACE_BOUND('',#2123,.T.);
#2123 = EDGE_LOOP('',(#2124,#2125,#2126,#2127));
#2124 = ORIENTED_EDGE('',*,*,#2015,.F.);
#2125 = ORIENTED_EDGE('',*,*,#2076,.T.);
#2126 = ORIENTED_EDGE('',*,*,#2055,.T.);
#2127 = ORIENTED_EDGE('',*,*,#2098,.F.);
#2128 = PLANE('',#2129);
#2129 = AXIS2_PLACEMENT_3D('',#2130,#2131,#2132);
#2130 = CARTESIAN_POINT('',(-376.2132034355,390.,641.92388155425));
#2131 = DIRECTION('',(0.707106781187,0.,0.707106781187));
#2132 = DIRECTION('',(0.707106781187,0.,-0.707106781187));
#2133 = MANIFOLD_SOLID_BREP('',#2134);
#2134 = CLOSED_SHELL('',(#2135,#2175,#2342,#2366,#2526,#2543,#2555,#2577
    ,#2594,#2611,#2623,#2645,#2662,#2679,#2691,#2713,#2730,#2747,#2759,
    #2781,#2798,#2815));
#2135 = ADVANCED_FACE('',(#2136),#2170,.F.);
#2136 = FACE_BOUND('',#2137,.F.);
#2137 = EDGE_LOOP('',(#2138,#2148,#2156,#2164));
#2138 = ORIENTED_EDGE('',*,*,#2139,.F.);
#2139 = EDGE_CURVE('',#2140,#2142,#2144,.T.);
#2140 = VERTEX_POINT('',#2141);
#2141 = CARTESIAN_POINT('',(0.,-165.,170.));
#2142 = VERTEX_POINT('',#2143);
#2143 = CARTESIAN_POINT('',(0.,-165.,865.));
#2144 = LINE('',#2145,#2146);
#2145 = CARTESIAN_POINT('',(0.,-165.,170.));
#2146 = VECTOR('',#2147,1.);
#2147 = DIRECTION('',(0.,0.,1.));
#2148 = ORIENTED_EDGE('',*,*,#2149,.T.);
#2149 = EDGE_CURVE('',#2140,#2150,#2152,.T.);
#2150 = VERTEX_POINT('',#2151);
#2151 = CARTESIAN_POINT('',(0.,-115.,170.));
#2152 = LINE('',#2153,#2154);
#2153 = CARTESIAN_POINT('',(0.,-165.,170.));
#2154 = VECTOR('',#2155,1.);
#2155 = DIRECTION('',(0.,1.,0.));
#2156 = ORIENTED_EDGE('',*,*,#2157,.T.);
#2157 = EDGE_CURVE('',#2150,#2158,#2160,.T.);
#2158 = VERTEX_POINT('',#2159);
#2159 = CARTESIAN_POINT('',(0.,-115.,865.));
#2160 = LINE('',#2161,#2162);
#2161 = CARTESIAN_POINT('',(0.,-115.,170.));
#2162 = VECTOR('',#2163,1.);
#2163 = DIRECTION('',(0.,0.,1.));
#2164 = ORIENTED_EDGE('',*,*,#2165,.F.);
#2165 = EDGE_CURVE('',#2142,#2158,#2166,.T.);
#2166 = LINE('',#2167,#2168);
#2167 = CARTESIAN_POINT('',(0.,-165.,865.));
#2168 = VECTOR('',#2169,1.);
#2169 = DIRECTION('',(0.,1.,0.));
#2170 = PLANE('',#2171);
#2171 = AXIS2_PLACEMENT_3D('',#2172,#2173,#2174);
#2172 = CARTESIAN_POINT('',(0.,-165.,170.));
#2173 = DIRECTION('',(1.,0.,0.));
#2174 = DIRECTION('',(0.,0.,1.));
#2175 = ADVANCED_FACE('',(#2176,#2201,#2235,#2269,#2303),#2337,.F.);
#2176 = FACE_BOUND('',#2177,.F.);
#2177 = EDGE_LOOP('',(#2178,#2186,#2187,#2195));
#2178 = ORIENTED_EDGE('',*,*,#2179,.F.);
#2179 = EDGE_CURVE('',#2140,#2180,#2182,.T.);
#2180 = VERTEX_POINT('',#2181);
#2181 = CARTESIAN_POINT('',(140.,-165.,170.));
#2182 = LINE('',#2183,#2184);
#2183 = CARTESIAN_POINT('',(0.,-165.,170.));
#2184 = VECTOR('',#2185,1.);
#2185 = DIRECTION('',(1.,0.,0.));
#2186 = ORIENTED_EDGE('',*,*,#2139,.T.);
#2187 = ORIENTED_EDGE('',*,*,#2188,.T.);
#2188 = EDGE_CURVE('',#2142,#2189,#2191,.T.);
#2189 = VERTEX_POINT('',#2190);
#2190 = CARTESIAN_POINT('',(140.,-165.,865.));
#2191 = LINE('',#2192,#2193);
#2192 = CARTESIAN_POINT('',(0.,-165.,865.));
#2193 = VECTOR('',#2194,1.);
#2194 = DIRECTION('',(1.,0.,0.));
#2195 = ORIENTED_EDGE('',*,*,#2196,.F.);
#2196 = EDGE_CURVE('',#2180,#2189,#2197,.T.);
#2197 = LINE('',#2198,#2199);
#2198 = CARTESIAN_POINT('',(140.,-165.,170.));
#2199 = VECTOR('',#2200,1.);
#2200 = DIRECTION('',(0.,0.,1.));
#2201 = FACE_BOUND('',#2202,.F.);
#2202 = EDGE_LOOP('',(#2203,#2213,#2221,#2229));
#2203 = ORIENTED_EDGE('',*,*,#2204,.F.);
#2204 = EDGE_CURVE('',#2205,#2207,#2209,.T.);
#2205 = VERTEX_POINT('',#2206);
#2206 = CARTESIAN_POINT('',(20.,-165.,310.));
#2207 = VERTEX_POINT('',#2208);
#2208 = CARTESIAN_POINT('',(120.,-165.,310.));
#2209 = LINE('',#2210,#2211);
#2210 = CARTESIAN_POINT('',(10.,-165.,310.));
#2211 = VECTOR('',#2212,1.);
#2212 = DIRECTION('',(1.,0.,0.));
#2213 = ORIENTED_EDGE('',*,*,#2214,.T.);
#2214 = EDGE_CURVE('',#2205,#2215,#2217,.T.);
#2215 = VERTEX_POINT('',#2216);
#2216 = CARTESIAN_POINT('',(20.,-165.,210.));
#2217 = LINE('',#2218,#2219);
#2218 = CARTESIAN_POINT('',(20.,-165.,190.));
#2219 = VECTOR('',#2220,1.);
#2220 = DIRECTION('',(0.,0.,-1.));
#2221 = ORIENTED_EDGE('',*,*,#2222,.T.);
#2222 = EDGE_CURVE('',#2215,#2223,#2225,.T.);
#2223 = VERTEX_POINT('',#2224);
#2224 = CARTESIAN_POINT('',(120.,-165.,210.));
#2225 = LINE('',#2226,#2227);
#2226 = CARTESIAN_POINT('',(10.,-165.,210.));
#2227 = VECTOR('',#2228,1.);
#2228 = DIRECTION('',(1.,0.,0.));
#2229 = ORIENTED_EDGE('',*,*,#2230,.F.);
#2230 = EDGE_CURVE('',#2207,#2223,#2231,.T.);
#2231 = LINE('',#2232,#2233);
#2232 = CARTESIAN_POINT('',(120.,-165.,190.));
#2233 = VECTOR('',#2234,1.);
#2234 = DIRECTION('',(0.,0.,-1.));
#2235 = FACE_BOUND('',#2236,.F.);
#2236 = EDGE_LOOP('',(#2237,#2247,#2255,#2263));
#2237 = ORIENTED_EDGE('',*,*,#2238,.F.);
#2238 = EDGE_CURVE('',#2239,#2241,#2243,.T.);
#2239 = VERTEX_POINT('',#2240);
#2240 = CARTESIAN_POINT('',(20.,-165.,430.));
#2241 = VERTEX_POINT('',#2242);
#2242 = CARTESIAN_POINT('',(120.,-165.,430.));
#2243 = LINE('',#2244,#2245);
#2244 = CARTESIAN_POINT('',(10.,-165.,430.));
#2245 = VECTOR('',#2246,1.);
#2246 = DIRECTION('',(1.,0.,0.));
#2247 = ORIENTED_EDGE('',*,*,#2248,.T.);
#2248 = EDGE_CURVE('',#2239,#2249,#2251,.T.);
#2249 = VERTEX_POINT('',#2250);
#2250 = CARTESIAN_POINT('',(20.,-165.,330.));
#2251 = LINE('',#2252,#2253);
#2252 = CARTESIAN_POINT('',(20.,-165.,250.));
#2253 = VECTOR('',#2254,1.);
#2254 = DIRECTION('',(0.,0.,-1.));
#2255 = ORIENTED_EDGE('',*,*,#2256,.T.);
#2256 = EDGE_CURVE('',#2249,#2257,#2259,.T.);
#2257 = VERTEX_POINT('',#2258);
#2258 = CARTESIAN_POINT('',(120.,-165.,330.));
#2259 = LINE('',#2260,#2261);
#2260 = CARTESIAN_POINT('',(10.,-165.,330.));
#2261 = VECTOR('',#2262,1.);
#2262 = DIRECTION('',(1.,0.,0.));
#2263 = ORIENTED_EDGE('',*,*,#2264,.F.);
#2264 = EDGE_CURVE('',#2241,#2257,#2265,.T.);
#2265 = LINE('',#2266,#2267);
#2266 = CARTESIAN_POINT('',(120.,-165.,250.));
#2267 = VECTOR('',#2268,1.);
#2268 = DIRECTION('',(0.,0.,-1.));
#2269 = FACE_BOUND('',#2270,.F.);
#2270 = EDGE_LOOP('',(#2271,#2281,#2289,#2297));
#2271 = ORIENTED_EDGE('',*,*,#2272,.F.);
#2272 = EDGE_CURVE('',#2273,#2275,#2277,.T.);
#2273 = VERTEX_POINT('',#2274);
#2274 = CARTESIAN_POINT('',(20.,-165.,550.));
#2275 = VERTEX_POINT('',#2276);
#2276 = CARTESIAN_POINT('',(120.,-165.,550.));
#2277 = LINE('',#2278,#2279);
#2278 = CARTESIAN_POINT('',(10.,-165.,550.));
#2279 = VECTOR('',#2280,1.);
#2280 = DIRECTION('',(1.,0.,0.));
#2281 = ORIENTED_EDGE('',*,*,#2282,.T.);
#2282 = EDGE_CURVE('',#2273,#2283,#2285,.T.);
#2283 = VERTEX_POINT('',#2284);
#2284 = CARTESIAN_POINT('',(20.,-165.,450.));
#2285 = LINE('',#2286,#2287);
#2286 = CARTESIAN_POINT('',(20.,-165.,310.));
#2287 = VECTOR('',#2288,1.);
#2288 = DIRECTION('',(0.,0.,-1.));
#2289 = ORIENTED_EDGE('',*,*,#2290,.T.);
#2290 = EDGE_CURVE('',#2283,#2291,#2293,.T.);
#2291 = VERTEX_POINT('',#2292);
#2292 = CARTESIAN_POINT('',(120.,-165.,450.));
#2293 = LINE('',#2294,#2295);
#2294 = CARTESIAN_POINT('',(10.,-165.,450.));
#2295 = VECTOR('',#2296,1.);
#2296 = DIRECTION('',(1.,0.,0.));
#2297 = ORIENTED_EDGE('',*,*,#2298,.F.);
#2298 = EDGE_CURVE('',#2275,#2291,#2299,.T.);
#2299 = LINE('',#2300,#2301);
#2300 = CARTESIAN_POINT('',(120.,-165.,310.));
#2301 = VECTOR('',#2302,1.);
#2302 = DIRECTION('',(0.,0.,-1.));
#2303 = FACE_BOUND('',#2304,.F.);
#2304 = EDGE_LOOP('',(#2305,#2315,#2323,#2331));
#2305 = ORIENTED_EDGE('',*,*,#2306,.F.);
#2306 = EDGE_CURVE('',#2307,#2309,#2311,.T.);
#2307 = VERTEX_POINT('',#2308);
#2308 = CARTESIAN_POINT('',(20.,-165.,670.));
#2309 = VERTEX_POINT('',#2310);
#2310 = CARTESIAN_POINT('',(120.,-165.,670.));
#2311 = LINE('',#2312,#2313);
#2312 = CARTESIAN_POINT('',(10.,-165.,670.));
#2313 = VECTOR('',#2314,1.);
#2314 = DIRECTION('',(1.,0.,0.));
#2315 = ORIENTED_EDGE('',*,*,#2316,.T.);
#2316 = EDGE_CURVE('',#2307,#2317,#2319,.T.);
#2317 = VERTEX_POINT('',#2318);
#2318 = CARTESIAN_POINT('',(20.,-165.,570.));
#2319 = LINE('',#2320,#2321);
#2320 = CARTESIAN_POINT('',(20.,-165.,370.));
#2321 = VECTOR('',#2322,1.);
#2322 = DIRECTION('',(0.,0.,-1.));
#2323 = ORIENTED_EDGE('',*,*,#2324,.T.);
#2324 = EDGE_CURVE('',#2317,#2325,#2327,.T.);
#2325 = VERTEX_POINT('',#2326);
#2326 = CARTESIAN_POINT('',(120.,-165.,570.));
#2327 = LINE('',#2328,#2329);
#2328 = CARTESIAN_POINT('',(10.,-165.,570.));
#2329 = VECTOR('',#2330,1.);
#2330 = DIRECTION('',(1.,0.,0.));
#2331 = ORIENTED_EDGE('',*,*,#2332,.F.);
#2332 = EDGE_CURVE('',#2309,#2325,#2333,.T.);
#2333 = LINE('',#2334,#2335);
#2334 = CARTESIAN_POINT('',(120.,-165.,370.));
#2335 = VECTOR('',#2336,1.);
#2336 = DIRECTION('',(0.,0.,-1.));
#2337 = PLANE('',#2338);
#2338 = AXIS2_PLACEMENT_3D('',#2339,#2340,#2341);
#2339 = CARTESIAN_POINT('',(0.,-165.,170.));
#2340 = DIRECTION('',(0.,1.,0.));
#2341 = DIRECTION('',(0.,0.,1.));
#2342 = ADVANCED_FACE('',(#2343),#2361,.T.);
#2343 = FACE_BOUND('',#2344,.T.);
#2344 = EDGE_LOOP('',(#2345,#2346,#2347,#2355));
#2345 = ORIENTED_EDGE('',*,*,#2165,.F.);
#2346 = ORIENTED_EDGE('',*,*,#2188,.T.);
#2347 = ORIENTED_EDGE('',*,*,#2348,.T.);
#2348 = EDGE_CURVE('',#2189,#2349,#2351,.T.);
#2349 = VERTEX_POINT('',#2350);
#2350 = CARTESIAN_POINT('',(140.,-115.,865.));
#2351 = LINE('',#2352,#2353);
#2352 = CARTESIAN_POINT('',(140.,-165.,865.));
#2353 = VECTOR('',#2354,1.);
#2354 = DIRECTION('',(0.,1.,0.));
#2355 = ORIENTED_EDGE('',*,*,#2356,.F.);
#2356 = EDGE_CURVE('',#2158,#2349,#2357,.T.);
#2357 = LINE('',#2358,#2359);
#2358 = CARTESIAN_POINT('',(0.,-115.,865.));
#2359 = VECTOR('',#2360,1.);
#2360 = DIRECTION('',(1.,0.,0.));
#2361 = PLANE('',#2362);
#2362 = AXIS2_PLACEMENT_3D('',#2363,#2364,#2365);
#2363 = CARTESIAN_POINT('',(0.,-165.,865.));
#2364 = DIRECTION('',(0.,0.,1.));
#2365 = DIRECTION('',(1.,0.,0.));
#2366 = ADVANCED_FACE('',(#2367,#2385,#2419,#2453,#2487),#2521,.T.);
#2367 = FACE_BOUND('',#2368,.T.);
#2368 = EDGE_LOOP('',(#2369,#2377,#2378,#2379));
#2369 = ORIENTED_EDGE('',*,*,#2370,.F.);
#2370 = EDGE_CURVE('',#2150,#2371,#2373,.T.);
#2371 = VERTEX_POINT('',#2372);
#2372 = CARTESIAN_POINT('',(140.,-115.,170.));
#2373 = LINE('',#2374,#2375);
#2374 = CARTESIAN_POINT('',(0.,-115.,170.));
#2375 = VECTOR('',#2376,1.);
#2376 = DIRECTION('',(1.,0.,0.));
#2377 = ORIENTED_EDGE('',*,*,#2157,.T.);
#2378 = ORIENTED_EDGE('',*,*,#2356,.T.);
#2379 = ORIENTED_EDGE('',*,*,#2380,.F.);
#2380 = EDGE_CURVE('',#2371,#2349,#2381,.T.);
#2381 = LINE('',#2382,#2383);
#2382 = CARTESIAN_POINT('',(140.,-115.,170.));
#2383 = VECTOR('',#2384,1.);
#2384 = DIRECTION('',(0.,0.,1.));
#2385 = FACE_BOUND('',#2386,.T.);
#2386 = EDGE_LOOP('',(#2387,#2397,#2405,#2413));
#2387 = ORIENTED_EDGE('',*,*,#2388,.F.);
#2388 = EDGE_CURVE('',#2389,#2391,#2393,.T.);
#2389 = VERTEX_POINT('',#2390);
#2390 = CARTESIAN_POINT('',(20.,-115.,310.));
#2391 = VERTEX_POINT('',#2392);
#2392 = CARTESIAN_POINT('',(120.,-115.,310.));
#2393 = LINE('',#2394,#2395);
#2394 = CARTESIAN_POINT('',(10.,-115.,310.));
#2395 = VECTOR('',#2396,1.);
#2396 = DIRECTION('',(1.,0.,0.));
#2397 = ORIENTED_EDGE('',*,*,#2398,.T.);
#2398 = EDGE_CURVE('',#2389,#2399,#2401,.T.);
#2399 = VERTEX_POINT('',#2400);
#2400 = CARTESIAN_POINT('',(20.,-115.,210.));
#2401 = LINE('',#2402,#2403);
#2402 = CARTESIAN_POINT('',(20.,-115.,190.));
#2403 = VECTOR('',#2404,1.);
#2404 = DIRECTION('',(0.,0.,-1.));
#2405 = ORIENTED_EDGE('',*,*,#2406,.T.);
#2406 = EDGE_CURVE('',#2399,#2407,#2409,.T.);
#2407 = VERTEX_POINT('',#2408);
#2408 = CARTESIAN_POINT('',(120.,-115.,210.));
#2409 = LINE('',#2410,#2411);
#2410 = CARTESIAN_POINT('',(10.,-115.,210.));
#2411 = VECTOR('',#2412,1.);
#2412 = DIRECTION('',(1.,0.,0.));
#2413 = ORIENTED_EDGE('',*,*,#2414,.F.);
#2414 = EDGE_CURVE('',#2391,#2407,#2415,.T.);
#2415 = LINE('',#2416,#2417);
#2416 = CARTESIAN_POINT('',(120.,-115.,190.));
#2417 = VECTOR('',#2418,1.);
#2418 = DIRECTION('',(0.,0.,-1.));
#2419 = FACE_BOUND('',#2420,.T.);
#2420 = EDGE_LOOP('',(#2421,#2431,#2439,#2447));
#2421 = ORIENTED_EDGE('',*,*,#2422,.F.);
#2422 = EDGE_CURVE('',#2423,#2425,#2427,.T.);
#2423 = VERTEX_POINT('',#2424);
#2424 = CARTESIAN_POINT('',(20.,-115.,430.));
#2425 = VERTEX_POINT('',#2426);
#2426 = CARTESIAN_POINT('',(120.,-115.,430.));
#2427 = LINE('',#2428,#2429);
#2428 = CARTESIAN_POINT('',(10.,-115.,430.));
#2429 = VECTOR('',#2430,1.);
#2430 = DIRECTION('',(1.,0.,0.));
#2431 = ORIENTED_EDGE('',*,*,#2432,.T.);
#2432 = EDGE_CURVE('',#2423,#2433,#2435,.T.);
#2433 = VERTEX_POINT('',#2434);
#2434 = CARTESIAN_POINT('',(20.,-115.,330.));
#2435 = LINE('',#2436,#2437);
#2436 = CARTESIAN_POINT('',(20.,-115.,250.));
#2437 = VECTOR('',#2438,1.);
#2438 = DIRECTION('',(0.,0.,-1.));
#2439 = ORIENTED_EDGE('',*,*,#2440,.T.);
#2440 = EDGE_CURVE('',#2433,#2441,#2443,.T.);
#2441 = VERTEX_POINT('',#2442);
#2442 = CARTESIAN_POINT('',(120.,-115.,330.));
#2443 = LINE('',#2444,#2445);
#2444 = CARTESIAN_POINT('',(10.,-115.,330.));
#2445 = VECTOR('',#2446,1.);
#2446 = DIRECTION('',(1.,0.,0.));
#2447 = ORIENTED_EDGE('',*,*,#2448,.F.);
#2448 = EDGE_CURVE('',#2425,#2441,#2449,.T.);
#2449 = LINE('',#2450,#2451);
#2450 = CARTESIAN_POINT('',(120.,-115.,250.));
#2451 = VECTOR('',#2452,1.);
#2452 = DIRECTION('',(0.,0.,-1.));
#2453 = FACE_BOUND('',#2454,.T.);
#2454 = EDGE_LOOP('',(#2455,#2465,#2473,#2481));
#2455 = ORIENTED_EDGE('',*,*,#2456,.F.);
#2456 = EDGE_CURVE('',#2457,#2459,#2461,.T.);
#2457 = VERTEX_POINT('',#2458);
#2458 = CARTESIAN_POINT('',(20.,-115.,550.));
#2459 = VERTEX_POINT('',#2460);
#2460 = CARTESIAN_POINT('',(120.,-115.,550.));
#2461 = LINE('',#2462,#2463);
#2462 = CARTESIAN_POINT('',(10.,-115.,550.));
#2463 = VECTOR('',#2464,1.);
#2464 = DIRECTION('',(1.,0.,0.));
#2465 = ORIENTED_EDGE('',*,*,#2466,.T.);
#2466 = EDGE_CURVE('',#2457,#2467,#2469,.T.);
#2467 = VERTEX_POINT('',#2468);
#2468 = CARTESIAN_POINT('',(20.,-115.,450.));
#2469 = LINE('',#2470,#2471);
#2470 = CARTESIAN_POINT('',(20.,-115.,310.));
#2471 = VECTOR('',#2472,1.);
#2472 = DIRECTION('',(0.,0.,-1.));
#2473 = ORIENTED_EDGE('',*,*,#2474,.T.);
#2474 = EDGE_CURVE('',#2467,#2475,#2477,.T.);
#2475 = VERTEX_POINT('',#2476);
#2476 = CARTESIAN_POINT('',(120.,-115.,450.));
#2477 = LINE('',#2478,#2479);
#2478 = CARTESIAN_POINT('',(10.,-115.,450.));
#2479 = VECTOR('',#2480,1.);
#2480 = DIRECTION('',(1.,0.,0.));
#2481 = ORIENTED_EDGE('',*,*,#2482,.F.);
#2482 = EDGE_CURVE('',#2459,#2475,#2483,.T.);
#2483 = LINE('',#2484,#2485);
#2484 = CARTESIAN_POINT('',(120.,-115.,310.));
#2485 = VECTOR('',#2486,1.);
#2486 = DIRECTION('',(0.,0.,-1.));
#2487 = FACE_BOUND('',#2488,.T.);
#2488 = EDGE_LOOP('',(#2489,#2499,#2507,#2515));
#2489 = ORIENTED_EDGE('',*,*,#2490,.F.);
#2490 = EDGE_CURVE('',#2491,#2493,#2495,.T.);
#2491 = VERTEX_POINT('',#2492);
#2492 = CARTESIAN_POINT('',(20.,-115.,670.));
#2493 = VERTEX_POINT('',#2494);
#2494 = CARTESIAN_POINT('',(120.,-115.,670.));
#2495 = LINE('',#2496,#2497);
#2496 = CARTESIAN_POINT('',(10.,-115.,670.));
#2497 = VECTOR('',#2498,1.);
#2498 = DIRECTION('',(1.,0.,0.));
#2499 = ORIENTED_EDGE('',*,*,#2500,.T.);
#2500 = EDGE_CURVE('',#2491,#2501,#2503,.T.);
#2501 = VERTEX_POINT('',#2502);
#2502 = CARTESIAN_POINT('',(20.,-115.,570.));
#2503 = LINE('',#2504,#2505);
#2504 = CARTESIAN_POINT('',(20.,-115.,370.));
#2505 = VECTOR('',#2506,1.);
#2506 = DIRECTION('',(0.,0.,-1.));
#2507 = ORIENTED_EDGE('',*,*,#2508,.T.);
#2508 = EDGE_CURVE('',#2501,#2509,#2511,.T.);
#2509 = VERTEX_POINT('',#2510);
#2510 = CARTESIAN_POINT('',(120.,-115.,570.));
#2511 = LINE('',#2512,#2513);
#2512 = CARTESIAN_POINT('',(10.,-115.,570.));
#2513 = VECTOR('',#2514,1.);
#2514 = DIRECTION('',(1.,0.,0.));
#2515 = ORIENTED_EDGE('',*,*,#2516,.F.);
#2516 = EDGE_CURVE('',#2493,#2509,#2517,.T.);
#2517 = LINE('',#2518,#2519);
#2518 = CARTESIAN_POINT('',(120.,-115.,370.));
#2519 = VECTOR('',#2520,1.);
#2520 = DIRECTION('',(0.,0.,-1.));
#2521 = PLANE('',#2522);
#2522 = AXIS2_PLACEMENT_3D('',#2523,#2524,#2525);
#2523 = CARTESIAN_POINT('',(0.,-115.,170.));
#2524 = DIRECTION('',(0.,1.,0.));
#2525 = DIRECTION('',(0.,0.,1.));
#2526 = ADVANCED_FACE('',(#2527),#2538,.F.);
#2527 = FACE_BOUND('',#2528,.F.);
#2528 = EDGE_LOOP('',(#2529,#2530,#2531,#2537));
#2529 = ORIENTED_EDGE('',*,*,#2149,.F.);
#2530 = ORIENTED_EDGE('',*,*,#2179,.T.);
#2531 = ORIENTED_EDGE('',*,*,#2532,.T.);
#2532 = EDGE_CURVE('',#2180,#2371,#2533,.T.);
#2533 = LINE('',#2534,#2535);
#2534 = CARTESIAN_POINT('',(140.,-165.,170.));
#2535 = VECTOR('',#2536,1.);
#2536 = DIRECTION('',(0.,1.,0.));
#2537 = ORIENTED_EDGE('',*,*,#2370,.F.);
#2538 = PLANE('',#2539);
#2539 = AXIS2_PLACEMENT_3D('',#2540,#2541,#2542);
#2540 = CARTESIAN_POINT('',(0.,-165.,170.));
#2541 = DIRECTION('',(0.,0.,1.));
#2542 = DIRECTION('',(1.,0.,0.));
#2543 = ADVANCED_FACE('',(#2544),#2550,.T.);
#2544 = FACE_BOUND('',#2545,.T.);
#2545 = EDGE_LOOP('',(#2546,#2547,#2548,#2549));
#2546 = ORIENTED_EDGE('',*,*,#2196,.F.);
#2547 = ORIENTED_EDGE('',*,*,#2532,.T.);
#2548 = ORIENTED_EDGE('',*,*,#2380,.T.);
#2549 = ORIENTED_EDGE('',*,*,#2348,.F.);
#2550 = PLANE('',#2551);
#2551 = AXIS2_PLACEMENT_3D('',#2552,#2553,#2554);
#2552 = CARTESIAN_POINT('',(140.,-165.,170.));
#2553 = DIRECTION('',(1.,0.,0.));
#2554 = DIRECTION('',(0.,0.,1.));
#2555 = ADVANCED_FACE('',(#2556),#2572,.F.);
#2556 = FACE_BOUND('',#2557,.F.);
#2557 = EDGE_LOOP('',(#2558,#2564,#2565,#2571));
#2558 = ORIENTED_EDGE('',*,*,#2559,.F.);
#2559 = EDGE_CURVE('',#2205,#2389,#2560,.T.);
#2560 = LINE('',#2561,#2562);
#2561 = CARTESIAN_POINT('',(20.,-175.,310.));
#2562 = VECTOR('',#2563,1.);
#2563 = DIRECTION('',(0.,1.,0.));
#2564 = ORIENTED_EDGE('',*,*,#2204,.T.);
#2565 = ORIENTED_EDGE('',*,*,#2566,.T.);
#2566 = EDGE_CURVE('',#2207,#2391,#2567,.T.);
#2567 = LINE('',#2568,#2569);
#2568 = CARTESIAN_POINT('',(120.,-175.,310.));
#2569 = VECTOR('',#2570,1.);
#2570 = DIRECTION('',(0.,1.,0.));
#2571 = ORIENTED_EDGE('',*,*,#2388,.F.);
#2572 = PLANE('',#2573);
#2573 = AXIS2_PLACEMENT_3D('',#2574,#2575,#2576);
#2574 = CARTESIAN_POINT('',(20.,-175.,310.));
#2575 = DIRECTION('',(0.,0.,1.));
#2576 = DIRECTION('',(1.,0.,0.));
#2577 = ADVANCED_FACE('',(#2578),#2589,.T.);
#2578 = FACE_BOUND('',#2579,.T.);
#2579 = EDGE_LOOP('',(#2580,#2581,#2582,#2588));
#2580 = ORIENTED_EDGE('',*,*,#2559,.F.);
#2581 = ORIENTED_EDGE('',*,*,#2214,.T.);
#2582 = ORIENTED_EDGE('',*,*,#2583,.T.);
#2583 = EDGE_CURVE('',#2215,#2399,#2584,.T.);
#2584 = LINE('',#2585,#2586);
#2585 = CARTESIAN_POINT('',(20.,-175.,210.));
#2586 = VECTOR('',#2587,1.);
#2587 = DIRECTION('',(0.,1.,0.));
#2588 = ORIENTED_EDGE('',*,*,#2398,.F.);
#2589 = PLANE('',#2590);
#2590 = AXIS2_PLACEMENT_3D('',#2591,#2592,#2593);
#2591 = CARTESIAN_POINT('',(20.,-175.,210.));
#2592 = DIRECTION('',(1.,0.,0.));
#2593 = DIRECTION('',(0.,0.,1.));
#2594 = ADVANCED_FACE('',(#2595),#2606,.F.);
#2595 = FACE_BOUND('',#2596,.F.);
#2596 = EDGE_LOOP('',(#2597,#2598,#2599,#2605));
#2597 = ORIENTED_EDGE('',*,*,#2566,.F.);
#2598 = ORIENTED_EDGE('',*,*,#2230,.T.);
#2599 = ORIENTED_EDGE('',*,*,#2600,.T.);
#2600 = EDGE_CURVE('',#2223,#2407,#2601,.T.);
#2601 = LINE('',#2602,#2603);
#2602 = CARTESIAN_POINT('',(120.,-175.,210.));
#2603 = VECTOR('',#2604,1.);
#2604 = DIRECTION('',(0.,1.,0.));
#2605 = ORIENTED_EDGE('',*,*,#2414,.F.);
#2606 = PLANE('',#2607);
#2607 = AXIS2_PLACEMENT_3D('',#2608,#2609,#2610);
#2608 = CARTESIAN_POINT('',(120.,-175.,210.));
#2609 = DIRECTION('',(1.,0.,0.));
#2610 = DIRECTION('',(0.,0.,1.));
#2611 = ADVANCED_FACE('',(#2612),#2618,.T.);
#2612 = FACE_BOUND('',#2613,.T.);
#2613 = EDGE_LOOP('',(#2614,#2615,#2616,#2617));
#2614 = ORIENTED_EDGE('',*,*,#2583,.F.);
#2615 = ORIENTED_EDGE('',*,*,#2222,.T.);
#2616 = ORIENTED_EDGE('',*,*,#2600,.T.);
#2617 = ORIENTED_EDGE('',*,*,#2406,.F.);
#2618 = PLANE('',#2619);
#2619 = AXIS2_PLACEMENT_3D('',#2620,#2621,#2622);
#2620 = CARTESIAN_POINT('',(20.,-175.,210.));
#2621 = DIRECTION('',(0.,0.,1.));
#2622 = DIRECTION('',(1.,0.,0.));
#2623 = ADVANCED_FACE('',(#2624),#2640,.F.);
#2624 = FACE_BOUND('',#2625,.F.);
#2625 = EDGE_LOOP('',(#2626,#2632,#2633,#2639));
#2626 = ORIENTED_EDGE('',*,*,#2627,.F.);
#2627 = EDGE_CURVE('',#2239,#2423,#2628,.T.);
#2628 = LINE('',#2629,#2630);
#2629 = CARTESIAN_POINT('',(20.,-175.,430.));
#2630 = VECTOR('',#2631,1.);
#2631 = DIRECTION('',(0.,1.,0.));
#2632 = ORIENTED_EDGE('',*,*,#2238,.T.);
#2633 = ORIENTED_EDGE('',*,*,#2634,.T.);
#2634 = EDGE_CURVE('',#2241,#2425,#2635,.T.);
#2635 = LINE('',#2636,#2637);
#2636 = CARTESIAN_POINT('',(120.,-175.,430.));
#2637 = VECTOR('',#2638,1.);
#2638 = DIRECTION('',(0.,1.,0.));
#2639 = ORIENTED_EDGE('',*,*,#2422,.F.);
#2640 = PLANE('',#2641);
#2641 = AXIS2_PLACEMENT_3D('',#2642,#2643,#2644);
#2642 = CARTESIAN_POINT('',(20.,-175.,430.));
#2643 = DIRECTION('',(0.,0.,1.));
#2644 = DIRECTION('',(1.,0.,0.));
#2645 = ADVANCED_FACE('',(#2646),#2657,.T.);
#2646 = FACE_BOUND('',#2647,.T.);
#2647 = EDGE_LOOP('',(#2648,#2649,#2650,#2656));
#2648 = ORIENTED_EDGE('',*,*,#2627,.F.);
#2649 = ORIENTED_EDGE('',*,*,#2248,.T.);
#2650 = ORIENTED_EDGE('',*,*,#2651,.T.);
#2651 = EDGE_CURVE('',#2249,#2433,#2652,.T.);
#2652 = LINE('',#2653,#2654);
#2653 = CARTESIAN_POINT('',(20.,-175.,330.));
#2654 = VECTOR('',#2655,1.);
#2655 = DIRECTION('',(0.,1.,0.));
#2656 = ORIENTED_EDGE('',*,*,#2432,.F.);
#2657 = PLANE('',#2658);
#2658 = AXIS2_PLACEMENT_3D('',#2659,#2660,#2661);
#2659 = CARTESIAN_POINT('',(20.,-175.,330.));
#2660 = DIRECTION('',(1.,0.,0.));
#2661 = DIRECTION('',(0.,0.,1.));
#2662 = ADVANCED_FACE('',(#2663),#2674,.F.);
#2663 = FACE_BOUND('',#2664,.F.);
#2664 = EDGE_LOOP('',(#2665,#2666,#2667,#2673));
#2665 = ORIENTED_EDGE('',*,*,#2634,.F.);
#2666 = ORIENTED_EDGE('',*,*,#2264,.T.);
#2667 = ORIENTED_EDGE('',*,*,#2668,.T.);
#2668 = EDGE_CURVE('',#2257,#2441,#2669,.T.);
#2669 = LINE('',#2670,#2671);
#2670 = CARTESIAN_POINT('',(120.,-175.,330.));
#2671 = VECTOR('',#2672,1.);
#2672 = DIRECTION('',(0.,1.,0.));
#2673 = ORIENTED_EDGE('',*,*,#2448,.F.);
#2674 = PLANE('',#2675);
#2675 = AXIS2_PLACEMENT_3D('',#2676,#2677,#2678);
#2676 = CARTESIAN_POINT('',(120.,-175.,330.));
#2677 = DIRECTION('',(1.,0.,0.));
#2678 = DIRECTION('',(0.,0.,1.));
#2679 = ADVANCED_FACE('',(#2680),#2686,.T.);
#2680 = FACE_BOUND('',#2681,.T.);
#2681 = EDGE_LOOP('',(#2682,#2683,#2684,#2685));
#2682 = ORIENTED_EDGE('',*,*,#2651,.F.);
#2683 = ORIENTED_EDGE('',*,*,#2256,.T.);
#2684 = ORIENTED_EDGE('',*,*,#2668,.T.);
#2685 = ORIENTED_EDGE('',*,*,#2440,.F.);
#2686 = PLANE('',#2687);
#2687 = AXIS2_PLACEMENT_3D('',#2688,#2689,#2690);
#2688 = CARTESIAN_POINT('',(20.,-175.,330.));
#2689 = DIRECTION('',(0.,0.,1.));
#2690 = DIRECTION('',(1.,0.,0.));
#2691 = ADVANCED_FACE('',(#2692),#2708,.F.);
#2692 = FACE_BOUND('',#2693,.F.);
#2693 = EDGE_LOOP('',(#2694,#2700,#2701,#2707));
#2694 = ORIENTED_EDGE('',*,*,#2695,.F.);
#2695 = EDGE_CURVE('',#2273,#2457,#2696,.T.);
#2696 = LINE('',#2697,#2698);
#2697 = CARTESIAN_POINT('',(20.,-175.,550.));
#2698 = VECTOR('',#2699,1.);
#2699 = DIRECTION('',(0.,1.,0.));
#2700 = ORIENTED_EDGE('',*,*,#2272,.T.);
#2701 = ORIENTED_EDGE('',*,*,#2702,.T.);
#2702 = EDGE_CURVE('',#2275,#2459,#2703,.T.);
#2703 = LINE('',#2704,#2705);
#2704 = CARTESIAN_POINT('',(120.,-175.,550.));
#2705 = VECTOR('',#2706,1.);
#2706 = DIRECTION('',(0.,1.,0.));
#2707 = ORIENTED_EDGE('',*,*,#2456,.F.);
#2708 = PLANE('',#2709);
#2709 = AXIS2_PLACEMENT_3D('',#2710,#2711,#2712);
#2710 = CARTESIAN_POINT('',(20.,-175.,550.));
#2711 = DIRECTION('',(0.,0.,1.));
#2712 = DIRECTION('',(1.,0.,0.));
#2713 = ADVANCED_FACE('',(#2714),#2725,.T.);
#2714 = FACE_BOUND('',#2715,.T.);
#2715 = EDGE_LOOP('',(#2716,#2717,#2718,#2724));
#2716 = ORIENTED_EDGE('',*,*,#2695,.F.);
#2717 = ORIENTED_EDGE('',*,*,#2282,.T.);
#2718 = ORIENTED_EDGE('',*,*,#2719,.T.);
#2719 = EDGE_CURVE('',#2283,#2467,#2720,.T.);
#2720 = LINE('',#2721,#2722);
#2721 = CARTESIAN_POINT('',(20.,-175.,450.));
#2722 = VECTOR('',#2723,1.);
#2723 = DIRECTION('',(0.,1.,0.));
#2724 = ORIENTED_EDGE('',*,*,#2466,.F.);
#2725 = PLANE('',#2726);
#2726 = AXIS2_PLACEMENT_3D('',#2727,#2728,#2729);
#2727 = CARTESIAN_POINT('',(20.,-175.,450.));
#2728 = DIRECTION('',(1.,0.,0.));
#2729 = DIRECTION('',(0.,0.,1.));
#2730 = ADVANCED_FACE('',(#2731),#2742,.F.);
#2731 = FACE_BOUND('',#2732,.F.);
#2732 = EDGE_LOOP('',(#2733,#2734,#2735,#2741));
#2733 = ORIENTED_EDGE('',*,*,#2702,.F.);
#2734 = ORIENTED_EDGE('',*,*,#2298,.T.);
#2735 = ORIENTED_EDGE('',*,*,#2736,.T.);
#2736 = EDGE_CURVE('',#2291,#2475,#2737,.T.);
#2737 = LINE('',#2738,#2739);
#2738 = CARTESIAN_POINT('',(120.,-175.,450.));
#2739 = VECTOR('',#2740,1.);
#2740 = DIRECTION('',(0.,1.,0.));
#2741 = ORIENTED_EDGE('',*,*,#2482,.F.);
#2742 = PLANE('',#2743);
#2743 = AXIS2_PLACEMENT_3D('',#2744,#2745,#2746);
#2744 = CARTESIAN_POINT('',(120.,-175.,450.));
#2745 = DIRECTION('',(1.,0.,0.));
#2746 = DIRECTION('',(0.,0.,1.));
#2747 = ADVANCED_FACE('',(#2748),#2754,.T.);
#2748 = FACE_BOUND('',#2749,.T.);
#2749 = EDGE_LOOP('',(#2750,#2751,#2752,#2753));
#2750 = ORIENTED_EDGE('',*,*,#2719,.F.);
#2751 = ORIENTED_EDGE('',*,*,#2290,.T.);
#2752 = ORIENTED_EDGE('',*,*,#2736,.T.);
#2753 = ORIENTED_EDGE('',*,*,#2474,.F.);
#2754 = PLANE('',#2755);
#2755 = AXIS2_PLACEMENT_3D('',#2756,#2757,#2758);
#2756 = CARTESIAN_POINT('',(20.,-175.,450.));
#2757 = DIRECTION('',(0.,0.,1.));
#2758 = DIRECTION('',(1.,0.,0.));
#2759 = ADVANCED_FACE('',(#2760),#2776,.F.);
#2760 = FACE_BOUND('',#2761,.F.);
#2761 = EDGE_LOOP('',(#2762,#2768,#2769,#2775));
#2762 = ORIENTED_EDGE('',*,*,#2763,.F.);
#2763 = EDGE_CURVE('',#2307,#2491,#2764,.T.);
#2764 = LINE('',#2765,#2766);
#2765 = CARTESIAN_POINT('',(20.,-175.,670.));
#2766 = VECTOR('',#2767,1.);
#2767 = DIRECTION('',(0.,1.,0.));
#2768 = ORIENTED_EDGE('',*,*,#2306,.T.);
#2769 = ORIENTED_EDGE('',*,*,#2770,.T.);
#2770 = EDGE_CURVE('',#2309,#2493,#2771,.T.);
#2771 = LINE('',#2772,#2773);
#2772 = CARTESIAN_POINT('',(120.,-175.,670.));
#2773 = VECTOR('',#2774,1.);
#2774 = DIRECTION('',(0.,1.,0.));
#2775 = ORIENTED_EDGE('',*,*,#2490,.F.);
#2776 = PLANE('',#2777);
#2777 = AXIS2_PLACEMENT_3D('',#2778,#2779,#2780);
#2778 = CARTESIAN_POINT('',(20.,-175.,670.));
#2779 = DIRECTION('',(0.,0.,1.));
#2780 = DIRECTION('',(1.,0.,0.));
#2781 = ADVANCED_FACE('',(#2782),#2793,.F.);
#2782 = FACE_BOUND('',#2783,.F.);
#2783 = EDGE_LOOP('',(#2784,#2785,#2786,#2792));
#2784 = ORIENTED_EDGE('',*,*,#2770,.F.);
#2785 = ORIENTED_EDGE('',*,*,#2332,.T.);
#2786 = ORIENTED_EDGE('',*,*,#2787,.T.);
#2787 = EDGE_CURVE('',#2325,#2509,#2788,.T.);
#2788 = LINE('',#2789,#2790);
#2789 = CARTESIAN_POINT('',(120.,-175.,570.));
#2790 = VECTOR('',#2791,1.);
#2791 = DIRECTION('',(0.,1.,0.));
#2792 = ORIENTED_EDGE('',*,*,#2516,.F.);
#2793 = PLANE('',#2794);
#2794 = AXIS2_PLACEMENT_3D('',#2795,#2796,#2797);
#2795 = CARTESIAN_POINT('',(120.,-175.,570.));
#2796 = DIRECTION('',(1.,0.,0.));
#2797 = DIRECTION('',(0.,0.,1.));
#2798 = ADVANCED_FACE('',(#2799),#2810,.T.);
#2799 = FACE_BOUND('',#2800,.T.);
#2800 = EDGE_LOOP('',(#2801,#2807,#2808,#2809));
#2801 = ORIENTED_EDGE('',*,*,#2802,.F.);
#2802 = EDGE_CURVE('',#2317,#2501,#2803,.T.);
#2803 = LINE('',#2804,#2805);
#2804 = CARTESIAN_POINT('',(20.,-175.,570.));
#2805 = VECTOR('',#2806,1.);
#2806 = DIRECTION('',(0.,1.,0.));
#2807 = ORIENTED_EDGE('',*,*,#2324,.T.);
#2808 = ORIENTED_EDGE('',*,*,#2787,.T.);
#2809 = ORIENTED_EDGE('',*,*,#2508,.F.);
#2810 = PLANE('',#2811);
#2811 = AXIS2_PLACEMENT_3D('',#2812,#2813,#2814);
#2812 = CARTESIAN_POINT('',(20.,-175.,570.));
#2813 = DIRECTION('',(0.,0.,1.));
#2814 = DIRECTION('',(1.,0.,0.));
#2815 = ADVANCED_FACE('',(#2816),#2822,.T.);
#2816 = FACE_BOUND('',#2817,.T.);
#2817 = EDGE_LOOP('',(#2818,#2819,#2820,#2821));
#2818 = ORIENTED_EDGE('',*,*,#2763,.F.);
#2819 = ORIENTED_EDGE('',*,*,#2316,.T.);
#2820 = ORIENTED_EDGE('',*,*,#2802,.T.);
#2821 = ORIENTED_EDGE('',*,*,#2500,.F.);
#2822 = PLANE('',#2823);
#2823 = AXIS2_PLACEMENT_3D('',#2824,#2825,#2826);
#2824 = CARTESIAN_POINT('',(20.,-175.,570.));
#2825 = DIRECTION('',(1.,0.,0.));
#2826 = DIRECTION('',(0.,0.,1.));
#2827 = MANIFOLD_SOLID_BREP('',#2828);
#2828 = CLOSED_SHELL('',(#2829,#2869,#3036,#3060,#3220,#3237,#3249,#3271
    ,#3288,#3305,#3317,#3339,#3356,#3373,#3385,#3407,#3424,#3441,#3453,
    #3475,#3492,#3509));
#2829 = ADVANCED_FACE('',(#2830),#2864,.F.);
#2830 = FACE_BOUND('',#2831,.F.);
#2831 = EDGE_LOOP('',(#2832,#2842,#2850,#2858));
#2832 = ORIENTED_EDGE('',*,*,#2833,.F.);
#2833 = EDGE_CURVE('',#2834,#2836,#2838,.T.);
#2834 = VERTEX_POINT('',#2835);
#2835 = CARTESIAN_POINT('',(-140.,115.,170.));
#2836 = VERTEX_POINT('',#2837);
#2837 = CARTESIAN_POINT('',(-140.,115.,865.));
#2838 = LINE('',#2839,#2840);
#2839 = CARTESIAN_POINT('',(-140.,115.,170.));
#2840 = VECTOR('',#2841,1.);
#2841 = DIRECTION('',(0.,0.,1.));
#2842 = ORIENTED_EDGE('',*,*,#2843,.T.);
#2843 = EDGE_CURVE('',#2834,#2844,#2846,.T.);
#2844 = VERTEX_POINT('',#2845);
#2845 = CARTESIAN_POINT('',(-140.,165.,170.));
#2846 = LINE('',#2847,#2848);
#2847 = CARTESIAN_POINT('',(-140.,115.,170.));
#2848 = VECTOR('',#2849,1.);
#2849 = DIRECTION('',(0.,1.,0.));
#2850 = ORIENTED_EDGE('',*,*,#2851,.T.);
#2851 = EDGE_CURVE('',#2844,#2852,#2854,.T.);
#2852 = VERTEX_POINT('',#2853);
#2853 = CARTESIAN_POINT('',(-140.,165.,865.));
#2854 = LINE('',#2855,#2856);
#2855 = CARTESIAN_POINT('',(-140.,165.,170.));
#2856 = VECTOR('',#2857,1.);
#2857 = DIRECTION('',(0.,0.,1.));
#2858 = ORIENTED_EDGE('',*,*,#2859,.F.);
#2859 = EDGE_CURVE('',#2836,#2852,#2860,.T.);
#2860 = LINE('',#2861,#2862);
#2861 = CARTESIAN_POINT('',(-140.,115.,865.));
#2862 = VECTOR('',#2863,1.);
#2863 = DIRECTION('',(0.,1.,0.));
#2864 = PLANE('',#2865);
#2865 = AXIS2_PLACEMENT_3D('',#2866,#2867,#2868);
#2866 = CARTESIAN_POINT('',(-140.,115.,170.));
#2867 = DIRECTION('',(1.,0.,0.));
#2868 = DIRECTION('',(0.,0.,1.));
#2869 = ADVANCED_FACE('',(#2870,#2895,#2929,#2963,#2997),#3031,.F.);
#2870 = FACE_BOUND('',#2871,.F.);
#2871 = EDGE_LOOP('',(#2872,#2880,#2881,#2889));
#2872 = ORIENTED_EDGE('',*,*,#2873,.F.);
#2873 = EDGE_CURVE('',#2834,#2874,#2876,.T.);
#2874 = VERTEX_POINT('',#2875);
#2875 = CARTESIAN_POINT('',(0.,115.,170.));
#2876 = LINE('',#2877,#2878);
#2877 = CARTESIAN_POINT('',(-140.,115.,170.));
#2878 = VECTOR('',#2879,1.);
#2879 = DIRECTION('',(1.,0.,0.));
#2880 = ORIENTED_EDGE('',*,*,#2833,.T.);
#2881 = ORIENTED_EDGE('',*,*,#2882,.T.);
#2882 = EDGE_CURVE('',#2836,#2883,#2885,.T.);
#2883 = VERTEX_POINT('',#2884);
#2884 = CARTESIAN_POINT('',(0.,115.,865.));
#2885 = LINE('',#2886,#2887);
#2886 = CARTESIAN_POINT('',(-140.,115.,865.));
#2887 = VECTOR('',#2888,1.);
#2888 = DIRECTION('',(1.,0.,0.));
#2889 = ORIENTED_EDGE('',*,*,#2890,.F.);
#2890 = EDGE_CURVE('',#2874,#2883,#2891,.T.);
#2891 = LINE('',#2892,#2893);
#2892 = CARTESIAN_POINT('',(0.,115.,170.));
#2893 = VECTOR('',#2894,1.);
#2894 = DIRECTION('',(0.,0.,1.));
#2895 = FACE_BOUND('',#2896,.F.);
#2896 = EDGE_LOOP('',(#2897,#2907,#2915,#2923));
#2897 = ORIENTED_EDGE('',*,*,#2898,.F.);
#2898 = EDGE_CURVE('',#2899,#2901,#2903,.T.);
#2899 = VERTEX_POINT('',#2900);
#2900 = CARTESIAN_POINT('',(-120.,115.,310.));
#2901 = VERTEX_POINT('',#2902);
#2902 = CARTESIAN_POINT('',(-20.,115.,310.));
#2903 = LINE('',#2904,#2905);
#2904 = CARTESIAN_POINT('',(-130.,115.,310.));
#2905 = VECTOR('',#2906,1.);
#2906 = DIRECTION('',(1.,0.,0.));
#2907 = ORIENTED_EDGE('',*,*,#2908,.T.);
#2908 = EDGE_CURVE('',#2899,#2909,#2911,.T.);
#2909 = VERTEX_POINT('',#2910);
#2910 = CARTESIAN_POINT('',(-120.,115.,210.));
#2911 = LINE('',#2912,#2913);
#2912 = CARTESIAN_POINT('',(-120.,115.,190.));
#2913 = VECTOR('',#2914,1.);
#2914 = DIRECTION('',(0.,0.,-1.));
#2915 = ORIENTED_EDGE('',*,*,#2916,.T.);
#2916 = EDGE_CURVE('',#2909,#2917,#2919,.T.);
#2917 = VERTEX_POINT('',#2918);
#2918 = CARTESIAN_POINT('',(-20.,115.,210.));
#2919 = LINE('',#2920,#2921);
#2920 = CARTESIAN_POINT('',(-130.,115.,210.));
#2921 = VECTOR('',#2922,1.);
#2922 = DIRECTION('',(1.,0.,0.));
#2923 = ORIENTED_EDGE('',*,*,#2924,.F.);
#2924 = EDGE_CURVE('',#2901,#2917,#2925,.T.);
#2925 = LINE('',#2926,#2927);
#2926 = CARTESIAN_POINT('',(-20.,115.,190.));
#2927 = VECTOR('',#2928,1.);
#2928 = DIRECTION('',(0.,0.,-1.));
#2929 = FACE_BOUND('',#2930,.F.);
#2930 = EDGE_LOOP('',(#2931,#2941,#2949,#2957));
#2931 = ORIENTED_EDGE('',*,*,#2932,.F.);
#2932 = EDGE_CURVE('',#2933,#2935,#2937,.T.);
#2933 = VERTEX_POINT('',#2934);
#2934 = CARTESIAN_POINT('',(-120.,115.,430.));
#2935 = VERTEX_POINT('',#2936);
#2936 = CARTESIAN_POINT('',(-20.,115.,430.));
#2937 = LINE('',#2938,#2939);
#2938 = CARTESIAN_POINT('',(-130.,115.,430.));
#2939 = VECTOR('',#2940,1.);
#2940 = DIRECTION('',(1.,0.,0.));
#2941 = ORIENTED_EDGE('',*,*,#2942,.T.);
#2942 = EDGE_CURVE('',#2933,#2943,#2945,.T.);
#2943 = VERTEX_POINT('',#2944);
#2944 = CARTESIAN_POINT('',(-120.,115.,330.));
#2945 = LINE('',#2946,#2947);
#2946 = CARTESIAN_POINT('',(-120.,115.,250.));
#2947 = VECTOR('',#2948,1.);
#2948 = DIRECTION('',(0.,0.,-1.));
#2949 = ORIENTED_EDGE('',*,*,#2950,.T.);
#2950 = EDGE_CURVE('',#2943,#2951,#2953,.T.);
#2951 = VERTEX_POINT('',#2952);
#2952 = CARTESIAN_POINT('',(-20.,115.,330.));
#2953 = LINE('',#2954,#2955);
#2954 = CARTESIAN_POINT('',(-130.,115.,330.));
#2955 = VECTOR('',#2956,1.);
#2956 = DIRECTION('',(1.,0.,0.));
#2957 = ORIENTED_EDGE('',*,*,#2958,.F.);
#2958 = EDGE_CURVE('',#2935,#2951,#2959,.T.);
#2959 = LINE('',#2960,#2961);
#2960 = CARTESIAN_POINT('',(-20.,115.,250.));
#2961 = VECTOR('',#2962,1.);
#2962 = DIRECTION('',(0.,0.,-1.));
#2963 = FACE_BOUND('',#2964,.F.);
#2964 = EDGE_LOOP('',(#2965,#2975,#2983,#2991));
#2965 = ORIENTED_EDGE('',*,*,#2966,.F.);
#2966 = EDGE_CURVE('',#2967,#2969,#2971,.T.);
#2967 = VERTEX_POINT('',#2968);
#2968 = CARTESIAN_POINT('',(-120.,115.,550.));
#2969 = VERTEX_POINT('',#2970);
#2970 = CARTESIAN_POINT('',(-20.,115.,550.));
#2971 = LINE('',#2972,#2973);
#2972 = CARTESIAN_POINT('',(-130.,115.,550.));
#2973 = VECTOR('',#2974,1.);
#2974 = DIRECTION('',(1.,0.,0.));
#2975 = ORIENTED_EDGE('',*,*,#2976,.T.);
#2976 = EDGE_CURVE('',#2967,#2977,#2979,.T.);
#2977 = VERTEX_POINT('',#2978);
#2978 = CARTESIAN_POINT('',(-120.,115.,450.));
#2979 = LINE('',#2980,#2981);
#2980 = CARTESIAN_POINT('',(-120.,115.,310.));
#2981 = VECTOR('',#2982,1.);
#2982 = DIRECTION('',(0.,0.,-1.));
#2983 = ORIENTED_EDGE('',*,*,#2984,.T.);
#2984 = EDGE_CURVE('',#2977,#2985,#2987,.T.);
#2985 = VERTEX_POINT('',#2986);
#2986 = CARTESIAN_POINT('',(-20.,115.,450.));
#2987 = LINE('',#2988,#2989);
#2988 = CARTESIAN_POINT('',(-130.,115.,450.));
#2989 = VECTOR('',#2990,1.);
#2990 = DIRECTION('',(1.,0.,0.));
#2991 = ORIENTED_EDGE('',*,*,#2992,.F.);
#2992 = EDGE_CURVE('',#2969,#2985,#2993,.T.);
#2993 = LINE('',#2994,#2995);
#2994 = CARTESIAN_POINT('',(-20.,115.,310.));
#2995 = VECTOR('',#2996,1.);
#2996 = DIRECTION('',(0.,0.,-1.));
#2997 = FACE_BOUND('',#2998,.F.);
#2998 = EDGE_LOOP('',(#2999,#3009,#3017,#3025));
#2999 = ORIENTED_EDGE('',*,*,#3000,.F.);
#3000 = EDGE_CURVE('',#3001,#3003,#3005,.T.);
#3001 = VERTEX_POINT('',#3002);
#3002 = CARTESIAN_POINT('',(-120.,115.,670.));
#3003 = VERTEX_POINT('',#3004);
#3004 = CARTESIAN_POINT('',(-20.,115.,670.));
#3005 = LINE('',#3006,#3007);
#3006 = CARTESIAN_POINT('',(-130.,115.,670.));
#3007 = VECTOR('',#3008,1.);
#3008 = DIRECTION('',(1.,0.,0.));
#3009 = ORIENTED_EDGE('',*,*,#3010,.T.);
#3010 = EDGE_CURVE('',#3001,#3011,#3013,.T.);
#3011 = VERTEX_POINT('',#3012);
#3012 = CARTESIAN_POINT('',(-120.,115.,570.));
#3013 = LINE('',#3014,#3015);
#3014 = CARTESIAN_POINT('',(-120.,115.,370.));
#3015 = VECTOR('',#3016,1.);
#3016 = DIRECTION('',(0.,0.,-1.));
#3017 = ORIENTED_EDGE('',*,*,#3018,.T.);
#3018 = EDGE_CURVE('',#3011,#3019,#3021,.T.);
#3019 = VERTEX_POINT('',#3020);
#3020 = CARTESIAN_POINT('',(-20.,115.,570.));
#3021 = LINE('',#3022,#3023);
#3022 = CARTESIAN_POINT('',(-130.,115.,570.));
#3023 = VECTOR('',#3024,1.);
#3024 = DIRECTION('',(1.,0.,0.));
#3025 = ORIENTED_EDGE('',*,*,#3026,.F.);
#3026 = EDGE_CURVE('',#3003,#3019,#3027,.T.);
#3027 = LINE('',#3028,#3029);
#3028 = CARTESIAN_POINT('',(-20.,115.,370.));
#3029 = VECTOR('',#3030,1.);
#3030 = DIRECTION('',(0.,0.,-1.));
#3031 = PLANE('',#3032);
#3032 = AXIS2_PLACEMENT_3D('',#3033,#3034,#3035);
#3033 = CARTESIAN_POINT('',(-140.,115.,170.));
#3034 = DIRECTION('',(0.,1.,0.));
#3035 = DIRECTION('',(0.,0.,1.));
#3036 = ADVANCED_FACE('',(#3037),#3055,.T.);
#3037 = FACE_BOUND('',#3038,.T.);
#3038 = EDGE_LOOP('',(#3039,#3040,#3041,#3049));
#3039 = ORIENTED_EDGE('',*,*,#2859,.F.);
#3040 = ORIENTED_EDGE('',*,*,#2882,.T.);
#3041 = ORIENTED_EDGE('',*,*,#3042,.T.);
#3042 = EDGE_CURVE('',#2883,#3043,#3045,.T.);
#3043 = VERTEX_POINT('',#3044);
#3044 = CARTESIAN_POINT('',(0.,165.,865.));
#3045 = LINE('',#3046,#3047);
#3046 = CARTESIAN_POINT('',(0.,115.,865.));
#3047 = VECTOR('',#3048,1.);
#3048 = DIRECTION('',(0.,1.,0.));
#3049 = ORIENTED_EDGE('',*,*,#3050,.F.);
#3050 = EDGE_CURVE('',#2852,#3043,#3051,.T.);
#3051 = LINE('',#3052,#3053);
#3052 = CARTESIAN_POINT('',(-140.,165.,865.));
#3053 = VECTOR('',#3054,1.);
#3054 = DIRECTION('',(1.,0.,0.));
#3055 = PLANE('',#3056);
#3056 = AXIS2_PLACEMENT_3D('',#3057,#3058,#3059);
#3057 = CARTESIAN_POINT('',(-140.,115.,865.));
#3058 = DIRECTION('',(0.,0.,1.));
#3059 = DIRECTION('',(1.,0.,0.));
#3060 = ADVANCED_FACE('',(#3061,#3079,#3113,#3147,#3181),#3215,.T.);
#3061 = FACE_BOUND('',#3062,.T.);
#3062 = EDGE_LOOP('',(#3063,#3071,#3072,#3073));
#3063 = ORIENTED_EDGE('',*,*,#3064,.F.);
#3064 = EDGE_CURVE('',#2844,#3065,#3067,.T.);
#3065 = VERTEX_POINT('',#3066);
#3066 = CARTESIAN_POINT('',(0.,165.,170.));
#3067 = LINE('',#3068,#3069);
#3068 = CARTESIAN_POINT('',(-140.,165.,170.));
#3069 = VECTOR('',#3070,1.);
#3070 = DIRECTION('',(1.,0.,0.));
#3071 = ORIENTED_EDGE('',*,*,#2851,.T.);
#3072 = ORIENTED_EDGE('',*,*,#3050,.T.);
#3073 = ORIENTED_EDGE('',*,*,#3074,.F.);
#3074 = EDGE_CURVE('',#3065,#3043,#3075,.T.);
#3075 = LINE('',#3076,#3077);
#3076 = CARTESIAN_POINT('',(0.,165.,170.));
#3077 = VECTOR('',#3078,1.);
#3078 = DIRECTION('',(0.,0.,1.));
#3079 = FACE_BOUND('',#3080,.T.);
#3080 = EDGE_LOOP('',(#3081,#3091,#3099,#3107));
#3081 = ORIENTED_EDGE('',*,*,#3082,.F.);
#3082 = EDGE_CURVE('',#3083,#3085,#3087,.T.);
#3083 = VERTEX_POINT('',#3084);
#3084 = CARTESIAN_POINT('',(-120.,165.,310.));
#3085 = VERTEX_POINT('',#3086);
#3086 = CARTESIAN_POINT('',(-20.,165.,310.));
#3087 = LINE('',#3088,#3089);
#3088 = CARTESIAN_POINT('',(-130.,165.,310.));
#3089 = VECTOR('',#3090,1.);
#3090 = DIRECTION('',(1.,0.,0.));
#3091 = ORIENTED_EDGE('',*,*,#3092,.T.);
#3092 = EDGE_CURVE('',#3083,#3093,#3095,.T.);
#3093 = VERTEX_POINT('',#3094);
#3094 = CARTESIAN_POINT('',(-120.,165.,210.));
#3095 = LINE('',#3096,#3097);
#3096 = CARTESIAN_POINT('',(-120.,165.,190.));
#3097 = VECTOR('',#3098,1.);
#3098 = DIRECTION('',(0.,0.,-1.));
#3099 = ORIENTED_EDGE('',*,*,#3100,.T.);
#3100 = EDGE_CURVE('',#3093,#3101,#3103,.T.);
#3101 = VERTEX_POINT('',#3102);
#3102 = CARTESIAN_POINT('',(-20.,165.,210.));
#3103 = LINE('',#3104,#3105);
#3104 = CARTESIAN_POINT('',(-130.,165.,210.));
#3105 = VECTOR('',#3106,1.);
#3106 = DIRECTION('',(1.,0.,0.));
#3107 = ORIENTED_EDGE('',*,*,#3108,.F.);
#3108 = EDGE_CURVE('',#3085,#3101,#3109,.T.);
#3109 = LINE('',#3110,#3111);
#3110 = CARTESIAN_POINT('',(-20.,165.,190.));
#3111 = VECTOR('',#3112,1.);
#3112 = DIRECTION('',(0.,0.,-1.));
#3113 = FACE_BOUND('',#3114,.T.);
#3114 = EDGE_LOOP('',(#3115,#3125,#3133,#3141));
#3115 = ORIENTED_EDGE('',*,*,#3116,.F.);
#3116 = EDGE_CURVE('',#3117,#3119,#3121,.T.);
#3117 = VERTEX_POINT('',#3118);
#3118 = CARTESIAN_POINT('',(-120.,165.,430.));
#3119 = VERTEX_POINT('',#3120);
#3120 = CARTESIAN_POINT('',(-20.,165.,430.));
#3121 = LINE('',#3122,#3123);
#3122 = CARTESIAN_POINT('',(-130.,165.,430.));
#3123 = VECTOR('',#3124,1.);
#3124 = DIRECTION('',(1.,0.,0.));
#3125 = ORIENTED_EDGE('',*,*,#3126,.T.);
#3126 = EDGE_CURVE('',#3117,#3127,#3129,.T.);
#3127 = VERTEX_POINT('',#3128);
#3128 = CARTESIAN_POINT('',(-120.,165.,330.));
#3129 = LINE('',#3130,#3131);
#3130 = CARTESIAN_POINT('',(-120.,165.,250.));
#3131 = VECTOR('',#3132,1.);
#3132 = DIRECTION('',(0.,0.,-1.));
#3133 = ORIENTED_EDGE('',*,*,#3134,.T.);
#3134 = EDGE_CURVE('',#3127,#3135,#3137,.T.);
#3135 = VERTEX_POINT('',#3136);
#3136 = CARTESIAN_POINT('',(-20.,165.,330.));
#3137 = LINE('',#3138,#3139);
#3138 = CARTESIAN_POINT('',(-130.,165.,330.));
#3139 = VECTOR('',#3140,1.);
#3140 = DIRECTION('',(1.,0.,0.));
#3141 = ORIENTED_EDGE('',*,*,#3142,.F.);
#3142 = EDGE_CURVE('',#3119,#3135,#3143,.T.);
#3143 = LINE('',#3144,#3145);
#3144 = CARTESIAN_POINT('',(-20.,165.,250.));
#3145 = VECTOR('',#3146,1.);
#3146 = DIRECTION('',(0.,0.,-1.));
#3147 = FACE_BOUND('',#3148,.T.);
#3148 = EDGE_LOOP('',(#3149,#3159,#3167,#3175));
#3149 = ORIENTED_EDGE('',*,*,#3150,.F.);
#3150 = EDGE_CURVE('',#3151,#3153,#3155,.T.);
#3151 = VERTEX_POINT('',#3152);
#3152 = CARTESIAN_POINT('',(-120.,165.,550.));
#3153 = VERTEX_POINT('',#3154);
#3154 = CARTESIAN_POINT('',(-20.,165.,550.));
#3155 = LINE('',#3156,#3157);
#3156 = CARTESIAN_POINT('',(-130.,165.,550.));
#3157 = VECTOR('',#3158,1.);
#3158 = DIRECTION('',(1.,0.,0.));
#3159 = ORIENTED_EDGE('',*,*,#3160,.T.);
#3160 = EDGE_CURVE('',#3151,#3161,#3163,.T.);
#3161 = VERTEX_POINT('',#3162);
#3162 = CARTESIAN_POINT('',(-120.,165.,450.));
#3163 = LINE('',#3164,#3165);
#3164 = CARTESIAN_POINT('',(-120.,165.,310.));
#3165 = VECTOR('',#3166,1.);
#3166 = DIRECTION('',(0.,0.,-1.));
#3167 = ORIENTED_EDGE('',*,*,#3168,.T.);
#3168 = EDGE_CURVE('',#3161,#3169,#3171,.T.);
#3169 = VERTEX_POINT('',#3170);
#3170 = CARTESIAN_POINT('',(-20.,165.,450.));
#3171 = LINE('',#3172,#3173);
#3172 = CARTESIAN_POINT('',(-130.,165.,450.));
#3173 = VECTOR('',#3174,1.);
#3174 = DIRECTION('',(1.,0.,0.));
#3175 = ORIENTED_EDGE('',*,*,#3176,.F.);
#3176 = EDGE_CURVE('',#3153,#3169,#3177,.T.);
#3177 = LINE('',#3178,#3179);
#3178 = CARTESIAN_POINT('',(-20.,165.,310.));
#3179 = VECTOR('',#3180,1.);
#3180 = DIRECTION('',(0.,0.,-1.));
#3181 = FACE_BOUND('',#3182,.T.);
#3182 = EDGE_LOOP('',(#3183,#3193,#3201,#3209));
#3183 = ORIENTED_EDGE('',*,*,#3184,.F.);
#3184 = EDGE_CURVE('',#3185,#3187,#3189,.T.);
#3185 = VERTEX_POINT('',#3186);
#3186 = CARTESIAN_POINT('',(-120.,165.,670.));
#3187 = VERTEX_POINT('',#3188);
#3188 = CARTESIAN_POINT('',(-20.,165.,670.));
#3189 = LINE('',#3190,#3191);
#3190 = CARTESIAN_POINT('',(-130.,165.,670.));
#3191 = VECTOR('',#3192,1.);
#3192 = DIRECTION('',(1.,0.,0.));
#3193 = ORIENTED_EDGE('',*,*,#3194,.T.);
#3194 = EDGE_CURVE('',#3185,#3195,#3197,.T.);
#3195 = VERTEX_POINT('',#3196);
#3196 = CARTESIAN_POINT('',(-120.,165.,570.));
#3197 = LINE('',#3198,#3199);
#3198 = CARTESIAN_POINT('',(-120.,165.,370.));
#3199 = VECTOR('',#3200,1.);
#3200 = DIRECTION('',(0.,0.,-1.));
#3201 = ORIENTED_EDGE('',*,*,#3202,.T.);
#3202 = EDGE_CURVE('',#3195,#3203,#3205,.T.);
#3203 = VERTEX_POINT('',#3204);
#3204 = CARTESIAN_POINT('',(-20.,165.,570.));
#3205 = LINE('',#3206,#3207);
#3206 = CARTESIAN_POINT('',(-130.,165.,570.));
#3207 = VECTOR('',#3208,1.);
#3208 = DIRECTION('',(1.,0.,0.));
#3209 = ORIENTED_EDGE('',*,*,#3210,.F.);
#3210 = EDGE_CURVE('',#3187,#3203,#3211,.T.);
#3211 = LINE('',#3212,#3213);
#3212 = CARTESIAN_POINT('',(-20.,165.,370.));
#3213 = VECTOR('',#3214,1.);
#3214 = DIRECTION('',(0.,0.,-1.));
#3215 = PLANE('',#3216);
#3216 = AXIS2_PLACEMENT_3D('',#3217,#3218,#3219);
#3217 = CARTESIAN_POINT('',(-140.,165.,170.));
#3218 = DIRECTION('',(0.,1.,0.));
#3219 = DIRECTION('',(0.,0.,1.));
#3220 = ADVANCED_FACE('',(#3221),#3232,.F.);
#3221 = FACE_BOUND('',#3222,.F.);
#3222 = EDGE_LOOP('',(#3223,#3224,#3225,#3231));
#3223 = ORIENTED_EDGE('',*,*,#2843,.F.);
#3224 = ORIENTED_EDGE('',*,*,#2873,.T.);
#3225 = ORIENTED_EDGE('',*,*,#3226,.T.);
#3226 = EDGE_CURVE('',#2874,#3065,#3227,.T.);
#3227 = LINE('',#3228,#3229);
#3228 = CARTESIAN_POINT('',(0.,115.,170.));
#3229 = VECTOR('',#3230,1.);
#3230 = DIRECTION('',(0.,1.,0.));
#3231 = ORIENTED_EDGE('',*,*,#3064,.F.);
#3232 = PLANE('',#3233);
#3233 = AXIS2_PLACEMENT_3D('',#3234,#3235,#3236);
#3234 = CARTESIAN_POINT('',(-140.,115.,170.));
#3235 = DIRECTION('',(0.,0.,1.));
#3236 = DIRECTION('',(1.,0.,0.));
#3237 = ADVANCED_FACE('',(#3238),#3244,.T.);
#3238 = FACE_BOUND('',#3239,.T.);
#3239 = EDGE_LOOP('',(#3240,#3241,#3242,#3243));
#3240 = ORIENTED_EDGE('',*,*,#2890,.F.);
#3241 = ORIENTED_EDGE('',*,*,#3226,.T.);
#3242 = ORIENTED_EDGE('',*,*,#3074,.T.);
#3243 = ORIENTED_EDGE('',*,*,#3042,.F.);
#3244 = PLANE('',#3245);
#3245 = AXIS2_PLACEMENT_3D('',#3246,#3247,#3248);
#3246 = CARTESIAN_POINT('',(0.,115.,170.));
#3247 = DIRECTION('',(1.,0.,0.));
#3248 = DIRECTION('',(0.,0.,1.));
#3249 = ADVANCED_FACE('',(#3250),#3266,.F.);
#3250 = FACE_BOUND('',#3251,.F.);
#3251 = EDGE_LOOP('',(#3252,#3258,#3259,#3265));
#3252 = ORIENTED_EDGE('',*,*,#3253,.F.);
#3253 = EDGE_CURVE('',#2899,#3083,#3254,.T.);
#3254 = LINE('',#3255,#3256);
#3255 = CARTESIAN_POINT('',(-120.,105.,310.));
#3256 = VECTOR('',#3257,1.);
#3257 = DIRECTION('',(0.,1.,0.));
#3258 = ORIENTED_EDGE('',*,*,#2898,.T.);
#3259 = ORIENTED_EDGE('',*,*,#3260,.T.);
#3260 = EDGE_CURVE('',#2901,#3085,#3261,.T.);
#3261 = LINE('',#3262,#3263);
#3262 = CARTESIAN_POINT('',(-20.,105.,310.));
#3263 = VECTOR('',#3264,1.);
#3264 = DIRECTION('',(0.,1.,0.));
#3265 = ORIENTED_EDGE('',*,*,#3082,.F.);
#3266 = PLANE('',#3267);
#3267 = AXIS2_PLACEMENT_3D('',#3268,#3269,#3270);
#3268 = CARTESIAN_POINT('',(-120.,105.,310.));
#3269 = DIRECTION('',(0.,0.,1.));
#3270 = DIRECTION('',(1.,0.,0.));
#3271 = ADVANCED_FACE('',(#3272),#3283,.T.);
#3272 = FACE_BOUND('',#3273,.T.);
#3273 = EDGE_LOOP('',(#3274,#3275,#3276,#3282));
#3274 = ORIENTED_EDGE('',*,*,#3253,.F.);
#3275 = ORIENTED_EDGE('',*,*,#2908,.T.);
#3276 = ORIENTED_EDGE('',*,*,#3277,.T.);
#3277 = EDGE_CURVE('',#2909,#3093,#3278,.T.);
#3278 = LINE('',#3279,#3280);
#3279 = CARTESIAN_POINT('',(-120.,105.,210.));
#3280 = VECTOR('',#3281,1.);
#3281 = DIRECTION('',(0.,1.,0.));
#3282 = ORIENTED_EDGE('',*,*,#3092,.F.);
#3283 = PLANE('',#3284);
#3284 = AXIS2_PLACEMENT_3D('',#3285,#3286,#3287);
#3285 = CARTESIAN_POINT('',(-120.,105.,210.));
#3286 = DIRECTION('',(1.,0.,0.));
#3287 = DIRECTION('',(0.,0.,1.));
#3288 = ADVANCED_FACE('',(#3289),#3300,.F.);
#3289 = FACE_BOUND('',#3290,.F.);
#3290 = EDGE_LOOP('',(#3291,#3292,#3293,#3299));
#3291 = ORIENTED_EDGE('',*,*,#3260,.F.);
#3292 = ORIENTED_EDGE('',*,*,#2924,.T.);
#3293 = ORIENTED_EDGE('',*,*,#3294,.T.);
#3294 = EDGE_CURVE('',#2917,#3101,#3295,.T.);
#3295 = LINE('',#3296,#3297);
#3296 = CARTESIAN_POINT('',(-20.,105.,210.));
#3297 = VECTOR('',#3298,1.);
#3298 = DIRECTION('',(0.,1.,0.));
#3299 = ORIENTED_EDGE('',*,*,#3108,.F.);
#3300 = PLANE('',#3301);
#3301 = AXIS2_PLACEMENT_3D('',#3302,#3303,#3304);
#3302 = CARTESIAN_POINT('',(-20.,105.,210.));
#3303 = DIRECTION('',(1.,0.,0.));
#3304 = DIRECTION('',(0.,0.,1.));
#3305 = ADVANCED_FACE('',(#3306),#3312,.T.);
#3306 = FACE_BOUND('',#3307,.T.);
#3307 = EDGE_LOOP('',(#3308,#3309,#3310,#3311));
#3308 = ORIENTED_EDGE('',*,*,#3277,.F.);
#3309 = ORIENTED_EDGE('',*,*,#2916,.T.);
#3310 = ORIENTED_EDGE('',*,*,#3294,.T.);
#3311 = ORIENTED_EDGE('',*,*,#3100,.F.);
#3312 = PLANE('',#3313);
#3313 = AXIS2_PLACEMENT_3D('',#3314,#3315,#3316);
#3314 = CARTESIAN_POINT('',(-120.,105.,210.));
#3315 = DIRECTION('',(0.,0.,1.));
#3316 = DIRECTION('',(1.,0.,0.));
#3317 = ADVANCED_FACE('',(#3318),#3334,.F.);
#3318 = FACE_BOUND('',#3319,.F.);
#3319 = EDGE_LOOP('',(#3320,#3326,#3327,#3333));
#3320 = ORIENTED_EDGE('',*,*,#3321,.F.);
#3321 = EDGE_CURVE('',#2933,#3117,#3322,.T.);
#3322 = LINE('',#3323,#3324);
#3323 = CARTESIAN_POINT('',(-120.,105.,430.));
#3324 = VECTOR('',#3325,1.);
#3325 = DIRECTION('',(0.,1.,0.));
#3326 = ORIENTED_EDGE('',*,*,#2932,.T.);
#3327 = ORIENTED_EDGE('',*,*,#3328,.T.);
#3328 = EDGE_CURVE('',#2935,#3119,#3329,.T.);
#3329 = LINE('',#3330,#3331);
#3330 = CARTESIAN_POINT('',(-20.,105.,430.));
#3331 = VECTOR('',#3332,1.);
#3332 = DIRECTION('',(0.,1.,0.));
#3333 = ORIENTED_EDGE('',*,*,#3116,.F.);
#3334 = PLANE('',#3335);
#3335 = AXIS2_PLACEMENT_3D('',#3336,#3337,#3338);
#3336 = CARTESIAN_POINT('',(-120.,105.,430.));
#3337 = DIRECTION('',(0.,0.,1.));
#3338 = DIRECTION('',(1.,0.,0.));
#3339 = ADVANCED_FACE('',(#3340),#3351,.T.);
#3340 = FACE_BOUND('',#3341,.T.);
#3341 = EDGE_LOOP('',(#3342,#3343,#3344,#3350));
#3342 = ORIENTED_EDGE('',*,*,#3321,.F.);
#3343 = ORIENTED_EDGE('',*,*,#2942,.T.);
#3344 = ORIENTED_EDGE('',*,*,#3345,.T.);
#3345 = EDGE_CURVE('',#2943,#3127,#3346,.T.);
#3346 = LINE('',#3347,#3348);
#3347 = CARTESIAN_POINT('',(-120.,105.,330.));
#3348 = VECTOR('',#3349,1.);
#3349 = DIRECTION('',(0.,1.,0.));
#3350 = ORIENTED_EDGE('',*,*,#3126,.F.);
#3351 = PLANE('',#3352);
#3352 = AXIS2_PLACEMENT_3D('',#3353,#3354,#3355);
#3353 = CARTESIAN_POINT('',(-120.,105.,330.));
#3354 = DIRECTION('',(1.,0.,0.));
#3355 = DIRECTION('',(0.,0.,1.));
#3356 = ADVANCED_FACE('',(#3357),#3368,.F.);
#3357 = FACE_BOUND('',#3358,.F.);
#3358 = EDGE_LOOP('',(#3359,#3360,#3361,#3367));
#3359 = ORIENTED_EDGE('',*,*,#3328,.F.);
#3360 = ORIENTED_EDGE('',*,*,#2958,.T.);
#3361 = ORIENTED_EDGE('',*,*,#3362,.T.);
#3362 = EDGE_CURVE('',#2951,#3135,#3363,.T.);
#3363 = LINE('',#3364,#3365);
#3364 = CARTESIAN_POINT('',(-20.,105.,330.));
#3365 = VECTOR('',#3366,1.);
#3366 = DIRECTION('',(0.,1.,0.));
#3367 = ORIENTED_EDGE('',*,*,#3142,.F.);
#3368 = PLANE('',#3369);
#3369 = AXIS2_PLACEMENT_3D('',#3370,#3371,#3372);
#3370 = CARTESIAN_POINT('',(-20.,105.,330.));
#3371 = DIRECTION('',(1.,0.,0.));
#3372 = DIRECTION('',(0.,0.,1.));
#3373 = ADVANCED_FACE('',(#3374),#3380,.T.);
#3374 = FACE_BOUND('',#3375,.T.);
#3375 = EDGE_LOOP('',(#3376,#3377,#3378,#3379));
#3376 = ORIENTED_EDGE('',*,*,#3345,.F.);
#3377 = ORIENTED_EDGE('',*,*,#2950,.T.);
#3378 = ORIENTED_EDGE('',*,*,#3362,.T.);
#3379 = ORIENTED_EDGE('',*,*,#3134,.F.);
#3380 = PLANE('',#3381);
#3381 = AXIS2_PLACEMENT_3D('',#3382,#3383,#3384);
#3382 = CARTESIAN_POINT('',(-120.,105.,330.));
#3383 = DIRECTION('',(0.,0.,1.));
#3384 = DIRECTION('',(1.,0.,0.));
#3385 = ADVANCED_FACE('',(#3386),#3402,.F.);
#3386 = FACE_BOUND('',#3387,.F.);
#3387 = EDGE_LOOP('',(#3388,#3394,#3395,#3401));
#3388 = ORIENTED_EDGE('',*,*,#3389,.F.);
#3389 = EDGE_CURVE('',#2967,#3151,#3390,.T.);
#3390 = LINE('',#3391,#3392);
#3391 = CARTESIAN_POINT('',(-120.,105.,550.));
#3392 = VECTOR('',#3393,1.);
#3393 = DIRECTION('',(0.,1.,0.));
#3394 = ORIENTED_EDGE('',*,*,#2966,.T.);
#3395 = ORIENTED_EDGE('',*,*,#3396,.T.);
#3396 = EDGE_CURVE('',#2969,#3153,#3397,.T.);
#3397 = LINE('',#3398,#3399);
#3398 = CARTESIAN_POINT('',(-20.,105.,550.));
#3399 = VECTOR('',#3400,1.);
#3400 = DIRECTION('',(0.,1.,0.));
#3401 = ORIENTED_EDGE('',*,*,#3150,.F.);
#3402 = PLANE('',#3403);
#3403 = AXIS2_PLACEMENT_3D('',#3404,#3405,#3406);
#3404 = CARTESIAN_POINT('',(-120.,105.,550.));
#3405 = DIRECTION('',(0.,0.,1.));
#3406 = DIRECTION('',(1.,0.,0.));
#3407 = ADVANCED_FACE('',(#3408),#3419,.T.);
#3408 = FACE_BOUND('',#3409,.T.);
#3409 = EDGE_LOOP('',(#3410,#3411,#3412,#3418));
#3410 = ORIENTED_EDGE('',*,*,#3389,.F.);
#3411 = ORIENTED_EDGE('',*,*,#2976,.T.);
#3412 = ORIENTED_EDGE('',*,*,#3413,.T.);
#3413 = EDGE_CURVE('',#2977,#3161,#3414,.T.);
#3414 = LINE('',#3415,#3416);
#3415 = CARTESIAN_POINT('',(-120.,105.,450.));
#3416 = VECTOR('',#3417,1.);
#3417 = DIRECTION('',(0.,1.,0.));
#3418 = ORIENTED_EDGE('',*,*,#3160,.F.);
#3419 = PLANE('',#3420);
#3420 = AXIS2_PLACEMENT_3D('',#3421,#3422,#3423);
#3421 = CARTESIAN_POINT('',(-120.,105.,450.));
#3422 = DIRECTION('',(1.,0.,0.));
#3423 = DIRECTION('',(0.,0.,1.));
#3424 = ADVANCED_FACE('',(#3425),#3436,.F.);
#3425 = FACE_BOUND('',#3426,.F.);
#3426 = EDGE_LOOP('',(#3427,#3428,#3429,#3435));
#3427 = ORIENTED_EDGE('',*,*,#3396,.F.);
#3428 = ORIENTED_EDGE('',*,*,#2992,.T.);
#3429 = ORIENTED_EDGE('',*,*,#3430,.T.);
#3430 = EDGE_CURVE('',#2985,#3169,#3431,.T.);
#3431 = LINE('',#3432,#3433);
#3432 = CARTESIAN_POINT('',(-20.,105.,450.));
#3433 = VECTOR('',#3434,1.);
#3434 = DIRECTION('',(0.,1.,0.));
#3435 = ORIENTED_EDGE('',*,*,#3176,.F.);
#3436 = PLANE('',#3437);
#3437 = AXIS2_PLACEMENT_3D('',#3438,#3439,#3440);
#3438 = CARTESIAN_POINT('',(-20.,105.,450.));
#3439 = DIRECTION('',(1.,0.,0.));
#3440 = DIRECTION('',(0.,0.,1.));
#3441 = ADVANCED_FACE('',(#3442),#3448,.T.);
#3442 = FACE_BOUND('',#3443,.T.);
#3443 = EDGE_LOOP('',(#3444,#3445,#3446,#3447));
#3444 = ORIENTED_EDGE('',*,*,#3413,.F.);
#3445 = ORIENTED_EDGE('',*,*,#2984,.T.);
#3446 = ORIENTED_EDGE('',*,*,#3430,.T.);
#3447 = ORIENTED_EDGE('',*,*,#3168,.F.);
#3448 = PLANE('',#3449);
#3449 = AXIS2_PLACEMENT_3D('',#3450,#3451,#3452);
#3450 = CARTESIAN_POINT('',(-120.,105.,450.));
#3451 = DIRECTION('',(0.,0.,1.));
#3452 = DIRECTION('',(1.,0.,0.));
#3453 = ADVANCED_FACE('',(#3454),#3470,.F.);
#3454 = FACE_BOUND('',#3455,.F.);
#3455 = EDGE_LOOP('',(#3456,#3462,#3463,#3469));
#3456 = ORIENTED_EDGE('',*,*,#3457,.F.);
#3457 = EDGE_CURVE('',#3001,#3185,#3458,.T.);
#3458 = LINE('',#3459,#3460);
#3459 = CARTESIAN_POINT('',(-120.,105.,670.));
#3460 = VECTOR('',#3461,1.);
#3461 = DIRECTION('',(0.,1.,0.));
#3462 = ORIENTED_EDGE('',*,*,#3000,.T.);
#3463 = ORIENTED_EDGE('',*,*,#3464,.T.);
#3464 = EDGE_CURVE('',#3003,#3187,#3465,.T.);
#3465 = LINE('',#3466,#3467);
#3466 = CARTESIAN_POINT('',(-20.,105.,670.));
#3467 = VECTOR('',#3468,1.);
#3468 = DIRECTION('',(0.,1.,0.));
#3469 = ORIENTED_EDGE('',*,*,#3184,.F.);
#3470 = PLANE('',#3471);
#3471 = AXIS2_PLACEMENT_3D('',#3472,#3473,#3474);
#3472 = CARTESIAN_POINT('',(-120.,105.,670.));
#3473 = DIRECTION('',(0.,0.,1.));
#3474 = DIRECTION('',(1.,0.,0.));
#3475 = ADVANCED_FACE('',(#3476),#3487,.F.);
#3476 = FACE_BOUND('',#3477,.F.);
#3477 = EDGE_LOOP('',(#3478,#3479,#3480,#3486));
#3478 = ORIENTED_EDGE('',*,*,#3464,.F.);
#3479 = ORIENTED_EDGE('',*,*,#3026,.T.);
#3480 = ORIENTED_EDGE('',*,*,#3481,.T.);
#3481 = EDGE_CURVE('',#3019,#3203,#3482,.T.);
#3482 = LINE('',#3483,#3484);
#3483 = CARTESIAN_POINT('',(-20.,105.,570.));
#3484 = VECTOR('',#3485,1.);
#3485 = DIRECTION('',(0.,1.,0.));
#3486 = ORIENTED_EDGE('',*,*,#3210,.F.);
#3487 = PLANE('',#3488);
#3488 = AXIS2_PLACEMENT_3D('',#3489,#3490,#3491);
#3489 = CARTESIAN_POINT('',(-20.,105.,570.));
#3490 = DIRECTION('',(1.,0.,0.));
#3491 = DIRECTION('',(0.,0.,1.));
#3492 = ADVANCED_FACE('',(#3493),#3504,.T.);
#3493 = FACE_BOUND('',#3494,.T.);
#3494 = EDGE_LOOP('',(#3495,#3501,#3502,#3503));
#3495 = ORIENTED_EDGE('',*,*,#3496,.F.);
#3496 = EDGE_CURVE('',#3011,#3195,#3497,.T.);
#3497 = LINE('',#3498,#3499);
#3498 = CARTESIAN_POINT('',(-120.,105.,570.));
#3499 = VECTOR('',#3500,1.);
#3500 = DIRECTION('',(0.,1.,0.));
#3501 = ORIENTED_EDGE('',*,*,#3018,.T.);
#3502 = ORIENTED_EDGE('',*,*,#3481,.T.);
#3503 = ORIENTED_EDGE('',*,*,#3202,.F.);
#3504 = PLANE('',#3505);
#3505 = AXIS2_PLACEMENT_3D('',#3506,#3507,#3508);
#3506 = CARTESIAN_POINT('',(-120.,105.,570.));
#3507 = DIRECTION('',(0.,0.,1.));
#3508 = DIRECTION('',(1.,0.,0.));
#3509 = ADVANCED_FACE('',(#3510),#3516,.T.);
#3510 = FACE_BOUND('',#3511,.T.);
#3511 = EDGE_LOOP('',(#3512,#3513,#3514,#3515));
#3512 = ORIENTED_EDGE('',*,*,#3457,.F.);
#3513 = ORIENTED_EDGE('',*,*,#3010,.T.);
#3514 = ORIENTED_EDGE('',*,*,#3496,.T.);
#3515 = ORIENTED_EDGE('',*,*,#3194,.F.);
#3516 = PLANE('',#3517);
#3517 = AXIS2_PLACEMENT_3D('',#3518,#3519,#3520);
#3518 = CARTESIAN_POINT('',(-120.,105.,570.));
#3519 = DIRECTION('',(1.,0.,0.));
#3520 = DIRECTION('',(0.,0.,1.));
#3521 = MANIFOLD_SOLID_BREP('',#3522);
#3522 = CLOSED_SHELL('',(#3523,#3556,#3565));
#3523 = ADVANCED_FACE('',(#3524),#3551,.T.);
#3524 = FACE_BOUND('',#3525,.T.);
#3525 = EDGE_LOOP('',(#3526,#3535,#3543,#3550));
#3526 = ORIENTED_EDGE('',*,*,#3527,.F.);
#3527 = EDGE_CURVE('',#3528,#3528,#3530,.T.);
#3528 = VERTEX_POINT('',#3529);
#3529 = CARTESIAN_POINT('',(70.,-161.,860.));
#3530 = CIRCLE('',#3531,20.);
#3531 = AXIS2_PLACEMENT_3D('',#3532,#3533,#3534);
#3532 = CARTESIAN_POINT('',(70.,-161.,840.));
#3533 = DIRECTION('',(0.,1.,0.));
#3534 = DIRECTION('',(0.,0.,1.));
#3535 = ORIENTED_EDGE('',*,*,#3536,.F.);
#3536 = EDGE_CURVE('',#3537,#3528,#3539,.T.);
#3537 = VERTEX_POINT('',#3538);
#3538 = CARTESIAN_POINT('',(70.,-183.,860.));
#3539 = LINE('',#3540,#3541);
#3540 = CARTESIAN_POINT('',(70.,-183.,860.));
#3541 = VECTOR('',#3542,1.);
#3542 = DIRECTION('',(0.,1.,0.));
#3543 = ORIENTED_EDGE('',*,*,#3544,.T.);
#3544 = EDGE_CURVE('',#3537,#3537,#3545,.T.);
#3545 = CIRCLE('',#3546,20.);
#3546 = AXIS2_PLACEMENT_3D('',#3547,#3548,#3549);
#3547 = CARTESIAN_POINT('',(70.,-183.,840.));
#3548 = DIRECTION('',(0.,1.,0.));
#3549 = DIRECTION('',(0.,0.,1.));
#3550 = ORIENTED_EDGE('',*,*,#3536,.T.);
#3551 = CYLINDRICAL_SURFACE('',#3552,20.);
#3552 = AXIS2_PLACEMENT_3D('',#3553,#3554,#3555);
#3553 = CARTESIAN_POINT('',(70.,-183.,840.));
#3554 = DIRECTION('',(0.,1.,0.));
#3555 = DIRECTION('',(0.,0.,1.));
#3556 = ADVANCED_FACE('',(#3557),#3560,.T.);
#3557 = FACE_BOUND('',#3558,.T.);
#3558 = EDGE_LOOP('',(#3559));
#3559 = ORIENTED_EDGE('',*,*,#3527,.T.);
#3560 = PLANE('',#3561);
#3561 = AXIS2_PLACEMENT_3D('',#3562,#3563,#3564);
#3562 = CARTESIAN_POINT('',(70.,-161.,840.));
#3563 = DIRECTION('',(0.,1.,0.));
#3564 = DIRECTION('',(0.,0.,1.));
#3565 = ADVANCED_FACE('',(#3566),#3569,.F.);
#3566 = FACE_BOUND('',#3567,.T.);
#3567 = EDGE_LOOP('',(#3568));
#3568 = ORIENTED_EDGE('',*,*,#3544,.F.);
#3569 = PLANE('',#3570);
#3570 = AXIS2_PLACEMENT_3D('',#3571,#3572,#3573);
#3571 = CARTESIAN_POINT('',(70.,-183.,840.));
#3572 = DIRECTION('',(0.,1.,0.));
#3573 = DIRECTION('',(0.,0.,1.));
#3574 = MANIFOLD_SOLID_BREP('',#3575);
#3575 = CLOSED_SHELL('',(#3576,#3609,#3618));
#3576 = ADVANCED_FACE('',(#3577),#3604,.T.);
#3577 = FACE_BOUND('',#3578,.T.);
#3578 = EDGE_LOOP('',(#3579,#3588,#3596,#3603));
#3579 = ORIENTED_EDGE('',*,*,#3580,.F.);
#3580 = EDGE_CURVE('',#3581,#3581,#3583,.T.);
#3581 = VERTEX_POINT('',#3582);
#3582 = CARTESIAN_POINT('',(-70.,183.,860.));
#3583 = CIRCLE('',#3584,20.);
#3584 = AXIS2_PLACEMENT_3D('',#3585,#3586,#3587);
#3585 = CARTESIAN_POINT('',(-70.,183.,840.));
#3586 = DIRECTION('',(0.,1.,0.));
#3587 = DIRECTION('',(0.,0.,1.));
#3588 = ORIENTED_EDGE('',*,*,#3589,.F.);
#3589 = EDGE_CURVE('',#3590,#3581,#3592,.T.);
#3590 = VERTEX_POINT('',#3591);
#3591 = CARTESIAN_POINT('',(-70.,161.,860.));
#3592 = LINE('',#3593,#3594);
#3593 = CARTESIAN_POINT('',(-70.,161.,860.));
#3594 = VECTOR('',#3595,1.);
#3595 = DIRECTION('',(0.,1.,0.));
#3596 = ORIENTED_EDGE('',*,*,#3597,.T.);
#3597 = EDGE_CURVE('',#3590,#3590,#3598,.T.);
#3598 = CIRCLE('',#3599,20.);
#3599 = AXIS2_PLACEMENT_3D('',#3600,#3601,#3602);
#3600 = CARTESIAN_POINT('',(-70.,161.,840.));
#3601 = DIRECTION('',(0.,1.,0.));
#3602 = DIRECTION('',(0.,0.,1.));
#3603 = ORIENTED_EDGE('',*,*,#3589,.T.);
#3604 = CYLINDRICAL_SURFACE('',#3605,20.);
#3605 = AXIS2_PLACEMENT_3D('',#3606,#3607,#3608);
#3606 = CARTESIAN_POINT('',(-70.,161.,840.));
#3607 = DIRECTION('',(0.,1.,0.));
#3608 = DIRECTION('',(0.,0.,1.));
#3609 = ADVANCED_FACE('',(#3610),#3613,.T.);
#3610 = FACE_BOUND('',#3611,.T.);
#3611 = EDGE_LOOP('',(#3612));
#3612 = ORIENTED_EDGE('',*,*,#3580,.T.);
#3613 = PLANE('',#3614);
#3614 = AXIS2_PLACEMENT_3D('',#3615,#3616,#3617);
#3615 = CARTESIAN_POINT('',(-70.,183.,840.));
#3616 = DIRECTION('',(0.,1.,0.));
#3617 = DIRECTION('',(0.,0.,1.));
#3618 = ADVANCED_FACE('',(#3619),#3622,.F.);
#3619 = FACE_BOUND('',#3620,.T.);
#3620 = EDGE_LOOP('',(#3621));
#3621 = ORIENTED_EDGE('',*,*,#3597,.F.);
#3622 = PLANE('',#3623);
#3623 = AXIS2_PLACEMENT_3D('',#3624,#3625,#3626);
#3624 = CARTESIAN_POINT('',(-70.,161.,840.));
#3625 = DIRECTION('',(0.,1.,0.));
#3626 = DIRECTION('',(0.,0.,1.));
#3627 = MANIFOLD_SOLID_BREP('',#3628);
#3628 = CLOSED_SHELL('',(#3629,#3669,#3709,#3731,#3753,#3765));
#3629 = ADVANCED_FACE('',(#3630),#3664,.F.);
#3630 = FACE_BOUND('',#3631,.F.);
#3631 = EDGE_LOOP('',(#3632,#3642,#3650,#3658));
#3632 = ORIENTED_EDGE('',*,*,#3633,.F.);
#3633 = EDGE_CURVE('',#3634,#3636,#3638,.T.);
#3634 = VERTEX_POINT('',#3635);
#3635 = CARTESIAN_POINT('',(-80.,-360.,135.));
#3636 = VERTEX_POINT('',#3637);
#3637 = CARTESIAN_POINT('',(-80.,-360.,155.));
#3638 = LINE('',#3639,#3640);
#3639 = CARTESIAN_POINT('',(-80.,-360.,135.));
#3640 = VECTOR('',#3641,1.);
#3641 = DIRECTION('',(0.,0.,1.));
#3642 = ORIENTED_EDGE('',*,*,#3643,.T.);
#3643 = EDGE_CURVE('',#3634,#3644,#3646,.T.);
#3644 = VERTEX_POINT('',#3645);
#3645 = CARTESIAN_POINT('',(-80.,-100.,135.));
#3646 = LINE('',#3647,#3648);
#3647 = CARTESIAN_POINT('',(-80.,-360.,135.));
#3648 = VECTOR('',#3649,1.);
#3649 = DIRECTION('',(0.,1.,0.));
#3650 = ORIENTED_EDGE('',*,*,#3651,.T.);
#3651 = EDGE_CURVE('',#3644,#3652,#3654,.T.);
#3652 = VERTEX_POINT('',#3653);
#3653 = CARTESIAN_POINT('',(-80.,-100.,155.));
#3654 = LINE('',#3655,#3656);
#3655 = CARTESIAN_POINT('',(-80.,-100.,135.));
#3656 = VECTOR('',#3657,1.);
#3657 = DIRECTION('',(0.,0.,1.));
#3658 = ORIENTED_EDGE('',*,*,#3659,.F.);
#3659 = EDGE_CURVE('',#3636,#3652,#3660,.T.);
#3660 = LINE('',#3661,#3662);
#3661 = CARTESIAN_POINT('',(-80.,-360.,155.));
#3662 = VECTOR('',#3663,1.);
#3663 = DIRECTION('',(0.,1.,0.));
#3664 = PLANE('',#3665);
#3665 = AXIS2_PLACEMENT_3D('',#3666,#3667,#3668);
#3666 = CARTESIAN_POINT('',(-80.,-360.,135.));
#3667 = DIRECTION('',(1.,0.,0.));
#3668 = DIRECTION('',(0.,0.,1.));
#3669 = ADVANCED_FACE('',(#3670),#3704,.T.);
#3670 = FACE_BOUND('',#3671,.T.);
#3671 = EDGE_LOOP('',(#3672,#3682,#3690,#3698));
#3672 = ORIENTED_EDGE('',*,*,#3673,.F.);
#3673 = EDGE_CURVE('',#3674,#3676,#3678,.T.);
#3674 = VERTEX_POINT('',#3675);
#3675 = CARTESIAN_POINT('',(220.,-360.,135.));
#3676 = VERTEX_POINT('',#3677);
#3677 = CARTESIAN_POINT('',(220.,-360.,155.));
#3678 = LINE('',#3679,#3680);
#3679 = CARTESIAN_POINT('',(220.,-360.,135.));
#3680 = VECTOR('',#3681,1.);
#3681 = DIRECTION('',(0.,0.,1.));
#3682 = ORIENTED_EDGE('',*,*,#3683,.T.);
#3683 = EDGE_CURVE('',#3674,#3684,#3686,.T.);
#3684 = VERTEX_POINT('',#3685);
#3685 = CARTESIAN_POINT('',(220.,-100.,135.));
#3686 = LINE('',#3687,#3688);
#3687 = CARTESIAN_POINT('',(220.,-360.,135.));
#3688 = VECTOR('',#3689,1.);
#3689 = DIRECTION('',(0.,1.,0.));
#3690 = ORIENTED_EDGE('',*,*,#3691,.T.);
#3691 = EDGE_CURVE('',#3684,#3692,#3694,.T.);
#3692 = VERTEX_POINT('',#3693);
#3693 = CARTESIAN_POINT('',(220.,-100.,155.));
#3694 = LINE('',#3695,#3696);
#3695 = CARTESIAN_POINT('',(220.,-100.,135.));
#3696 = VECTOR('',#3697,1.);
#3697 = DIRECTION('',(0.,0.,1.));
#3698 = ORIENTED_EDGE('',*,*,#3699,.F.);
#3699 = EDGE_CURVE('',#3676,#3692,#3700,.T.);
#3700 = LINE('',#3701,#3702);
#3701 = CARTESIAN_POINT('',(220.,-360.,155.));
#3702 = VECTOR('',#3703,1.);
#3703 = DIRECTION('',(0.,1.,0.));
#3704 = PLANE('',#3705);
#3705 = AXIS2_PLACEMENT_3D('',#3706,#3707,#3708);
#3706 = CARTESIAN_POINT('',(220.,-360.,135.));
#3707 = DIRECTION('',(1.,0.,0.));
#3708 = DIRECTION('',(0.,0.,1.));
#3709 = ADVANCED_FACE('',(#3710),#3726,.F.);
#3710 = FACE_BOUND('',#3711,.F.);
#3711 = EDGE_LOOP('',(#3712,#3718,#3719,#3725));
#3712 = ORIENTED_EDGE('',*,*,#3713,.F.);
#3713 = EDGE_CURVE('',#3634,#3674,#3714,.T.);
#3714 = LINE('',#3715,#3716);
#3715 = CARTESIAN_POINT('',(-80.,-360.,135.));
#3716 = VECTOR('',#3717,1.);
#3717 = DIRECTION('',(1.,0.,0.));
#3718 = ORIENTED_EDGE('',*,*,#3633,.T.);
#3719 = ORIENTED_EDGE('',*,*,#3720,.T.);
#3720 = EDGE_CURVE('',#3636,#3676,#3721,.T.);
#3721 = LINE('',#3722,#3723);
#3722 = CARTESIAN_POINT('',(-80.,-360.,155.));
#3723 = VECTOR('',#3724,1.);
#3724 = DIRECTION('',(1.,0.,0.));
#3725 = ORIENTED_EDGE('',*,*,#3673,.F.);
#3726 = PLANE('',#3727);
#3727 = AXIS2_PLACEMENT_3D('',#3728,#3729,#3730);
#3728 = CARTESIAN_POINT('',(-80.,-360.,135.));
#3729 = DIRECTION('',(0.,1.,0.));
#3730 = DIRECTION('',(0.,0.,1.));
#3731 = ADVANCED_FACE('',(#3732),#3748,.T.);
#3732 = FACE_BOUND('',#3733,.T.);
#3733 = EDGE_LOOP('',(#3734,#3740,#3741,#3747));
#3734 = ORIENTED_EDGE('',*,*,#3735,.F.);
#3735 = EDGE_CURVE('',#3644,#3684,#3736,.T.);
#3736 = LINE('',#3737,#3738);
#3737 = CARTESIAN_POINT('',(-80.,-100.,135.));
#3738 = VECTOR('',#3739,1.);
#3739 = DIRECTION('',(1.,0.,0.));
#3740 = ORIENTED_EDGE('',*,*,#3651,.T.);
#3741 = ORIENTED_EDGE('',*,*,#3742,.T.);
#3742 = EDGE_CURVE('',#3652,#3692,#3743,.T.);
#3743 = LINE('',#3744,#3745);
#3744 = CARTESIAN_POINT('',(-80.,-100.,155.));
#3745 = VECTOR('',#3746,1.);
#3746 = DIRECTION('',(1.,0.,0.));
#3747 = ORIENTED_EDGE('',*,*,#3691,.F.);
#3748 = PLANE('',#3749);
#3749 = AXIS2_PLACEMENT_3D('',#3750,#3751,#3752);
#3750 = CARTESIAN_POINT('',(-80.,-100.,135.));
#3751 = DIRECTION('',(0.,1.,0.));
#3752 = DIRECTION('',(0.,0.,1.));
#3753 = ADVANCED_FACE('',(#3754),#3760,.F.);
#3754 = FACE_BOUND('',#3755,.F.);
#3755 = EDGE_LOOP('',(#3756,#3757,#3758,#3759));
#3756 = ORIENTED_EDGE('',*,*,#3643,.F.);
#3757 = ORIENTED_EDGE('',*,*,#3713,.T.);
#3758 = ORIENTED_EDGE('',*,*,#3683,.T.);
#3759 = ORIENTED_EDGE('',*,*,#3735,.F.);
#3760 = PLANE('',#3761);
#3761 = AXIS2_PLACEMENT_3D('',#3762,#3763,#3764);
#3762 = CARTESIAN_POINT('',(-80.,-360.,135.));
#3763 = DIRECTION('',(0.,0.,1.));
#3764 = DIRECTION('',(1.,0.,0.));
#3765 = ADVANCED_FACE('',(#3766),#3772,.T.);
#3766 = FACE_BOUND('',#3767,.T.);
#3767 = EDGE_LOOP('',(#3768,#3769,#3770,#3771));
#3768 = ORIENTED_EDGE('',*,*,#3659,.F.);
#3769 = ORIENTED_EDGE('',*,*,#3720,.T.);
#3770 = ORIENTED_EDGE('',*,*,#3699,.T.);
#3771 = ORIENTED_EDGE('',*,*,#3742,.F.);
#3772 = PLANE('',#3773);
#3773 = AXIS2_PLACEMENT_3D('',#3774,#3775,#3776);
#3774 = CARTESIAN_POINT('',(-80.,-360.,155.));
#3775 = DIRECTION('',(0.,0.,1.));
#3776 = DIRECTION('',(1.,0.,0.));
#3777 = MANIFOLD_SOLID_BREP('',#3778);
#3778 = CLOSED_SHELL('',(#3779,#3819,#3859,#3881,#3903,#3915));
#3779 = ADVANCED_FACE('',(#3780),#3814,.F.);
#3780 = FACE_BOUND('',#3781,.F.);
#3781 = EDGE_LOOP('',(#3782,#3792,#3800,#3808));
#3782 = ORIENTED_EDGE('',*,*,#3783,.F.);
#3783 = EDGE_CURVE('',#3784,#3786,#3788,.T.);
#3784 = VERTEX_POINT('',#3785);
#3785 = CARTESIAN_POINT('',(-80.,-360.,70.));
#3786 = VERTEX_POINT('',#3787);
#3787 = CARTESIAN_POINT('',(-80.,-360.,90.));
#3788 = LINE('',#3789,#3790);
#3789 = CARTESIAN_POINT('',(-80.,-360.,70.));
#3790 = VECTOR('',#3791,1.);
#3791 = DIRECTION('',(0.,0.,1.));
#3792 = ORIENTED_EDGE('',*,*,#3793,.T.);
#3793 = EDGE_CURVE('',#3784,#3794,#3796,.T.);
#3794 = VERTEX_POINT('',#3795);
#3795 = CARTESIAN_POINT('',(-80.,-100.,70.));
#3796 = LINE('',#3797,#3798);
#3797 = CARTESIAN_POINT('',(-80.,-360.,70.));
#3798 = VECTOR('',#3799,1.);
#3799 = DIRECTION('',(0.,1.,0.));
#3800 = ORIENTED_EDGE('',*,*,#3801,.T.);
#3801 = EDGE_CURVE('',#3794,#3802,#3804,.T.);
#3802 = VERTEX_POINT('',#3803);
#3803 = CARTESIAN_POINT('',(-80.,-100.,90.));
#3804 = LINE('',#3805,#3806);
#3805 = CARTESIAN_POINT('',(-80.,-100.,70.));
#3806 = VECTOR('',#3807,1.);
#3807 = DIRECTION('',(0.,0.,1.));
#3808 = ORIENTED_EDGE('',*,*,#3809,.F.);
#3809 = EDGE_CURVE('',#3786,#3802,#3810,.T.);
#3810 = LINE('',#3811,#3812);
#3811 = CARTESIAN_POINT('',(-80.,-360.,90.));
#3812 = VECTOR('',#3813,1.);
#3813 = DIRECTION('',(0.,1.,0.));
#3814 = PLANE('',#3815);
#3815 = AXIS2_PLACEMENT_3D('',#3816,#3817,#3818);
#3816 = CARTESIAN_POINT('',(-80.,-360.,70.));
#3817 = DIRECTION('',(1.,0.,0.));
#3818 = DIRECTION('',(0.,0.,1.));
#3819 = ADVANCED_FACE('',(#3820),#3854,.T.);
#3820 = FACE_BOUND('',#3821,.T.);
#3821 = EDGE_LOOP('',(#3822,#3832,#3840,#3848));
#3822 = ORIENTED_EDGE('',*,*,#3823,.F.);
#3823 = EDGE_CURVE('',#3824,#3826,#3828,.T.);
#3824 = VERTEX_POINT('',#3825);
#3825 = CARTESIAN_POINT('',(220.,-360.,70.));
#3826 = VERTEX_POINT('',#3827);
#3827 = CARTESIAN_POINT('',(220.,-360.,90.));
#3828 = LINE('',#3829,#3830);
#3829 = CARTESIAN_POINT('',(220.,-360.,70.));
#3830 = VECTOR('',#3831,1.);
#3831 = DIRECTION('',(0.,0.,1.));
#3832 = ORIENTED_EDGE('',*,*,#3833,.T.);
#3833 = EDGE_CURVE('',#3824,#3834,#3836,.T.);
#3834 = VERTEX_POINT('',#3835);
#3835 = CARTESIAN_POINT('',(220.,-100.,70.));
#3836 = LINE('',#3837,#3838);
#3837 = CARTESIAN_POINT('',(220.,-360.,70.));
#3838 = VECTOR('',#3839,1.);
#3839 = DIRECTION('',(0.,1.,0.));
#3840 = ORIENTED_EDGE('',*,*,#3841,.T.);
#3841 = EDGE_CURVE('',#3834,#3842,#3844,.T.);
#3842 = VERTEX_POINT('',#3843);
#3843 = CARTESIAN_POINT('',(220.,-100.,90.));
#3844 = LINE('',#3845,#3846);
#3845 = CARTESIAN_POINT('',(220.,-100.,70.));
#3846 = VECTOR('',#3847,1.);
#3847 = DIRECTION('',(0.,0.,1.));
#3848 = ORIENTED_EDGE('',*,*,#3849,.F.);
#3849 = EDGE_CURVE('',#3826,#3842,#3850,.T.);
#3850 = LINE('',#3851,#3852);
#3851 = CARTESIAN_POINT('',(220.,-360.,90.));
#3852 = VECTOR('',#3853,1.);
#3853 = DIRECTION('',(0.,1.,0.));
#3854 = PLANE('',#3855);
#3855 = AXIS2_PLACEMENT_3D('',#3856,#3857,#3858);
#3856 = CARTESIAN_POINT('',(220.,-360.,70.));
#3857 = DIRECTION('',(1.,0.,0.));
#3858 = DIRECTION('',(0.,0.,1.));
#3859 = ADVANCED_FACE('',(#3860),#3876,.F.);
#3860 = FACE_BOUND('',#3861,.F.);
#3861 = EDGE_LOOP('',(#3862,#3868,#3869,#3875));
#3862 = ORIENTED_EDGE('',*,*,#3863,.F.);
#3863 = EDGE_CURVE('',#3784,#3824,#3864,.T.);
#3864 = LINE('',#3865,#3866);
#3865 = CARTESIAN_POINT('',(-80.,-360.,70.));
#3866 = VECTOR('',#3867,1.);
#3867 = DIRECTION('',(1.,0.,0.));
#3868 = ORIENTED_EDGE('',*,*,#3783,.T.);
#3869 = ORIENTED_EDGE('',*,*,#3870,.T.);
#3870 = EDGE_CURVE('',#3786,#3826,#3871,.T.);
#3871 = LINE('',#3872,#3873);
#3872 = CARTESIAN_POINT('',(-80.,-360.,90.));
#3873 = VECTOR('',#3874,1.);
#3874 = DIRECTION('',(1.,0.,0.));
#3875 = ORIENTED_EDGE('',*,*,#3823,.F.);
#3876 = PLANE('',#3877);
#3877 = AXIS2_PLACEMENT_3D('',#3878,#3879,#3880);
#3878 = CARTESIAN_POINT('',(-80.,-360.,70.));
#3879 = DIRECTION('',(0.,1.,0.));
#3880 = DIRECTION('',(0.,0.,1.));
#3881 = ADVANCED_FACE('',(#3882),#3898,.T.);
#3882 = FACE_BOUND('',#3883,.T.);
#3883 = EDGE_LOOP('',(#3884,#3890,#3891,#3897));
#3884 = ORIENTED_EDGE('',*,*,#3885,.F.);
#3885 = EDGE_CURVE('',#3794,#3834,#3886,.T.);
#3886 = LINE('',#3887,#3888);
#3887 = CARTESIAN_POINT('',(-80.,-100.,70.));
#3888 = VECTOR('',#3889,1.);
#3889 = DIRECTION('',(1.,0.,0.));
#3890 = ORIENTED_EDGE('',*,*,#3801,.T.);
#3891 = ORIENTED_EDGE('',*,*,#3892,.T.);
#3892 = EDGE_CURVE('',#3802,#3842,#3893,.T.);
#3893 = LINE('',#3894,#3895);
#3894 = CARTESIAN_POINT('',(-80.,-100.,90.));
#3895 = VECTOR('',#3896,1.);
#3896 = DIRECTION('',(1.,0.,0.));
#3897 = ORIENTED_EDGE('',*,*,#3841,.F.);
#3898 = PLANE('',#3899);
#3899 = AXIS2_PLACEMENT_3D('',#3900,#3901,#3902);
#3900 = CARTESIAN_POINT('',(-80.,-100.,70.));
#3901 = DIRECTION('',(0.,1.,0.));
#3902 = DIRECTION('',(0.,0.,1.));
#3903 = ADVANCED_FACE('',(#3904),#3910,.F.);
#3904 = FACE_BOUND('',#3905,.F.);
#3905 = EDGE_LOOP('',(#3906,#3907,#3908,#3909));
#3906 = ORIENTED_EDGE('',*,*,#3793,.F.);
#3907 = ORIENTED_EDGE('',*,*,#3863,.T.);
#3908 = ORIENTED_EDGE('',*,*,#3833,.T.);
#3909 = ORIENTED_EDGE('',*,*,#3885,.F.);
#3910 = PLANE('',#3911);
#3911 = AXIS2_PLACEMENT_3D('',#3912,#3913,#3914);
#3912 = CARTESIAN_POINT('',(-80.,-360.,70.));
#3913 = DIRECTION('',(0.,0.,1.));
#3914 = DIRECTION('',(1.,0.,0.));
#3915 = ADVANCED_FACE('',(#3916),#3922,.T.);
#3916 = FACE_BOUND('',#3917,.T.);
#3917 = EDGE_LOOP('',(#3918,#3919,#3920,#3921));
#3918 = ORIENTED_EDGE('',*,*,#3809,.F.);
#3919 = ORIENTED_EDGE('',*,*,#3870,.T.);
#3920 = ORIENTED_EDGE('',*,*,#3849,.T.);
#3921 = ORIENTED_EDGE('',*,*,#3892,.F.);
#3922 = PLANE('',#3923);
#3923 = AXIS2_PLACEMENT_3D('',#3924,#3925,#3926);
#3924 = CARTESIAN_POINT('',(-80.,-360.,90.));
#3925 = DIRECTION('',(0.,0.,1.));
#3926 = DIRECTION('',(1.,0.,0.));
#3927 = MANIFOLD_SOLID_BREP('',#3928);
#3928 = CLOSED_SHELL('',(#3929,#3962,#3971));
#3929 = ADVANCED_FACE('',(#3930),#3957,.T.);
#3930 = FACE_BOUND('',#3931,.T.);
#3931 = EDGE_LOOP('',(#3932,#3941,#3949,#3956));
#3932 = ORIENTED_EDGE('',*,*,#3933,.F.);
#3933 = EDGE_CURVE('',#3934,#3934,#3936,.T.);
#3934 = VERTEX_POINT('',#3935);
#3935 = CARTESIAN_POINT('',(-71.,-320.,135.));
#3936 = CIRCLE('',#3937,9.);
#3937 = AXIS2_PLACEMENT_3D('',#3938,#3939,#3940);
#3938 = CARTESIAN_POINT('',(-80.,-320.,135.));
#3939 = DIRECTION('',(0.,0.,1.));
#3940 = DIRECTION('',(1.,0.,0.));
#3941 = ORIENTED_EDGE('',*,*,#3942,.F.);
#3942 = EDGE_CURVE('',#3943,#3934,#3945,.T.);
#3943 = VERTEX_POINT('',#3944);
#3944 = CARTESIAN_POINT('',(-71.,-320.,90.));
#3945 = LINE('',#3946,#3947);
#3946 = CARTESIAN_POINT('',(-71.,-320.,90.));
#3947 = VECTOR('',#3948,1.);
#3948 = DIRECTION('',(0.,0.,1.));
#3949 = ORIENTED_EDGE('',*,*,#3950,.T.);
#3950 = EDGE_CURVE('',#3943,#3943,#3951,.T.);
#3951 = CIRCLE('',#3952,9.);
#3952 = AXIS2_PLACEMENT_3D('',#3953,#3954,#3955);
#3953 = CARTESIAN_POINT('',(-80.,-320.,90.));
#3954 = DIRECTION('',(0.,0.,1.));
#3955 = DIRECTION('',(1.,0.,0.));
#3956 = ORIENTED_EDGE('',*,*,#3942,.T.);
#3957 = CYLINDRICAL_SURFACE('',#3958,9.);
#3958 = AXIS2_PLACEMENT_3D('',#3959,#3960,#3961);
#3959 = CARTESIAN_POINT('',(-80.,-320.,90.));
#3960 = DIRECTION('',(0.,0.,1.));
#3961 = DIRECTION('',(1.,0.,0.));
#3962 = ADVANCED_FACE('',(#3963),#3966,.T.);
#3963 = FACE_BOUND('',#3964,.T.);
#3964 = EDGE_LOOP('',(#3965));
#3965 = ORIENTED_EDGE('',*,*,#3933,.T.);
#3966 = PLANE('',#3967);
#3967 = AXIS2_PLACEMENT_3D('',#3968,#3969,#3970);
#3968 = CARTESIAN_POINT('',(-80.,-320.,135.));
#3969 = DIRECTION('',(0.,0.,1.));
#3970 = DIRECTION('',(1.,0.,0.));
#3971 = ADVANCED_FACE('',(#3972),#3975,.F.);
#3972 = FACE_BOUND('',#3973,.T.);
#3973 = EDGE_LOOP('',(#3974));
#3974 = ORIENTED_EDGE('',*,*,#3950,.F.);
#3975 = PLANE('',#3976);
#3976 = AXIS2_PLACEMENT_3D('',#3977,#3978,#3979);
#3977 = CARTESIAN_POINT('',(-80.,-320.,90.));
#3978 = DIRECTION('',(0.,0.,1.));
#3979 = DIRECTION('',(1.,0.,0.));
#3980 = MANIFOLD_SOLID_BREP('',#3981);
#3981 = CLOSED_SHELL('',(#3982,#4015,#4024));
#3982 = ADVANCED_FACE('',(#3983),#4010,.T.);
#3983 = FACE_BOUND('',#3984,.T.);
#3984 = EDGE_LOOP('',(#3985,#3994,#4002,#4009));
#3985 = ORIENTED_EDGE('',*,*,#3986,.F.);
#3986 = EDGE_CURVE('',#3987,#3987,#3989,.T.);
#3987 = VERTEX_POINT('',#3988);
#3988 = CARTESIAN_POINT('',(-71.,-140.,135.));
#3989 = CIRCLE('',#3990,9.);
#3990 = AXIS2_PLACEMENT_3D('',#3991,#3992,#3993);
#3991 = CARTESIAN_POINT('',(-80.,-140.,135.));
#3992 = DIRECTION('',(0.,0.,1.));
#3993 = DIRECTION('',(1.,0.,0.));
#3994 = ORIENTED_EDGE('',*,*,#3995,.F.);
#3995 = EDGE_CURVE('',#3996,#3987,#3998,.T.);
#3996 = VERTEX_POINT('',#3997);
#3997 = CARTESIAN_POINT('',(-71.,-140.,90.));
#3998 = LINE('',#3999,#4000);
#3999 = CARTESIAN_POINT('',(-71.,-140.,90.));
#4000 = VECTOR('',#4001,1.);
#4001 = DIRECTION('',(0.,0.,1.));
#4002 = ORIENTED_EDGE('',*,*,#4003,.T.);
#4003 = EDGE_CURVE('',#3996,#3996,#4004,.T.);
#4004 = CIRCLE('',#4005,9.);
#4005 = AXIS2_PLACEMENT_3D('',#4006,#4007,#4008);
#4006 = CARTESIAN_POINT('',(-80.,-140.,90.));
#4007 = DIRECTION('',(0.,0.,1.));
#4008 = DIRECTION('',(1.,0.,0.));
#4009 = ORIENTED_EDGE('',*,*,#3995,.T.);
#4010 = CYLINDRICAL_SURFACE('',#4011,9.);
#4011 = AXIS2_PLACEMENT_3D('',#4012,#4013,#4014);
#4012 = CARTESIAN_POINT('',(-80.,-140.,90.));
#4013 = DIRECTION('',(0.,0.,1.));
#4014 = DIRECTION('',(1.,0.,0.));
#4015 = ADVANCED_FACE('',(#4016),#4019,.T.);
#4016 = FACE_BOUND('',#4017,.T.);
#4017 = EDGE_LOOP('',(#4018));
#4018 = ORIENTED_EDGE('',*,*,#3986,.T.);
#4019 = PLANE('',#4020);
#4020 = AXIS2_PLACEMENT_3D('',#4021,#4022,#4023);
#4021 = CARTESIAN_POINT('',(-80.,-140.,135.));
#4022 = DIRECTION('',(0.,0.,1.));
#4023 = DIRECTION('',(1.,0.,0.));
#4024 = ADVANCED_FACE('',(#4025),#4028,.F.);
#4025 = FACE_BOUND('',#4026,.T.);
#4026 = EDGE_LOOP('',(#4027));
#4027 = ORIENTED_EDGE('',*,*,#4003,.F.);
#4028 = PLANE('',#4029);
#4029 = AXIS2_PLACEMENT_3D('',#4030,#4031,#4032);
#4030 = CARTESIAN_POINT('',(-80.,-140.,90.));
#4031 = DIRECTION('',(0.,0.,1.));
#4032 = DIRECTION('',(1.,0.,0.));
#4033 = MANIFOLD_SOLID_BREP('',#4034);
#4034 = CLOSED_SHELL('',(#4035,#4068,#4077));
#4035 = ADVANCED_FACE('',(#4036),#4063,.T.);
#4036 = FACE_BOUND('',#4037,.T.);
#4037 = EDGE_LOOP('',(#4038,#4047,#4055,#4062));
#4038 = ORIENTED_EDGE('',*,*,#4039,.F.);
#4039 = EDGE_CURVE('',#4040,#4040,#4042,.T.);
#4040 = VERTEX_POINT('',#4041);
#4041 = CARTESIAN_POINT('',(229.,-320.,135.));
#4042 = CIRCLE('',#4043,9.);
#4043 = AXIS2_PLACEMENT_3D('',#4044,#4045,#4046);
#4044 = CARTESIAN_POINT('',(220.,-320.,135.));
#4045 = DIRECTION('',(0.,0.,1.));
#4046 = DIRECTION('',(1.,0.,0.));
#4047 = ORIENTED_EDGE('',*,*,#4048,.F.);
#4048 = EDGE_CURVE('',#4049,#4040,#4051,.T.);
#4049 = VERTEX_POINT('',#4050);
#4050 = CARTESIAN_POINT('',(229.,-320.,90.));
#4051 = LINE('',#4052,#4053);
#4052 = CARTESIAN_POINT('',(229.,-320.,90.));
#4053 = VECTOR('',#4054,1.);
#4054 = DIRECTION('',(0.,0.,1.));
#4055 = ORIENTED_EDGE('',*,*,#4056,.T.);
#4056 = EDGE_CURVE('',#4049,#4049,#4057,.T.);
#4057 = CIRCLE('',#4058,9.);
#4058 = AXIS2_PLACEMENT_3D('',#4059,#4060,#4061);
#4059 = CARTESIAN_POINT('',(220.,-320.,90.));
#4060 = DIRECTION('',(0.,0.,1.));
#4061 = DIRECTION('',(1.,0.,0.));
#4062 = ORIENTED_EDGE('',*,*,#4048,.T.);
#4063 = CYLINDRICAL_SURFACE('',#4064,9.);
#4064 = AXIS2_PLACEMENT_3D('',#4065,#4066,#4067);
#4065 = CARTESIAN_POINT('',(220.,-320.,90.));
#4066 = DIRECTION('',(0.,0.,1.));
#4067 = DIRECTION('',(1.,0.,0.));
#4068 = ADVANCED_FACE('',(#4069),#4072,.T.);
#4069 = FACE_BOUND('',#4070,.T.);
#4070 = EDGE_LOOP('',(#4071));
#4071 = ORIENTED_EDGE('',*,*,#4039,.T.);
#4072 = PLANE('',#4073);
#4073 = AXIS2_PLACEMENT_3D('',#4074,#4075,#4076);
#4074 = CARTESIAN_POINT('',(220.,-320.,135.));
#4075 = DIRECTION('',(0.,0.,1.));
#4076 = DIRECTION('',(1.,0.,0.));
#4077 = ADVANCED_FACE('',(#4078),#4081,.F.);
#4078 = FACE_BOUND('',#4079,.T.);
#4079 = EDGE_LOOP('',(#4080));
#4080 = ORIENTED_EDGE('',*,*,#4056,.F.);
#4081 = PLANE('',#4082);
#4082 = AXIS2_PLACEMENT_3D('',#4083,#4084,#4085);
#4083 = CARTESIAN_POINT('',(220.,-320.,90.));
#4084 = DIRECTION('',(0.,0.,1.));
#4085 = DIRECTION('',(1.,0.,0.));
#4086 = MANIFOLD_SOLID_BREP('',#4087);
#4087 = CLOSED_SHELL('',(#4088,#4121,#4130));
#4088 = ADVANCED_FACE('',(#4089),#4116,.T.);
#4089 = FACE_BOUND('',#4090,.T.);
#4090 = EDGE_LOOP('',(#4091,#4100,#4108,#4115));
#4091 = ORIENTED_EDGE('',*,*,#4092,.F.);
#4092 = EDGE_CURVE('',#4093,#4093,#4095,.T.);
#4093 = VERTEX_POINT('',#4094);
#4094 = CARTESIAN_POINT('',(229.,-140.,135.));
#4095 = CIRCLE('',#4096,9.);
#4096 = AXIS2_PLACEMENT_3D('',#4097,#4098,#4099);
#4097 = CARTESIAN_POINT('',(220.,-140.,135.));
#4098 = DIRECTION('',(0.,0.,1.));
#4099 = DIRECTION('',(1.,0.,0.));
#4100 = ORIENTED_EDGE('',*,*,#4101,.F.);
#4101 = EDGE_CURVE('',#4102,#4093,#4104,.T.);
#4102 = VERTEX_POINT('',#4103);
#4103 = CARTESIAN_POINT('',(229.,-140.,90.));
#4104 = LINE('',#4105,#4106);
#4105 = CARTESIAN_POINT('',(229.,-140.,90.));
#4106 = VECTOR('',#4107,1.);
#4107 = DIRECTION('',(0.,0.,1.));
#4108 = ORIENTED_EDGE('',*,*,#4109,.T.);
#4109 = EDGE_CURVE('',#4102,#4102,#4110,.T.);
#4110 = CIRCLE('',#4111,9.);
#4111 = AXIS2_PLACEMENT_3D('',#4112,#4113,#4114);
#4112 = CARTESIAN_POINT('',(220.,-140.,90.));
#4113 = DIRECTION('',(0.,0.,1.));
#4114 = DIRECTION('',(1.,0.,0.));
#4115 = ORIENTED_EDGE('',*,*,#4101,.T.);
#4116 = CYLINDRICAL_SURFACE('',#4117,9.);
#4117 = AXIS2_PLACEMENT_3D('',#4118,#4119,#4120);
#4118 = CARTESIAN_POINT('',(220.,-140.,90.));
#4119 = DIRECTION('',(0.,0.,1.));
#4120 = DIRECTION('',(1.,0.,0.));
#4121 = ADVANCED_FACE('',(#4122),#4125,.T.);
#4122 = FACE_BOUND('',#4123,.T.);
#4123 = EDGE_LOOP('',(#4124));
#4124 = ORIENTED_EDGE('',*,*,#4092,.T.);
#4125 = PLANE('',#4126);
#4126 = AXIS2_PLACEMENT_3D('',#4127,#4128,#4129);
#4127 = CARTESIAN_POINT('',(220.,-140.,135.));
#4128 = DIRECTION('',(0.,0.,1.));
#4129 = DIRECTION('',(1.,0.,0.));
#4130 = ADVANCED_FACE('',(#4131),#4134,.F.);
#4131 = FACE_BOUND('',#4132,.T.);
#4132 = EDGE_LOOP('',(#4133));
#4133 = ORIENTED_EDGE('',*,*,#4109,.F.);
#4134 = PLANE('',#4135);
#4135 = AXIS2_PLACEMENT_3D('',#4136,#4137,#4138);
#4136 = CARTESIAN_POINT('',(220.,-140.,90.));
#4137 = DIRECTION('',(0.,0.,1.));
#4138 = DIRECTION('',(1.,0.,0.));
#4139 = MANIFOLD_SOLID_BREP('',#4140);
#4140 = CLOSED_SHELL('',(#4141,#4181,#4212,#4243,#4274,#4305,#4336,#4367
    ,#4398,#4429,#4451,#4469));
#4141 = ADVANCED_FACE('',(#4142),#4176,.T.);
#4142 = FACE_BOUND('',#4143,.T.);
#4143 = EDGE_LOOP('',(#4144,#4154,#4162,#4170));
#4144 = ORIENTED_EDGE('',*,*,#4145,.T.);
#4145 = EDGE_CURVE('',#4146,#4148,#4150,.T.);
#4146 = VERTEX_POINT('',#4147);
#4147 = CARTESIAN_POINT('',(-90.,-360.,10.));
#4148 = VERTEX_POINT('',#4149);
#4149 = CARTESIAN_POINT('',(-90.,-100.,10.));
#4150 = LINE('',#4151,#4152);
#4151 = CARTESIAN_POINT('',(-90.,-360.,10.));
#4152 = VECTOR('',#4153,1.);
#4153 = DIRECTION('',(0.,1.,0.));
#4154 = ORIENTED_EDGE('',*,*,#4155,.T.);
#4155 = EDGE_CURVE('',#4148,#4156,#4158,.T.);
#4156 = VERTEX_POINT('',#4157);
#4157 = CARTESIAN_POINT('',(110.,-100.,10.));
#4158 = LINE('',#4159,#4160);
#4159 = CARTESIAN_POINT('',(-90.,-100.,10.));
#4160 = VECTOR('',#4161,1.);
#4161 = DIRECTION('',(1.,0.,0.));
#4162 = ORIENTED_EDGE('',*,*,#4163,.F.);
#4163 = EDGE_CURVE('',#4164,#4156,#4166,.T.);
#4164 = VERTEX_POINT('',#4165);
#4165 = CARTESIAN_POINT('',(110.,-360.,10.));
#4166 = LINE('',#4167,#4168);
#4167 = CARTESIAN_POINT('',(110.,-360.,10.));
#4168 = VECTOR('',#4169,1.);
#4169 = DIRECTION('',(0.,1.,0.));
#4170 = ORIENTED_EDGE('',*,*,#4171,.F.);
#4171 = EDGE_CURVE('',#4146,#4164,#4172,.T.);
#4172 = LINE('',#4173,#4174);
#4173 = CARTESIAN_POINT('',(-90.,-360.,10.));
#4174 = VECTOR('',#4175,1.);
#4175 = DIRECTION('',(1.,0.,0.));
#4176 = PLANE('',#4177);
#4177 = AXIS2_PLACEMENT_3D('',#4178,#4179,#4180);
#4178 = CARTESIAN_POINT('',(-90.,-360.,10.));
#4179 = DIRECTION('',(0.,0.,-1.));
#4180 = DIRECTION('',(1.,0.,0.));
#4181 = ADVANCED_FACE('',(#4182),#4207,.T.);
#4182 = FACE_BOUND('',#4183,.T.);
#4183 = EDGE_LOOP('',(#4184,#4185,#4193,#4201));
#4184 = ORIENTED_EDGE('',*,*,#4163,.T.);
#4185 = ORIENTED_EDGE('',*,*,#4186,.T.);
#4186 = EDGE_CURVE('',#4156,#4187,#4189,.T.);
#4187 = VERTEX_POINT('',#4188);
#4188 = CARTESIAN_POINT('',(144.86229709906,-100.,11.522120763302));
#4189 = LINE('',#4190,#4191);
#4190 = CARTESIAN_POINT('',(110.,-100.,10.));
#4191 = VECTOR('',#4192,1.);
#4192 = DIRECTION('',(0.999048221582,0.,4.361938736534E-02));
#4193 = ORIENTED_EDGE('',*,*,#4194,.F.);
#4194 = EDGE_CURVE('',#4195,#4187,#4197,.T.);
#4195 = VERTEX_POINT('',#4196);
#4196 = CARTESIAN_POINT('',(144.86229709906,-360.,11.522120763302));
#4197 = LINE('',#4198,#4199);
#4198 = CARTESIAN_POINT('',(144.86229709906,-360.,11.522120763302));
#4199 = VECTOR('',#4200,1.);
#4200 = DIRECTION('',(0.,1.,0.));
#4201 = ORIENTED_EDGE('',*,*,#4202,.F.);
#4202 = EDGE_CURVE('',#4164,#4195,#4203,.T.);
#4203 = LINE('',#4204,#4205);
#4204 = CARTESIAN_POINT('',(110.,-360.,10.));
#4205 = VECTOR('',#4206,1.);
#4206 = DIRECTION('',(0.999048221582,0.,4.361938736534E-02));
#4207 = PLANE('',#4208);
#4208 = AXIS2_PLACEMENT_3D('',#4209,#4210,#4211);
#4209 = CARTESIAN_POINT('',(110.,-360.,10.));
#4210 = DIRECTION('',(4.361938736534E-02,0.,-0.999048221582));
#4211 = DIRECTION('',(0.999048221582,0.,4.361938736534E-02));
#4212 = ADVANCED_FACE('',(#4213),#4238,.T.);
#4213 = FACE_BOUND('',#4214,.T.);
#4214 = EDGE_LOOP('',(#4215,#4216,#4224,#4232));
#4215 = ORIENTED_EDGE('',*,*,#4194,.T.);
#4216 = ORIENTED_EDGE('',*,*,#4217,.T.);
#4217 = EDGE_CURVE('',#4187,#4218,#4220,.T.);
#4218 = VERTEX_POINT('',#4219);
#4219 = CARTESIAN_POINT('',(179.45927106677,-100.,16.076898795117));
#4220 = LINE('',#4221,#4222);
#4221 = CARTESIAN_POINT('',(144.86229709906,-100.,11.522120763302));
#4222 = VECTOR('',#4223,1.);
#4223 = DIRECTION('',(0.991444861374,0.,0.13052619222));
#4224 = ORIENTED_EDGE('',*,*,#4225,.F.);
#4225 = EDGE_CURVE('',#4226,#4218,#4228,.T.);
#4226 = VERTEX_POINT('',#4227);
#4227 = CARTESIAN_POINT('',(179.45927106677,-360.,16.076898795117));
#4228 = LINE('',#4229,#4230);
#4229 = CARTESIAN_POINT('',(179.45927106677,-360.,16.076898795117));
#4230 = VECTOR('',#4231,1.);
#4231 = DIRECTION('',(0.,1.,0.));
#4232 = ORIENTED_EDGE('',*,*,#4233,.F.);
#4233 = EDGE_CURVE('',#4195,#4226,#4234,.T.);
#4234 = LINE('',#4235,#4236);
#4235 = CARTESIAN_POINT('',(144.86229709906,-360.,11.522120763302));
#4236 = VECTOR('',#4237,1.);
#4237 = DIRECTION('',(0.991444861374,0.,0.13052619222));
#4238 = PLANE('',#4239);
#4239 = AXIS2_PLACEMENT_3D('',#4240,#4241,#4242);
#4240 = CARTESIAN_POINT('',(144.86229709906,-360.,11.522120763302));
#4241 = DIRECTION('',(0.13052619222,0.,-0.991444861374));
#4242 = DIRECTION('',(0.991444861374,0.,0.13052619222));
#4243 = ADVANCED_FACE('',(#4244),#4269,.T.);
#4244 = FACE_BOUND('',#4245,.T.);
#4245 = EDGE_LOOP('',(#4246,#4247,#4255,#4263));
#4246 = ORIENTED_EDGE('',*,*,#4225,.T.);
#4247 = ORIENTED_EDGE('',*,*,#4248,.T.);
#4248 = EDGE_CURVE('',#4218,#4249,#4251,.T.);
#4249 = VERTEX_POINT('',#4250);
#4250 = CARTESIAN_POINT('',(213.527618041,-100.,23.629669484373));
#4251 = LINE('',#4252,#4253);
#4252 = CARTESIAN_POINT('',(179.45927106677,-100.,16.076898795117));
#4253 = VECTOR('',#4254,1.);
#4254 = DIRECTION('',(0.97629600712,0.,0.216439613938));
#4255 = ORIENTED_EDGE('',*,*,#4256,.F.);
#4256 = EDGE_CURVE('',#4257,#4249,#4259,.T.);
#4257 = VERTEX_POINT('',#4258);
#4258 = CARTESIAN_POINT('',(213.527618041,-360.,23.629669484373));
#4259 = LINE('',#4260,#4261);
#4260 = CARTESIAN_POINT('',(213.527618041,-360.,23.629669484373));
#4261 = VECTOR('',#4262,1.);
#4262 = DIRECTION('',(0.,1.,0.));
#4263 = ORIENTED_EDGE('',*,*,#4264,.F.);
#4264 = EDGE_CURVE('',#4226,#4257,#4265,.T.);
#4265 = LINE('',#4266,#4267);
#4266 = CARTESIAN_POINT('',(179.45927106677,-360.,16.076898795117));
#4267 = VECTOR('',#4268,1.);
#4268 = DIRECTION('',(0.97629600712,0.,0.216439613938));
#4269 = PLANE('',#4270);
#4270 = AXIS2_PLACEMENT_3D('',#4271,#4272,#4273);
#4271 = CARTESIAN_POINT('',(179.45927106677,-360.,16.076898795117));
#4272 = DIRECTION('',(0.216439613938,0.,-0.97629600712));
#4273 = DIRECTION('',(0.97629600712,0.,0.216439613938));
#4274 = ADVANCED_FACE('',(#4275),#4300,.T.);
#4275 = FACE_BOUND('',#4276,.T.);
#4276 = EDGE_LOOP('',(#4277,#4278,#4286,#4294));
#4277 = ORIENTED_EDGE('',*,*,#4256,.T.);
#4278 = ORIENTED_EDGE('',*,*,#4279,.T.);
#4279 = EDGE_CURVE('',#4249,#4280,#4282,.T.);
#4280 = VERTEX_POINT('',#4281);
#4281 = CARTESIAN_POINT('',(246.80805733026,-100.,34.122951685637));
#4282 = LINE('',#4283,#4284);
#4283 = CARTESIAN_POINT('',(213.527618041,-100.,23.629669484373));
#4284 = VECTOR('',#4285,1.);
#4285 = DIRECTION('',(0.953716950748,0.,0.300705799504));
#4286 = ORIENTED_EDGE('',*,*,#4287,.F.);
#4287 = EDGE_CURVE('',#4288,#4280,#4290,.T.);
#4288 = VERTEX_POINT('',#4289);
#4289 = CARTESIAN_POINT('',(246.80805733026,-360.,34.122951685637));
#4290 = LINE('',#4291,#4292);
#4291 = CARTESIAN_POINT('',(246.80805733026,-360.,34.122951685637));
#4292 = VECTOR('',#4293,1.);
#4293 = DIRECTION('',(0.,1.,0.));
#4294 = ORIENTED_EDGE('',*,*,#4295,.F.);
#4295 = EDGE_CURVE('',#4257,#4288,#4296,.T.);
#4296 = LINE('',#4297,#4298);
#4297 = CARTESIAN_POINT('',(213.527618041,-360.,23.629669484373));
#4298 = VECTOR('',#4299,1.);
#4299 = DIRECTION('',(0.953716950748,0.,0.300705799504));
#4300 = PLANE('',#4301);
#4301 = AXIS2_PLACEMENT_3D('',#4302,#4303,#4304);
#4302 = CARTESIAN_POINT('',(213.527618041,-360.,23.629669484373));
#4303 = DIRECTION('',(0.300705799504,0.,-0.953716950748));
#4304 = DIRECTION('',(0.953716950748,0.,0.300705799504));
#4305 = ADVANCED_FACE('',(#4306),#4331,.T.);
#4306 = FACE_BOUND('',#4307,.T.);
#4307 = EDGE_LOOP('',(#4308,#4309,#4317,#4325));
#4308 = ORIENTED_EDGE('',*,*,#4287,.T.);
#4309 = ORIENTED_EDGE('',*,*,#4310,.T.);
#4310 = EDGE_CURVE('',#4280,#4311,#4313,.T.);
#4311 = VERTEX_POINT('',#4312);
#4312 = CARTESIAN_POINT('',(279.04730469628,-100.,47.47688518534));
#4313 = LINE('',#4314,#4315);
#4314 = CARTESIAN_POINT('',(246.80805733026,-100.,34.122951685637));
#4315 = VECTOR('',#4316,1.);
#4316 = DIRECTION('',(0.923879532511,0.,0.382683432365));
#4317 = ORIENTED_EDGE('',*,*,#4318,.F.);
#4318 = EDGE_CURVE('',#4319,#4311,#4321,.T.);
#4319 = VERTEX_POINT('',#4320);
#4320 = CARTESIAN_POINT('',(279.04730469628,-360.,47.47688518534));
#4321 = LINE('',#4322,#4323);
#4322 = CARTESIAN_POINT('',(279.04730469628,-360.,47.47688518534));
#4323 = VECTOR('',#4324,1.);
#4324 = DIRECTION('',(0.,1.,0.));
#4325 = ORIENTED_EDGE('',*,*,#4326,.F.);
#4326 = EDGE_CURVE('',#4288,#4319,#4327,.T.);
#4327 = LINE('',#4328,#4329);
#4328 = CARTESIAN_POINT('',(246.80805733026,-360.,34.122951685637));
#4329 = VECTOR('',#4330,1.);
#4330 = DIRECTION('',(0.923879532511,0.,0.382683432365));
#4331 = PLANE('',#4332);
#4332 = AXIS2_PLACEMENT_3D('',#4333,#4334,#4335);
#4333 = CARTESIAN_POINT('',(246.80805733026,-360.,34.122951685637));
#4334 = DIRECTION('',(0.382683432365,0.,-0.923879532511));
#4335 = DIRECTION('',(0.923879532511,0.,0.382683432365));
#4336 = ADVANCED_FACE('',(#4337),#4362,.T.);
#4337 = FACE_BOUND('',#4338,.T.);
#4338 = EDGE_LOOP('',(#4339,#4340,#4348,#4356));
#4339 = ORIENTED_EDGE('',*,*,#4318,.T.);
#4340 = ORIENTED_EDGE('',*,*,#4341,.T.);
#4341 = EDGE_CURVE('',#4311,#4342,#4344,.T.);
#4342 = VERTEX_POINT('',#4343);
#4343 = CARTESIAN_POINT('',(310.,-100.,63.589838486225));
#4344 = LINE('',#4345,#4346);
#4345 = CARTESIAN_POINT('',(279.04730469628,-100.,47.47688518534));
#4346 = VECTOR('',#4347,1.);
#4347 = DIRECTION('',(0.887010833178,0.,0.461748613235));
#4348 = ORIENTED_EDGE('',*,*,#4349,.F.);
#4349 = EDGE_CURVE('',#4350,#4342,#4352,.T.);
#4350 = VERTEX_POINT('',#4351);
#4351 = CARTESIAN_POINT('',(310.,-360.,63.589838486225));
#4352 = LINE('',#4353,#4354);
#4353 = CARTESIAN_POINT('',(310.,-360.,63.589838486225));
#4354 = VECTOR('',#4355,1.);
#4355 = DIRECTION('',(0.,1.,0.));
#4356 = ORIENTED_EDGE('',*,*,#4357,.F.);
#4357 = EDGE_CURVE('',#4319,#4350,#4358,.T.);
#4358 = LINE('',#4359,#4360);
#4359 = CARTESIAN_POINT('',(279.04730469628,-360.,47.47688518534));
#4360 = VECTOR('',#4361,1.);
#4361 = DIRECTION('',(0.887010833178,0.,0.461748613235));
#4362 = PLANE('',#4363);
#4363 = AXIS2_PLACEMENT_3D('',#4364,#4365,#4366);
#4364 = CARTESIAN_POINT('',(279.04730469628,-360.,47.47688518534));
#4365 = DIRECTION('',(0.461748613235,0.,-0.887010833178));
#4366 = DIRECTION('',(0.887010833178,0.,0.461748613235));
#4367 = ADVANCED_FACE('',(#4368),#4393,.T.);
#4368 = FACE_BOUND('',#4369,.T.);
#4369 = EDGE_LOOP('',(#4370,#4371,#4379,#4387));
#4370 = ORIENTED_EDGE('',*,*,#4349,.T.);
#4371 = ORIENTED_EDGE('',*,*,#4372,.T.);
#4372 = EDGE_CURVE('',#4342,#4373,#4375,.T.);
#4373 = VERTEX_POINT('',#4374);
#4374 = CARTESIAN_POINT('',(320.71307505705,-100.,70.));
#4375 = LINE('',#4376,#4377);
#4376 = CARTESIAN_POINT('',(310.,-100.,63.589838486225));
#4377 = VECTOR('',#4378,1.);
#4378 = DIRECTION('',(0.858117197531,0.,0.513453868719));
#4379 = ORIENTED_EDGE('',*,*,#4380,.F.);
#4380 = EDGE_CURVE('',#4381,#4373,#4383,.T.);
#4381 = VERTEX_POINT('',#4382);
#4382 = CARTESIAN_POINT('',(320.71307505705,-360.,70.));
#4383 = LINE('',#4384,#4385);
#4384 = CARTESIAN_POINT('',(320.71307505705,-360.,70.));
#4385 = VECTOR('',#4386,1.);
#4386 = DIRECTION('',(0.,1.,0.));
#4387 = ORIENTED_EDGE('',*,*,#4388,.F.);
#4388 = EDGE_CURVE('',#4350,#4381,#4389,.T.);
#4389 = LINE('',#4390,#4391);
#4390 = CARTESIAN_POINT('',(310.,-360.,63.589838486225));
#4391 = VECTOR('',#4392,1.);
#4392 = DIRECTION('',(0.858117197531,0.,0.513453868719));
#4393 = PLANE('',#4394);
#4394 = AXIS2_PLACEMENT_3D('',#4395,#4396,#4397);
#4395 = CARTESIAN_POINT('',(310.,-360.,63.589838486225));
#4396 = DIRECTION('',(0.513453868719,0.,-0.858117197531));
#4397 = DIRECTION('',(0.858117197531,0.,0.513453868719));
#4398 = ADVANCED_FACE('',(#4399),#4424,.T.);
#4399 = FACE_BOUND('',#4400,.T.);
#4400 = EDGE_LOOP('',(#4401,#4402,#4410,#4418));
#4401 = ORIENTED_EDGE('',*,*,#4380,.T.);
#4402 = ORIENTED_EDGE('',*,*,#4403,.T.);
#4403 = EDGE_CURVE('',#4373,#4404,#4406,.T.);
#4404 = VERTEX_POINT('',#4405);
#4405 = CARTESIAN_POINT('',(-90.,-100.,70.));
#4406 = LINE('',#4407,#4408);
#4407 = CARTESIAN_POINT('',(320.71307505705,-100.,70.));
#4408 = VECTOR('',#4409,1.);
#4409 = DIRECTION('',(-1.,0.,0.));
#4410 = ORIENTED_EDGE('',*,*,#4411,.F.);
#4411 = EDGE_CURVE('',#4412,#4404,#4414,.T.);
#4412 = VERTEX_POINT('',#4413);
#4413 = CARTESIAN_POINT('',(-90.,-360.,70.));
#4414 = LINE('',#4415,#4416);
#4415 = CARTESIAN_POINT('',(-90.,-360.,70.));
#4416 = VECTOR('',#4417,1.);
#4417 = DIRECTION('',(0.,1.,0.));
#4418 = ORIENTED_EDGE('',*,*,#4419,.F.);
#4419 = EDGE_CURVE('',#4381,#4412,#4420,.T.);
#4420 = LINE('',#4421,#4422);
#4421 = CARTESIAN_POINT('',(320.71307505705,-360.,70.));
#4422 = VECTOR('',#4423,1.);
#4423 = DIRECTION('',(-1.,0.,0.));
#4424 = PLANE('',#4425);
#4425 = AXIS2_PLACEMENT_3D('',#4426,#4427,#4428);
#4426 = CARTESIAN_POINT('',(320.71307505705,-360.,70.));
#4427 = DIRECTION('',(0.,0.,1.));
#4428 = DIRECTION('',(-1.,0.,0.));
#4429 = ADVANCED_FACE('',(#4430),#4446,.T.);
#4430 = FACE_BOUND('',#4431,.T.);
#4431 = EDGE_LOOP('',(#4432,#4433,#4439,#4440));
#4432 = ORIENTED_EDGE('',*,*,#4411,.T.);
#4433 = ORIENTED_EDGE('',*,*,#4434,.T.);
#4434 = EDGE_CURVE('',#4404,#4148,#4435,.T.);
#4435 = LINE('',#4436,#4437);
#4436 = CARTESIAN_POINT('',(-90.,-100.,70.));
#4437 = VECTOR('',#4438,1.);
#4438 = DIRECTION('',(0.,0.,-1.));
#4439 = ORIENTED_EDGE('',*,*,#4145,.F.);
#4440 = ORIENTED_EDGE('',*,*,#4441,.F.);
#4441 = EDGE_CURVE('',#4412,#4146,#4442,.T.);
#4442 = LINE('',#4443,#4444);
#4443 = CARTESIAN_POINT('',(-90.,-360.,70.));
#4444 = VECTOR('',#4445,1.);
#4445 = DIRECTION('',(0.,0.,-1.));
#4446 = PLANE('',#4447);
#4447 = AXIS2_PLACEMENT_3D('',#4448,#4449,#4450);
#4448 = CARTESIAN_POINT('',(-90.,-360.,70.));
#4449 = DIRECTION('',(-1.,0.,0.));
#4450 = DIRECTION('',(0.,0.,-1.));
#4451 = ADVANCED_FACE('',(#4452),#4464,.T.);
#4452 = FACE_BOUND('',#4453,.T.);
#4453 = EDGE_LOOP('',(#4454,#4455,#4456,#4457,#4458,#4459,#4460,#4461,
    #4462,#4463));
#4454 = ORIENTED_EDGE('',*,*,#4171,.T.);
#4455 = ORIENTED_EDGE('',*,*,#4202,.T.);
#4456 = ORIENTED_EDGE('',*,*,#4233,.T.);
#4457 = ORIENTED_EDGE('',*,*,#4264,.T.);
#4458 = ORIENTED_EDGE('',*,*,#4295,.T.);
#4459 = ORIENTED_EDGE('',*,*,#4326,.T.);
#4460 = ORIENTED_EDGE('',*,*,#4357,.T.);
#4461 = ORIENTED_EDGE('',*,*,#4388,.T.);
#4462 = ORIENTED_EDGE('',*,*,#4419,.T.);
#4463 = ORIENTED_EDGE('',*,*,#4441,.T.);
#4464 = PLANE('',#4465);
#4465 = AXIS2_PLACEMENT_3D('',#4466,#4467,#4468);
#4466 = CARTESIAN_POINT('',(103.47870639297,-360.,44.705605584484));
#4467 = DIRECTION('',(-0.,-1.,-0.));
#4468 = DIRECTION('',(0.,0.,-1.));
#4469 = ADVANCED_FACE('',(#4470),#4482,.F.);
#4470 = FACE_BOUND('',#4471,.F.);
#4471 = EDGE_LOOP('',(#4472,#4473,#4474,#4475,#4476,#4477,#4478,#4479,
    #4480,#4481));
#4472 = ORIENTED_EDGE('',*,*,#4155,.T.);
#4473 = ORIENTED_EDGE('',*,*,#4186,.T.);
#4474 = ORIENTED_EDGE('',*,*,#4217,.T.);
#4475 = ORIENTED_EDGE('',*,*,#4248,.T.);
#4476 = ORIENTED_EDGE('',*,*,#4279,.T.);
#4477 = ORIENTED_EDGE('',*,*,#4310,.T.);
#4478 = ORIENTED_EDGE('',*,*,#4341,.T.);
#4479 = ORIENTED_EDGE('',*,*,#4372,.T.);
#4480 = ORIENTED_EDGE('',*,*,#4403,.T.);
#4481 = ORIENTED_EDGE('',*,*,#4434,.T.);
#4482 = PLANE('',#4483);
#4483 = AXIS2_PLACEMENT_3D('',#4484,#4485,#4486);
#4484 = CARTESIAN_POINT('',(103.47870639297,-100.,44.705605584484));
#4485 = DIRECTION('',(-0.,-1.,-0.));
#4486 = DIRECTION('',(0.,0.,-1.));
#4487 = MANIFOLD_SOLID_BREP('',#4488);
#4488 = CLOSED_SHELL('',(#4489,#4529,#4569,#4591,#4613,#4625));
#4489 = ADVANCED_FACE('',(#4490),#4524,.F.);
#4490 = FACE_BOUND('',#4491,.F.);
#4491 = EDGE_LOOP('',(#4492,#4502,#4510,#4518));
#4492 = ORIENTED_EDGE('',*,*,#4493,.F.);
#4493 = EDGE_CURVE('',#4494,#4496,#4498,.T.);
#4494 = VERTEX_POINT('',#4495);
#4495 = CARTESIAN_POINT('',(-220.,100.,135.));
#4496 = VERTEX_POINT('',#4497);
#4497 = CARTESIAN_POINT('',(-220.,100.,155.));
#4498 = LINE('',#4499,#4500);
#4499 = CARTESIAN_POINT('',(-220.,100.,135.));
#4500 = VECTOR('',#4501,1.);
#4501 = DIRECTION('',(0.,0.,1.));
#4502 = ORIENTED_EDGE('',*,*,#4503,.T.);
#4503 = EDGE_CURVE('',#4494,#4504,#4506,.T.);
#4504 = VERTEX_POINT('',#4505);
#4505 = CARTESIAN_POINT('',(-220.,360.,135.));
#4506 = LINE('',#4507,#4508);
#4507 = CARTESIAN_POINT('',(-220.,100.,135.));
#4508 = VECTOR('',#4509,1.);
#4509 = DIRECTION('',(0.,1.,0.));
#4510 = ORIENTED_EDGE('',*,*,#4511,.T.);
#4511 = EDGE_CURVE('',#4504,#4512,#4514,.T.);
#4512 = VERTEX_POINT('',#4513);
#4513 = CARTESIAN_POINT('',(-220.,360.,155.));
#4514 = LINE('',#4515,#4516);
#4515 = CARTESIAN_POINT('',(-220.,360.,135.));
#4516 = VECTOR('',#4517,1.);
#4517 = DIRECTION('',(0.,0.,1.));
#4518 = ORIENTED_EDGE('',*,*,#4519,.F.);
#4519 = EDGE_CURVE('',#4496,#4512,#4520,.T.);
#4520 = LINE('',#4521,#4522);
#4521 = CARTESIAN_POINT('',(-220.,100.,155.));
#4522 = VECTOR('',#4523,1.);
#4523 = DIRECTION('',(0.,1.,0.));
#4524 = PLANE('',#4525);
#4525 = AXIS2_PLACEMENT_3D('',#4526,#4527,#4528);
#4526 = CARTESIAN_POINT('',(-220.,100.,135.));
#4527 = DIRECTION('',(1.,0.,0.));
#4528 = DIRECTION('',(0.,0.,1.));
#4529 = ADVANCED_FACE('',(#4530),#4564,.T.);
#4530 = FACE_BOUND('',#4531,.T.);
#4531 = EDGE_LOOP('',(#4532,#4542,#4550,#4558));
#4532 = ORIENTED_EDGE('',*,*,#4533,.F.);
#4533 = EDGE_CURVE('',#4534,#4536,#4538,.T.);
#4534 = VERTEX_POINT('',#4535);
#4535 = CARTESIAN_POINT('',(80.,100.,135.));
#4536 = VERTEX_POINT('',#4537);
#4537 = CARTESIAN_POINT('',(80.,100.,155.));
#4538 = LINE('',#4539,#4540);
#4539 = CARTESIAN_POINT('',(80.,100.,135.));
#4540 = VECTOR('',#4541,1.);
#4541 = DIRECTION('',(0.,0.,1.));
#4542 = ORIENTED_EDGE('',*,*,#4543,.T.);
#4543 = EDGE_CURVE('',#4534,#4544,#4546,.T.);
#4544 = VERTEX_POINT('',#4545);
#4545 = CARTESIAN_POINT('',(80.,360.,135.));
#4546 = LINE('',#4547,#4548);
#4547 = CARTESIAN_POINT('',(80.,100.,135.));
#4548 = VECTOR('',#4549,1.);
#4549 = DIRECTION('',(0.,1.,0.));
#4550 = ORIENTED_EDGE('',*,*,#4551,.T.);
#4551 = EDGE_CURVE('',#4544,#4552,#4554,.T.);
#4552 = VERTEX_POINT('',#4553);
#4553 = CARTESIAN_POINT('',(80.,360.,155.));
#4554 = LINE('',#4555,#4556);
#4555 = CARTESIAN_POINT('',(80.,360.,135.));
#4556 = VECTOR('',#4557,1.);
#4557 = DIRECTION('',(0.,0.,1.));
#4558 = ORIENTED_EDGE('',*,*,#4559,.F.);
#4559 = EDGE_CURVE('',#4536,#4552,#4560,.T.);
#4560 = LINE('',#4561,#4562);
#4561 = CARTESIAN_POINT('',(80.,100.,155.));
#4562 = VECTOR('',#4563,1.);
#4563 = DIRECTION('',(0.,1.,0.));
#4564 = PLANE('',#4565);
#4565 = AXIS2_PLACEMENT_3D('',#4566,#4567,#4568);
#4566 = CARTESIAN_POINT('',(80.,100.,135.));
#4567 = DIRECTION('',(1.,0.,0.));
#4568 = DIRECTION('',(0.,0.,1.));
#4569 = ADVANCED_FACE('',(#4570),#4586,.F.);
#4570 = FACE_BOUND('',#4571,.F.);
#4571 = EDGE_LOOP('',(#4572,#4578,#4579,#4585));
#4572 = ORIENTED_EDGE('',*,*,#4573,.F.);
#4573 = EDGE_CURVE('',#4494,#4534,#4574,.T.);
#4574 = LINE('',#4575,#4576);
#4575 = CARTESIAN_POINT('',(-220.,100.,135.));
#4576 = VECTOR('',#4577,1.);
#4577 = DIRECTION('',(1.,0.,0.));
#4578 = ORIENTED_EDGE('',*,*,#4493,.T.);
#4579 = ORIENTED_EDGE('',*,*,#4580,.T.);
#4580 = EDGE_CURVE('',#4496,#4536,#4581,.T.);
#4581 = LINE('',#4582,#4583);
#4582 = CARTESIAN_POINT('',(-220.,100.,155.));
#4583 = VECTOR('',#4584,1.);
#4584 = DIRECTION('',(1.,0.,0.));
#4585 = ORIENTED_EDGE('',*,*,#4533,.F.);
#4586 = PLANE('',#4587);
#4587 = AXIS2_PLACEMENT_3D('',#4588,#4589,#4590);
#4588 = CARTESIAN_POINT('',(-220.,100.,135.));
#4589 = DIRECTION('',(0.,1.,0.));
#4590 = DIRECTION('',(0.,0.,1.));
#4591 = ADVANCED_FACE('',(#4592),#4608,.T.);
#4592 = FACE_BOUND('',#4593,.T.);
#4593 = EDGE_LOOP('',(#4594,#4600,#4601,#4607));
#4594 = ORIENTED_EDGE('',*,*,#4595,.F.);
#4595 = EDGE_CURVE('',#4504,#4544,#4596,.T.);
#4596 = LINE('',#4597,#4598);
#4597 = CARTESIAN_POINT('',(-220.,360.,135.));
#4598 = VECTOR('',#4599,1.);
#4599 = DIRECTION('',(1.,0.,0.));
#4600 = ORIENTED_EDGE('',*,*,#4511,.T.);
#4601 = ORIENTED_EDGE('',*,*,#4602,.T.);
#4602 = EDGE_CURVE('',#4512,#4552,#4603,.T.);
#4603 = LINE('',#4604,#4605);
#4604 = CARTESIAN_POINT('',(-220.,360.,155.));
#4605 = VECTOR('',#4606,1.);
#4606 = DIRECTION('',(1.,0.,0.));
#4607 = ORIENTED_EDGE('',*,*,#4551,.F.);
#4608 = PLANE('',#4609);
#4609 = AXIS2_PLACEMENT_3D('',#4610,#4611,#4612);
#4610 = CARTESIAN_POINT('',(-220.,360.,135.));
#4611 = DIRECTION('',(0.,1.,0.));
#4612 = DIRECTION('',(0.,0.,1.));
#4613 = ADVANCED_FACE('',(#4614),#4620,.F.);
#4614 = FACE_BOUND('',#4615,.F.);
#4615 = EDGE_LOOP('',(#4616,#4617,#4618,#4619));
#4616 = ORIENTED_EDGE('',*,*,#4503,.F.);
#4617 = ORIENTED_EDGE('',*,*,#4573,.T.);
#4618 = ORIENTED_EDGE('',*,*,#4543,.T.);
#4619 = ORIENTED_EDGE('',*,*,#4595,.F.);
#4620 = PLANE('',#4621);
#4621 = AXIS2_PLACEMENT_3D('',#4622,#4623,#4624);
#4622 = CARTESIAN_POINT('',(-220.,100.,135.));
#4623 = DIRECTION('',(0.,0.,1.));
#4624 = DIRECTION('',(1.,0.,0.));
#4625 = ADVANCED_FACE('',(#4626),#4632,.T.);
#4626 = FACE_BOUND('',#4627,.T.);
#4627 = EDGE_LOOP('',(#4628,#4629,#4630,#4631));
#4628 = ORIENTED_EDGE('',*,*,#4519,.F.);
#4629 = ORIENTED_EDGE('',*,*,#4580,.T.);
#4630 = ORIENTED_EDGE('',*,*,#4559,.T.);
#4631 = ORIENTED_EDGE('',*,*,#4602,.F.);
#4632 = PLANE('',#4633);
#4633 = AXIS2_PLACEMENT_3D('',#4634,#4635,#4636);
#4634 = CARTESIAN_POINT('',(-220.,100.,155.));
#4635 = DIRECTION('',(0.,0.,1.));
#4636 = DIRECTION('',(1.,0.,0.));
#4637 = MANIFOLD_SOLID_BREP('',#4638);
#4638 = CLOSED_SHELL('',(#4639,#4679,#4719,#4741,#4763,#4775));
#4639 = ADVANCED_FACE('',(#4640),#4674,.F.);
#4640 = FACE_BOUND('',#4641,.F.);
#4641 = EDGE_LOOP('',(#4642,#4652,#4660,#4668));
#4642 = ORIENTED_EDGE('',*,*,#4643,.F.);
#4643 = EDGE_CURVE('',#4644,#4646,#4648,.T.);
#4644 = VERTEX_POINT('',#4645);
#4645 = CARTESIAN_POINT('',(-220.,100.,70.));
#4646 = VERTEX_POINT('',#4647);
#4647 = CARTESIAN_POINT('',(-220.,100.,90.));
#4648 = LINE('',#4649,#4650);
#4649 = CARTESIAN_POINT('',(-220.,100.,70.));
#4650 = VECTOR('',#4651,1.);
#4651 = DIRECTION('',(0.,0.,1.));
#4652 = ORIENTED_EDGE('',*,*,#4653,.T.);
#4653 = EDGE_CURVE('',#4644,#4654,#4656,.T.);
#4654 = VERTEX_POINT('',#4655);
#4655 = CARTESIAN_POINT('',(-220.,360.,70.));
#4656 = LINE('',#4657,#4658);
#4657 = CARTESIAN_POINT('',(-220.,100.,70.));
#4658 = VECTOR('',#4659,1.);
#4659 = DIRECTION('',(0.,1.,0.));
#4660 = ORIENTED_EDGE('',*,*,#4661,.T.);
#4661 = EDGE_CURVE('',#4654,#4662,#4664,.T.);
#4662 = VERTEX_POINT('',#4663);
#4663 = CARTESIAN_POINT('',(-220.,360.,90.));
#4664 = LINE('',#4665,#4666);
#4665 = CARTESIAN_POINT('',(-220.,360.,70.));
#4666 = VECTOR('',#4667,1.);
#4667 = DIRECTION('',(0.,0.,1.));
#4668 = ORIENTED_EDGE('',*,*,#4669,.F.);
#4669 = EDGE_CURVE('',#4646,#4662,#4670,.T.);
#4670 = LINE('',#4671,#4672);
#4671 = CARTESIAN_POINT('',(-220.,100.,90.));
#4672 = VECTOR('',#4673,1.);
#4673 = DIRECTION('',(0.,1.,0.));
#4674 = PLANE('',#4675);
#4675 = AXIS2_PLACEMENT_3D('',#4676,#4677,#4678);
#4676 = CARTESIAN_POINT('',(-220.,100.,70.));
#4677 = DIRECTION('',(1.,0.,0.));
#4678 = DIRECTION('',(0.,0.,1.));
#4679 = ADVANCED_FACE('',(#4680),#4714,.T.);
#4680 = FACE_BOUND('',#4681,.T.);
#4681 = EDGE_LOOP('',(#4682,#4692,#4700,#4708));
#4682 = ORIENTED_EDGE('',*,*,#4683,.F.);
#4683 = EDGE_CURVE('',#4684,#4686,#4688,.T.);
#4684 = VERTEX_POINT('',#4685);
#4685 = CARTESIAN_POINT('',(80.,100.,70.));
#4686 = VERTEX_POINT('',#4687);
#4687 = CARTESIAN_POINT('',(80.,100.,90.));
#4688 = LINE('',#4689,#4690);
#4689 = CARTESIAN_POINT('',(80.,100.,70.));
#4690 = VECTOR('',#4691,1.);
#4691 = DIRECTION('',(0.,0.,1.));
#4692 = ORIENTED_EDGE('',*,*,#4693,.T.);
#4693 = EDGE_CURVE('',#4684,#4694,#4696,.T.);
#4694 = VERTEX_POINT('',#4695);
#4695 = CARTESIAN_POINT('',(80.,360.,70.));
#4696 = LINE('',#4697,#4698);
#4697 = CARTESIAN_POINT('',(80.,100.,70.));
#4698 = VECTOR('',#4699,1.);
#4699 = DIRECTION('',(0.,1.,0.));
#4700 = ORIENTED_EDGE('',*,*,#4701,.T.);
#4701 = EDGE_CURVE('',#4694,#4702,#4704,.T.);
#4702 = VERTEX_POINT('',#4703);
#4703 = CARTESIAN_POINT('',(80.,360.,90.));
#4704 = LINE('',#4705,#4706);
#4705 = CARTESIAN_POINT('',(80.,360.,70.));
#4706 = VECTOR('',#4707,1.);
#4707 = DIRECTION('',(0.,0.,1.));
#4708 = ORIENTED_EDGE('',*,*,#4709,.F.);
#4709 = EDGE_CURVE('',#4686,#4702,#4710,.T.);
#4710 = LINE('',#4711,#4712);
#4711 = CARTESIAN_POINT('',(80.,100.,90.));
#4712 = VECTOR('',#4713,1.);
#4713 = DIRECTION('',(0.,1.,0.));
#4714 = PLANE('',#4715);
#4715 = AXIS2_PLACEMENT_3D('',#4716,#4717,#4718);
#4716 = CARTESIAN_POINT('',(80.,100.,70.));
#4717 = DIRECTION('',(1.,0.,0.));
#4718 = DIRECTION('',(0.,0.,1.));
#4719 = ADVANCED_FACE('',(#4720),#4736,.F.);
#4720 = FACE_BOUND('',#4721,.F.);
#4721 = EDGE_LOOP('',(#4722,#4728,#4729,#4735));
#4722 = ORIENTED_EDGE('',*,*,#4723,.F.);
#4723 = EDGE_CURVE('',#4644,#4684,#4724,.T.);
#4724 = LINE('',#4725,#4726);
#4725 = CARTESIAN_POINT('',(-220.,100.,70.));
#4726 = VECTOR('',#4727,1.);
#4727 = DIRECTION('',(1.,0.,0.));
#4728 = ORIENTED_EDGE('',*,*,#4643,.T.);
#4729 = ORIENTED_EDGE('',*,*,#4730,.T.);
#4730 = EDGE_CURVE('',#4646,#4686,#4731,.T.);
#4731 = LINE('',#4732,#4733);
#4732 = CARTESIAN_POINT('',(-220.,100.,90.));
#4733 = VECTOR('',#4734,1.);
#4734 = DIRECTION('',(1.,0.,0.));
#4735 = ORIENTED_EDGE('',*,*,#4683,.F.);
#4736 = PLANE('',#4737);
#4737 = AXIS2_PLACEMENT_3D('',#4738,#4739,#4740);
#4738 = CARTESIAN_POINT('',(-220.,100.,70.));
#4739 = DIRECTION('',(0.,1.,0.));
#4740 = DIRECTION('',(0.,0.,1.));
#4741 = ADVANCED_FACE('',(#4742),#4758,.T.);
#4742 = FACE_BOUND('',#4743,.T.);
#4743 = EDGE_LOOP('',(#4744,#4750,#4751,#4757));
#4744 = ORIENTED_EDGE('',*,*,#4745,.F.);
#4745 = EDGE_CURVE('',#4654,#4694,#4746,.T.);
#4746 = LINE('',#4747,#4748);
#4747 = CARTESIAN_POINT('',(-220.,360.,70.));
#4748 = VECTOR('',#4749,1.);
#4749 = DIRECTION('',(1.,0.,0.));
#4750 = ORIENTED_EDGE('',*,*,#4661,.T.);
#4751 = ORIENTED_EDGE('',*,*,#4752,.T.);
#4752 = EDGE_CURVE('',#4662,#4702,#4753,.T.);
#4753 = LINE('',#4754,#4755);
#4754 = CARTESIAN_POINT('',(-220.,360.,90.));
#4755 = VECTOR('',#4756,1.);
#4756 = DIRECTION('',(1.,0.,0.));
#4757 = ORIENTED_EDGE('',*,*,#4701,.F.);
#4758 = PLANE('',#4759);
#4759 = AXIS2_PLACEMENT_3D('',#4760,#4761,#4762);
#4760 = CARTESIAN_POINT('',(-220.,360.,70.));
#4761 = DIRECTION('',(0.,1.,0.));
#4762 = DIRECTION('',(0.,0.,1.));
#4763 = ADVANCED_FACE('',(#4764),#4770,.F.);
#4764 = FACE_BOUND('',#4765,.F.);
#4765 = EDGE_LOOP('',(#4766,#4767,#4768,#4769));
#4766 = ORIENTED_EDGE('',*,*,#4653,.F.);
#4767 = ORIENTED_EDGE('',*,*,#4723,.T.);
#4768 = ORIENTED_EDGE('',*,*,#4693,.T.);
#4769 = ORIENTED_EDGE('',*,*,#4745,.F.);
#4770 = PLANE('',#4771);
#4771 = AXIS2_PLACEMENT_3D('',#4772,#4773,#4774);
#4772 = CARTESIAN_POINT('',(-220.,100.,70.));
#4773 = DIRECTION('',(0.,0.,1.));
#4774 = DIRECTION('',(1.,0.,0.));
#4775 = ADVANCED_FACE('',(#4776),#4782,.T.);
#4776 = FACE_BOUND('',#4777,.T.);
#4777 = EDGE_LOOP('',(#4778,#4779,#4780,#4781));
#4778 = ORIENTED_EDGE('',*,*,#4669,.F.);
#4779 = ORIENTED_EDGE('',*,*,#4730,.T.);
#4780 = ORIENTED_EDGE('',*,*,#4709,.T.);
#4781 = ORIENTED_EDGE('',*,*,#4752,.F.);
#4782 = PLANE('',#4783);
#4783 = AXIS2_PLACEMENT_3D('',#4784,#4785,#4786);
#4784 = CARTESIAN_POINT('',(-220.,100.,90.));
#4785 = DIRECTION('',(0.,0.,1.));
#4786 = DIRECTION('',(1.,0.,0.));
#4787 = MANIFOLD_SOLID_BREP('',#4788);
#4788 = CLOSED_SHELL('',(#4789,#4822,#4831));
#4789 = ADVANCED_FACE('',(#4790),#4817,.T.);
#4790 = FACE_BOUND('',#4791,.T.);
#4791 = EDGE_LOOP('',(#4792,#4801,#4809,#4816));
#4792 = ORIENTED_EDGE('',*,*,#4793,.F.);
#4793 = EDGE_CURVE('',#4794,#4794,#4796,.T.);
#4794 = VERTEX_POINT('',#4795);
#4795 = CARTESIAN_POINT('',(-211.,140.,135.));
#4796 = CIRCLE('',#4797,9.);
#4797 = AXIS2_PLACEMENT_3D('',#4798,#4799,#4800);
#4798 = CARTESIAN_POINT('',(-220.,140.,135.));
#4799 = DIRECTION('',(0.,0.,1.));
#4800 = DIRECTION('',(1.,0.,0.));
#4801 = ORIENTED_EDGE('',*,*,#4802,.F.);
#4802 = EDGE_CURVE('',#4803,#4794,#4805,.T.);
#4803 = VERTEX_POINT('',#4804);
#4804 = CARTESIAN_POINT('',(-211.,140.,90.));
#4805 = LINE('',#4806,#4807);
#4806 = CARTESIAN_POINT('',(-211.,140.,90.));
#4807 = VECTOR('',#4808,1.);
#4808 = DIRECTION('',(0.,0.,1.));
#4809 = ORIENTED_EDGE('',*,*,#4810,.T.);
#4810 = EDGE_CURVE('',#4803,#4803,#4811,.T.);
#4811 = CIRCLE('',#4812,9.);
#4812 = AXIS2_PLACEMENT_3D('',#4813,#4814,#4815);
#4813 = CARTESIAN_POINT('',(-220.,140.,90.));
#4814 = DIRECTION('',(0.,0.,1.));
#4815 = DIRECTION('',(1.,0.,0.));
#4816 = ORIENTED_EDGE('',*,*,#4802,.T.);
#4817 = CYLINDRICAL_SURFACE('',#4818,9.);
#4818 = AXIS2_PLACEMENT_3D('',#4819,#4820,#4821);
#4819 = CARTESIAN_POINT('',(-220.,140.,90.));
#4820 = DIRECTION('',(0.,0.,1.));
#4821 = DIRECTION('',(1.,0.,0.));
#4822 = ADVANCED_FACE('',(#4823),#4826,.T.);
#4823 = FACE_BOUND('',#4824,.T.);
#4824 = EDGE_LOOP('',(#4825));
#4825 = ORIENTED_EDGE('',*,*,#4793,.T.);
#4826 = PLANE('',#4827);
#4827 = AXIS2_PLACEMENT_3D('',#4828,#4829,#4830);
#4828 = CARTESIAN_POINT('',(-220.,140.,135.));
#4829 = DIRECTION('',(0.,0.,1.));
#4830 = DIRECTION('',(1.,0.,0.));
#4831 = ADVANCED_FACE('',(#4832),#4835,.F.);
#4832 = FACE_BOUND('',#4833,.T.);
#4833 = EDGE_LOOP('',(#4834));
#4834 = ORIENTED_EDGE('',*,*,#4810,.F.);
#4835 = PLANE('',#4836);
#4836 = AXIS2_PLACEMENT_3D('',#4837,#4838,#4839);
#4837 = CARTESIAN_POINT('',(-220.,140.,90.));
#4838 = DIRECTION('',(0.,0.,1.));
#4839 = DIRECTION('',(1.,0.,0.));
#4840 = MANIFOLD_SOLID_BREP('',#4841);
#4841 = CLOSED_SHELL('',(#4842,#4875,#4884));
#4842 = ADVANCED_FACE('',(#4843),#4870,.T.);
#4843 = FACE_BOUND('',#4844,.T.);
#4844 = EDGE_LOOP('',(#4845,#4854,#4862,#4869));
#4845 = ORIENTED_EDGE('',*,*,#4846,.F.);
#4846 = EDGE_CURVE('',#4847,#4847,#4849,.T.);
#4847 = VERTEX_POINT('',#4848);
#4848 = CARTESIAN_POINT('',(-211.,320.,135.));
#4849 = CIRCLE('',#4850,9.);
#4850 = AXIS2_PLACEMENT_3D('',#4851,#4852,#4853);
#4851 = CARTESIAN_POINT('',(-220.,320.,135.));
#4852 = DIRECTION('',(0.,0.,1.));
#4853 = DIRECTION('',(1.,0.,0.));
#4854 = ORIENTED_EDGE('',*,*,#4855,.F.);
#4855 = EDGE_CURVE('',#4856,#4847,#4858,.T.);
#4856 = VERTEX_POINT('',#4857);
#4857 = CARTESIAN_POINT('',(-211.,320.,90.));
#4858 = LINE('',#4859,#4860);
#4859 = CARTESIAN_POINT('',(-211.,320.,90.));
#4860 = VECTOR('',#4861,1.);
#4861 = DIRECTION('',(0.,0.,1.));
#4862 = ORIENTED_EDGE('',*,*,#4863,.T.);
#4863 = EDGE_CURVE('',#4856,#4856,#4864,.T.);
#4864 = CIRCLE('',#4865,9.);
#4865 = AXIS2_PLACEMENT_3D('',#4866,#4867,#4868);
#4866 = CARTESIAN_POINT('',(-220.,320.,90.));
#4867 = DIRECTION('',(0.,0.,1.));
#4868 = DIRECTION('',(1.,0.,0.));
#4869 = ORIENTED_EDGE('',*,*,#4855,.T.);
#4870 = CYLINDRICAL_SURFACE('',#4871,9.);
#4871 = AXIS2_PLACEMENT_3D('',#4872,#4873,#4874);
#4872 = CARTESIAN_POINT('',(-220.,320.,90.));
#4873 = DIRECTION('',(0.,0.,1.));
#4874 = DIRECTION('',(1.,0.,0.));
#4875 = ADVANCED_FACE('',(#4876),#4879,.T.);
#4876 = FACE_BOUND('',#4877,.T.);
#4877 = EDGE_LOOP('',(#4878));
#4878 = ORIENTED_EDGE('',*,*,#4846,.T.);
#4879 = PLANE('',#4880);
#4880 = AXIS2_PLACEMENT_3D('',#4881,#4882,#4883);
#4881 = CARTESIAN_POINT('',(-220.,320.,135.));
#4882 = DIRECTION('',(0.,0.,1.));
#4883 = DIRECTION('',(1.,0.,0.));
#4884 = ADVANCED_FACE('',(#4885),#4888,.F.);
#4885 = FACE_BOUND('',#4886,.T.);
#4886 = EDGE_LOOP('',(#4887));
#4887 = ORIENTED_EDGE('',*,*,#4863,.F.);
#4888 = PLANE('',#4889);
#4889 = AXIS2_PLACEMENT_3D('',#4890,#4891,#4892);
#4890 = CARTESIAN_POINT('',(-220.,320.,90.));
#4891 = DIRECTION('',(0.,0.,1.));
#4892 = DIRECTION('',(1.,0.,0.));
#4893 = MANIFOLD_SOLID_BREP('',#4894);
#4894 = CLOSED_SHELL('',(#4895,#4928,#4937));
#4895 = ADVANCED_FACE('',(#4896),#4923,.T.);
#4896 = FACE_BOUND('',#4897,.T.);
#4897 = EDGE_LOOP('',(#4898,#4907,#4915,#4922));
#4898 = ORIENTED_EDGE('',*,*,#4899,.F.);
#4899 = EDGE_CURVE('',#4900,#4900,#4902,.T.);
#4900 = VERTEX_POINT('',#4901);
#4901 = CARTESIAN_POINT('',(89.,140.,135.));
#4902 = CIRCLE('',#4903,9.);
#4903 = AXIS2_PLACEMENT_3D('',#4904,#4905,#4906);
#4904 = CARTESIAN_POINT('',(80.,140.,135.));
#4905 = DIRECTION('',(0.,0.,1.));
#4906 = DIRECTION('',(1.,0.,0.));
#4907 = ORIENTED_EDGE('',*,*,#4908,.F.);
#4908 = EDGE_CURVE('',#4909,#4900,#4911,.T.);
#4909 = VERTEX_POINT('',#4910);
#4910 = CARTESIAN_POINT('',(89.,140.,90.));
#4911 = LINE('',#4912,#4913);
#4912 = CARTESIAN_POINT('',(89.,140.,90.));
#4913 = VECTOR('',#4914,1.);
#4914 = DIRECTION('',(0.,0.,1.));
#4915 = ORIENTED_EDGE('',*,*,#4916,.T.);
#4916 = EDGE_CURVE('',#4909,#4909,#4917,.T.);
#4917 = CIRCLE('',#4918,9.);
#4918 = AXIS2_PLACEMENT_3D('',#4919,#4920,#4921);
#4919 = CARTESIAN_POINT('',(80.,140.,90.));
#4920 = DIRECTION('',(0.,0.,1.));
#4921 = DIRECTION('',(1.,0.,0.));
#4922 = ORIENTED_EDGE('',*,*,#4908,.T.);
#4923 = CYLINDRICAL_SURFACE('',#4924,9.);
#4924 = AXIS2_PLACEMENT_3D('',#4925,#4926,#4927);
#4925 = CARTESIAN_POINT('',(80.,140.,90.));
#4926 = DIRECTION('',(0.,0.,1.));
#4927 = DIRECTION('',(1.,0.,0.));
#4928 = ADVANCED_FACE('',(#4929),#4932,.T.);
#4929 = FACE_BOUND('',#4930,.T.);
#4930 = EDGE_LOOP('',(#4931));
#4931 = ORIENTED_EDGE('',*,*,#4899,.T.);
#4932 = PLANE('',#4933);
#4933 = AXIS2_PLACEMENT_3D('',#4934,#4935,#4936);
#4934 = CARTESIAN_POINT('',(80.,140.,135.));
#4935 = DIRECTION('',(0.,0.,1.));
#4936 = DIRECTION('',(1.,0.,0.));
#4937 = ADVANCED_FACE('',(#4938),#4941,.F.);
#4938 = FACE_BOUND('',#4939,.T.);
#4939 = EDGE_LOOP('',(#4940));
#4940 = ORIENTED_EDGE('',*,*,#4916,.F.);
#4941 = PLANE('',#4942);
#4942 = AXIS2_PLACEMENT_3D('',#4943,#4944,#4945);
#4943 = CARTESIAN_POINT('',(80.,140.,90.));
#4944 = DIRECTION('',(0.,0.,1.));
#4945 = DIRECTION('',(1.,0.,0.));
#4946 = MANIFOLD_SOLID_BREP('',#4947);
#4947 = CLOSED_SHELL('',(#4948,#4981,#4990));
#4948 = ADVANCED_FACE('',(#4949),#4976,.T.);
#4949 = FACE_BOUND('',#4950,.T.);
#4950 = EDGE_LOOP('',(#4951,#4960,#4968,#4975));
#4951 = ORIENTED_EDGE('',*,*,#4952,.F.);
#4952 = EDGE_CURVE('',#4953,#4953,#4955,.T.);
#4953 = VERTEX_POINT('',#4954);
#4954 = CARTESIAN_POINT('',(89.,320.,135.));
#4955 = CIRCLE('',#4956,9.);
#4956 = AXIS2_PLACEMENT_3D('',#4957,#4958,#4959);
#4957 = CARTESIAN_POINT('',(80.,320.,135.));
#4958 = DIRECTION('',(0.,0.,1.));
#4959 = DIRECTION('',(1.,0.,0.));
#4960 = ORIENTED_EDGE('',*,*,#4961,.F.);
#4961 = EDGE_CURVE('',#4962,#4953,#4964,.T.);
#4962 = VERTEX_POINT('',#4963);
#4963 = CARTESIAN_POINT('',(89.,320.,90.));
#4964 = LINE('',#4965,#4966);
#4965 = CARTESIAN_POINT('',(89.,320.,90.));
#4966 = VECTOR('',#4967,1.);
#4967 = DIRECTION('',(0.,0.,1.));
#4968 = ORIENTED_EDGE('',*,*,#4969,.T.);
#4969 = EDGE_CURVE('',#4962,#4962,#4970,.T.);
#4970 = CIRCLE('',#4971,9.);
#4971 = AXIS2_PLACEMENT_3D('',#4972,#4973,#4974);
#4972 = CARTESIAN_POINT('',(80.,320.,90.));
#4973 = DIRECTION('',(0.,0.,1.));
#4974 = DIRECTION('',(1.,0.,0.));
#4975 = ORIENTED_EDGE('',*,*,#4961,.T.);
#4976 = CYLINDRICAL_SURFACE('',#4977,9.);
#4977 = AXIS2_PLACEMENT_3D('',#4978,#4979,#4980);
#4978 = CARTESIAN_POINT('',(80.,320.,90.));
#4979 = DIRECTION('',(0.,0.,1.));
#4980 = DIRECTION('',(1.,0.,0.));
#4981 = ADVANCED_FACE('',(#4982),#4985,.T.);
#4982 = FACE_BOUND('',#4983,.T.);
#4983 = EDGE_LOOP('',(#4984));
#4984 = ORIENTED_EDGE('',*,*,#4952,.T.);
#4985 = PLANE('',#4986);
#4986 = AXIS2_PLACEMENT_3D('',#4987,#4988,#4989);
#4987 = CARTESIAN_POINT('',(80.,320.,135.));
#4988 = DIRECTION('',(0.,0.,1.));
#4989 = DIRECTION('',(1.,0.,0.));
#4990 = ADVANCED_FACE('',(#4991),#4994,.F.);
#4991 = FACE_BOUND('',#4992,.T.);
#4992 = EDGE_LOOP('',(#4993));
#4993 = ORIENTED_EDGE('',*,*,#4969,.F.);
#4994 = PLANE('',#4995);
#4995 = AXIS2_PLACEMENT_3D('',#4996,#4997,#4998);
#4996 = CARTESIAN_POINT('',(80.,320.,90.));
#4997 = DIRECTION('',(0.,0.,1.));
#4998 = DIRECTION('',(1.,0.,0.));
#4999 = MANIFOLD_SOLID_BREP('',#5000);
#5000 = CLOSED_SHELL('',(#5001,#5041,#5072,#5103,#5134,#5165,#5196,#5227
    ,#5258,#5289,#5311,#5329));
#5001 = ADVANCED_FACE('',(#5002),#5036,.T.);
#5002 = FACE_BOUND('',#5003,.T.);
#5003 = EDGE_LOOP('',(#5004,#5014,#5022,#5030));
#5004 = ORIENTED_EDGE('',*,*,#5005,.T.);
#5005 = EDGE_CURVE('',#5006,#5008,#5010,.T.);
#5006 = VERTEX_POINT('',#5007);
#5007 = CARTESIAN_POINT('',(-230.,100.,10.));
#5008 = VERTEX_POINT('',#5009);
#5009 = CARTESIAN_POINT('',(-230.,360.,10.));
#5010 = LINE('',#5011,#5012);
#5011 = CARTESIAN_POINT('',(-230.,100.,10.));
#5012 = VECTOR('',#5013,1.);
#5013 = DIRECTION('',(0.,1.,0.));
#5014 = ORIENTED_EDGE('',*,*,#5015,.T.);
#5015 = EDGE_CURVE('',#5008,#5016,#5018,.T.);
#5016 = VERTEX_POINT('',#5017);
#5017 = CARTESIAN_POINT('',(-30.,360.,10.));
#5018 = LINE('',#5019,#5020);
#5019 = CARTESIAN_POINT('',(-230.,360.,10.));
#5020 = VECTOR('',#5021,1.);
#5021 = DIRECTION('',(1.,0.,0.));
#5022 = ORIENTED_EDGE('',*,*,#5023,.F.);
#5023 = EDGE_CURVE('',#5024,#5016,#5026,.T.);
#5024 = VERTEX_POINT('',#5025);
#5025 = CARTESIAN_POINT('',(-30.,100.,10.));
#5026 = LINE('',#5027,#5028);
#5027 = CARTESIAN_POINT('',(-30.,100.,10.));
#5028 = VECTOR('',#5029,1.);
#5029 = DIRECTION('',(0.,1.,0.));
#5030 = ORIENTED_EDGE('',*,*,#5031,.F.);
#5031 = EDGE_CURVE('',#5006,#5024,#5032,.T.);
#5032 = LINE('',#5033,#5034);
#5033 = CARTESIAN_POINT('',(-230.,100.,10.));
#5034 = VECTOR('',#5035,1.);
#5035 = DIRECTION('',(1.,0.,0.));
#5036 = PLANE('',#5037);
#5037 = AXIS2_PLACEMENT_3D('',#5038,#5039,#5040);
#5038 = CARTESIAN_POINT('',(-230.,100.,10.));
#5039 = DIRECTION('',(0.,0.,-1.));
#5040 = DIRECTION('',(1.,0.,0.));
#5041 = ADVANCED_FACE('',(#5042),#5067,.T.);
#5042 = FACE_BOUND('',#5043,.T.);
#5043 = EDGE_LOOP('',(#5044,#5045,#5053,#5061));
#5044 = ORIENTED_EDGE('',*,*,#5023,.T.);
#5045 = ORIENTED_EDGE('',*,*,#5046,.T.);
#5046 = EDGE_CURVE('',#5016,#5047,#5049,.T.);
#5047 = VERTEX_POINT('',#5048);
#5048 = CARTESIAN_POINT('',(4.862297099063,360.,11.522120763302));
#5049 = LINE('',#5050,#5051);
#5050 = CARTESIAN_POINT('',(-30.,360.,10.));
#5051 = VECTOR('',#5052,1.);
#5052 = DIRECTION('',(0.999048221582,0.,4.361938736534E-02));
#5053 = ORIENTED_EDGE('',*,*,#5054,.F.);
#5054 = EDGE_CURVE('',#5055,#5047,#5057,.T.);
#5055 = VERTEX_POINT('',#5056);
#5056 = CARTESIAN_POINT('',(4.862297099063,100.,11.522120763302));
#5057 = LINE('',#5058,#5059);
#5058 = CARTESIAN_POINT('',(4.862297099063,100.,11.522120763302));
#5059 = VECTOR('',#5060,1.);
#5060 = DIRECTION('',(0.,1.,0.));
#5061 = ORIENTED_EDGE('',*,*,#5062,.F.);
#5062 = EDGE_CURVE('',#5024,#5055,#5063,.T.);
#5063 = LINE('',#5064,#5065);
#5064 = CARTESIAN_POINT('',(-30.,100.,10.));
#5065 = VECTOR('',#5066,1.);
#5066 = DIRECTION('',(0.999048221582,0.,4.361938736534E-02));
#5067 = PLANE('',#5068);
#5068 = AXIS2_PLACEMENT_3D('',#5069,#5070,#5071);
#5069 = CARTESIAN_POINT('',(-30.,100.,10.));
#5070 = DIRECTION('',(4.361938736534E-02,0.,-0.999048221582));
#5071 = DIRECTION('',(0.999048221582,0.,4.361938736534E-02));
#5072 = ADVANCED_FACE('',(#5073),#5098,.T.);
#5073 = FACE_BOUND('',#5074,.T.);
#5074 = EDGE_LOOP('',(#5075,#5076,#5084,#5092));
#5075 = ORIENTED_EDGE('',*,*,#5054,.T.);
#5076 = ORIENTED_EDGE('',*,*,#5077,.T.);
#5077 = EDGE_CURVE('',#5047,#5078,#5080,.T.);
#5078 = VERTEX_POINT('',#5079);
#5079 = CARTESIAN_POINT('',(39.459271066772,360.,16.076898795117));
#5080 = LINE('',#5081,#5082);
#5081 = CARTESIAN_POINT('',(4.862297099063,360.,11.522120763302));
#5082 = VECTOR('',#5083,1.);
#5083 = DIRECTION('',(0.991444861374,0.,0.13052619222));
#5084 = ORIENTED_EDGE('',*,*,#5085,.F.);
#5085 = EDGE_CURVE('',#5086,#5078,#5088,.T.);
#5086 = VERTEX_POINT('',#5087);
#5087 = CARTESIAN_POINT('',(39.459271066772,100.,16.076898795117));
#5088 = LINE('',#5089,#5090);
#5089 = CARTESIAN_POINT('',(39.459271066772,100.,16.076898795117));
#5090 = VECTOR('',#5091,1.);
#5091 = DIRECTION('',(0.,1.,0.));
#5092 = ORIENTED_EDGE('',*,*,#5093,.F.);
#5093 = EDGE_CURVE('',#5055,#5086,#5094,.T.);
#5094 = LINE('',#5095,#5096);
#5095 = CARTESIAN_POINT('',(4.862297099063,100.,11.522120763302));
#5096 = VECTOR('',#5097,1.);
#5097 = DIRECTION('',(0.991444861374,0.,0.13052619222));
#5098 = PLANE('',#5099);
#5099 = AXIS2_PLACEMENT_3D('',#5100,#5101,#5102);
#5100 = CARTESIAN_POINT('',(4.862297099063,100.,11.522120763302));
#5101 = DIRECTION('',(0.13052619222,0.,-0.991444861374));
#5102 = DIRECTION('',(0.991444861374,0.,0.13052619222));
#5103 = ADVANCED_FACE('',(#5104),#5129,.T.);
#5104 = FACE_BOUND('',#5105,.T.);
#5105 = EDGE_LOOP('',(#5106,#5107,#5115,#5123));
#5106 = ORIENTED_EDGE('',*,*,#5085,.T.);
#5107 = ORIENTED_EDGE('',*,*,#5108,.T.);
#5108 = EDGE_CURVE('',#5078,#5109,#5111,.T.);
#5109 = VERTEX_POINT('',#5110);
#5110 = CARTESIAN_POINT('',(73.527618041008,360.,23.629669484373));
#5111 = LINE('',#5112,#5113);
#5112 = CARTESIAN_POINT('',(39.459271066772,360.,16.076898795117));
#5113 = VECTOR('',#5114,1.);
#5114 = DIRECTION('',(0.97629600712,0.,0.216439613938));
#5115 = ORIENTED_EDGE('',*,*,#5116,.F.);
#5116 = EDGE_CURVE('',#5117,#5109,#5119,.T.);
#5117 = VERTEX_POINT('',#5118);
#5118 = CARTESIAN_POINT('',(73.527618041008,100.,23.629669484373));
#5119 = LINE('',#5120,#5121);
#5120 = CARTESIAN_POINT('',(73.527618041008,100.,23.629669484373));
#5121 = VECTOR('',#5122,1.);
#5122 = DIRECTION('',(0.,1.,0.));
#5123 = ORIENTED_EDGE('',*,*,#5124,.F.);
#5124 = EDGE_CURVE('',#5086,#5117,#5125,.T.);
#5125 = LINE('',#5126,#5127);
#5126 = CARTESIAN_POINT('',(39.459271066772,100.,16.076898795117));
#5127 = VECTOR('',#5128,1.);
#5128 = DIRECTION('',(0.97629600712,0.,0.216439613938));
#5129 = PLANE('',#5130);
#5130 = AXIS2_PLACEMENT_3D('',#5131,#5132,#5133);
#5131 = CARTESIAN_POINT('',(39.459271066772,100.,16.076898795117));
#5132 = DIRECTION('',(0.216439613938,0.,-0.97629600712));
#5133 = DIRECTION('',(0.97629600712,0.,0.216439613938));
#5134 = ADVANCED_FACE('',(#5135),#5160,.T.);
#5135 = FACE_BOUND('',#5136,.T.);
#5136 = EDGE_LOOP('',(#5137,#5138,#5146,#5154));
#5137 = ORIENTED_EDGE('',*,*,#5116,.T.);
#5138 = ORIENTED_EDGE('',*,*,#5139,.T.);
#5139 = EDGE_CURVE('',#5109,#5140,#5142,.T.);
#5140 = VERTEX_POINT('',#5141);
#5141 = CARTESIAN_POINT('',(106.80805733026,360.,34.122951685637));
#5142 = LINE('',#5143,#5144);
#5143 = CARTESIAN_POINT('',(73.527618041008,360.,23.629669484373));
#5144 = VECTOR('',#5145,1.);
#5145 = DIRECTION('',(0.953716950748,0.,0.300705799504));
#5146 = ORIENTED_EDGE('',*,*,#5147,.F.);
#5147 = EDGE_CURVE('',#5148,#5140,#5150,.T.);
#5148 = VERTEX_POINT('',#5149);
#5149 = CARTESIAN_POINT('',(106.80805733026,100.,34.122951685637));
#5150 = LINE('',#5151,#5152);
#5151 = CARTESIAN_POINT('',(106.80805733026,100.,34.122951685637));
#5152 = VECTOR('',#5153,1.);
#5153 = DIRECTION('',(0.,1.,0.));
#5154 = ORIENTED_EDGE('',*,*,#5155,.F.);
#5155 = EDGE_CURVE('',#5117,#5148,#5156,.T.);
#5156 = LINE('',#5157,#5158);
#5157 = CARTESIAN_POINT('',(73.527618041008,100.,23.629669484373));
#5158 = VECTOR('',#5159,1.);
#5159 = DIRECTION('',(0.953716950748,0.,0.300705799504));
#5160 = PLANE('',#5161);
#5161 = AXIS2_PLACEMENT_3D('',#5162,#5163,#5164);
#5162 = CARTESIAN_POINT('',(73.527618041008,100.,23.629669484373));
#5163 = DIRECTION('',(0.300705799504,0.,-0.953716950748));
#5164 = DIRECTION('',(0.953716950748,0.,0.300705799504));
#5165 = ADVANCED_FACE('',(#5166),#5191,.T.);
#5166 = FACE_BOUND('',#5167,.T.);
#5167 = EDGE_LOOP('',(#5168,#5169,#5177,#5185));
#5168 = ORIENTED_EDGE('',*,*,#5147,.T.);
#5169 = ORIENTED_EDGE('',*,*,#5170,.T.);
#5170 = EDGE_CURVE('',#5140,#5171,#5173,.T.);
#5171 = VERTEX_POINT('',#5172);
#5172 = CARTESIAN_POINT('',(139.04730469628,360.,47.47688518534));
#5173 = LINE('',#5174,#5175);
#5174 = CARTESIAN_POINT('',(106.80805733026,360.,34.122951685637));
#5175 = VECTOR('',#5176,1.);
#5176 = DIRECTION('',(0.923879532511,0.,0.382683432365));
#5177 = ORIENTED_EDGE('',*,*,#5178,.F.);
#5178 = EDGE_CURVE('',#5179,#5171,#5181,.T.);
#5179 = VERTEX_POINT('',#5180);
#5180 = CARTESIAN_POINT('',(139.04730469628,100.,47.47688518534));
#5181 = LINE('',#5182,#5183);
#5182 = CARTESIAN_POINT('',(139.04730469628,100.,47.47688518534));
#5183 = VECTOR('',#5184,1.);
#5184 = DIRECTION('',(0.,1.,0.));
#5185 = ORIENTED_EDGE('',*,*,#5186,.F.);
#5186 = EDGE_CURVE('',#5148,#5179,#5187,.T.);
#5187 = LINE('',#5188,#5189);
#5188 = CARTESIAN_POINT('',(106.80805733026,100.,34.122951685637));
#5189 = VECTOR('',#5190,1.);
#5190 = DIRECTION('',(0.923879532511,0.,0.382683432365));
#5191 = PLANE('',#5192);
#5192 = AXIS2_PLACEMENT_3D('',#5193,#5194,#5195);
#5193 = CARTESIAN_POINT('',(106.80805733026,100.,34.122951685637));
#5194 = DIRECTION('',(0.382683432365,0.,-0.923879532511));
#5195 = DIRECTION('',(0.923879532511,0.,0.382683432365));
#5196 = ADVANCED_FACE('',(#5197),#5222,.T.);
#5197 = FACE_BOUND('',#5198,.T.);
#5198 = EDGE_LOOP('',(#5199,#5200,#5208,#5216));
#5199 = ORIENTED_EDGE('',*,*,#5178,.T.);
#5200 = ORIENTED_EDGE('',*,*,#5201,.T.);
#5201 = EDGE_CURVE('',#5171,#5202,#5204,.T.);
#5202 = VERTEX_POINT('',#5203);
#5203 = CARTESIAN_POINT('',(170.,360.,63.589838486225));
#5204 = LINE('',#5205,#5206);
#5205 = CARTESIAN_POINT('',(139.04730469628,360.,47.47688518534));
#5206 = VECTOR('',#5207,1.);
#5207 = DIRECTION('',(0.887010833178,0.,0.461748613235));
#5208 = ORIENTED_EDGE('',*,*,#5209,.F.);
#5209 = EDGE_CURVE('',#5210,#5202,#5212,.T.);
#5210 = VERTEX_POINT('',#5211);
#5211 = CARTESIAN_POINT('',(170.,100.,63.589838486225));
#5212 = LINE('',#5213,#5214);
#5213 = CARTESIAN_POINT('',(170.,100.,63.589838486225));
#5214 = VECTOR('',#5215,1.);
#5215 = DIRECTION('',(0.,1.,0.));
#5216 = ORIENTED_EDGE('',*,*,#5217,.F.);
#5217 = EDGE_CURVE('',#5179,#5210,#5218,.T.);
#5218 = LINE('',#5219,#5220);
#5219 = CARTESIAN_POINT('',(139.04730469628,100.,47.47688518534));
#5220 = VECTOR('',#5221,1.);
#5221 = DIRECTION('',(0.887010833178,0.,0.461748613235));
#5222 = PLANE('',#5223);
#5223 = AXIS2_PLACEMENT_3D('',#5224,#5225,#5226);
#5224 = CARTESIAN_POINT('',(139.04730469628,100.,47.47688518534));
#5225 = DIRECTION('',(0.461748613235,0.,-0.887010833178));
#5226 = DIRECTION('',(0.887010833178,0.,0.461748613235));
#5227 = ADVANCED_FACE('',(#5228),#5253,.T.);
#5228 = FACE_BOUND('',#5229,.T.);
#5229 = EDGE_LOOP('',(#5230,#5231,#5239,#5247));
#5230 = ORIENTED_EDGE('',*,*,#5209,.T.);
#5231 = ORIENTED_EDGE('',*,*,#5232,.T.);
#5232 = EDGE_CURVE('',#5202,#5233,#5235,.T.);
#5233 = VERTEX_POINT('',#5234);
#5234 = CARTESIAN_POINT('',(180.71307505705,360.,70.));
#5235 = LINE('',#5236,#5237);
#5236 = CARTESIAN_POINT('',(170.,360.,63.589838486225));
#5237 = VECTOR('',#5238,1.);
#5238 = DIRECTION('',(0.858117197531,0.,0.513453868719));
#5239 = ORIENTED_EDGE('',*,*,#5240,.F.);
#5240 = EDGE_CURVE('',#5241,#5233,#5243,.T.);
#5241 = VERTEX_POINT('',#5242);
#5242 = CARTESIAN_POINT('',(180.71307505705,100.,70.));
#5243 = LINE('',#5244,#5245);
#5244 = CARTESIAN_POINT('',(180.71307505705,100.,70.));
#5245 = VECTOR('',#5246,1.);
#5246 = DIRECTION('',(0.,1.,0.));
#5247 = ORIENTED_EDGE('',*,*,#5248,.F.);
#5248 = EDGE_CURVE('',#5210,#5241,#5249,.T.);
#5249 = LINE('',#5250,#5251);
#5250 = CARTESIAN_POINT('',(170.,100.,63.589838486225));
#5251 = VECTOR('',#5252,1.);
#5252 = DIRECTION('',(0.858117197531,0.,0.513453868719));
#5253 = PLANE('',#5254);
#5254 = AXIS2_PLACEMENT_3D('',#5255,#5256,#5257);
#5255 = CARTESIAN_POINT('',(170.,100.,63.589838486225));
#5256 = DIRECTION('',(0.513453868719,0.,-0.858117197531));
#5257 = DIRECTION('',(0.858117197531,0.,0.513453868719));
#5258 = ADVANCED_FACE('',(#5259),#5284,.T.);
#5259 = FACE_BOUND('',#5260,.T.);
#5260 = EDGE_LOOP('',(#5261,#5262,#5270,#5278));
#5261 = ORIENTED_EDGE('',*,*,#5240,.T.);
#5262 = ORIENTED_EDGE('',*,*,#5263,.T.);
#5263 = EDGE_CURVE('',#5233,#5264,#5266,.T.);
#5264 = VERTEX_POINT('',#5265);
#5265 = CARTESIAN_POINT('',(-230.,360.,70.));
#5266 = LINE('',#5267,#5268);
#5267 = CARTESIAN_POINT('',(180.71307505705,360.,70.));
#5268 = VECTOR('',#5269,1.);
#5269 = DIRECTION('',(-1.,0.,0.));
#5270 = ORIENTED_EDGE('',*,*,#5271,.F.);
#5271 = EDGE_CURVE('',#5272,#5264,#5274,.T.);
#5272 = VERTEX_POINT('',#5273);
#5273 = CARTESIAN_POINT('',(-230.,100.,70.));
#5274 = LINE('',#5275,#5276);
#5275 = CARTESIAN_POINT('',(-230.,100.,70.));
#5276 = VECTOR('',#5277,1.);
#5277 = DIRECTION('',(0.,1.,0.));
#5278 = ORIENTED_EDGE('',*,*,#5279,.F.);
#5279 = EDGE_CURVE('',#5241,#5272,#5280,.T.);
#5280 = LINE('',#5281,#5282);
#5281 = CARTESIAN_POINT('',(180.71307505705,100.,70.));
#5282 = VECTOR('',#5283,1.);
#5283 = DIRECTION('',(-1.,0.,0.));
#5284 = PLANE('',#5285);
#5285 = AXIS2_PLACEMENT_3D('',#5286,#5287,#5288);
#5286 = CARTESIAN_POINT('',(180.71307505705,100.,70.));
#5287 = DIRECTION('',(0.,0.,1.));
#5288 = DIRECTION('',(-1.,0.,0.));
#5289 = ADVANCED_FACE('',(#5290),#5306,.T.);
#5290 = FACE_BOUND('',#5291,.T.);
#5291 = EDGE_LOOP('',(#5292,#5293,#5299,#5300));
#5292 = ORIENTED_EDGE('',*,*,#5271,.T.);
#5293 = ORIENTED_EDGE('',*,*,#5294,.T.);
#5294 = EDGE_CURVE('',#5264,#5008,#5295,.T.);
#5295 = LINE('',#5296,#5297);
#5296 = CARTESIAN_POINT('',(-230.,360.,70.));
#5297 = VECTOR('',#5298,1.);
#5298 = DIRECTION('',(0.,0.,-1.));
#5299 = ORIENTED_EDGE('',*,*,#5005,.F.);
#5300 = ORIENTED_EDGE('',*,*,#5301,.F.);
#5301 = EDGE_CURVE('',#5272,#5006,#5302,.T.);
#5302 = LINE('',#5303,#5304);
#5303 = CARTESIAN_POINT('',(-230.,100.,70.));
#5304 = VECTOR('',#5305,1.);
#5305 = DIRECTION('',(0.,0.,-1.));
#5306 = PLANE('',#5307);
#5307 = AXIS2_PLACEMENT_3D('',#5308,#5309,#5310);
#5308 = CARTESIAN_POINT('',(-230.,100.,70.));
#5309 = DIRECTION('',(-1.,0.,0.));
#5310 = DIRECTION('',(0.,0.,-1.));
#5311 = ADVANCED_FACE('',(#5312),#5324,.T.);
#5312 = FACE_BOUND('',#5313,.T.);
#5313 = EDGE_LOOP('',(#5314,#5315,#5316,#5317,#5318,#5319,#5320,#5321,
    #5322,#5323));
#5314 = ORIENTED_EDGE('',*,*,#5031,.T.);
#5315 = ORIENTED_EDGE('',*,*,#5062,.T.);
#5316 = ORIENTED_EDGE('',*,*,#5093,.T.);
#5317 = ORIENTED_EDGE('',*,*,#5124,.T.);
#5318 = ORIENTED_EDGE('',*,*,#5155,.T.);
#5319 = ORIENTED_EDGE('',*,*,#5186,.T.);
#5320 = ORIENTED_EDGE('',*,*,#5217,.T.);
#5321 = ORIENTED_EDGE('',*,*,#5248,.T.);
#5322 = ORIENTED_EDGE('',*,*,#5279,.T.);
#5323 = ORIENTED_EDGE('',*,*,#5301,.T.);
#5324 = PLANE('',#5325);
#5325 = AXIS2_PLACEMENT_3D('',#5326,#5327,#5328);
#5326 = CARTESIAN_POINT('',(-36.52129360702,100.,44.705605584484));
#5327 = DIRECTION('',(-0.,-1.,-0.));
#5328 = DIRECTION('',(0.,0.,-1.));
#5329 = ADVANCED_FACE('',(#5330),#5342,.F.);
#5330 = FACE_BOUND('',#5331,.F.);
#5331 = EDGE_LOOP('',(#5332,#5333,#5334,#5335,#5336,#5337,#5338,#5339,
    #5340,#5341));
#5332 = ORIENTED_EDGE('',*,*,#5015,.T.);
#5333 = ORIENTED_EDGE('',*,*,#5046,.T.);
#5334 = ORIENTED_EDGE('',*,*,#5077,.T.);
#5335 = ORIENTED_EDGE('',*,*,#5108,.T.);
#5336 = ORIENTED_EDGE('',*,*,#5139,.T.);
#5337 = ORIENTED_EDGE('',*,*,#5170,.T.);
#5338 = ORIENTED_EDGE('',*,*,#5201,.T.);
#5339 = ORIENTED_EDGE('',*,*,#5232,.T.);
#5340 = ORIENTED_EDGE('',*,*,#5263,.T.);
#5341 = ORIENTED_EDGE('',*,*,#5294,.T.);
#5342 = PLANE('',#5343);
#5343 = AXIS2_PLACEMENT_3D('',#5344,#5345,#5346);
#5344 = CARTESIAN_POINT('',(-36.52129360702,360.,44.705605584484));
#5345 = DIRECTION('',(-0.,-1.,-0.));
#5346 = DIRECTION('',(0.,0.,-1.));
#5347 = ( GEOMETRIC_REPRESENTATION_CONTEXT(3) 
GLOBAL_UNCERTAINTY_ASSIGNED_CONTEXT((#5351)) 
GLOBAL_UNIT_ASSIGNED_CONTEXT((#5348,#5349,#5350)) REPRESENTATION_CONTEXT
('Context #1','3D Context with UNIT and UNCERTAINTY') );
#5348 = ( LENGTH_UNIT() NAMED_UNIT(*) SI_UNIT(.MILLI.,.METRE.) );
#5349 = ( NAMED_UNIT(*) PLANE_ANGLE_UNIT() SI_UNIT($,.RADIAN.) );
#5350 = ( NAMED_UNIT(*) SI_UNIT($,.STERADIAN.) SOLID_ANGLE_UNIT() );
#5351 = UNCERTAINTY_MEASURE_WITH_UNIT(LENGTH_MEASURE(1.E-07),#5348,
  'distance_accuracy_value','confusion accuracy');
#5352 = PRODUCT_RELATED_PRODUCT_CATEGORY('part',$,(#7));
ENDSEC;
END-ISO-10303-21;
