ISO-10303-21;
HEADER;
FILE_DESCRIPTION(('FreeCAD Model'),'2;1');
FILE_NAME('Open CASCADE Shape Model','2026-07-28T02:07:10',('FreeCAD'),(
    'FreeCAD'),'Open CASCADE STEP processor 7.9','FreeCAD','Unknown');
FILE_SCHEMA(('AUTOMOTIVE_DESIGN { 1 0 10303 214 1 1 1 1 }'));
ENDSEC;
DATA;
#1 = APPLICATION_PROTOCOL_DEFINITION('international standard',
  'automotive_design',2000,#2);
#2 = APPLICATION_CONTEXT(
  'core data for automotive mechanical design processes');
#3 = SHAPE_DEFINITION_REPRESENTATION(#4,#10);
#4 = PRODUCT_DEFINITION_SHAPE('','',#5);
#5 = PRODUCT_DEFINITION('design','',#6,#9);
#6 = PRODUCT_DEFINITION_FORMATION('','',#7);
#7 = PRODUCT('Open CASCADE STEP translator 7.9 6',
  'Open CASCADE STEP translator 7.9 6','',(#8));
#8 = PRODUCT_CONTEXT('',#2,'mechanical');
#9 = PRODUCT_DEFINITION_CONTEXT('part definition',#2,'design');
#10 = SHAPE_REPRESENTATION('',(#11,#15,#68,#121,#271,#421,#474,#527,#580
    ,#633,#686,#739,#889,#942,#995,#1048,#1101,#1154,#1207,#1260,#1313,
    #1366,#1419,#1472,#2232,#2992,#3142,#3292,#3345,#3398,#3451,#3504,
    #3819,#3969,#4119,#4172,#4225,#4278,#4331,#4646,#4796,#4946,#5096,
    #5246,#5396,#5546,#5696,#5846,#5996),#6146);
#11 = AXIS2_PLACEMENT_3D('',#12,#13,#14);
#12 = CARTESIAN_POINT('',(0.,0.,0.));
#13 = DIRECTION('',(0.,0.,1.));
#14 = DIRECTION('',(1.,0.,-0.));
#15 = MANIFOLD_SOLID_BREP('',#16);
#16 = CLOSED_SHELL('',(#17,#50,#59));
#17 = ADVANCED_FACE('',(#18),#45,.T.);
#18 = FACE_BOUND('',#19,.T.);
#19 = EDGE_LOOP('',(#20,#29,#37,#44));
#20 = ORIENTED_EDGE('',*,*,#21,.F.);
#21 = EDGE_CURVE('',#22,#22,#24,.T.);
#22 = VERTEX_POINT('',#23);
#23 = CARTESIAN_POINT('',(100.,110.,860.));
#24 = CIRCLE('',#25,20.);
#25 = AXIS2_PLACEMENT_3D('',#26,#27,#28);
#26 = CARTESIAN_POINT('',(100.,110.,840.));
#27 = DIRECTION('',(0.,1.,0.));
#28 = DIRECTION('',(0.,0.,1.));
#29 = ORIENTED_EDGE('',*,*,#30,.F.);
#30 = EDGE_CURVE('',#31,#22,#33,.T.);
#31 = VERTEX_POINT('',#32);
#32 = CARTESIAN_POINT('',(100.,-110.,860.));
#33 = LINE('',#34,#35);
#34 = CARTESIAN_POINT('',(100.,-110.,860.));
#35 = VECTOR('',#36,1.);
#36 = DIRECTION('',(0.,1.,0.));
#37 = ORIENTED_EDGE('',*,*,#38,.T.);
#38 = EDGE_CURVE('',#31,#31,#39,.T.);
#39 = CIRCLE('',#40,20.);
#40 = AXIS2_PLACEMENT_3D('',#41,#42,#43);
#41 = CARTESIAN_POINT('',(100.,-110.,840.));
#42 = DIRECTION('',(0.,1.,0.));
#43 = DIRECTION('',(0.,0.,1.));
#44 = ORIENTED_EDGE('',*,*,#30,.T.);
#45 = CYLINDRICAL_SURFACE('',#46,20.);
#46 = AXIS2_PLACEMENT_3D('',#47,#48,#49);
#47 = CARTESIAN_POINT('',(100.,-110.,840.));
#48 = DIRECTION('',(0.,1.,0.));
#49 = DIRECTION('',(0.,0.,1.));
#50 = ADVANCED_FACE('',(#51),#54,.T.);
#51 = FACE_BOUND('',#52,.T.);
#52 = EDGE_LOOP('',(#53));
#53 = ORIENTED_EDGE('',*,*,#21,.T.);
#54 = PLANE('',#55);
#55 = AXIS2_PLACEMENT_3D('',#56,#57,#58);
#56 = CARTESIAN_POINT('',(100.,110.,840.));
#57 = DIRECTION('',(0.,1.,0.));
#58 = DIRECTION('',(0.,0.,1.));
#59 = ADVANCED_FACE('',(#60),#63,.F.);
#60 = FACE_BOUND('',#61,.T.);
#61 = EDGE_LOOP('',(#62));
#62 = ORIENTED_EDGE('',*,*,#38,.F.);
#63 = PLANE('',#64);
#64 = AXIS2_PLACEMENT_3D('',#65,#66,#67);
#65 = CARTESIAN_POINT('',(100.,-110.,840.));
#66 = DIRECTION('',(0.,1.,0.));
#67 = DIRECTION('',(0.,0.,1.));
#68 = MANIFOLD_SOLID_BREP('',#69);
#69 = CLOSED_SHELL('',(#70,#103,#112));
#70 = ADVANCED_FACE('',(#71),#98,.T.);
#71 = FACE_BOUND('',#72,.T.);
#72 = EDGE_LOOP('',(#73,#82,#90,#97));
#73 = ORIENTED_EDGE('',*,*,#74,.F.);
#74 = EDGE_CURVE('',#75,#75,#77,.T.);
#75 = VERTEX_POINT('',#76);
#76 = CARTESIAN_POINT('',(100.,45.,875.));
#77 = CIRCLE('',#78,35.);
#78 = AXIS2_PLACEMENT_3D('',#79,#80,#81);
#79 = CARTESIAN_POINT('',(100.,45.,840.));
#80 = DIRECTION('',(0.,1.,0.));
#81 = DIRECTION('',(0.,0.,1.));
#82 = ORIENTED_EDGE('',*,*,#83,.F.);
#83 = EDGE_CURVE('',#84,#75,#86,.T.);
#84 = VERTEX_POINT('',#85);
#85 = CARTESIAN_POINT('',(100.,-45.,875.));
#86 = LINE('',#87,#88);
#87 = CARTESIAN_POINT('',(100.,-45.,875.));
#88 = VECTOR('',#89,1.);
#89 = DIRECTION('',(0.,1.,0.));
#90 = ORIENTED_EDGE('',*,*,#91,.T.);
#91 = EDGE_CURVE('',#84,#84,#92,.T.);
#92 = CIRCLE('',#93,35.);
#93 = AXIS2_PLACEMENT_3D('',#94,#95,#96);
#94 = CARTESIAN_POINT('',(100.,-45.,840.));
#95 = DIRECTION('',(0.,1.,0.));
#96 = DIRECTION('',(0.,0.,1.));
#97 = ORIENTED_EDGE('',*,*,#83,.T.);
#98 = CYLINDRICAL_SURFACE('',#99,35.);
#99 = AXIS2_PLACEMENT_3D('',#100,#101,#102);
#100 = CARTESIAN_POINT('',(100.,-45.,840.));
#101 = DIRECTION('',(0.,1.,0.));
#102 = DIRECTION('',(0.,0.,1.));
#103 = ADVANCED_FACE('',(#104),#107,.T.);
#104 = FACE_BOUND('',#105,.T.);
#105 = EDGE_LOOP('',(#106));
#106 = ORIENTED_EDGE('',*,*,#74,.T.);
#107 = PLANE('',#108);
#108 = AXIS2_PLACEMENT_3D('',#109,#110,#111);
#109 = CARTESIAN_POINT('',(100.,45.,840.));
#110 = DIRECTION('',(0.,1.,0.));
#111 = DIRECTION('',(0.,0.,1.));
#112 = ADVANCED_FACE('',(#113),#116,.F.);
#113 = FACE_BOUND('',#114,.T.);
#114 = EDGE_LOOP('',(#115));
#115 = ORIENTED_EDGE('',*,*,#91,.F.);
#116 = PLANE('',#117);
#117 = AXIS2_PLACEMENT_3D('',#118,#119,#120);
#118 = CARTESIAN_POINT('',(100.,-45.,840.));
#119 = DIRECTION('',(0.,1.,0.));
#120 = DIRECTION('',(0.,0.,1.));
#121 = MANIFOLD_SOLID_BREP('',#122);
#122 = CLOSED_SHELL('',(#123,#163,#203,#225,#247,#259));
#123 = ADVANCED_FACE('',(#124),#158,.F.);
#124 = FACE_BOUND('',#125,.F.);
#125 = EDGE_LOOP('',(#126,#136,#144,#152));
#126 = ORIENTED_EDGE('',*,*,#127,.F.);
#127 = EDGE_CURVE('',#128,#130,#132,.T.);
#128 = VERTEX_POINT('',#129);
#129 = CARTESIAN_POINT('',(75.,25.,758.));
#130 = VERTEX_POINT('',#131);
#131 = CARTESIAN_POINT('',(75.,25.,818.));
#132 = LINE('',#133,#134);
#133 = CARTESIAN_POINT('',(75.,25.,758.));
#134 = VECTOR('',#135,1.);
#135 = DIRECTION('',(0.,0.,1.));
#136 = ORIENTED_EDGE('',*,*,#137,.T.);
#137 = EDGE_CURVE('',#128,#138,#140,.T.);
#138 = VERTEX_POINT('',#139);
#139 = CARTESIAN_POINT('',(75.,65.,758.));
#140 = LINE('',#141,#142);
#141 = CARTESIAN_POINT('',(75.,25.,758.));
#142 = VECTOR('',#143,1.);
#143 = DIRECTION('',(0.,1.,0.));
#144 = ORIENTED_EDGE('',*,*,#145,.T.);
#145 = EDGE_CURVE('',#138,#146,#148,.T.);
#146 = VERTEX_POINT('',#147);
#147 = CARTESIAN_POINT('',(75.,65.,818.));
#148 = LINE('',#149,#150);
#149 = CARTESIAN_POINT('',(75.,65.,758.));
#150 = VECTOR('',#151,1.);
#151 = DIRECTION('',(0.,0.,1.));
#152 = ORIENTED_EDGE('',*,*,#153,.F.);
#153 = EDGE_CURVE('',#130,#146,#154,.T.);
#154 = LINE('',#155,#156);
#155 = CARTESIAN_POINT('',(75.,25.,818.));
#156 = VECTOR('',#157,1.);
#157 = DIRECTION('',(0.,1.,0.));
#158 = PLANE('',#159);
#159 = AXIS2_PLACEMENT_3D('',#160,#161,#162);
#160 = CARTESIAN_POINT('',(75.,25.,758.));
#161 = DIRECTION('',(1.,0.,0.));
#162 = DIRECTION('',(0.,0.,1.));
#163 = ADVANCED_FACE('',(#164),#198,.T.);
#164 = FACE_BOUND('',#165,.T.);
#165 = EDGE_LOOP('',(#166,#176,#184,#192));
#166 = ORIENTED_EDGE('',*,*,#167,.F.);
#167 = EDGE_CURVE('',#168,#170,#172,.T.);
#168 = VERTEX_POINT('',#169);
#169 = CARTESIAN_POINT('',(125.,25.,758.));
#170 = VERTEX_POINT('',#171);
#171 = CARTESIAN_POINT('',(125.,25.,818.));
#172 = LINE('',#173,#174);
#173 = CARTESIAN_POINT('',(125.,25.,758.));
#174 = VECTOR('',#175,1.);
#175 = DIRECTION('',(0.,0.,1.));
#176 = ORIENTED_EDGE('',*,*,#177,.T.);
#177 = EDGE_CURVE('',#168,#178,#180,.T.);
#178 = VERTEX_POINT('',#179);
#179 = CARTESIAN_POINT('',(125.,65.,758.));
#180 = LINE('',#181,#182);
#181 = CARTESIAN_POINT('',(125.,25.,758.));
#182 = VECTOR('',#183,1.);
#183 = DIRECTION('',(0.,1.,0.));
#184 = ORIENTED_EDGE('',*,*,#185,.T.);
#185 = EDGE_CURVE('',#178,#186,#188,.T.);
#186 = VERTEX_POINT('',#187);
#187 = CARTESIAN_POINT('',(125.,65.,818.));
#188 = LINE('',#189,#190);
#189 = CARTESIAN_POINT('',(125.,65.,758.));
#190 = VECTOR('',#191,1.);
#191 = DIRECTION('',(0.,0.,1.));
#192 = ORIENTED_EDGE('',*,*,#193,.F.);
#193 = EDGE_CURVE('',#170,#186,#194,.T.);
#194 = LINE('',#195,#196);
#195 = CARTESIAN_POINT('',(125.,25.,818.));
#196 = VECTOR('',#197,1.);
#197 = DIRECTION('',(0.,1.,0.));
#198 = PLANE('',#199);
#199 = AXIS2_PLACEMENT_3D('',#200,#201,#202);
#200 = CARTESIAN_POINT('',(125.,25.,758.));
#201 = DIRECTION('',(1.,0.,0.));
#202 = DIRECTION('',(0.,0.,1.));
#203 = ADVANCED_FACE('',(#204),#220,.F.);
#204 = FACE_BOUND('',#205,.F.);
#205 = EDGE_LOOP('',(#206,#212,#213,#219));
#206 = ORIENTED_EDGE('',*,*,#207,.F.);
#207 = EDGE_CURVE('',#128,#168,#208,.T.);
#208 = LINE('',#209,#210);
#209 = CARTESIAN_POINT('',(75.,25.,758.));
#210 = VECTOR('',#211,1.);
#211 = DIRECTION('',(1.,0.,0.));
#212 = ORIENTED_EDGE('',*,*,#127,.T.);
#213 = ORIENTED_EDGE('',*,*,#214,.T.);
#214 = EDGE_CURVE('',#130,#170,#215,.T.);
#215 = LINE('',#216,#217);
#216 = CARTESIAN_POINT('',(75.,25.,818.));
#217 = VECTOR('',#218,1.);
#218 = DIRECTION('',(1.,0.,0.));
#219 = ORIENTED_EDGE('',*,*,#167,.F.);
#220 = PLANE('',#221);
#221 = AXIS2_PLACEMENT_3D('',#222,#223,#224);
#222 = CARTESIAN_POINT('',(75.,25.,758.));
#223 = DIRECTION('',(0.,1.,0.));
#224 = DIRECTION('',(0.,0.,1.));
#225 = ADVANCED_FACE('',(#226),#242,.T.);
#226 = FACE_BOUND('',#227,.T.);
#227 = EDGE_LOOP('',(#228,#234,#235,#241));
#228 = ORIENTED_EDGE('',*,*,#229,.F.);
#229 = EDGE_CURVE('',#138,#178,#230,.T.);
#230 = LINE('',#231,#232);
#231 = CARTESIAN_POINT('',(75.,65.,758.));
#232 = VECTOR('',#233,1.);
#233 = DIRECTION('',(1.,0.,0.));
#234 = ORIENTED_EDGE('',*,*,#145,.T.);
#235 = ORIENTED_EDGE('',*,*,#236,.T.);
#236 = EDGE_CURVE('',#146,#186,#237,.T.);
#237 = LINE('',#238,#239);
#238 = CARTESIAN_POINT('',(75.,65.,818.));
#239 = VECTOR('',#240,1.);
#240 = DIRECTION('',(1.,0.,0.));
#241 = ORIENTED_EDGE('',*,*,#185,.F.);
#242 = PLANE('',#243);
#243 = AXIS2_PLACEMENT_3D('',#244,#245,#246);
#244 = CARTESIAN_POINT('',(75.,65.,758.));
#245 = DIRECTION('',(0.,1.,0.));
#246 = DIRECTION('',(0.,0.,1.));
#247 = ADVANCED_FACE('',(#248),#254,.F.);
#248 = FACE_BOUND('',#249,.F.);
#249 = EDGE_LOOP('',(#250,#251,#252,#253));
#250 = ORIENTED_EDGE('',*,*,#137,.F.);
#251 = ORIENTED_EDGE('',*,*,#207,.T.);
#252 = ORIENTED_EDGE('',*,*,#177,.T.);
#253 = ORIENTED_EDGE('',*,*,#229,.F.);
#254 = PLANE('',#255);
#255 = AXIS2_PLACEMENT_3D('',#256,#257,#258);
#256 = CARTESIAN_POINT('',(75.,25.,758.));
#257 = DIRECTION('',(0.,0.,1.));
#258 = DIRECTION('',(1.,0.,0.));
#259 = ADVANCED_FACE('',(#260),#266,.T.);
#260 = FACE_BOUND('',#261,.T.);
#261 = EDGE_LOOP('',(#262,#263,#264,#265));
#262 = ORIENTED_EDGE('',*,*,#153,.F.);
#263 = ORIENTED_EDGE('',*,*,#214,.T.);
#264 = ORIENTED_EDGE('',*,*,#193,.T.);
#265 = ORIENTED_EDGE('',*,*,#236,.F.);
#266 = PLANE('',#267);
#267 = AXIS2_PLACEMENT_3D('',#268,#269,#270);
#268 = CARTESIAN_POINT('',(75.,25.,818.));
#269 = DIRECTION('',(0.,0.,1.));
#270 = DIRECTION('',(1.,0.,0.));
#271 = MANIFOLD_SOLID_BREP('',#272);
#272 = CLOSED_SHELL('',(#273,#313,#353,#375,#397,#409));
#273 = ADVANCED_FACE('',(#274),#308,.F.);
#274 = FACE_BOUND('',#275,.F.);
#275 = EDGE_LOOP('',(#276,#286,#294,#302));
#276 = ORIENTED_EDGE('',*,*,#277,.F.);
#277 = EDGE_CURVE('',#278,#280,#282,.T.);
#278 = VERTEX_POINT('',#279);
#279 = CARTESIAN_POINT('',(75.,-65.,758.));
#280 = VERTEX_POINT('',#281);
#281 = CARTESIAN_POINT('',(75.,-65.,818.));
#282 = LINE('',#283,#284);
#283 = CARTESIAN_POINT('',(75.,-65.,758.));
#284 = VECTOR('',#285,1.);
#285 = DIRECTION('',(0.,0.,1.));
#286 = ORIENTED_EDGE('',*,*,#287,.T.);
#287 = EDGE_CURVE('',#278,#288,#290,.T.);
#288 = VERTEX_POINT('',#289);
#289 = CARTESIAN_POINT('',(75.,-25.,758.));
#290 = LINE('',#291,#292);
#291 = CARTESIAN_POINT('',(75.,-65.,758.));
#292 = VECTOR('',#293,1.);
#293 = DIRECTION('',(0.,1.,0.));
#294 = ORIENTED_EDGE('',*,*,#295,.T.);
#295 = EDGE_CURVE('',#288,#296,#298,.T.);
#296 = VERTEX_POINT('',#297);
#297 = CARTESIAN_POINT('',(75.,-25.,818.));
#298 = LINE('',#299,#300);
#299 = CARTESIAN_POINT('',(75.,-25.,758.));
#300 = VECTOR('',#301,1.);
#301 = DIRECTION('',(0.,0.,1.));
#302 = ORIENTED_EDGE('',*,*,#303,.F.);
#303 = EDGE_CURVE('',#280,#296,#304,.T.);
#304 = LINE('',#305,#306);
#305 = CARTESIAN_POINT('',(75.,-65.,818.));
#306 = VECTOR('',#307,1.);
#307 = DIRECTION('',(0.,1.,0.));
#308 = PLANE('',#309);
#309 = AXIS2_PLACEMENT_3D('',#310,#311,#312);
#310 = CARTESIAN_POINT('',(75.,-65.,758.));
#311 = DIRECTION('',(1.,0.,0.));
#312 = DIRECTION('',(0.,0.,1.));
#313 = ADVANCED_FACE('',(#314),#348,.T.);
#314 = FACE_BOUND('',#315,.T.);
#315 = EDGE_LOOP('',(#316,#326,#334,#342));
#316 = ORIENTED_EDGE('',*,*,#317,.F.);
#317 = EDGE_CURVE('',#318,#320,#322,.T.);
#318 = VERTEX_POINT('',#319);
#319 = CARTESIAN_POINT('',(125.,-65.,758.));
#320 = VERTEX_POINT('',#321);
#321 = CARTESIAN_POINT('',(125.,-65.,818.));
#322 = LINE('',#323,#324);
#323 = CARTESIAN_POINT('',(125.,-65.,758.));
#324 = VECTOR('',#325,1.);
#325 = DIRECTION('',(0.,0.,1.));
#326 = ORIENTED_EDGE('',*,*,#327,.T.);
#327 = EDGE_CURVE('',#318,#328,#330,.T.);
#328 = VERTEX_POINT('',#329);
#329 = CARTESIAN_POINT('',(125.,-25.,758.));
#330 = LINE('',#331,#332);
#331 = CARTESIAN_POINT('',(125.,-65.,758.));
#332 = VECTOR('',#333,1.);
#333 = DIRECTION('',(0.,1.,0.));
#334 = ORIENTED_EDGE('',*,*,#335,.T.);
#335 = EDGE_CURVE('',#328,#336,#338,.T.);
#336 = VERTEX_POINT('',#337);
#337 = CARTESIAN_POINT('',(125.,-25.,818.));
#338 = LINE('',#339,#340);
#339 = CARTESIAN_POINT('',(125.,-25.,758.));
#340 = VECTOR('',#341,1.);
#341 = DIRECTION('',(0.,0.,1.));
#342 = ORIENTED_EDGE('',*,*,#343,.F.);
#343 = EDGE_CURVE('',#320,#336,#344,.T.);
#344 = LINE('',#345,#346);
#345 = CARTESIAN_POINT('',(125.,-65.,818.));
#346 = VECTOR('',#347,1.);
#347 = DIRECTION('',(0.,1.,0.));
#348 = PLANE('',#349);
#349 = AXIS2_PLACEMENT_3D('',#350,#351,#352);
#350 = CARTESIAN_POINT('',(125.,-65.,758.));
#351 = DIRECTION('',(1.,0.,0.));
#352 = DIRECTION('',(0.,0.,1.));
#353 = ADVANCED_FACE('',(#354),#370,.F.);
#354 = FACE_BOUND('',#355,.F.);
#355 = EDGE_LOOP('',(#356,#362,#363,#369));
#356 = ORIENTED_EDGE('',*,*,#357,.F.);
#357 = EDGE_CURVE('',#278,#318,#358,.T.);
#358 = LINE('',#359,#360);
#359 = CARTESIAN_POINT('',(75.,-65.,758.));
#360 = VECTOR('',#361,1.);
#361 = DIRECTION('',(1.,0.,0.));
#362 = ORIENTED_EDGE('',*,*,#277,.T.);
#363 = ORIENTED_EDGE('',*,*,#364,.T.);
#364 = EDGE_CURVE('',#280,#320,#365,.T.);
#365 = LINE('',#366,#367);
#366 = CARTESIAN_POINT('',(75.,-65.,818.));
#367 = VECTOR('',#368,1.);
#368 = DIRECTION('',(1.,0.,0.));
#369 = ORIENTED_EDGE('',*,*,#317,.F.);
#370 = PLANE('',#371);
#371 = AXIS2_PLACEMENT_3D('',#372,#373,#374);
#372 = CARTESIAN_POINT('',(75.,-65.,758.));
#373 = DIRECTION('',(0.,1.,0.));
#374 = DIRECTION('',(0.,0.,1.));
#375 = ADVANCED_FACE('',(#376),#392,.T.);
#376 = FACE_BOUND('',#377,.T.);
#377 = EDGE_LOOP('',(#378,#384,#385,#391));
#378 = ORIENTED_EDGE('',*,*,#379,.F.);
#379 = EDGE_CURVE('',#288,#328,#380,.T.);
#380 = LINE('',#381,#382);
#381 = CARTESIAN_POINT('',(75.,-25.,758.));
#382 = VECTOR('',#383,1.);
#383 = DIRECTION('',(1.,0.,0.));
#384 = ORIENTED_EDGE('',*,*,#295,.T.);
#385 = ORIENTED_EDGE('',*,*,#386,.T.);
#386 = EDGE_CURVE('',#296,#336,#387,.T.);
#387 = LINE('',#388,#389);
#388 = CARTESIAN_POINT('',(75.,-25.,818.));
#389 = VECTOR('',#390,1.);
#390 = DIRECTION('',(1.,0.,0.));
#391 = ORIENTED_EDGE('',*,*,#335,.F.);
#392 = PLANE('',#393);
#393 = AXIS2_PLACEMENT_3D('',#394,#395,#396);
#394 = CARTESIAN_POINT('',(75.,-25.,758.));
#395 = DIRECTION('',(0.,1.,0.));
#396 = DIRECTION('',(0.,0.,1.));
#397 = ADVANCED_FACE('',(#398),#404,.F.);
#398 = FACE_BOUND('',#399,.F.);
#399 = EDGE_LOOP('',(#400,#401,#402,#403));
#400 = ORIENTED_EDGE('',*,*,#287,.F.);
#401 = ORIENTED_EDGE('',*,*,#357,.T.);
#402 = ORIENTED_EDGE('',*,*,#327,.T.);
#403 = ORIENTED_EDGE('',*,*,#379,.F.);
#404 = PLANE('',#405);
#405 = AXIS2_PLACEMENT_3D('',#406,#407,#408);
#406 = CARTESIAN_POINT('',(75.,-65.,758.));
#407 = DIRECTION('',(0.,0.,1.));
#408 = DIRECTION('',(1.,0.,0.));
#409 = ADVANCED_FACE('',(#410),#416,.T.);
#410 = FACE_BOUND('',#411,.T.);
#411 = EDGE_LOOP('',(#412,#413,#414,#415));
#412 = ORIENTED_EDGE('',*,*,#303,.F.);
#413 = ORIENTED_EDGE('',*,*,#364,.T.);
#414 = ORIENTED_EDGE('',*,*,#343,.T.);
#415 = ORIENTED_EDGE('',*,*,#386,.F.);
#416 = PLANE('',#417);
#417 = AXIS2_PLACEMENT_3D('',#418,#419,#420);
#418 = CARTESIAN_POINT('',(75.,-65.,818.));
#419 = DIRECTION('',(0.,0.,1.));
#420 = DIRECTION('',(1.,0.,0.));
#421 = MANIFOLD_SOLID_BREP('',#422);
#422 = CLOSED_SHELL('',(#423,#456,#465));
#423 = ADVANCED_FACE('',(#424),#451,.T.);
#424 = FACE_BOUND('',#425,.T.);
#425 = EDGE_LOOP('',(#426,#435,#443,#450));
#426 = ORIENTED_EDGE('',*,*,#427,.F.);
#427 = EDGE_CURVE('',#428,#428,#430,.T.);
#428 = VERTEX_POINT('',#429);
#429 = CARTESIAN_POINT('',(170.,-45.,852.));
#430 = CIRCLE('',#431,12.);
#431 = AXIS2_PLACEMENT_3D('',#432,#433,#434);
#432 = CARTESIAN_POINT('',(170.,-45.,840.));
#433 = DIRECTION('',(0.,1.,0.));
#434 = DIRECTION('',(0.,0.,1.));
#435 = ORIENTED_EDGE('',*,*,#436,.F.);
#436 = EDGE_CURVE('',#437,#428,#439,.T.);
#437 = VERTEX_POINT('',#438);
#438 = CARTESIAN_POINT('',(170.,-185.,852.));
#439 = LINE('',#440,#441);
#440 = CARTESIAN_POINT('',(170.,-185.,852.));
#441 = VECTOR('',#442,1.);
#442 = DIRECTION('',(0.,1.,0.));
#443 = ORIENTED_EDGE('',*,*,#444,.T.);
#444 = EDGE_CURVE('',#437,#437,#445,.T.);
#445 = CIRCLE('',#446,12.);
#446 = AXIS2_PLACEMENT_3D('',#447,#448,#449);
#447 = CARTESIAN_POINT('',(170.,-185.,840.));
#448 = DIRECTION('',(0.,1.,0.));
#449 = DIRECTION('',(0.,0.,1.));
#450 = ORIENTED_EDGE('',*,*,#436,.T.);
#451 = CYLINDRICAL_SURFACE('',#452,12.);
#452 = AXIS2_PLACEMENT_3D('',#453,#454,#455);
#453 = CARTESIAN_POINT('',(170.,-185.,840.));
#454 = DIRECTION('',(0.,1.,0.));
#455 = DIRECTION('',(0.,0.,1.));
#456 = ADVANCED_FACE('',(#457),#460,.T.);
#457 = FACE_BOUND('',#458,.T.);
#458 = EDGE_LOOP('',(#459));
#459 = ORIENTED_EDGE('',*,*,#427,.T.);
#460 = PLANE('',#461);
#461 = AXIS2_PLACEMENT_3D('',#462,#463,#464);
#462 = CARTESIAN_POINT('',(170.,-45.,840.));
#463 = DIRECTION('',(0.,1.,0.));
#464 = DIRECTION('',(0.,0.,1.));
#465 = ADVANCED_FACE('',(#466),#469,.F.);
#466 = FACE_BOUND('',#467,.T.);
#467 = EDGE_LOOP('',(#468));
#468 = ORIENTED_EDGE('',*,*,#444,.F.);
#469 = PLANE('',#470);
#470 = AXIS2_PLACEMENT_3D('',#471,#472,#473);
#471 = CARTESIAN_POINT('',(170.,-185.,840.));
#472 = DIRECTION('',(0.,1.,0.));
#473 = DIRECTION('',(0.,0.,1.));
#474 = MANIFOLD_SOLID_BREP('',#475);
#475 = CLOSED_SHELL('',(#476,#509,#518));
#476 = ADVANCED_FACE('',(#477),#504,.T.);
#477 = FACE_BOUND('',#478,.T.);
#478 = EDGE_LOOP('',(#479,#488,#496,#503));
#479 = ORIENTED_EDGE('',*,*,#480,.F.);
#480 = EDGE_CURVE('',#481,#481,#483,.T.);
#481 = VERTEX_POINT('',#482);
#482 = CARTESIAN_POINT('',(30.,185.,852.));
#483 = CIRCLE('',#484,12.);
#484 = AXIS2_PLACEMENT_3D('',#485,#486,#487);
#485 = CARTESIAN_POINT('',(30.,185.,840.));
#486 = DIRECTION('',(0.,1.,0.));
#487 = DIRECTION('',(0.,0.,1.));
#488 = ORIENTED_EDGE('',*,*,#489,.F.);
#489 = EDGE_CURVE('',#490,#481,#492,.T.);
#490 = VERTEX_POINT('',#491);
#491 = CARTESIAN_POINT('',(30.,45.,852.));
#492 = LINE('',#493,#494);
#493 = CARTESIAN_POINT('',(30.,45.,852.));
#494 = VECTOR('',#495,1.);
#495 = DIRECTION('',(0.,1.,0.));
#496 = ORIENTED_EDGE('',*,*,#497,.T.);
#497 = EDGE_CURVE('',#490,#490,#498,.T.);
#498 = CIRCLE('',#499,12.);
#499 = AXIS2_PLACEMENT_3D('',#500,#501,#502);
#500 = CARTESIAN_POINT('',(30.,45.,840.));
#501 = DIRECTION('',(0.,1.,0.));
#502 = DIRECTION('',(0.,0.,1.));
#503 = ORIENTED_EDGE('',*,*,#489,.T.);
#504 = CYLINDRICAL_SURFACE('',#505,12.);
#505 = AXIS2_PLACEMENT_3D('',#506,#507,#508);
#506 = CARTESIAN_POINT('',(30.,45.,840.));
#507 = DIRECTION('',(0.,1.,0.));
#508 = DIRECTION('',(0.,0.,1.));
#509 = ADVANCED_FACE('',(#510),#513,.T.);
#510 = FACE_BOUND('',#511,.T.);
#511 = EDGE_LOOP('',(#512));
#512 = ORIENTED_EDGE('',*,*,#480,.T.);
#513 = PLANE('',#514);
#514 = AXIS2_PLACEMENT_3D('',#515,#516,#517);
#515 = CARTESIAN_POINT('',(30.,185.,840.));
#516 = DIRECTION('',(0.,1.,0.));
#517 = DIRECTION('',(0.,0.,1.));
#518 = ADVANCED_FACE('',(#519),#522,.F.);
#519 = FACE_BOUND('',#520,.T.);
#520 = EDGE_LOOP('',(#521));
#521 = ORIENTED_EDGE('',*,*,#497,.F.);
#522 = PLANE('',#523);
#523 = AXIS2_PLACEMENT_3D('',#524,#525,#526);
#524 = CARTESIAN_POINT('',(30.,45.,840.));
#525 = DIRECTION('',(0.,1.,0.));
#526 = DIRECTION('',(0.,0.,1.));
#527 = MANIFOLD_SOLID_BREP('',#528);
#528 = CLOSED_SHELL('',(#529,#562,#571));
#529 = ADVANCED_FACE('',(#530),#557,.T.);
#530 = FACE_BOUND('',#531,.T.);
#531 = EDGE_LOOP('',(#532,#541,#549,#556));
#532 = ORIENTED_EDGE('',*,*,#533,.F.);
#533 = EDGE_CURVE('',#534,#534,#536,.T.);
#534 = VERTEX_POINT('',#535);
#535 = CARTESIAN_POINT('',(170.,-193.,865.));
#536 = CIRCLE('',#537,25.);
#537 = AXIS2_PLACEMENT_3D('',#538,#539,#540);
#538 = CARTESIAN_POINT('',(170.,-193.,840.));
#539 = DIRECTION('',(0.,1.,0.));
#540 = DIRECTION('',(0.,0.,1.));
#541 = ORIENTED_EDGE('',*,*,#542,.F.);
#542 = EDGE_CURVE('',#543,#534,#545,.T.);
#543 = VERTEX_POINT('',#544);
#544 = CARTESIAN_POINT('',(170.,-218.,865.));
#545 = LINE('',#546,#547);
#546 = CARTESIAN_POINT('',(170.,-218.,865.));
#547 = VECTOR('',#548,1.);
#548 = DIRECTION('',(0.,1.,0.));
#549 = ORIENTED_EDGE('',*,*,#550,.T.);
#550 = EDGE_CURVE('',#543,#543,#551,.T.);
#551 = CIRCLE('',#552,25.);
#552 = AXIS2_PLACEMENT_3D('',#553,#554,#555);
#553 = CARTESIAN_POINT('',(170.,-218.,840.));
#554 = DIRECTION('',(0.,1.,0.));
#555 = DIRECTION('',(0.,0.,1.));
#556 = ORIENTED_EDGE('',*,*,#542,.T.);
#557 = CYLINDRICAL_SURFACE('',#558,25.);
#558 = AXIS2_PLACEMENT_3D('',#559,#560,#561);
#559 = CARTESIAN_POINT('',(170.,-218.,840.));
#560 = DIRECTION('',(0.,1.,0.));
#561 = DIRECTION('',(0.,0.,1.));
#562 = ADVANCED_FACE('',(#563),#566,.T.);
#563 = FACE_BOUND('',#564,.T.);
#564 = EDGE_LOOP('',(#565));
#565 = ORIENTED_EDGE('',*,*,#533,.T.);
#566 = PLANE('',#567);
#567 = AXIS2_PLACEMENT_3D('',#568,#569,#570);
#568 = CARTESIAN_POINT('',(170.,-193.,840.));
#569 = DIRECTION('',(0.,1.,0.));
#570 = DIRECTION('',(0.,0.,1.));
#571 = ADVANCED_FACE('',(#572),#575,.F.);
#572 = FACE_BOUND('',#573,.T.);
#573 = EDGE_LOOP('',(#574));
#574 = ORIENTED_EDGE('',*,*,#550,.F.);
#575 = PLANE('',#576);
#576 = AXIS2_PLACEMENT_3D('',#577,#578,#579);
#577 = CARTESIAN_POINT('',(170.,-218.,840.));
#578 = DIRECTION('',(0.,1.,0.));
#579 = DIRECTION('',(0.,0.,1.));
#580 = MANIFOLD_SOLID_BREP('',#581);
#581 = CLOSED_SHELL('',(#582,#615,#624));
#582 = ADVANCED_FACE('',(#583),#610,.T.);
#583 = FACE_BOUND('',#584,.T.);
#584 = EDGE_LOOP('',(#585,#594,#602,#609));
#585 = ORIENTED_EDGE('',*,*,#586,.F.);
#586 = EDGE_CURVE('',#587,#587,#589,.T.);
#587 = VERTEX_POINT('',#588);
#588 = CARTESIAN_POINT('',(30.,218.,865.));
#589 = CIRCLE('',#590,25.);
#590 = AXIS2_PLACEMENT_3D('',#591,#592,#593);
#591 = CARTESIAN_POINT('',(30.,218.,840.));
#592 = DIRECTION('',(0.,1.,0.));
#593 = DIRECTION('',(0.,0.,1.));
#594 = ORIENTED_EDGE('',*,*,#595,.F.);
#595 = EDGE_CURVE('',#596,#587,#598,.T.);
#596 = VERTEX_POINT('',#597);
#597 = CARTESIAN_POINT('',(30.,193.,865.));
#598 = LINE('',#599,#600);
#599 = CARTESIAN_POINT('',(30.,193.,865.));
#600 = VECTOR('',#601,1.);
#601 = DIRECTION('',(0.,1.,0.));
#602 = ORIENTED_EDGE('',*,*,#603,.T.);
#603 = EDGE_CURVE('',#596,#596,#604,.T.);
#604 = CIRCLE('',#605,25.);
#605 = AXIS2_PLACEMENT_3D('',#606,#607,#608);
#606 = CARTESIAN_POINT('',(30.,193.,840.));
#607 = DIRECTION('',(0.,1.,0.));
#608 = DIRECTION('',(0.,0.,1.));
#609 = ORIENTED_EDGE('',*,*,#595,.T.);
#610 = CYLINDRICAL_SURFACE('',#611,25.);
#611 = AXIS2_PLACEMENT_3D('',#612,#613,#614);
#612 = CARTESIAN_POINT('',(30.,193.,840.));
#613 = DIRECTION('',(0.,1.,0.));
#614 = DIRECTION('',(0.,0.,1.));
#615 = ADVANCED_FACE('',(#616),#619,.T.);
#616 = FACE_BOUND('',#617,.T.);
#617 = EDGE_LOOP('',(#618));
#618 = ORIENTED_EDGE('',*,*,#586,.T.);
#619 = PLANE('',#620);
#620 = AXIS2_PLACEMENT_3D('',#621,#622,#623);
#621 = CARTESIAN_POINT('',(30.,218.,840.));
#622 = DIRECTION('',(0.,1.,0.));
#623 = DIRECTION('',(0.,0.,1.));
#624 = ADVANCED_FACE('',(#625),#628,.F.);
#625 = FACE_BOUND('',#626,.T.);
#626 = EDGE_LOOP('',(#627));
#627 = ORIENTED_EDGE('',*,*,#603,.F.);
#628 = PLANE('',#629);
#629 = AXIS2_PLACEMENT_3D('',#630,#631,#632);
#630 = CARTESIAN_POINT('',(30.,193.,840.));
#631 = DIRECTION('',(0.,1.,0.));
#632 = DIRECTION('',(0.,0.,1.));
#633 = MANIFOLD_SOLID_BREP('',#634);
#634 = CLOSED_SHELL('',(#635,#668,#677));
#635 = ADVANCED_FACE('',(#636),#663,.T.);
#636 = FACE_BOUND('',#637,.T.);
#637 = EDGE_LOOP('',(#638,#647,#655,#662));
#638 = ORIENTED_EDGE('',*,*,#639,.F.);
#639 = EDGE_CURVE('',#640,#640,#642,.T.);
#640 = VERTEX_POINT('',#641);
#641 = CARTESIAN_POINT('',(-30.,-10.,852.));
#642 = CIRCLE('',#643,12.);
#643 = AXIS2_PLACEMENT_3D('',#644,#645,#646);
#644 = CARTESIAN_POINT('',(-30.,-10.,840.));
#645 = DIRECTION('',(0.,1.,0.));
#646 = DIRECTION('',(0.,0.,1.));
#647 = ORIENTED_EDGE('',*,*,#648,.F.);
#648 = EDGE_CURVE('',#649,#640,#651,.T.);
#649 = VERTEX_POINT('',#650);
#650 = CARTESIAN_POINT('',(-30.,-190.,852.));
#651 = LINE('',#652,#653);
#652 = CARTESIAN_POINT('',(-30.,-190.,852.));
#653 = VECTOR('',#654,1.);
#654 = DIRECTION('',(0.,1.,0.));
#655 = ORIENTED_EDGE('',*,*,#656,.T.);
#656 = EDGE_CURVE('',#649,#649,#657,.T.);
#657 = CIRCLE('',#658,12.);
#658 = AXIS2_PLACEMENT_3D('',#659,#660,#661);
#659 = CARTESIAN_POINT('',(-30.,-190.,840.));
#660 = DIRECTION('',(0.,1.,0.));
#661 = DIRECTION('',(0.,0.,1.));
#662 = ORIENTED_EDGE('',*,*,#648,.T.);
#663 = CYLINDRICAL_SURFACE('',#664,12.);
#664 = AXIS2_PLACEMENT_3D('',#665,#666,#667);
#665 = CARTESIAN_POINT('',(-30.,-190.,840.));
#666 = DIRECTION('',(0.,1.,0.));
#667 = DIRECTION('',(0.,0.,1.));
#668 = ADVANCED_FACE('',(#669),#672,.T.);
#669 = FACE_BOUND('',#670,.T.);
#670 = EDGE_LOOP('',(#671));
#671 = ORIENTED_EDGE('',*,*,#639,.T.);
#672 = PLANE('',#673);
#673 = AXIS2_PLACEMENT_3D('',#674,#675,#676);
#674 = CARTESIAN_POINT('',(-30.,-10.,840.));
#675 = DIRECTION('',(0.,1.,0.));
#676 = DIRECTION('',(0.,0.,1.));
#677 = ADVANCED_FACE('',(#678),#681,.F.);
#678 = FACE_BOUND('',#679,.T.);
#679 = EDGE_LOOP('',(#680));
#680 = ORIENTED_EDGE('',*,*,#656,.F.);
#681 = PLANE('',#682);
#682 = AXIS2_PLACEMENT_3D('',#683,#684,#685);
#683 = CARTESIAN_POINT('',(-30.,-190.,840.));
#684 = DIRECTION('',(0.,1.,0.));
#685 = DIRECTION('',(0.,0.,1.));
#686 = MANIFOLD_SOLID_BREP('',#687);
#687 = CLOSED_SHELL('',(#688,#721,#730));
#688 = ADVANCED_FACE('',(#689),#716,.T.);
#689 = FACE_BOUND('',#690,.T.);
#690 = EDGE_LOOP('',(#691,#700,#708,#715));
#691 = ORIENTED_EDGE('',*,*,#692,.F.);
#692 = EDGE_CURVE('',#693,#693,#695,.T.);
#693 = VERTEX_POINT('',#694);
#694 = CARTESIAN_POINT('',(-170.,190.,852.));
#695 = CIRCLE('',#696,12.);
#696 = AXIS2_PLACEMENT_3D('',#697,#698,#699);
#697 = CARTESIAN_POINT('',(-170.,190.,840.));
#698 = DIRECTION('',(0.,1.,0.));
#699 = DIRECTION('',(0.,0.,1.));
#700 = ORIENTED_EDGE('',*,*,#701,.F.);
#701 = EDGE_CURVE('',#702,#693,#704,.T.);
#702 = VERTEX_POINT('',#703);
#703 = CARTESIAN_POINT('',(-170.,10.,852.));
#704 = LINE('',#705,#706);
#705 = CARTESIAN_POINT('',(-170.,10.,852.));
#706 = VECTOR('',#707,1.);
#707 = DIRECTION('',(0.,1.,0.));
#708 = ORIENTED_EDGE('',*,*,#709,.T.);
#709 = EDGE_CURVE('',#702,#702,#710,.T.);
#710 = CIRCLE('',#711,12.);
#711 = AXIS2_PLACEMENT_3D('',#712,#713,#714);
#712 = CARTESIAN_POINT('',(-170.,10.,840.));
#713 = DIRECTION('',(0.,1.,0.));
#714 = DIRECTION('',(0.,0.,1.));
#715 = ORIENTED_EDGE('',*,*,#701,.T.);
#716 = CYLINDRICAL_SURFACE('',#717,12.);
#717 = AXIS2_PLACEMENT_3D('',#718,#719,#720);
#718 = CARTESIAN_POINT('',(-170.,10.,840.));
#719 = DIRECTION('',(0.,1.,0.));
#720 = DIRECTION('',(0.,0.,1.));
#721 = ADVANCED_FACE('',(#722),#725,.T.);
#722 = FACE_BOUND('',#723,.T.);
#723 = EDGE_LOOP('',(#724));
#724 = ORIENTED_EDGE('',*,*,#692,.T.);
#725 = PLANE('',#726);
#726 = AXIS2_PLACEMENT_3D('',#727,#728,#729);
#727 = CARTESIAN_POINT('',(-170.,190.,840.));
#728 = DIRECTION('',(0.,1.,0.));
#729 = DIRECTION('',(0.,0.,1.));
#730 = ADVANCED_FACE('',(#731),#734,.F.);
#731 = FACE_BOUND('',#732,.T.);
#732 = EDGE_LOOP('',(#733));
#733 = ORIENTED_EDGE('',*,*,#709,.F.);
#734 = PLANE('',#735);
#735 = AXIS2_PLACEMENT_3D('',#736,#737,#738);
#736 = CARTESIAN_POINT('',(-170.,10.,840.));
#737 = DIRECTION('',(0.,1.,0.));
#738 = DIRECTION('',(0.,0.,1.));
#739 = MANIFOLD_SOLID_BREP('',#740);
#740 = CLOSED_SHELL('',(#741,#781,#821,#843,#865,#877));
#741 = ADVANCED_FACE('',(#742),#776,.F.);
#742 = FACE_BOUND('',#743,.F.);
#743 = EDGE_LOOP('',(#744,#754,#762,#770));
#744 = ORIENTED_EDGE('',*,*,#745,.F.);
#745 = EDGE_CURVE('',#746,#748,#750,.T.);
#746 = VERTEX_POINT('',#747);
#747 = CARTESIAN_POINT('',(-182.,-24.,828.));
#748 = VERTEX_POINT('',#749);
#749 = CARTESIAN_POINT('',(-182.,-24.,852.));
#750 = LINE('',#751,#752);
#751 = CARTESIAN_POINT('',(-182.,-24.,828.));
#752 = VECTOR('',#753,1.);
#753 = DIRECTION('',(0.,0.,1.));
#754 = ORIENTED_EDGE('',*,*,#755,.T.);
#755 = EDGE_CURVE('',#746,#756,#758,.T.);
#756 = VERTEX_POINT('',#757);
#757 = CARTESIAN_POINT('',(-182.,24.,828.));
#758 = LINE('',#759,#760);
#759 = CARTESIAN_POINT('',(-182.,-24.,828.));
#760 = VECTOR('',#761,1.);
#761 = DIRECTION('',(0.,1.,0.));
#762 = ORIENTED_EDGE('',*,*,#763,.T.);
#763 = EDGE_CURVE('',#756,#764,#766,.T.);
#764 = VERTEX_POINT('',#765);
#765 = CARTESIAN_POINT('',(-182.,24.,852.));
#766 = LINE('',#767,#768);
#767 = CARTESIAN_POINT('',(-182.,24.,828.));
#768 = VECTOR('',#769,1.);
#769 = DIRECTION('',(0.,0.,1.));
#770 = ORIENTED_EDGE('',*,*,#771,.F.);
#771 = EDGE_CURVE('',#748,#764,#772,.T.);
#772 = LINE('',#773,#774);
#773 = CARTESIAN_POINT('',(-182.,-24.,852.));
#774 = VECTOR('',#775,1.);
#775 = DIRECTION('',(0.,1.,0.));
#776 = PLANE('',#777);
#777 = AXIS2_PLACEMENT_3D('',#778,#779,#780);
#778 = CARTESIAN_POINT('',(-182.,-24.,828.));
#779 = DIRECTION('',(1.,0.,0.));
#780 = DIRECTION('',(0.,0.,1.));
#781 = ADVANCED_FACE('',(#782),#816,.T.);
#782 = FACE_BOUND('',#783,.T.);
#783 = EDGE_LOOP('',(#784,#794,#802,#810));
#784 = ORIENTED_EDGE('',*,*,#785,.F.);
#785 = EDGE_CURVE('',#786,#788,#790,.T.);
#786 = VERTEX_POINT('',#787);
#787 = CARTESIAN_POINT('',(-18.,-24.,828.));
#788 = VERTEX_POINT('',#789);
#789 = CARTESIAN_POINT('',(-18.,-24.,852.));
#790 = LINE('',#791,#792);
#791 = CARTESIAN_POINT('',(-18.,-24.,828.));
#792 = VECTOR('',#793,1.);
#793 = DIRECTION('',(0.,0.,1.));
#794 = ORIENTED_EDGE('',*,*,#795,.T.);
#795 = EDGE_CURVE('',#786,#796,#798,.T.);
#796 = VERTEX_POINT('',#797);
#797 = CARTESIAN_POINT('',(-18.,24.,828.));
#798 = LINE('',#799,#800);
#799 = CARTESIAN_POINT('',(-18.,-24.,828.));
#800 = VECTOR('',#801,1.);
#801 = DIRECTION('',(0.,1.,0.));
#802 = ORIENTED_EDGE('',*,*,#803,.T.);
#803 = EDGE_CURVE('',#796,#804,#806,.T.);
#804 = VERTEX_POINT('',#805);
#805 = CARTESIAN_POINT('',(-18.,24.,852.));
#806 = LINE('',#807,#808);
#807 = CARTESIAN_POINT('',(-18.,24.,828.));
#808 = VECTOR('',#809,1.);
#809 = DIRECTION('',(0.,0.,1.));
#810 = ORIENTED_EDGE('',*,*,#811,.F.);
#811 = EDGE_CURVE('',#788,#804,#812,.T.);
#812 = LINE('',#813,#814);
#813 = CARTESIAN_POINT('',(-18.,-24.,852.));
#814 = VECTOR('',#815,1.);
#815 = DIRECTION('',(0.,1.,0.));
#816 = PLANE('',#817);
#817 = AXIS2_PLACEMENT_3D('',#818,#819,#820);
#818 = CARTESIAN_POINT('',(-18.,-24.,828.));
#819 = DIRECTION('',(1.,0.,0.));
#820 = DIRECTION('',(0.,0.,1.));
#821 = ADVANCED_FACE('',(#822),#838,.F.);
#822 = FACE_BOUND('',#823,.F.);
#823 = EDGE_LOOP('',(#824,#830,#831,#837));
#824 = ORIENTED_EDGE('',*,*,#825,.F.);
#825 = EDGE_CURVE('',#746,#786,#826,.T.);
#826 = LINE('',#827,#828);
#827 = CARTESIAN_POINT('',(-182.,-24.,828.));
#828 = VECTOR('',#829,1.);
#829 = DIRECTION('',(1.,0.,0.));
#830 = ORIENTED_EDGE('',*,*,#745,.T.);
#831 = ORIENTED_EDGE('',*,*,#832,.T.);
#832 = EDGE_CURVE('',#748,#788,#833,.T.);
#833 = LINE('',#834,#835);
#834 = CARTESIAN_POINT('',(-182.,-24.,852.));
#835 = VECTOR('',#836,1.);
#836 = DIRECTION('',(1.,0.,0.));
#837 = ORIENTED_EDGE('',*,*,#785,.F.);
#838 = PLANE('',#839);
#839 = AXIS2_PLACEMENT_3D('',#840,#841,#842);
#840 = CARTESIAN_POINT('',(-182.,-24.,828.));
#841 = DIRECTION('',(0.,1.,0.));
#842 = DIRECTION('',(0.,0.,1.));
#843 = ADVANCED_FACE('',(#844),#860,.T.);
#844 = FACE_BOUND('',#845,.T.);
#845 = EDGE_LOOP('',(#846,#852,#853,#859));
#846 = ORIENTED_EDGE('',*,*,#847,.F.);
#847 = EDGE_CURVE('',#756,#796,#848,.T.);
#848 = LINE('',#849,#850);
#849 = CARTESIAN_POINT('',(-182.,24.,828.));
#850 = VECTOR('',#851,1.);
#851 = DIRECTION('',(1.,0.,0.));
#852 = ORIENTED_EDGE('',*,*,#763,.T.);
#853 = ORIENTED_EDGE('',*,*,#854,.T.);
#854 = EDGE_CURVE('',#764,#804,#855,.T.);
#855 = LINE('',#856,#857);
#856 = CARTESIAN_POINT('',(-182.,24.,852.));
#857 = VECTOR('',#858,1.);
#858 = DIRECTION('',(1.,0.,0.));
#859 = ORIENTED_EDGE('',*,*,#803,.F.);
#860 = PLANE('',#861);
#861 = AXIS2_PLACEMENT_3D('',#862,#863,#864);
#862 = CARTESIAN_POINT('',(-182.,24.,828.));
#863 = DIRECTION('',(0.,1.,0.));
#864 = DIRECTION('',(0.,0.,1.));
#865 = ADVANCED_FACE('',(#866),#872,.F.);
#866 = FACE_BOUND('',#867,.F.);
#867 = EDGE_LOOP('',(#868,#869,#870,#871));
#868 = ORIENTED_EDGE('',*,*,#755,.F.);
#869 = ORIENTED_EDGE('',*,*,#825,.T.);
#870 = ORIENTED_EDGE('',*,*,#795,.T.);
#871 = ORIENTED_EDGE('',*,*,#847,.F.);
#872 = PLANE('',#873);
#873 = AXIS2_PLACEMENT_3D('',#874,#875,#876);
#874 = CARTESIAN_POINT('',(-182.,-24.,828.));
#875 = DIRECTION('',(0.,0.,1.));
#876 = DIRECTION('',(1.,0.,0.));
#877 = ADVANCED_FACE('',(#878),#884,.T.);
#878 = FACE_BOUND('',#879,.T.);
#879 = EDGE_LOOP('',(#880,#881,#882,#883));
#880 = ORIENTED_EDGE('',*,*,#771,.F.);
#881 = ORIENTED_EDGE('',*,*,#832,.T.);
#882 = ORIENTED_EDGE('',*,*,#811,.T.);
#883 = ORIENTED_EDGE('',*,*,#854,.F.);
#884 = PLANE('',#885);
#885 = AXIS2_PLACEMENT_3D('',#886,#887,#888);
#886 = CARTESIAN_POINT('',(-182.,-24.,852.));
#887 = DIRECTION('',(0.,0.,1.));
#888 = DIRECTION('',(1.,0.,0.));
#889 = MANIFOLD_SOLID_BREP('',#890);
#890 = CLOSED_SHELL('',(#891,#924,#933));
#891 = ADVANCED_FACE('',(#892),#919,.T.);
#892 = FACE_BOUND('',#893,.T.);
#893 = EDGE_LOOP('',(#894,#903,#911,#918));
#894 = ORIENTED_EDGE('',*,*,#895,.F.);
#895 = EDGE_CURVE('',#896,#896,#898,.T.);
#896 = VERTEX_POINT('',#897);
#897 = CARTESIAN_POINT('',(-100.,12.,870.));
#898 = CIRCLE('',#899,30.);
#899 = AXIS2_PLACEMENT_3D('',#900,#901,#902);
#900 = CARTESIAN_POINT('',(-100.,12.,840.));
#901 = DIRECTION('',(0.,1.,0.));
#902 = DIRECTION('',(0.,0.,1.));
#903 = ORIENTED_EDGE('',*,*,#904,.F.);
#904 = EDGE_CURVE('',#905,#896,#907,.T.);
#905 = VERTEX_POINT('',#906);
#906 = CARTESIAN_POINT('',(-100.,-12.,870.));
#907 = LINE('',#908,#909);
#908 = CARTESIAN_POINT('',(-100.,-12.,870.));
#909 = VECTOR('',#910,1.);
#910 = DIRECTION('',(0.,1.,0.));
#911 = ORIENTED_EDGE('',*,*,#912,.T.);
#912 = EDGE_CURVE('',#905,#905,#913,.T.);
#913 = CIRCLE('',#914,30.);
#914 = AXIS2_PLACEMENT_3D('',#915,#916,#917);
#915 = CARTESIAN_POINT('',(-100.,-12.,840.));
#916 = DIRECTION('',(0.,1.,0.));
#917 = DIRECTION('',(0.,0.,1.));
#918 = ORIENTED_EDGE('',*,*,#904,.T.);
#919 = CYLINDRICAL_SURFACE('',#920,30.);
#920 = AXIS2_PLACEMENT_3D('',#921,#922,#923);
#921 = CARTESIAN_POINT('',(-100.,-12.,840.));
#922 = DIRECTION('',(0.,1.,0.));
#923 = DIRECTION('',(0.,0.,1.));
#924 = ADVANCED_FACE('',(#925),#928,.T.);
#925 = FACE_BOUND('',#926,.T.);
#926 = EDGE_LOOP('',(#927));
#927 = ORIENTED_EDGE('',*,*,#895,.T.);
#928 = PLANE('',#929);
#929 = AXIS2_PLACEMENT_3D('',#930,#931,#932);
#930 = CARTESIAN_POINT('',(-100.,12.,840.));
#931 = DIRECTION('',(0.,1.,0.));
#932 = DIRECTION('',(0.,0.,1.));
#933 = ADVANCED_FACE('',(#934),#937,.F.);
#934 = FACE_BOUND('',#935,.T.);
#935 = EDGE_LOOP('',(#936));
#936 = ORIENTED_EDGE('',*,*,#912,.F.);
#937 = PLANE('',#938);
#938 = AXIS2_PLACEMENT_3D('',#939,#940,#941);
#939 = CARTESIAN_POINT('',(-100.,-12.,840.));
#940 = DIRECTION('',(0.,1.,0.));
#941 = DIRECTION('',(0.,0.,1.));
#942 = MANIFOLD_SOLID_BREP('',#943);
#943 = CLOSED_SHELL('',(#944,#977,#986));
#944 = ADVANCED_FACE('',(#945),#972,.T.);
#945 = FACE_BOUND('',#946,.T.);
#946 = EDGE_LOOP('',(#947,#956,#964,#971));
#947 = ORIENTED_EDGE('',*,*,#948,.F.);
#948 = EDGE_CURVE('',#949,#949,#951,.T.);
#949 = VERTEX_POINT('',#950);
#950 = CARTESIAN_POINT('',(170.,-99.,900.));
#951 = CIRCLE('',#952,60.);
#952 = AXIS2_PLACEMENT_3D('',#953,#954,#955);
#953 = CARTESIAN_POINT('',(170.,-99.,840.));
#954 = DIRECTION('',(0.,1.,0.));
#955 = DIRECTION('',(0.,0.,1.));
#956 = ORIENTED_EDGE('',*,*,#957,.F.);
#957 = EDGE_CURVE('',#958,#949,#960,.T.);
#958 = VERTEX_POINT('',#959);
#959 = CARTESIAN_POINT('',(170.,-111.,900.));
#960 = LINE('',#961,#962);
#961 = CARTESIAN_POINT('',(170.,-111.,900.));
#962 = VECTOR('',#963,1.);
#963 = DIRECTION('',(0.,1.,0.));
#964 = ORIENTED_EDGE('',*,*,#965,.T.);
#965 = EDGE_CURVE('',#958,#958,#966,.T.);
#966 = CIRCLE('',#967,60.);
#967 = AXIS2_PLACEMENT_3D('',#968,#969,#970);
#968 = CARTESIAN_POINT('',(170.,-111.,840.));
#969 = DIRECTION('',(0.,1.,0.));
#970 = DIRECTION('',(0.,0.,1.));
#971 = ORIENTED_EDGE('',*,*,#957,.T.);
#972 = CYLINDRICAL_SURFACE('',#973,60.);
#973 = AXIS2_PLACEMENT_3D('',#974,#975,#976);
#974 = CARTESIAN_POINT('',(170.,-111.,840.));
#975 = DIRECTION('',(0.,1.,0.));
#976 = DIRECTION('',(0.,0.,1.));
#977 = ADVANCED_FACE('',(#978),#981,.T.);
#978 = FACE_BOUND('',#979,.T.);
#979 = EDGE_LOOP('',(#980));
#980 = ORIENTED_EDGE('',*,*,#948,.T.);
#981 = PLANE('',#982);
#982 = AXIS2_PLACEMENT_3D('',#983,#984,#985);
#983 = CARTESIAN_POINT('',(170.,-99.,840.));
#984 = DIRECTION('',(0.,1.,0.));
#985 = DIRECTION('',(0.,0.,1.));
#986 = ADVANCED_FACE('',(#987),#990,.F.);
#987 = FACE_BOUND('',#988,.T.);
#988 = EDGE_LOOP('',(#989));
#989 = ORIENTED_EDGE('',*,*,#965,.F.);
#990 = PLANE('',#991);
#991 = AXIS2_PLACEMENT_3D('',#992,#993,#994);
#992 = CARTESIAN_POINT('',(170.,-111.,840.));
#993 = DIRECTION('',(0.,1.,0.));
#994 = DIRECTION('',(0.,0.,1.));
#995 = MANIFOLD_SOLID_BREP('',#996);
#996 = CLOSED_SHELL('',(#997,#1030,#1039));
#997 = ADVANCED_FACE('',(#998),#1025,.T.);
#998 = FACE_BOUND('',#999,.T.);
#999 = EDGE_LOOP('',(#1000,#1009,#1017,#1024));
#1000 = ORIENTED_EDGE('',*,*,#1001,.F.);
#1001 = EDGE_CURVE('',#1002,#1002,#1004,.T.);
#1002 = VERTEX_POINT('',#1003);
#1003 = CARTESIAN_POINT('',(70.,-99.,880.));
#1004 = CIRCLE('',#1005,40.);
#1005 = AXIS2_PLACEMENT_3D('',#1006,#1007,#1008);
#1006 = CARTESIAN_POINT('',(70.,-99.,840.));
#1007 = DIRECTION('',(0.,1.,0.));
#1008 = DIRECTION('',(0.,0.,1.));
#1009 = ORIENTED_EDGE('',*,*,#1010,.F.);
#1010 = EDGE_CURVE('',#1011,#1002,#1013,.T.);
#1011 = VERTEX_POINT('',#1012);
#1012 = CARTESIAN_POINT('',(70.,-111.,880.));
#1013 = LINE('',#1014,#1015);
#1014 = CARTESIAN_POINT('',(70.,-111.,880.));
#1015 = VECTOR('',#1016,1.);
#1016 = DIRECTION('',(0.,1.,0.));
#1017 = ORIENTED_EDGE('',*,*,#1018,.T.);
#1018 = EDGE_CURVE('',#1011,#1011,#1019,.T.);
#1019 = CIRCLE('',#1020,40.);
#1020 = AXIS2_PLACEMENT_3D('',#1021,#1022,#1023);
#1021 = CARTESIAN_POINT('',(70.,-111.,840.));
#1022 = DIRECTION('',(0.,1.,0.));
#1023 = DIRECTION('',(0.,0.,1.));
#1024 = ORIENTED_EDGE('',*,*,#1010,.T.);
#1025 = CYLINDRICAL_SURFACE('',#1026,40.);
#1026 = AXIS2_PLACEMENT_3D('',#1027,#1028,#1029);
#1027 = CARTESIAN_POINT('',(70.,-111.,840.));
#1028 = DIRECTION('',(0.,1.,0.));
#1029 = DIRECTION('',(0.,0.,1.));
#1030 = ADVANCED_FACE('',(#1031),#1034,.T.);
#1031 = FACE_BOUND('',#1032,.T.);
#1032 = EDGE_LOOP('',(#1033));
#1033 = ORIENTED_EDGE('',*,*,#1001,.T.);
#1034 = PLANE('',#1035);
#1035 = AXIS2_PLACEMENT_3D('',#1036,#1037,#1038);
#1036 = CARTESIAN_POINT('',(70.,-99.,840.));
#1037 = DIRECTION('',(0.,1.,0.));
#1038 = DIRECTION('',(0.,0.,1.));
#1039 = ADVANCED_FACE('',(#1040),#1043,.F.);
#1040 = FACE_BOUND('',#1041,.T.);
#1041 = EDGE_LOOP('',(#1042));
#1042 = ORIENTED_EDGE('',*,*,#1018,.F.);
#1043 = PLANE('',#1044);
#1044 = AXIS2_PLACEMENT_3D('',#1045,#1046,#1047);
#1045 = CARTESIAN_POINT('',(70.,-111.,840.));
#1046 = DIRECTION('',(0.,1.,0.));
#1047 = DIRECTION('',(0.,0.,1.));
#1048 = MANIFOLD_SOLID_BREP('',#1049);
#1049 = CLOSED_SHELL('',(#1050,#1083,#1092));
#1050 = ADVANCED_FACE('',(#1051),#1078,.T.);
#1051 = FACE_BOUND('',#1052,.T.);
#1052 = EDGE_LOOP('',(#1053,#1062,#1070,#1077));
#1053 = ORIENTED_EDGE('',*,*,#1054,.F.);
#1054 = EDGE_CURVE('',#1055,#1055,#1057,.T.);
#1055 = VERTEX_POINT('',#1056);
#1056 = CARTESIAN_POINT('',(-30.,-99.,900.));
#1057 = CIRCLE('',#1058,60.);
#1058 = AXIS2_PLACEMENT_3D('',#1059,#1060,#1061);
#1059 = CARTESIAN_POINT('',(-30.,-99.,840.));
#1060 = DIRECTION('',(0.,1.,0.));
#1061 = DIRECTION('',(0.,0.,1.));
#1062 = ORIENTED_EDGE('',*,*,#1063,.F.);
#1063 = EDGE_CURVE('',#1064,#1055,#1066,.T.);
#1064 = VERTEX_POINT('',#1065);
#1065 = CARTESIAN_POINT('',(-30.,-111.,900.));
#1066 = LINE('',#1067,#1068);
#1067 = CARTESIAN_POINT('',(-30.,-111.,900.));
#1068 = VECTOR('',#1069,1.);
#1069 = DIRECTION('',(0.,1.,0.));
#1070 = ORIENTED_EDGE('',*,*,#1071,.T.);
#1071 = EDGE_CURVE('',#1064,#1064,#1072,.T.);
#1072 = CIRCLE('',#1073,60.);
#1073 = AXIS2_PLACEMENT_3D('',#1074,#1075,#1076);
#1074 = CARTESIAN_POINT('',(-30.,-111.,840.));
#1075 = DIRECTION('',(0.,1.,0.));
#1076 = DIRECTION('',(0.,0.,1.));
#1077 = ORIENTED_EDGE('',*,*,#1063,.T.);
#1078 = CYLINDRICAL_SURFACE('',#1079,60.);
#1079 = AXIS2_PLACEMENT_3D('',#1080,#1081,#1082);
#1080 = CARTESIAN_POINT('',(-30.,-111.,840.));
#1081 = DIRECTION('',(0.,1.,0.));
#1082 = DIRECTION('',(0.,0.,1.));
#1083 = ADVANCED_FACE('',(#1084),#1087,.T.);
#1084 = FACE_BOUND('',#1085,.T.);
#1085 = EDGE_LOOP('',(#1086));
#1086 = ORIENTED_EDGE('',*,*,#1054,.T.);
#1087 = PLANE('',#1088);
#1088 = AXIS2_PLACEMENT_3D('',#1089,#1090,#1091);
#1089 = CARTESIAN_POINT('',(-30.,-99.,840.));
#1090 = DIRECTION('',(0.,1.,0.));
#1091 = DIRECTION('',(0.,0.,1.));
#1092 = ADVANCED_FACE('',(#1093),#1096,.F.);
#1093 = FACE_BOUND('',#1094,.T.);
#1094 = EDGE_LOOP('',(#1095));
#1095 = ORIENTED_EDGE('',*,*,#1071,.F.);
#1096 = PLANE('',#1097);
#1097 = AXIS2_PLACEMENT_3D('',#1098,#1099,#1100);
#1098 = CARTESIAN_POINT('',(-30.,-111.,840.));
#1099 = DIRECTION('',(0.,1.,0.));
#1100 = DIRECTION('',(0.,0.,1.));
#1101 = MANIFOLD_SOLID_BREP('',#1102);
#1102 = CLOSED_SHELL('',(#1103,#1136,#1145));
#1103 = ADVANCED_FACE('',(#1104),#1131,.T.);
#1104 = FACE_BOUND('',#1105,.T.);
#1105 = EDGE_LOOP('',(#1106,#1115,#1123,#1130));
#1106 = ORIENTED_EDGE('',*,*,#1107,.F.);
#1107 = EDGE_CURVE('',#1108,#1108,#1110,.T.);
#1108 = VERTEX_POINT('',#1109);
#1109 = CARTESIAN_POINT('',(30.,111.,900.));
#1110 = CIRCLE('',#1111,60.);
#1111 = AXIS2_PLACEMENT_3D('',#1112,#1113,#1114);
#1112 = CARTESIAN_POINT('',(30.,111.,840.));
#1113 = DIRECTION('',(0.,1.,0.));
#1114 = DIRECTION('',(0.,0.,1.));
#1115 = ORIENTED_EDGE('',*,*,#1116,.F.);
#1116 = EDGE_CURVE('',#1117,#1108,#1119,.T.);
#1117 = VERTEX_POINT('',#1118);
#1118 = CARTESIAN_POINT('',(30.,99.,900.));
#1119 = LINE('',#1120,#1121);
#1120 = CARTESIAN_POINT('',(30.,99.,900.));
#1121 = VECTOR('',#1122,1.);
#1122 = DIRECTION('',(0.,1.,0.));
#1123 = ORIENTED_EDGE('',*,*,#1124,.T.);
#1124 = EDGE_CURVE('',#1117,#1117,#1125,.T.);
#1125 = CIRCLE('',#1126,60.);
#1126 = AXIS2_PLACEMENT_3D('',#1127,#1128,#1129);
#1127 = CARTESIAN_POINT('',(30.,99.,840.));
#1128 = DIRECTION('',(0.,1.,0.));
#1129 = DIRECTION('',(0.,0.,1.));
#1130 = ORIENTED_EDGE('',*,*,#1116,.T.);
#1131 = CYLINDRICAL_SURFACE('',#1132,60.);
#1132 = AXIS2_PLACEMENT_3D('',#1133,#1134,#1135);
#1133 = CARTESIAN_POINT('',(30.,99.,840.));
#1134 = DIRECTION('',(0.,1.,0.));
#1135 = DIRECTION('',(0.,0.,1.));
#1136 = ADVANCED_FACE('',(#1137),#1140,.T.);
#1137 = FACE_BOUND('',#1138,.T.);
#1138 = EDGE_LOOP('',(#1139));
#1139 = ORIENTED_EDGE('',*,*,#1107,.T.);
#1140 = PLANE('',#1141);
#1141 = AXIS2_PLACEMENT_3D('',#1142,#1143,#1144);
#1142 = CARTESIAN_POINT('',(30.,111.,840.));
#1143 = DIRECTION('',(0.,1.,0.));
#1144 = DIRECTION('',(0.,0.,1.));
#1145 = ADVANCED_FACE('',(#1146),#1149,.F.);
#1146 = FACE_BOUND('',#1147,.T.);
#1147 = EDGE_LOOP('',(#1148));
#1148 = ORIENTED_EDGE('',*,*,#1124,.F.);
#1149 = PLANE('',#1150);
#1150 = AXIS2_PLACEMENT_3D('',#1151,#1152,#1153);
#1151 = CARTESIAN_POINT('',(30.,99.,840.));
#1152 = DIRECTION('',(0.,1.,0.));
#1153 = DIRECTION('',(0.,0.,1.));
#1154 = MANIFOLD_SOLID_BREP('',#1155);
#1155 = CLOSED_SHELL('',(#1156,#1189,#1198));
#1156 = ADVANCED_FACE('',(#1157),#1184,.T.);
#1157 = FACE_BOUND('',#1158,.T.);
#1158 = EDGE_LOOP('',(#1159,#1168,#1176,#1183));
#1159 = ORIENTED_EDGE('',*,*,#1160,.F.);
#1160 = EDGE_CURVE('',#1161,#1161,#1163,.T.);
#1161 = VERTEX_POINT('',#1162);
#1162 = CARTESIAN_POINT('',(-70.,111.,880.));
#1163 = CIRCLE('',#1164,40.);
#1164 = AXIS2_PLACEMENT_3D('',#1165,#1166,#1167);
#1165 = CARTESIAN_POINT('',(-70.,111.,840.));
#1166 = DIRECTION('',(0.,1.,0.));
#1167 = DIRECTION('',(0.,0.,1.));
#1168 = ORIENTED_EDGE('',*,*,#1169,.F.);
#1169 = EDGE_CURVE('',#1170,#1161,#1172,.T.);
#1170 = VERTEX_POINT('',#1171);
#1171 = CARTESIAN_POINT('',(-70.,99.,880.));
#1172 = LINE('',#1173,#1174);
#1173 = CARTESIAN_POINT('',(-70.,99.,880.));
#1174 = VECTOR('',#1175,1.);
#1175 = DIRECTION('',(0.,1.,0.));
#1176 = ORIENTED_EDGE('',*,*,#1177,.T.);
#1177 = EDGE_CURVE('',#1170,#1170,#1178,.T.);
#1178 = CIRCLE('',#1179,40.);
#1179 = AXIS2_PLACEMENT_3D('',#1180,#1181,#1182);
#1180 = CARTESIAN_POINT('',(-70.,99.,840.));
#1181 = DIRECTION('',(0.,1.,0.));
#1182 = DIRECTION('',(0.,0.,1.));
#1183 = ORIENTED_EDGE('',*,*,#1169,.T.);
#1184 = CYLINDRICAL_SURFACE('',#1185,40.);
#1185 = AXIS2_PLACEMENT_3D('',#1186,#1187,#1188);
#1186 = CARTESIAN_POINT('',(-70.,99.,840.));
#1187 = DIRECTION('',(0.,1.,0.));
#1188 = DIRECTION('',(0.,0.,1.));
#1189 = ADVANCED_FACE('',(#1190),#1193,.T.);
#1190 = FACE_BOUND('',#1191,.T.);
#1191 = EDGE_LOOP('',(#1192));
#1192 = ORIENTED_EDGE('',*,*,#1160,.T.);
#1193 = PLANE('',#1194);
#1194 = AXIS2_PLACEMENT_3D('',#1195,#1196,#1197);
#1195 = CARTESIAN_POINT('',(-70.,111.,840.));
#1196 = DIRECTION('',(0.,1.,0.));
#1197 = DIRECTION('',(0.,0.,1.));
#1198 = ADVANCED_FACE('',(#1199),#1202,.F.);
#1199 = FACE_BOUND('',#1200,.T.);
#1200 = EDGE_LOOP('',(#1201));
#1201 = ORIENTED_EDGE('',*,*,#1177,.F.);
#1202 = PLANE('',#1203);
#1203 = AXIS2_PLACEMENT_3D('',#1204,#1205,#1206);
#1204 = CARTESIAN_POINT('',(-70.,99.,840.));
#1205 = DIRECTION('',(0.,1.,0.));
#1206 = DIRECTION('',(0.,0.,1.));
#1207 = MANIFOLD_SOLID_BREP('',#1208);
#1208 = CLOSED_SHELL('',(#1209,#1242,#1251));
#1209 = ADVANCED_FACE('',(#1210),#1237,.T.);
#1210 = FACE_BOUND('',#1211,.T.);
#1211 = EDGE_LOOP('',(#1212,#1221,#1229,#1236));
#1212 = ORIENTED_EDGE('',*,*,#1213,.F.);
#1213 = EDGE_CURVE('',#1214,#1214,#1216,.T.);
#1214 = VERTEX_POINT('',#1215);
#1215 = CARTESIAN_POINT('',(-170.,111.,900.));
#1216 = CIRCLE('',#1217,60.);
#1217 = AXIS2_PLACEMENT_3D('',#1218,#1219,#1220);
#1218 = CARTESIAN_POINT('',(-170.,111.,840.));
#1219 = DIRECTION('',(0.,1.,0.));
#1220 = DIRECTION('',(0.,0.,1.));
#1221 = ORIENTED_EDGE('',*,*,#1222,.F.);
#1222 = EDGE_CURVE('',#1223,#1214,#1225,.T.);
#1223 = VERTEX_POINT('',#1224);
#1224 = CARTESIAN_POINT('',(-170.,99.,900.));
#1225 = LINE('',#1226,#1227);
#1226 = CARTESIAN_POINT('',(-170.,99.,900.));
#1227 = VECTOR('',#1228,1.);
#1228 = DIRECTION('',(0.,1.,0.));
#1229 = ORIENTED_EDGE('',*,*,#1230,.T.);
#1230 = EDGE_CURVE('',#1223,#1223,#1231,.T.);
#1231 = CIRCLE('',#1232,60.);
#1232 = AXIS2_PLACEMENT_3D('',#1233,#1234,#1235);
#1233 = CARTESIAN_POINT('',(-170.,99.,840.));
#1234 = DIRECTION('',(0.,1.,0.));
#1235 = DIRECTION('',(0.,0.,1.));
#1236 = ORIENTED_EDGE('',*,*,#1222,.T.);
#1237 = CYLINDRICAL_SURFACE('',#1238,60.);
#1238 = AXIS2_PLACEMENT_3D('',#1239,#1240,#1241);
#1239 = CARTESIAN_POINT('',(-170.,99.,840.));
#1240 = DIRECTION('',(0.,1.,0.));
#1241 = DIRECTION('',(0.,0.,1.));
#1242 = ADVANCED_FACE('',(#1243),#1246,.T.);
#1243 = FACE_BOUND('',#1244,.T.);
#1244 = EDGE_LOOP('',(#1245));
#1245 = ORIENTED_EDGE('',*,*,#1213,.T.);
#1246 = PLANE('',#1247);
#1247 = AXIS2_PLACEMENT_3D('',#1248,#1249,#1250);
#1248 = CARTESIAN_POINT('',(-170.,111.,840.));
#1249 = DIRECTION('',(0.,1.,0.));
#1250 = DIRECTION('',(0.,0.,1.));
#1251 = ADVANCED_FACE('',(#1252),#1255,.F.);
#1252 = FACE_BOUND('',#1253,.T.);
#1253 = EDGE_LOOP('',(#1254));
#1254 = ORIENTED_EDGE('',*,*,#1230,.F.);
#1255 = PLANE('',#1256);
#1256 = AXIS2_PLACEMENT_3D('',#1257,#1258,#1259);
#1257 = CARTESIAN_POINT('',(-170.,99.,840.));
#1258 = DIRECTION('',(0.,1.,0.));
#1259 = DIRECTION('',(0.,0.,1.));
#1260 = MANIFOLD_SOLID_BREP('',#1261);
#1261 = CLOSED_SHELL('',(#1262,#1295,#1304));
#1262 = ADVANCED_FACE('',(#1263),#1290,.T.);
#1263 = FACE_BOUND('',#1264,.T.);
#1264 = EDGE_LOOP('',(#1265,#1274,#1282,#1289));
#1265 = ORIENTED_EDGE('',*,*,#1266,.F.);
#1266 = EDGE_CURVE('',#1267,#1267,#1269,.T.);
#1267 = VERTEX_POINT('',#1268);
#1268 = CARTESIAN_POINT('',(170.,-161.,860.));
#1269 = CIRCLE('',#1270,20.);
#1270 = AXIS2_PLACEMENT_3D('',#1271,#1272,#1273);
#1271 = CARTESIAN_POINT('',(170.,-161.,840.));
#1272 = DIRECTION('',(0.,1.,0.));
#1273 = DIRECTION('',(0.,0.,1.));
#1274 = ORIENTED_EDGE('',*,*,#1275,.F.);
#1275 = EDGE_CURVE('',#1276,#1267,#1278,.T.);
#1276 = VERTEX_POINT('',#1277);
#1277 = CARTESIAN_POINT('',(170.,-183.,860.));
#1278 = LINE('',#1279,#1280);
#1279 = CARTESIAN_POINT('',(170.,-183.,860.));
#1280 = VECTOR('',#1281,1.);
#1281 = DIRECTION('',(0.,1.,0.));
#1282 = ORIENTED_EDGE('',*,*,#1283,.T.);
#1283 = EDGE_CURVE('',#1276,#1276,#1284,.T.);
#1284 = CIRCLE('',#1285,20.);
#1285 = AXIS2_PLACEMENT_3D('',#1286,#1287,#1288);
#1286 = CARTESIAN_POINT('',(170.,-183.,840.));
#1287 = DIRECTION('',(0.,1.,0.));
#1288 = DIRECTION('',(0.,0.,1.));
#1289 = ORIENTED_EDGE('',*,*,#1275,.T.);
#1290 = CYLINDRICAL_SURFACE('',#1291,20.);
#1291 = AXIS2_PLACEMENT_3D('',#1292,#1293,#1294);
#1292 = CARTESIAN_POINT('',(170.,-183.,840.));
#1293 = DIRECTION('',(0.,1.,0.));
#1294 = DIRECTION('',(0.,0.,1.));
#1295 = ADVANCED_FACE('',(#1296),#1299,.T.);
#1296 = FACE_BOUND('',#1297,.T.);
#1297 = EDGE_LOOP('',(#1298));
#1298 = ORIENTED_EDGE('',*,*,#1266,.T.);
#1299 = PLANE('',#1300);
#1300 = AXIS2_PLACEMENT_3D('',#1301,#1302,#1303);
#1301 = CARTESIAN_POINT('',(170.,-161.,840.));
#1302 = DIRECTION('',(0.,1.,0.));
#1303 = DIRECTION('',(0.,0.,1.));
#1304 = ADVANCED_FACE('',(#1305),#1308,.F.);
#1305 = FACE_BOUND('',#1306,.T.);
#1306 = EDGE_LOOP('',(#1307));
#1307 = ORIENTED_EDGE('',*,*,#1283,.F.);
#1308 = PLANE('',#1309);
#1309 = AXIS2_PLACEMENT_3D('',#1310,#1311,#1312);
#1310 = CARTESIAN_POINT('',(170.,-183.,840.));
#1311 = DIRECTION('',(0.,1.,0.));
#1312 = DIRECTION('',(0.,0.,1.));
#1313 = MANIFOLD_SOLID_BREP('',#1314);
#1314 = CLOSED_SHELL('',(#1315,#1348,#1357));
#1315 = ADVANCED_FACE('',(#1316),#1343,.T.);
#1316 = FACE_BOUND('',#1317,.T.);
#1317 = EDGE_LOOP('',(#1318,#1327,#1335,#1342));
#1318 = ORIENTED_EDGE('',*,*,#1319,.F.);
#1319 = EDGE_CURVE('',#1320,#1320,#1322,.T.);
#1320 = VERTEX_POINT('',#1321);
#1321 = CARTESIAN_POINT('',(-30.,-161.,860.));
#1322 = CIRCLE('',#1323,20.);
#1323 = AXIS2_PLACEMENT_3D('',#1324,#1325,#1326);
#1324 = CARTESIAN_POINT('',(-30.,-161.,840.));
#1325 = DIRECTION('',(0.,1.,0.));
#1326 = DIRECTION('',(0.,0.,1.));
#1327 = ORIENTED_EDGE('',*,*,#1328,.F.);
#1328 = EDGE_CURVE('',#1329,#1320,#1331,.T.);
#1329 = VERTEX_POINT('',#1330);
#1330 = CARTESIAN_POINT('',(-30.,-183.,860.));
#1331 = LINE('',#1332,#1333);
#1332 = CARTESIAN_POINT('',(-30.,-183.,860.));
#1333 = VECTOR('',#1334,1.);
#1334 = DIRECTION('',(0.,1.,0.));
#1335 = ORIENTED_EDGE('',*,*,#1336,.T.);
#1336 = EDGE_CURVE('',#1329,#1329,#1337,.T.);
#1337 = CIRCLE('',#1338,20.);
#1338 = AXIS2_PLACEMENT_3D('',#1339,#1340,#1341);
#1339 = CARTESIAN_POINT('',(-30.,-183.,840.));
#1340 = DIRECTION('',(0.,1.,0.));
#1341 = DIRECTION('',(0.,0.,1.));
#1342 = ORIENTED_EDGE('',*,*,#1328,.T.);
#1343 = CYLINDRICAL_SURFACE('',#1344,20.);
#1344 = AXIS2_PLACEMENT_3D('',#1345,#1346,#1347);
#1345 = CARTESIAN_POINT('',(-30.,-183.,840.));
#1346 = DIRECTION('',(0.,1.,0.));
#1347 = DIRECTION('',(0.,0.,1.));
#1348 = ADVANCED_FACE('',(#1349),#1352,.T.);
#1349 = FACE_BOUND('',#1350,.T.);
#1350 = EDGE_LOOP('',(#1351));
#1351 = ORIENTED_EDGE('',*,*,#1319,.T.);
#1352 = PLANE('',#1353);
#1353 = AXIS2_PLACEMENT_3D('',#1354,#1355,#1356);
#1354 = CARTESIAN_POINT('',(-30.,-161.,840.));
#1355 = DIRECTION('',(0.,1.,0.));
#1356 = DIRECTION('',(0.,0.,1.));
#1357 = ADVANCED_FACE('',(#1358),#1361,.F.);
#1358 = FACE_BOUND('',#1359,.T.);
#1359 = EDGE_LOOP('',(#1360));
#1360 = ORIENTED_EDGE('',*,*,#1336,.F.);
#1361 = PLANE('',#1362);
#1362 = AXIS2_PLACEMENT_3D('',#1363,#1364,#1365);
#1363 = CARTESIAN_POINT('',(-30.,-183.,840.));
#1364 = DIRECTION('',(0.,1.,0.));
#1365 = DIRECTION('',(0.,0.,1.));
#1366 = MANIFOLD_SOLID_BREP('',#1367);
#1367 = CLOSED_SHELL('',(#1368,#1401,#1410));
#1368 = ADVANCED_FACE('',(#1369),#1396,.T.);
#1369 = FACE_BOUND('',#1370,.T.);
#1370 = EDGE_LOOP('',(#1371,#1380,#1388,#1395));
#1371 = ORIENTED_EDGE('',*,*,#1372,.F.);
#1372 = EDGE_CURVE('',#1373,#1373,#1375,.T.);
#1373 = VERTEX_POINT('',#1374);
#1374 = CARTESIAN_POINT('',(30.,183.,860.));
#1375 = CIRCLE('',#1376,20.);
#1376 = AXIS2_PLACEMENT_3D('',#1377,#1378,#1379);
#1377 = CARTESIAN_POINT('',(30.,183.,840.));
#1378 = DIRECTION('',(0.,1.,0.));
#1379 = DIRECTION('',(0.,0.,1.));
#1380 = ORIENTED_EDGE('',*,*,#1381,.F.);
#1381 = EDGE_CURVE('',#1382,#1373,#1384,.T.);
#1382 = VERTEX_POINT('',#1383);
#1383 = CARTESIAN_POINT('',(30.,161.,860.));
#1384 = LINE('',#1385,#1386);
#1385 = CARTESIAN_POINT('',(30.,161.,860.));
#1386 = VECTOR('',#1387,1.);
#1387 = DIRECTION('',(0.,1.,0.));
#1388 = ORIENTED_EDGE('',*,*,#1389,.T.);
#1389 = EDGE_CURVE('',#1382,#1382,#1390,.T.);
#1390 = CIRCLE('',#1391,20.);
#1391 = AXIS2_PLACEMENT_3D('',#1392,#1393,#1394);
#1392 = CARTESIAN_POINT('',(30.,161.,840.));
#1393 = DIRECTION('',(0.,1.,0.));
#1394 = DIRECTION('',(0.,0.,1.));
#1395 = ORIENTED_EDGE('',*,*,#1381,.T.);
#1396 = CYLINDRICAL_SURFACE('',#1397,20.);
#1397 = AXIS2_PLACEMENT_3D('',#1398,#1399,#1400);
#1398 = CARTESIAN_POINT('',(30.,161.,840.));
#1399 = DIRECTION('',(0.,1.,0.));
#1400 = DIRECTION('',(0.,0.,1.));
#1401 = ADVANCED_FACE('',(#1402),#1405,.T.);
#1402 = FACE_BOUND('',#1403,.T.);
#1403 = EDGE_LOOP('',(#1404));
#1404 = ORIENTED_EDGE('',*,*,#1372,.T.);
#1405 = PLANE('',#1406);
#1406 = AXIS2_PLACEMENT_3D('',#1407,#1408,#1409);
#1407 = CARTESIAN_POINT('',(30.,183.,840.));
#1408 = DIRECTION('',(0.,1.,0.));
#1409 = DIRECTION('',(0.,0.,1.));
#1410 = ADVANCED_FACE('',(#1411),#1414,.F.);
#1411 = FACE_BOUND('',#1412,.T.);
#1412 = EDGE_LOOP('',(#1413));
#1413 = ORIENTED_EDGE('',*,*,#1389,.F.);
#1414 = PLANE('',#1415);
#1415 = AXIS2_PLACEMENT_3D('',#1416,#1417,#1418);
#1416 = CARTESIAN_POINT('',(30.,161.,840.));
#1417 = DIRECTION('',(0.,1.,0.));
#1418 = DIRECTION('',(0.,0.,1.));
#1419 = MANIFOLD_SOLID_BREP('',#1420);
#1420 = CLOSED_SHELL('',(#1421,#1454,#1463));
#1421 = ADVANCED_FACE('',(#1422),#1449,.T.);
#1422 = FACE_BOUND('',#1423,.T.);
#1423 = EDGE_LOOP('',(#1424,#1433,#1441,#1448));
#1424 = ORIENTED_EDGE('',*,*,#1425,.F.);
#1425 = EDGE_CURVE('',#1426,#1426,#1428,.T.);
#1426 = VERTEX_POINT('',#1427);
#1427 = CARTESIAN_POINT('',(-170.,183.,860.));
#1428 = CIRCLE('',#1429,20.);
#1429 = AXIS2_PLACEMENT_3D('',#1430,#1431,#1432);
#1430 = CARTESIAN_POINT('',(-170.,183.,840.));
#1431 = DIRECTION('',(0.,1.,0.));
#1432 = DIRECTION('',(0.,0.,1.));
#1433 = ORIENTED_EDGE('',*,*,#1434,.F.);
#1434 = EDGE_CURVE('',#1435,#1426,#1437,.T.);
#1435 = VERTEX_POINT('',#1436);
#1436 = CARTESIAN_POINT('',(-170.,161.,860.));
#1437 = LINE('',#1438,#1439);
#1438 = CARTESIAN_POINT('',(-170.,161.,860.));
#1439 = VECTOR('',#1440,1.);
#1440 = DIRECTION('',(0.,1.,0.));
#1441 = ORIENTED_EDGE('',*,*,#1442,.T.);
#1442 = EDGE_CURVE('',#1435,#1435,#1443,.T.);
#1443 = CIRCLE('',#1444,20.);
#1444 = AXIS2_PLACEMENT_3D('',#1445,#1446,#1447);
#1445 = CARTESIAN_POINT('',(-170.,161.,840.));
#1446 = DIRECTION('',(0.,1.,0.));
#1447 = DIRECTION('',(0.,0.,1.));
#1448 = ORIENTED_EDGE('',*,*,#1434,.T.);
#1449 = CYLINDRICAL_SURFACE('',#1450,20.);
#1450 = AXIS2_PLACEMENT_3D('',#1451,#1452,#1453);
#1451 = CARTESIAN_POINT('',(-170.,161.,840.));
#1452 = DIRECTION('',(0.,1.,0.));
#1453 = DIRECTION('',(0.,0.,1.));
#1454 = ADVANCED_FACE('',(#1455),#1458,.T.);
#1455 = FACE_BOUND('',#1456,.T.);
#1456 = EDGE_LOOP('',(#1457));
#1457 = ORIENTED_EDGE('',*,*,#1425,.T.);
#1458 = PLANE('',#1459);
#1459 = AXIS2_PLACEMENT_3D('',#1460,#1461,#1462);
#1460 = CARTESIAN_POINT('',(-170.,183.,840.));
#1461 = DIRECTION('',(0.,1.,0.));
#1462 = DIRECTION('',(0.,0.,1.));
#1463 = ADVANCED_FACE('',(#1464),#1467,.F.);
#1464 = FACE_BOUND('',#1465,.T.);
#1465 = EDGE_LOOP('',(#1466));
#1466 = ORIENTED_EDGE('',*,*,#1442,.F.);
#1467 = PLANE('',#1468);
#1468 = AXIS2_PLACEMENT_3D('',#1469,#1470,#1471);
#1469 = CARTESIAN_POINT('',(-170.,161.,840.));
#1470 = DIRECTION('',(0.,1.,0.));
#1471 = DIRECTION('',(0.,0.,1.));
#1472 = MANIFOLD_SOLID_BREP('',#1473);
#1473 = CLOSED_SHELL('',(#1474,#1514,#1545,#1576,#1745,#1914,#1931,#1948
    ,#1960,#1982,#1999,#2016,#2028,#2050,#2067,#2084,#2096,#2118,#2135,
    #2152,#2164,#2186,#2203,#2220));
#1474 = ADVANCED_FACE('',(#1475),#1509,.T.);
#1475 = FACE_BOUND('',#1476,.T.);
#1476 = EDGE_LOOP('',(#1477,#1487,#1495,#1503));
#1477 = ORIENTED_EDGE('',*,*,#1478,.T.);
#1478 = EDGE_CURVE('',#1479,#1481,#1483,.T.);
#1479 = VERTEX_POINT('',#1480);
#1480 = CARTESIAN_POINT('',(0.,-165.,170.));
#1481 = VERTEX_POINT('',#1482);
#1482 = CARTESIAN_POINT('',(0.,-115.,170.));
#1483 = LINE('',#1484,#1485);
#1484 = CARTESIAN_POINT('',(0.,-165.,170.));
#1485 = VECTOR('',#1486,1.);
#1486 = DIRECTION('',(0.,1.,0.));
#1487 = ORIENTED_EDGE('',*,*,#1488,.T.);
#1488 = EDGE_CURVE('',#1481,#1489,#1491,.T.);
#1489 = VERTEX_POINT('',#1490);
#1490 = CARTESIAN_POINT('',(140.,-115.,170.));
#1491 = LINE('',#1492,#1493);
#1492 = CARTESIAN_POINT('',(0.,-115.,170.));
#1493 = VECTOR('',#1494,1.);
#1494 = DIRECTION('',(1.,0.,0.));
#1495 = ORIENTED_EDGE('',*,*,#1496,.F.);
#1496 = EDGE_CURVE('',#1497,#1489,#1499,.T.);
#1497 = VERTEX_POINT('',#1498);
#1498 = CARTESIAN_POINT('',(140.,-165.,170.));
#1499 = LINE('',#1500,#1501);
#1500 = CARTESIAN_POINT('',(140.,-165.,170.));
#1501 = VECTOR('',#1502,1.);
#1502 = DIRECTION('',(0.,1.,0.));
#1503 = ORIENTED_EDGE('',*,*,#1504,.F.);
#1504 = EDGE_CURVE('',#1479,#1497,#1505,.T.);
#1505 = LINE('',#1506,#1507);
#1506 = CARTESIAN_POINT('',(0.,-165.,170.));
#1507 = VECTOR('',#1508,1.);
#1508 = DIRECTION('',(1.,0.,0.));
#1509 = PLANE('',#1510);
#1510 = AXIS2_PLACEMENT_3D('',#1511,#1512,#1513);
#1511 = CARTESIAN_POINT('',(0.,-165.,170.));
#1512 = DIRECTION('',(0.,0.,-1.));
#1513 = DIRECTION('',(1.,0.,0.));
#1514 = ADVANCED_FACE('',(#1515),#1540,.T.);
#1515 = FACE_BOUND('',#1516,.T.);
#1516 = EDGE_LOOP('',(#1517,#1527,#1533,#1534));
#1517 = ORIENTED_EDGE('',*,*,#1518,.T.);
#1518 = EDGE_CURVE('',#1519,#1521,#1523,.T.);
#1519 = VERTEX_POINT('',#1520);
#1520 = CARTESIAN_POINT('',(0.,-165.,640.));
#1521 = VERTEX_POINT('',#1522);
#1522 = CARTESIAN_POINT('',(0.,-115.,640.));
#1523 = LINE('',#1524,#1525);
#1524 = CARTESIAN_POINT('',(0.,-165.,640.));
#1525 = VECTOR('',#1526,1.);
#1526 = DIRECTION('',(0.,1.,0.));
#1527 = ORIENTED_EDGE('',*,*,#1528,.T.);
#1528 = EDGE_CURVE('',#1521,#1481,#1529,.T.);
#1529 = LINE('',#1530,#1531);
#1530 = CARTESIAN_POINT('',(0.,-115.,640.));
#1531 = VECTOR('',#1532,1.);
#1532 = DIRECTION('',(0.,0.,-1.));
#1533 = ORIENTED_EDGE('',*,*,#1478,.F.);
#1534 = ORIENTED_EDGE('',*,*,#1535,.F.);
#1535 = EDGE_CURVE('',#1519,#1479,#1536,.T.);
#1536 = LINE('',#1537,#1538);
#1537 = CARTESIAN_POINT('',(0.,-165.,640.));
#1538 = VECTOR('',#1539,1.);
#1539 = DIRECTION('',(0.,0.,-1.));
#1540 = PLANE('',#1541);
#1541 = AXIS2_PLACEMENT_3D('',#1542,#1543,#1544);
#1542 = CARTESIAN_POINT('',(0.,-165.,640.));
#1543 = DIRECTION('',(-1.,0.,0.));
#1544 = DIRECTION('',(0.,0.,-1.));
#1545 = ADVANCED_FACE('',(#1546),#1571,.T.);
#1546 = FACE_BOUND('',#1547,.T.);
#1547 = EDGE_LOOP('',(#1548,#1549,#1557,#1565));
#1548 = ORIENTED_EDGE('',*,*,#1496,.T.);
#1549 = ORIENTED_EDGE('',*,*,#1550,.T.);
#1550 = EDGE_CURVE('',#1489,#1551,#1553,.T.);
#1551 = VERTEX_POINT('',#1552);
#1552 = CARTESIAN_POINT('',(140.,-115.,640.));
#1553 = LINE('',#1554,#1555);
#1554 = CARTESIAN_POINT('',(140.,-115.,170.));
#1555 = VECTOR('',#1556,1.);
#1556 = DIRECTION('',(0.,0.,1.));
#1557 = ORIENTED_EDGE('',*,*,#1558,.F.);
#1558 = EDGE_CURVE('',#1559,#1551,#1561,.T.);
#1559 = VERTEX_POINT('',#1560);
#1560 = CARTESIAN_POINT('',(140.,-165.,640.));
#1561 = LINE('',#1562,#1563);
#1562 = CARTESIAN_POINT('',(140.,-165.,640.));
#1563 = VECTOR('',#1564,1.);
#1564 = DIRECTION('',(0.,1.,0.));
#1565 = ORIENTED_EDGE('',*,*,#1566,.F.);
#1566 = EDGE_CURVE('',#1497,#1559,#1567,.T.);
#1567 = LINE('',#1568,#1569);
#1568 = CARTESIAN_POINT('',(140.,-165.,170.));
#1569 = VECTOR('',#1570,1.);
#1570 = DIRECTION('',(0.,0.,1.));
#1571 = PLANE('',#1572);
#1572 = AXIS2_PLACEMENT_3D('',#1573,#1574,#1575);
#1573 = CARTESIAN_POINT('',(140.,-165.,170.));
#1574 = DIRECTION('',(1.,0.,0.));
#1575 = DIRECTION('',(0.,0.,1.));
#1576 = ADVANCED_FACE('',(#1577,#1604,#1638,#1672,#1706),#1740,.T.);
#1577 = FACE_BOUND('',#1578,.T.);
#1578 = EDGE_LOOP('',(#1579,#1580,#1581,#1589,#1597,#1603));
#1579 = ORIENTED_EDGE('',*,*,#1504,.T.);
#1580 = ORIENTED_EDGE('',*,*,#1566,.T.);
#1581 = ORIENTED_EDGE('',*,*,#1582,.T.);
#1582 = EDGE_CURVE('',#1559,#1583,#1585,.T.);
#1583 = VERTEX_POINT('',#1584);
#1584 = CARTESIAN_POINT('',(210.,-165.,865.));
#1585 = LINE('',#1586,#1587);
#1586 = CARTESIAN_POINT('',(140.,-165.,640.));
#1587 = VECTOR('',#1588,1.);
#1588 = DIRECTION('',(0.297066552636,0.,0.954856776331));
#1589 = ORIENTED_EDGE('',*,*,#1590,.T.);
#1590 = EDGE_CURVE('',#1583,#1591,#1593,.T.);
#1591 = VERTEX_POINT('',#1592);
#1592 = CARTESIAN_POINT('',(-70.,-165.,865.));
#1593 = LINE('',#1594,#1595);
#1594 = CARTESIAN_POINT('',(210.,-165.,865.));
#1595 = VECTOR('',#1596,1.);
#1596 = DIRECTION('',(-1.,0.,0.));
#1597 = ORIENTED_EDGE('',*,*,#1598,.T.);
#1598 = EDGE_CURVE('',#1591,#1519,#1599,.T.);
#1599 = LINE('',#1600,#1601);
#1600 = CARTESIAN_POINT('',(-70.,-165.,865.));
#1601 = VECTOR('',#1602,1.);
#1602 = DIRECTION('',(0.297066552636,0.,-0.954856776331));
#1603 = ORIENTED_EDGE('',*,*,#1535,.T.);
#1604 = FACE_BOUND('',#1605,.T.);
#1605 = EDGE_LOOP('',(#1606,#1616,#1624,#1632));
#1606 = ORIENTED_EDGE('',*,*,#1607,.T.);
#1607 = EDGE_CURVE('',#1608,#1610,#1612,.T.);
#1608 = VERTEX_POINT('',#1609);
#1609 = CARTESIAN_POINT('',(120.,-165.,570.));
#1610 = VERTEX_POINT('',#1611);
#1611 = CARTESIAN_POINT('',(20.,-165.,570.));
#1612 = LINE('',#1613,#1614);
#1613 = CARTESIAN_POINT('',(45.,-165.,570.));
#1614 = VECTOR('',#1615,1.);
#1615 = DIRECTION('',(-1.,0.,0.));
#1616 = ORIENTED_EDGE('',*,*,#1617,.T.);
#1617 = EDGE_CURVE('',#1610,#1618,#1620,.T.);
#1618 = VERTEX_POINT('',#1619);
#1619 = CARTESIAN_POINT('',(20.,-165.,670.));
#1620 = LINE('',#1621,#1622);
#1621 = CARTESIAN_POINT('',(20.,-165.,558.39815431417));
#1622 = VECTOR('',#1623,1.);
#1623 = DIRECTION('',(0.,0.,1.));
#1624 = ORIENTED_EDGE('',*,*,#1625,.F.);
#1625 = EDGE_CURVE('',#1626,#1618,#1628,.T.);
#1626 = VERTEX_POINT('',#1627);
#1627 = CARTESIAN_POINT('',(120.,-165.,670.));
#1628 = LINE('',#1629,#1630);
#1629 = CARTESIAN_POINT('',(45.,-165.,670.));
#1630 = VECTOR('',#1631,1.);
#1631 = DIRECTION('',(-1.,0.,0.));
#1632 = ORIENTED_EDGE('',*,*,#1633,.F.);
#1633 = EDGE_CURVE('',#1608,#1626,#1634,.T.);
#1634 = LINE('',#1635,#1636);
#1635 = CARTESIAN_POINT('',(120.,-165.,558.39815431417));
#1636 = VECTOR('',#1637,1.);
#1637 = DIRECTION('',(0.,0.,1.));
#1638 = FACE_BOUND('',#1639,.T.);
#1639 = EDGE_LOOP('',(#1640,#1650,#1658,#1666));
#1640 = ORIENTED_EDGE('',*,*,#1641,.T.);
#1641 = EDGE_CURVE('',#1642,#1644,#1646,.T.);
#1642 = VERTEX_POINT('',#1643);
#1643 = CARTESIAN_POINT('',(120.,-165.,450.));
#1644 = VERTEX_POINT('',#1645);
#1645 = CARTESIAN_POINT('',(20.,-165.,450.));
#1646 = LINE('',#1647,#1648);
#1647 = CARTESIAN_POINT('',(45.,-165.,450.));
#1648 = VECTOR('',#1649,1.);
#1649 = DIRECTION('',(-1.,0.,0.));
#1650 = ORIENTED_EDGE('',*,*,#1651,.T.);
#1651 = EDGE_CURVE('',#1644,#1652,#1654,.T.);
#1652 = VERTEX_POINT('',#1653);
#1653 = CARTESIAN_POINT('',(20.,-165.,550.));
#1654 = LINE('',#1655,#1656);
#1655 = CARTESIAN_POINT('',(20.,-165.,498.39815431417));
#1656 = VECTOR('',#1657,1.);
#1657 = DIRECTION('',(0.,0.,1.));
#1658 = ORIENTED_EDGE('',*,*,#1659,.F.);
#1659 = EDGE_CURVE('',#1660,#1652,#1662,.T.);
#1660 = VERTEX_POINT('',#1661);
#1661 = CARTESIAN_POINT('',(120.,-165.,550.));
#1662 = LINE('',#1663,#1664);
#1663 = CARTESIAN_POINT('',(45.,-165.,550.));
#1664 = VECTOR('',#1665,1.);
#1665 = DIRECTION('',(-1.,0.,0.));
#1666 = ORIENTED_EDGE('',*,*,#1667,.F.);
#1667 = EDGE_CURVE('',#1642,#1660,#1668,.T.);
#1668 = LINE('',#1669,#1670);
#1669 = CARTESIAN_POINT('',(120.,-165.,498.39815431417));
#1670 = VECTOR('',#1671,1.);
#1671 = DIRECTION('',(0.,0.,1.));
#1672 = FACE_BOUND('',#1673,.T.);
#1673 = EDGE_LOOP('',(#1674,#1684,#1692,#1700));
#1674 = ORIENTED_EDGE('',*,*,#1675,.T.);
#1675 = EDGE_CURVE('',#1676,#1678,#1680,.T.);
#1676 = VERTEX_POINT('',#1677);
#1677 = CARTESIAN_POINT('',(120.,-165.,330.));
#1678 = VERTEX_POINT('',#1679);
#1679 = CARTESIAN_POINT('',(20.,-165.,330.));
#1680 = LINE('',#1681,#1682);
#1681 = CARTESIAN_POINT('',(45.,-165.,330.));
#1682 = VECTOR('',#1683,1.);
#1683 = DIRECTION('',(-1.,0.,0.));
#1684 = ORIENTED_EDGE('',*,*,#1685,.T.);
#1685 = EDGE_CURVE('',#1678,#1686,#1688,.T.);
#1686 = VERTEX_POINT('',#1687);
#1687 = CARTESIAN_POINT('',(20.,-165.,430.));
#1688 = LINE('',#1689,#1690);
#1689 = CARTESIAN_POINT('',(20.,-165.,438.39815431417));
#1690 = VECTOR('',#1691,1.);
#1691 = DIRECTION('',(0.,0.,1.));
#1692 = ORIENTED_EDGE('',*,*,#1693,.F.);
#1693 = EDGE_CURVE('',#1694,#1686,#1696,.T.);
#1694 = VERTEX_POINT('',#1695);
#1695 = CARTESIAN_POINT('',(120.,-165.,430.));
#1696 = LINE('',#1697,#1698);
#1697 = CARTESIAN_POINT('',(45.,-165.,430.));
#1698 = VECTOR('',#1699,1.);
#1699 = DIRECTION('',(-1.,0.,0.));
#1700 = ORIENTED_EDGE('',*,*,#1701,.F.);
#1701 = EDGE_CURVE('',#1676,#1694,#1702,.T.);
#1702 = LINE('',#1703,#1704);
#1703 = CARTESIAN_POINT('',(120.,-165.,438.39815431417));
#1704 = VECTOR('',#1705,1.);
#1705 = DIRECTION('',(0.,0.,1.));
#1706 = FACE_BOUND('',#1707,.T.);
#1707 = EDGE_LOOP('',(#1708,#1718,#1726,#1734));
#1708 = ORIENTED_EDGE('',*,*,#1709,.T.);
#1709 = EDGE_CURVE('',#1710,#1712,#1714,.T.);
#1710 = VERTEX_POINT('',#1711);
#1711 = CARTESIAN_POINT('',(120.,-165.,210.));
#1712 = VERTEX_POINT('',#1713);
#1713 = CARTESIAN_POINT('',(20.,-165.,210.));
#1714 = LINE('',#1715,#1716);
#1715 = CARTESIAN_POINT('',(45.,-165.,210.));
#1716 = VECTOR('',#1717,1.);
#1717 = DIRECTION('',(-1.,0.,0.));
#1718 = ORIENTED_EDGE('',*,*,#1719,.T.);
#1719 = EDGE_CURVE('',#1712,#1720,#1722,.T.);
#1720 = VERTEX_POINT('',#1721);
#1721 = CARTESIAN_POINT('',(20.,-165.,310.));
#1722 = LINE('',#1723,#1724);
#1723 = CARTESIAN_POINT('',(20.,-165.,378.39815431417));
#1724 = VECTOR('',#1725,1.);
#1725 = DIRECTION('',(0.,0.,1.));
#1726 = ORIENTED_EDGE('',*,*,#1727,.F.);
#1727 = EDGE_CURVE('',#1728,#1720,#1730,.T.);
#1728 = VERTEX_POINT('',#1729);
#1729 = CARTESIAN_POINT('',(120.,-165.,310.));
#1730 = LINE('',#1731,#1732);
#1731 = CARTESIAN_POINT('',(45.,-165.,310.));
#1732 = VECTOR('',#1733,1.);
#1733 = DIRECTION('',(-1.,0.,0.));
#1734 = ORIENTED_EDGE('',*,*,#1735,.F.);
#1735 = EDGE_CURVE('',#1710,#1728,#1736,.T.);
#1736 = LINE('',#1737,#1738);
#1737 = CARTESIAN_POINT('',(120.,-165.,378.39815431417));
#1738 = VECTOR('',#1739,1.);
#1739 = DIRECTION('',(0.,0.,1.));
#1740 = PLANE('',#1741);
#1741 = AXIS2_PLACEMENT_3D('',#1742,#1743,#1744);
#1742 = CARTESIAN_POINT('',(70.,-165.,546.79630862835));
#1743 = DIRECTION('',(-0.,-1.,-0.));
#1744 = DIRECTION('',(0.,0.,-1.));
#1745 = ADVANCED_FACE('',(#1746,#1773,#1807,#1841,#1875),#1909,.F.);
#1746 = FACE_BOUND('',#1747,.F.);
#1747 = EDGE_LOOP('',(#1748,#1749,#1750,#1758,#1766,#1772));
#1748 = ORIENTED_EDGE('',*,*,#1488,.T.);
#1749 = ORIENTED_EDGE('',*,*,#1550,.T.);
#1750 = ORIENTED_EDGE('',*,*,#1751,.T.);
#1751 = EDGE_CURVE('',#1551,#1752,#1754,.T.);
#1752 = VERTEX_POINT('',#1753);
#1753 = CARTESIAN_POINT('',(210.,-115.,865.));
#1754 = LINE('',#1755,#1756);
#1755 = CARTESIAN_POINT('',(140.,-115.,640.));
#1756 = VECTOR('',#1757,1.);
#1757 = DIRECTION('',(0.297066552636,0.,0.954856776331));
#1758 = ORIENTED_EDGE('',*,*,#1759,.T.);
#1759 = EDGE_CURVE('',#1752,#1760,#1762,.T.);
#1760 = VERTEX_POINT('',#1761);
#1761 = CARTESIAN_POINT('',(-70.,-115.,865.));
#1762 = LINE('',#1763,#1764);
#1763 = CARTESIAN_POINT('',(210.,-115.,865.));
#1764 = VECTOR('',#1765,1.);
#1765 = DIRECTION('',(-1.,0.,0.));
#1766 = ORIENTED_EDGE('',*,*,#1767,.T.);
#1767 = EDGE_CURVE('',#1760,#1521,#1768,.T.);
#1768 = LINE('',#1769,#1770);
#1769 = CARTESIAN_POINT('',(-70.,-115.,865.));
#1770 = VECTOR('',#1771,1.);
#1771 = DIRECTION('',(0.297066552636,0.,-0.954856776331));
#1772 = ORIENTED_EDGE('',*,*,#1528,.T.);
#1773 = FACE_BOUND('',#1774,.F.);
#1774 = EDGE_LOOP('',(#1775,#1785,#1793,#1801));
#1775 = ORIENTED_EDGE('',*,*,#1776,.T.);
#1776 = EDGE_CURVE('',#1777,#1779,#1781,.T.);
#1777 = VERTEX_POINT('',#1778);
#1778 = CARTESIAN_POINT('',(120.,-115.,570.));
#1779 = VERTEX_POINT('',#1780);
#1780 = CARTESIAN_POINT('',(20.,-115.,570.));
#1781 = LINE('',#1782,#1783);
#1782 = CARTESIAN_POINT('',(45.,-115.,570.));
#1783 = VECTOR('',#1784,1.);
#1784 = DIRECTION('',(-1.,0.,0.));
#1785 = ORIENTED_EDGE('',*,*,#1786,.T.);
#1786 = EDGE_CURVE('',#1779,#1787,#1789,.T.);
#1787 = VERTEX_POINT('',#1788);
#1788 = CARTESIAN_POINT('',(20.,-115.,670.));
#1789 = LINE('',#1790,#1791);
#1790 = CARTESIAN_POINT('',(20.,-115.,558.39815431417));
#1791 = VECTOR('',#1792,1.);
#1792 = DIRECTION('',(0.,0.,1.));
#1793 = ORIENTED_EDGE('',*,*,#1794,.F.);
#1794 = EDGE_CURVE('',#1795,#1787,#1797,.T.);
#1795 = VERTEX_POINT('',#1796);
#1796 = CARTESIAN_POINT('',(120.,-115.,670.));
#1797 = LINE('',#1798,#1799);
#1798 = CARTESIAN_POINT('',(45.,-115.,670.));
#1799 = VECTOR('',#1800,1.);
#1800 = DIRECTION('',(-1.,0.,0.));
#1801 = ORIENTED_EDGE('',*,*,#1802,.F.);
#1802 = EDGE_CURVE('',#1777,#1795,#1803,.T.);
#1803 = LINE('',#1804,#1805);
#1804 = CARTESIAN_POINT('',(120.,-115.,558.39815431417));
#1805 = VECTOR('',#1806,1.);
#1806 = DIRECTION('',(0.,0.,1.));
#1807 = FACE_BOUND('',#1808,.F.);
#1808 = EDGE_LOOP('',(#1809,#1819,#1827,#1835));
#1809 = ORIENTED_EDGE('',*,*,#1810,.T.);
#1810 = EDGE_CURVE('',#1811,#1813,#1815,.T.);
#1811 = VERTEX_POINT('',#1812);
#1812 = CARTESIAN_POINT('',(120.,-115.,450.));
#1813 = VERTEX_POINT('',#1814);
#1814 = CARTESIAN_POINT('',(20.,-115.,450.));
#1815 = LINE('',#1816,#1817);
#1816 = CARTESIAN_POINT('',(45.,-115.,450.));
#1817 = VECTOR('',#1818,1.);
#1818 = DIRECTION('',(-1.,0.,0.));
#1819 = ORIENTED_EDGE('',*,*,#1820,.T.);
#1820 = EDGE_CURVE('',#1813,#1821,#1823,.T.);
#1821 = VERTEX_POINT('',#1822);
#1822 = CARTESIAN_POINT('',(20.,-115.,550.));
#1823 = LINE('',#1824,#1825);
#1824 = CARTESIAN_POINT('',(20.,-115.,498.39815431417));
#1825 = VECTOR('',#1826,1.);
#1826 = DIRECTION('',(0.,0.,1.));
#1827 = ORIENTED_EDGE('',*,*,#1828,.F.);
#1828 = EDGE_CURVE('',#1829,#1821,#1831,.T.);
#1829 = VERTEX_POINT('',#1830);
#1830 = CARTESIAN_POINT('',(120.,-115.,550.));
#1831 = LINE('',#1832,#1833);
#1832 = CARTESIAN_POINT('',(45.,-115.,550.));
#1833 = VECTOR('',#1834,1.);
#1834 = DIRECTION('',(-1.,0.,0.));
#1835 = ORIENTED_EDGE('',*,*,#1836,.F.);
#1836 = EDGE_CURVE('',#1811,#1829,#1837,.T.);
#1837 = LINE('',#1838,#1839);
#1838 = CARTESIAN_POINT('',(120.,-115.,498.39815431417));
#1839 = VECTOR('',#1840,1.);
#1840 = DIRECTION('',(0.,0.,1.));
#1841 = FACE_BOUND('',#1842,.F.);
#1842 = EDGE_LOOP('',(#1843,#1853,#1861,#1869));
#1843 = ORIENTED_EDGE('',*,*,#1844,.T.);
#1844 = EDGE_CURVE('',#1845,#1847,#1849,.T.);
#1845 = VERTEX_POINT('',#1846);
#1846 = CARTESIAN_POINT('',(120.,-115.,330.));
#1847 = VERTEX_POINT('',#1848);
#1848 = CARTESIAN_POINT('',(20.,-115.,330.));
#1849 = LINE('',#1850,#1851);
#1850 = CARTESIAN_POINT('',(45.,-115.,330.));
#1851 = VECTOR('',#1852,1.);
#1852 = DIRECTION('',(-1.,0.,0.));
#1853 = ORIENTED_EDGE('',*,*,#1854,.T.);
#1854 = EDGE_CURVE('',#1847,#1855,#1857,.T.);
#1855 = VERTEX_POINT('',#1856);
#1856 = CARTESIAN_POINT('',(20.,-115.,430.));
#1857 = LINE('',#1858,#1859);
#1858 = CARTESIAN_POINT('',(20.,-115.,438.39815431417));
#1859 = VECTOR('',#1860,1.);
#1860 = DIRECTION('',(0.,0.,1.));
#1861 = ORIENTED_EDGE('',*,*,#1862,.F.);
#1862 = EDGE_CURVE('',#1863,#1855,#1865,.T.);
#1863 = VERTEX_POINT('',#1864);
#1864 = CARTESIAN_POINT('',(120.,-115.,430.));
#1865 = LINE('',#1866,#1867);
#1866 = CARTESIAN_POINT('',(45.,-115.,430.));
#1867 = VECTOR('',#1868,1.);
#1868 = DIRECTION('',(-1.,0.,0.));
#1869 = ORIENTED_EDGE('',*,*,#1870,.F.);
#1870 = EDGE_CURVE('',#1845,#1863,#1871,.T.);
#1871 = LINE('',#1872,#1873);
#1872 = CARTESIAN_POINT('',(120.,-115.,438.39815431417));
#1873 = VECTOR('',#1874,1.);
#1874 = DIRECTION('',(0.,0.,1.));
#1875 = FACE_BOUND('',#1876,.F.);
#1876 = EDGE_LOOP('',(#1877,#1887,#1895,#1903));
#1877 = ORIENTED_EDGE('',*,*,#1878,.T.);
#1878 = EDGE_CURVE('',#1879,#1881,#1883,.T.);
#1879 = VERTEX_POINT('',#1880);
#1880 = CARTESIAN_POINT('',(120.,-115.,210.));
#1881 = VERTEX_POINT('',#1882);
#1882 = CARTESIAN_POINT('',(20.,-115.,210.));
#1883 = LINE('',#1884,#1885);
#1884 = CARTESIAN_POINT('',(45.,-115.,210.));
#1885 = VECTOR('',#1886,1.);
#1886 = DIRECTION('',(-1.,0.,0.));
#1887 = ORIENTED_EDGE('',*,*,#1888,.T.);
#1888 = EDGE_CURVE('',#1881,#1889,#1891,.T.);
#1889 = VERTEX_POINT('',#1890);
#1890 = CARTESIAN_POINT('',(20.,-115.,310.));
#1891 = LINE('',#1892,#1893);
#1892 = CARTESIAN_POINT('',(20.,-115.,378.39815431417));
#1893 = VECTOR('',#1894,1.);
#1894 = DIRECTION('',(0.,0.,1.));
#1895 = ORIENTED_EDGE('',*,*,#1896,.F.);
#1896 = EDGE_CURVE('',#1897,#1889,#1899,.T.);
#1897 = VERTEX_POINT('',#1898);
#1898 = CARTESIAN_POINT('',(120.,-115.,310.));
#1899 = LINE('',#1900,#1901);
#1900 = CARTESIAN_POINT('',(45.,-115.,310.));
#1901 = VECTOR('',#1902,1.);
#1902 = DIRECTION('',(-1.,0.,0.));
#1903 = ORIENTED_EDGE('',*,*,#1904,.F.);
#1904 = EDGE_CURVE('',#1879,#1897,#1905,.T.);
#1905 = LINE('',#1906,#1907);
#1906 = CARTESIAN_POINT('',(120.,-115.,378.39815431417));
#1907 = VECTOR('',#1908,1.);
#1908 = DIRECTION('',(0.,0.,1.));
#1909 = PLANE('',#1910);
#1910 = AXIS2_PLACEMENT_3D('',#1911,#1912,#1913);
#1911 = CARTESIAN_POINT('',(70.,-115.,546.79630862835));
#1912 = DIRECTION('',(-0.,-1.,-0.));
#1913 = DIRECTION('',(0.,0.,-1.));
#1914 = ADVANCED_FACE('',(#1915),#1926,.T.);
#1915 = FACE_BOUND('',#1916,.T.);
#1916 = EDGE_LOOP('',(#1917,#1923,#1924,#1925));
#1917 = ORIENTED_EDGE('',*,*,#1918,.T.);
#1918 = EDGE_CURVE('',#1591,#1760,#1919,.T.);
#1919 = LINE('',#1920,#1921);
#1920 = CARTESIAN_POINT('',(-70.,-165.,865.));
#1921 = VECTOR('',#1922,1.);
#1922 = DIRECTION('',(0.,1.,0.));
#1923 = ORIENTED_EDGE('',*,*,#1767,.T.);
#1924 = ORIENTED_EDGE('',*,*,#1518,.F.);
#1925 = ORIENTED_EDGE('',*,*,#1598,.F.);
#1926 = PLANE('',#1927);
#1927 = AXIS2_PLACEMENT_3D('',#1928,#1929,#1930);
#1928 = CARTESIAN_POINT('',(-70.,-165.,865.));
#1929 = DIRECTION('',(-0.954856776331,0.,-0.297066552636));
#1930 = DIRECTION('',(0.297066552636,0.,-0.954856776331));
#1931 = ADVANCED_FACE('',(#1932),#1943,.T.);
#1932 = FACE_BOUND('',#1933,.T.);
#1933 = EDGE_LOOP('',(#1934,#1935,#1936,#1942));
#1934 = ORIENTED_EDGE('',*,*,#1558,.T.);
#1935 = ORIENTED_EDGE('',*,*,#1751,.T.);
#1936 = ORIENTED_EDGE('',*,*,#1937,.F.);
#1937 = EDGE_CURVE('',#1583,#1752,#1938,.T.);
#1938 = LINE('',#1939,#1940);
#1939 = CARTESIAN_POINT('',(210.,-165.,865.));
#1940 = VECTOR('',#1941,1.);
#1941 = DIRECTION('',(0.,1.,0.));
#1942 = ORIENTED_EDGE('',*,*,#1582,.F.);
#1943 = PLANE('',#1944);
#1944 = AXIS2_PLACEMENT_3D('',#1945,#1946,#1947);
#1945 = CARTESIAN_POINT('',(140.,-165.,640.));
#1946 = DIRECTION('',(0.954856776331,0.,-0.297066552636));
#1947 = DIRECTION('',(0.297066552636,0.,0.954856776331));
#1948 = ADVANCED_FACE('',(#1949),#1955,.T.);
#1949 = FACE_BOUND('',#1950,.T.);
#1950 = EDGE_LOOP('',(#1951,#1952,#1953,#1954));
#1951 = ORIENTED_EDGE('',*,*,#1937,.T.);
#1952 = ORIENTED_EDGE('',*,*,#1759,.T.);
#1953 = ORIENTED_EDGE('',*,*,#1918,.F.);
#1954 = ORIENTED_EDGE('',*,*,#1590,.F.);
#1955 = PLANE('',#1956);
#1956 = AXIS2_PLACEMENT_3D('',#1957,#1958,#1959);
#1957 = CARTESIAN_POINT('',(210.,-165.,865.));
#1958 = DIRECTION('',(0.,0.,1.));
#1959 = DIRECTION('',(-1.,0.,0.));
#1960 = ADVANCED_FACE('',(#1961),#1977,.T.);
#1961 = FACE_BOUND('',#1962,.T.);
#1962 = EDGE_LOOP('',(#1963,#1969,#1970,#1976));
#1963 = ORIENTED_EDGE('',*,*,#1964,.F.);
#1964 = EDGE_CURVE('',#1610,#1779,#1965,.T.);
#1965 = LINE('',#1966,#1967);
#1966 = CARTESIAN_POINT('',(20.,-175.,570.));
#1967 = VECTOR('',#1968,1.);
#1968 = DIRECTION('',(0.,1.,0.));
#1969 = ORIENTED_EDGE('',*,*,#1607,.F.);
#1970 = ORIENTED_EDGE('',*,*,#1971,.T.);
#1971 = EDGE_CURVE('',#1608,#1777,#1972,.T.);
#1972 = LINE('',#1973,#1974);
#1973 = CARTESIAN_POINT('',(120.,-175.,570.));
#1974 = VECTOR('',#1975,1.);
#1975 = DIRECTION('',(0.,1.,0.));
#1976 = ORIENTED_EDGE('',*,*,#1776,.T.);
#1977 = PLANE('',#1978);
#1978 = AXIS2_PLACEMENT_3D('',#1979,#1980,#1981);
#1979 = CARTESIAN_POINT('',(20.,-175.,570.));
#1980 = DIRECTION('',(0.,0.,1.));
#1981 = DIRECTION('',(1.,0.,0.));
#1982 = ADVANCED_FACE('',(#1983),#1994,.F.);
#1983 = FACE_BOUND('',#1984,.F.);
#1984 = EDGE_LOOP('',(#1985,#1991,#1992,#1993));
#1985 = ORIENTED_EDGE('',*,*,#1986,.F.);
#1986 = EDGE_CURVE('',#1626,#1795,#1987,.T.);
#1987 = LINE('',#1988,#1989);
#1988 = CARTESIAN_POINT('',(120.,-175.,670.));
#1989 = VECTOR('',#1990,1.);
#1990 = DIRECTION('',(0.,1.,0.));
#1991 = ORIENTED_EDGE('',*,*,#1633,.F.);
#1992 = ORIENTED_EDGE('',*,*,#1971,.T.);
#1993 = ORIENTED_EDGE('',*,*,#1802,.T.);
#1994 = PLANE('',#1995);
#1995 = AXIS2_PLACEMENT_3D('',#1996,#1997,#1998);
#1996 = CARTESIAN_POINT('',(120.,-175.,570.));
#1997 = DIRECTION('',(1.,0.,0.));
#1998 = DIRECTION('',(0.,0.,1.));
#1999 = ADVANCED_FACE('',(#2000),#2011,.F.);
#2000 = FACE_BOUND('',#2001,.F.);
#2001 = EDGE_LOOP('',(#2002,#2008,#2009,#2010));
#2002 = ORIENTED_EDGE('',*,*,#2003,.F.);
#2003 = EDGE_CURVE('',#1618,#1787,#2004,.T.);
#2004 = LINE('',#2005,#2006);
#2005 = CARTESIAN_POINT('',(20.,-175.,670.));
#2006 = VECTOR('',#2007,1.);
#2007 = DIRECTION('',(0.,1.,0.));
#2008 = ORIENTED_EDGE('',*,*,#1625,.F.);
#2009 = ORIENTED_EDGE('',*,*,#1986,.T.);
#2010 = ORIENTED_EDGE('',*,*,#1794,.T.);
#2011 = PLANE('',#2012);
#2012 = AXIS2_PLACEMENT_3D('',#2013,#2014,#2015);
#2013 = CARTESIAN_POINT('',(20.,-175.,670.));
#2014 = DIRECTION('',(0.,0.,1.));
#2015 = DIRECTION('',(1.,0.,0.));
#2016 = ADVANCED_FACE('',(#2017),#2023,.T.);
#2017 = FACE_BOUND('',#2018,.T.);
#2018 = EDGE_LOOP('',(#2019,#2020,#2021,#2022));
#2019 = ORIENTED_EDGE('',*,*,#2003,.F.);
#2020 = ORIENTED_EDGE('',*,*,#1617,.F.);
#2021 = ORIENTED_EDGE('',*,*,#1964,.T.);
#2022 = ORIENTED_EDGE('',*,*,#1786,.T.);
#2023 = PLANE('',#2024);
#2024 = AXIS2_PLACEMENT_3D('',#2025,#2026,#2027);
#2025 = CARTESIAN_POINT('',(20.,-175.,570.));
#2026 = DIRECTION('',(1.,0.,0.));
#2027 = DIRECTION('',(0.,0.,1.));
#2028 = ADVANCED_FACE('',(#2029),#2045,.T.);
#2029 = FACE_BOUND('',#2030,.T.);
#2030 = EDGE_LOOP('',(#2031,#2037,#2038,#2044));
#2031 = ORIENTED_EDGE('',*,*,#2032,.F.);
#2032 = EDGE_CURVE('',#1644,#1813,#2033,.T.);
#2033 = LINE('',#2034,#2035);
#2034 = CARTESIAN_POINT('',(20.,-175.,450.));
#2035 = VECTOR('',#2036,1.);
#2036 = DIRECTION('',(0.,1.,0.));
#2037 = ORIENTED_EDGE('',*,*,#1641,.F.);
#2038 = ORIENTED_EDGE('',*,*,#2039,.T.);
#2039 = EDGE_CURVE('',#1642,#1811,#2040,.T.);
#2040 = LINE('',#2041,#2042);
#2041 = CARTESIAN_POINT('',(120.,-175.,450.));
#2042 = VECTOR('',#2043,1.);
#2043 = DIRECTION('',(0.,1.,0.));
#2044 = ORIENTED_EDGE('',*,*,#1810,.T.);
#2045 = PLANE('',#2046);
#2046 = AXIS2_PLACEMENT_3D('',#2047,#2048,#2049);
#2047 = CARTESIAN_POINT('',(20.,-175.,450.));
#2048 = DIRECTION('',(0.,0.,1.));
#2049 = DIRECTION('',(1.,0.,0.));
#2050 = ADVANCED_FACE('',(#2051),#2062,.F.);
#2051 = FACE_BOUND('',#2052,.F.);
#2052 = EDGE_LOOP('',(#2053,#2059,#2060,#2061));
#2053 = ORIENTED_EDGE('',*,*,#2054,.F.);
#2054 = EDGE_CURVE('',#1660,#1829,#2055,.T.);
#2055 = LINE('',#2056,#2057);
#2056 = CARTESIAN_POINT('',(120.,-175.,550.));
#2057 = VECTOR('',#2058,1.);
#2058 = DIRECTION('',(0.,1.,0.));
#2059 = ORIENTED_EDGE('',*,*,#1667,.F.);
#2060 = ORIENTED_EDGE('',*,*,#2039,.T.);
#2061 = ORIENTED_EDGE('',*,*,#1836,.T.);
#2062 = PLANE('',#2063);
#2063 = AXIS2_PLACEMENT_3D('',#2064,#2065,#2066);
#2064 = CARTESIAN_POINT('',(120.,-175.,450.));
#2065 = DIRECTION('',(1.,0.,0.));
#2066 = DIRECTION('',(0.,0.,1.));
#2067 = ADVANCED_FACE('',(#2068),#2079,.T.);
#2068 = FACE_BOUND('',#2069,.T.);
#2069 = EDGE_LOOP('',(#2070,#2076,#2077,#2078));
#2070 = ORIENTED_EDGE('',*,*,#2071,.F.);
#2071 = EDGE_CURVE('',#1652,#1821,#2072,.T.);
#2072 = LINE('',#2073,#2074);
#2073 = CARTESIAN_POINT('',(20.,-175.,550.));
#2074 = VECTOR('',#2075,1.);
#2075 = DIRECTION('',(0.,1.,0.));
#2076 = ORIENTED_EDGE('',*,*,#1651,.F.);
#2077 = ORIENTED_EDGE('',*,*,#2032,.T.);
#2078 = ORIENTED_EDGE('',*,*,#1820,.T.);
#2079 = PLANE('',#2080);
#2080 = AXIS2_PLACEMENT_3D('',#2081,#2082,#2083);
#2081 = CARTESIAN_POINT('',(20.,-175.,450.));
#2082 = DIRECTION('',(1.,0.,0.));
#2083 = DIRECTION('',(0.,0.,1.));
#2084 = ADVANCED_FACE('',(#2085),#2091,.F.);
#2085 = FACE_BOUND('',#2086,.F.);
#2086 = EDGE_LOOP('',(#2087,#2088,#2089,#2090));
#2087 = ORIENTED_EDGE('',*,*,#2071,.F.);
#2088 = ORIENTED_EDGE('',*,*,#1659,.F.);
#2089 = ORIENTED_EDGE('',*,*,#2054,.T.);
#2090 = ORIENTED_EDGE('',*,*,#1828,.T.);
#2091 = PLANE('',#2092);
#2092 = AXIS2_PLACEMENT_3D('',#2093,#2094,#2095);
#2093 = CARTESIAN_POINT('',(20.,-175.,550.));
#2094 = DIRECTION('',(0.,0.,1.));
#2095 = DIRECTION('',(1.,0.,0.));
#2096 = ADVANCED_FACE('',(#2097),#2113,.T.);
#2097 = FACE_BOUND('',#2098,.T.);
#2098 = EDGE_LOOP('',(#2099,#2105,#2106,#2112));
#2099 = ORIENTED_EDGE('',*,*,#2100,.F.);
#2100 = EDGE_CURVE('',#1678,#1847,#2101,.T.);
#2101 = LINE('',#2102,#2103);
#2102 = CARTESIAN_POINT('',(20.,-175.,330.));
#2103 = VECTOR('',#2104,1.);
#2104 = DIRECTION('',(0.,1.,0.));
#2105 = ORIENTED_EDGE('',*,*,#1675,.F.);
#2106 = ORIENTED_EDGE('',*,*,#2107,.T.);
#2107 = EDGE_CURVE('',#1676,#1845,#2108,.T.);
#2108 = LINE('',#2109,#2110);
#2109 = CARTESIAN_POINT('',(120.,-175.,330.));
#2110 = VECTOR('',#2111,1.);
#2111 = DIRECTION('',(0.,1.,0.));
#2112 = ORIENTED_EDGE('',*,*,#1844,.T.);
#2113 = PLANE('',#2114);
#2114 = AXIS2_PLACEMENT_3D('',#2115,#2116,#2117);
#2115 = CARTESIAN_POINT('',(20.,-175.,330.));
#2116 = DIRECTION('',(0.,0.,1.));
#2117 = DIRECTION('',(1.,0.,0.));
#2118 = ADVANCED_FACE('',(#2119),#2130,.F.);
#2119 = FACE_BOUND('',#2120,.F.);
#2120 = EDGE_LOOP('',(#2121,#2127,#2128,#2129));
#2121 = ORIENTED_EDGE('',*,*,#2122,.F.);
#2122 = EDGE_CURVE('',#1694,#1863,#2123,.T.);
#2123 = LINE('',#2124,#2125);
#2124 = CARTESIAN_POINT('',(120.,-175.,430.));
#2125 = VECTOR('',#2126,1.);
#2126 = DIRECTION('',(0.,1.,0.));
#2127 = ORIENTED_EDGE('',*,*,#1701,.F.);
#2128 = ORIENTED_EDGE('',*,*,#2107,.T.);
#2129 = ORIENTED_EDGE('',*,*,#1870,.T.);
#2130 = PLANE('',#2131);
#2131 = AXIS2_PLACEMENT_3D('',#2132,#2133,#2134);
#2132 = CARTESIAN_POINT('',(120.,-175.,330.));
#2133 = DIRECTION('',(1.,0.,0.));
#2134 = DIRECTION('',(0.,0.,1.));
#2135 = ADVANCED_FACE('',(#2136),#2147,.T.);
#2136 = FACE_BOUND('',#2137,.T.);
#2137 = EDGE_LOOP('',(#2138,#2144,#2145,#2146));
#2138 = ORIENTED_EDGE('',*,*,#2139,.F.);
#2139 = EDGE_CURVE('',#1686,#1855,#2140,.T.);
#2140 = LINE('',#2141,#2142);
#2141 = CARTESIAN_POINT('',(20.,-175.,430.));
#2142 = VECTOR('',#2143,1.);
#2143 = DIRECTION('',(0.,1.,0.));
#2144 = ORIENTED_EDGE('',*,*,#1685,.F.);
#2145 = ORIENTED_EDGE('',*,*,#2100,.T.);
#2146 = ORIENTED_EDGE('',*,*,#1854,.T.);
#2147 = PLANE('',#2148);
#2148 = AXIS2_PLACEMENT_3D('',#2149,#2150,#2151);
#2149 = CARTESIAN_POINT('',(20.,-175.,330.));
#2150 = DIRECTION('',(1.,0.,0.));
#2151 = DIRECTION('',(0.,0.,1.));
#2152 = ADVANCED_FACE('',(#2153),#2159,.F.);
#2153 = FACE_BOUND('',#2154,.F.);
#2154 = EDGE_LOOP('',(#2155,#2156,#2157,#2158));
#2155 = ORIENTED_EDGE('',*,*,#2139,.F.);
#2156 = ORIENTED_EDGE('',*,*,#1693,.F.);
#2157 = ORIENTED_EDGE('',*,*,#2122,.T.);
#2158 = ORIENTED_EDGE('',*,*,#1862,.T.);
#2159 = PLANE('',#2160);
#2160 = AXIS2_PLACEMENT_3D('',#2161,#2162,#2163);
#2161 = CARTESIAN_POINT('',(20.,-175.,430.));
#2162 = DIRECTION('',(0.,0.,1.));
#2163 = DIRECTION('',(1.,0.,0.));
#2164 = ADVANCED_FACE('',(#2165),#2181,.T.);
#2165 = FACE_BOUND('',#2166,.T.);
#2166 = EDGE_LOOP('',(#2167,#2173,#2174,#2180));
#2167 = ORIENTED_EDGE('',*,*,#2168,.F.);
#2168 = EDGE_CURVE('',#1712,#1881,#2169,.T.);
#2169 = LINE('',#2170,#2171);
#2170 = CARTESIAN_POINT('',(20.,-175.,210.));
#2171 = VECTOR('',#2172,1.);
#2172 = DIRECTION('',(0.,1.,0.));
#2173 = ORIENTED_EDGE('',*,*,#1709,.F.);
#2174 = ORIENTED_EDGE('',*,*,#2175,.T.);
#2175 = EDGE_CURVE('',#1710,#1879,#2176,.T.);
#2176 = LINE('',#2177,#2178);
#2177 = CARTESIAN_POINT('',(120.,-175.,210.));
#2178 = VECTOR('',#2179,1.);
#2179 = DIRECTION('',(0.,1.,0.));
#2180 = ORIENTED_EDGE('',*,*,#1878,.T.);
#2181 = PLANE('',#2182);
#2182 = AXIS2_PLACEMENT_3D('',#2183,#2184,#2185);
#2183 = CARTESIAN_POINT('',(20.,-175.,210.));
#2184 = DIRECTION('',(0.,0.,1.));
#2185 = DIRECTION('',(1.,0.,0.));
#2186 = ADVANCED_FACE('',(#2187),#2198,.F.);
#2187 = FACE_BOUND('',#2188,.F.);
#2188 = EDGE_LOOP('',(#2189,#2195,#2196,#2197));
#2189 = ORIENTED_EDGE('',*,*,#2190,.F.);
#2190 = EDGE_CURVE('',#1728,#1897,#2191,.T.);
#2191 = LINE('',#2192,#2193);
#2192 = CARTESIAN_POINT('',(120.,-175.,310.));
#2193 = VECTOR('',#2194,1.);
#2194 = DIRECTION('',(0.,1.,0.));
#2195 = ORIENTED_EDGE('',*,*,#1735,.F.);
#2196 = ORIENTED_EDGE('',*,*,#2175,.T.);
#2197 = ORIENTED_EDGE('',*,*,#1904,.T.);
#2198 = PLANE('',#2199);
#2199 = AXIS2_PLACEMENT_3D('',#2200,#2201,#2202);
#2200 = CARTESIAN_POINT('',(120.,-175.,210.));
#2201 = DIRECTION('',(1.,0.,0.));
#2202 = DIRECTION('',(0.,0.,1.));
#2203 = ADVANCED_FACE('',(#2204),#2215,.T.);
#2204 = FACE_BOUND('',#2205,.T.);
#2205 = EDGE_LOOP('',(#2206,#2212,#2213,#2214));
#2206 = ORIENTED_EDGE('',*,*,#2207,.F.);
#2207 = EDGE_CURVE('',#1720,#1889,#2208,.T.);
#2208 = LINE('',#2209,#2210);
#2209 = CARTESIAN_POINT('',(20.,-175.,310.));
#2210 = VECTOR('',#2211,1.);
#2211 = DIRECTION('',(0.,1.,0.));
#2212 = ORIENTED_EDGE('',*,*,#1719,.F.);
#2213 = ORIENTED_EDGE('',*,*,#2168,.T.);
#2214 = ORIENTED_EDGE('',*,*,#1888,.T.);
#2215 = PLANE('',#2216);
#2216 = AXIS2_PLACEMENT_3D('',#2217,#2218,#2219);
#2217 = CARTESIAN_POINT('',(20.,-175.,210.));
#2218 = DIRECTION('',(1.,0.,0.));
#2219 = DIRECTION('',(0.,0.,1.));
#2220 = ADVANCED_FACE('',(#2221),#2227,.F.);
#2221 = FACE_BOUND('',#2222,.F.);
#2222 = EDGE_LOOP('',(#2223,#2224,#2225,#2226));
#2223 = ORIENTED_EDGE('',*,*,#2207,.F.);
#2224 = ORIENTED_EDGE('',*,*,#1727,.F.);
#2225 = ORIENTED_EDGE('',*,*,#2190,.T.);
#2226 = ORIENTED_EDGE('',*,*,#1896,.T.);
#2227 = PLANE('',#2228);
#2228 = AXIS2_PLACEMENT_3D('',#2229,#2230,#2231);
#2229 = CARTESIAN_POINT('',(20.,-175.,310.));
#2230 = DIRECTION('',(0.,0.,1.));
#2231 = DIRECTION('',(1.,0.,0.));
#2232 = MANIFOLD_SOLID_BREP('',#2233);
#2233 = CLOSED_SHELL('',(#2234,#2274,#2305,#2336,#2505,#2674,#2691,#2708
    ,#2720,#2742,#2759,#2776,#2788,#2810,#2827,#2844,#2856,#2878,#2895,
    #2912,#2924,#2946,#2963,#2980));
#2234 = ADVANCED_FACE('',(#2235),#2269,.T.);
#2235 = FACE_BOUND('',#2236,.T.);
#2236 = EDGE_LOOP('',(#2237,#2247,#2255,#2263));
#2237 = ORIENTED_EDGE('',*,*,#2238,.T.);
#2238 = EDGE_CURVE('',#2239,#2241,#2243,.T.);
#2239 = VERTEX_POINT('',#2240);
#2240 = CARTESIAN_POINT('',(-140.,115.,170.));
#2241 = VERTEX_POINT('',#2242);
#2242 = CARTESIAN_POINT('',(-140.,165.,170.));
#2243 = LINE('',#2244,#2245);
#2244 = CARTESIAN_POINT('',(-140.,115.,170.));
#2245 = VECTOR('',#2246,1.);
#2246 = DIRECTION('',(0.,1.,0.));
#2247 = ORIENTED_EDGE('',*,*,#2248,.T.);
#2248 = EDGE_CURVE('',#2241,#2249,#2251,.T.);
#2249 = VERTEX_POINT('',#2250);
#2250 = CARTESIAN_POINT('',(0.,165.,170.));
#2251 = LINE('',#2252,#2253);
#2252 = CARTESIAN_POINT('',(-140.,165.,170.));
#2253 = VECTOR('',#2254,1.);
#2254 = DIRECTION('',(1.,0.,0.));
#2255 = ORIENTED_EDGE('',*,*,#2256,.F.);
#2256 = EDGE_CURVE('',#2257,#2249,#2259,.T.);
#2257 = VERTEX_POINT('',#2258);
#2258 = CARTESIAN_POINT('',(0.,115.,170.));
#2259 = LINE('',#2260,#2261);
#2260 = CARTESIAN_POINT('',(0.,115.,170.));
#2261 = VECTOR('',#2262,1.);
#2262 = DIRECTION('',(0.,1.,0.));
#2263 = ORIENTED_EDGE('',*,*,#2264,.F.);
#2264 = EDGE_CURVE('',#2239,#2257,#2265,.T.);
#2265 = LINE('',#2266,#2267);
#2266 = CARTESIAN_POINT('',(-140.,115.,170.));
#2267 = VECTOR('',#2268,1.);
#2268 = DIRECTION('',(1.,0.,0.));
#2269 = PLANE('',#2270);
#2270 = AXIS2_PLACEMENT_3D('',#2271,#2272,#2273);
#2271 = CARTESIAN_POINT('',(-140.,115.,170.));
#2272 = DIRECTION('',(0.,0.,-1.));
#2273 = DIRECTION('',(1.,0.,0.));
#2274 = ADVANCED_FACE('',(#2275),#2300,.T.);
#2275 = FACE_BOUND('',#2276,.T.);
#2276 = EDGE_LOOP('',(#2277,#2287,#2293,#2294));
#2277 = ORIENTED_EDGE('',*,*,#2278,.T.);
#2278 = EDGE_CURVE('',#2279,#2281,#2283,.T.);
#2279 = VERTEX_POINT('',#2280);
#2280 = CARTESIAN_POINT('',(-140.,115.,640.));
#2281 = VERTEX_POINT('',#2282);
#2282 = CARTESIAN_POINT('',(-140.,165.,640.));
#2283 = LINE('',#2284,#2285);
#2284 = CARTESIAN_POINT('',(-140.,115.,640.));
#2285 = VECTOR('',#2286,1.);
#2286 = DIRECTION('',(0.,1.,0.));
#2287 = ORIENTED_EDGE('',*,*,#2288,.T.);
#2288 = EDGE_CURVE('',#2281,#2241,#2289,.T.);
#2289 = LINE('',#2290,#2291);
#2290 = CARTESIAN_POINT('',(-140.,165.,640.));
#2291 = VECTOR('',#2292,1.);
#2292 = DIRECTION('',(0.,0.,-1.));
#2293 = ORIENTED_EDGE('',*,*,#2238,.F.);
#2294 = ORIENTED_EDGE('',*,*,#2295,.F.);
#2295 = EDGE_CURVE('',#2279,#2239,#2296,.T.);
#2296 = LINE('',#2297,#2298);
#2297 = CARTESIAN_POINT('',(-140.,115.,640.));
#2298 = VECTOR('',#2299,1.);
#2299 = DIRECTION('',(0.,0.,-1.));
#2300 = PLANE('',#2301);
#2301 = AXIS2_PLACEMENT_3D('',#2302,#2303,#2304);
#2302 = CARTESIAN_POINT('',(-140.,115.,640.));
#2303 = DIRECTION('',(-1.,0.,0.));
#2304 = DIRECTION('',(0.,0.,-1.));
#2305 = ADVANCED_FACE('',(#2306),#2331,.T.);
#2306 = FACE_BOUND('',#2307,.T.);
#2307 = EDGE_LOOP('',(#2308,#2309,#2317,#2325));
#2308 = ORIENTED_EDGE('',*,*,#2256,.T.);
#2309 = ORIENTED_EDGE('',*,*,#2310,.T.);
#2310 = EDGE_CURVE('',#2249,#2311,#2313,.T.);
#2311 = VERTEX_POINT('',#2312);
#2312 = CARTESIAN_POINT('',(0.,165.,640.));
#2313 = LINE('',#2314,#2315);
#2314 = CARTESIAN_POINT('',(0.,165.,170.));
#2315 = VECTOR('',#2316,1.);
#2316 = DIRECTION('',(0.,0.,1.));
#2317 = ORIENTED_EDGE('',*,*,#2318,.F.);
#2318 = EDGE_CURVE('',#2319,#2311,#2321,.T.);
#2319 = VERTEX_POINT('',#2320);
#2320 = CARTESIAN_POINT('',(0.,115.,640.));
#2321 = LINE('',#2322,#2323);
#2322 = CARTESIAN_POINT('',(0.,115.,640.));
#2323 = VECTOR('',#2324,1.);
#2324 = DIRECTION('',(0.,1.,0.));
#2325 = ORIENTED_EDGE('',*,*,#2326,.F.);
#2326 = EDGE_CURVE('',#2257,#2319,#2327,.T.);
#2327 = LINE('',#2328,#2329);
#2328 = CARTESIAN_POINT('',(0.,115.,170.));
#2329 = VECTOR('',#2330,1.);
#2330 = DIRECTION('',(0.,0.,1.));
#2331 = PLANE('',#2332);
#2332 = AXIS2_PLACEMENT_3D('',#2333,#2334,#2335);
#2333 = CARTESIAN_POINT('',(0.,115.,170.));
#2334 = DIRECTION('',(1.,0.,0.));
#2335 = DIRECTION('',(0.,0.,1.));
#2336 = ADVANCED_FACE('',(#2337,#2364,#2398,#2432,#2466),#2500,.T.);
#2337 = FACE_BOUND('',#2338,.T.);
#2338 = EDGE_LOOP('',(#2339,#2340,#2341,#2349,#2357,#2363));
#2339 = ORIENTED_EDGE('',*,*,#2264,.T.);
#2340 = ORIENTED_EDGE('',*,*,#2326,.T.);
#2341 = ORIENTED_EDGE('',*,*,#2342,.T.);
#2342 = EDGE_CURVE('',#2319,#2343,#2345,.T.);
#2343 = VERTEX_POINT('',#2344);
#2344 = CARTESIAN_POINT('',(70.,115.,865.));
#2345 = LINE('',#2346,#2347);
#2346 = CARTESIAN_POINT('',(0.,115.,640.));
#2347 = VECTOR('',#2348,1.);
#2348 = DIRECTION('',(0.297066552636,0.,0.954856776331));
#2349 = ORIENTED_EDGE('',*,*,#2350,.T.);
#2350 = EDGE_CURVE('',#2343,#2351,#2353,.T.);
#2351 = VERTEX_POINT('',#2352);
#2352 = CARTESIAN_POINT('',(-210.,115.,865.));
#2353 = LINE('',#2354,#2355);
#2354 = CARTESIAN_POINT('',(70.,115.,865.));
#2355 = VECTOR('',#2356,1.);
#2356 = DIRECTION('',(-1.,0.,0.));
#2357 = ORIENTED_EDGE('',*,*,#2358,.T.);
#2358 = EDGE_CURVE('',#2351,#2279,#2359,.T.);
#2359 = LINE('',#2360,#2361);
#2360 = CARTESIAN_POINT('',(-210.,115.,865.));
#2361 = VECTOR('',#2362,1.);
#2362 = DIRECTION('',(0.297066552636,0.,-0.954856776331));
#2363 = ORIENTED_EDGE('',*,*,#2295,.T.);
#2364 = FACE_BOUND('',#2365,.T.);
#2365 = EDGE_LOOP('',(#2366,#2376,#2384,#2392));
#2366 = ORIENTED_EDGE('',*,*,#2367,.T.);
#2367 = EDGE_CURVE('',#2368,#2370,#2372,.T.);
#2368 = VERTEX_POINT('',#2369);
#2369 = CARTESIAN_POINT('',(-20.,115.,570.));
#2370 = VERTEX_POINT('',#2371);
#2371 = CARTESIAN_POINT('',(-120.,115.,570.));
#2372 = LINE('',#2373,#2374);
#2373 = CARTESIAN_POINT('',(-95.,115.,570.));
#2374 = VECTOR('',#2375,1.);
#2375 = DIRECTION('',(-1.,0.,0.));
#2376 = ORIENTED_EDGE('',*,*,#2377,.T.);
#2377 = EDGE_CURVE('',#2370,#2378,#2380,.T.);
#2378 = VERTEX_POINT('',#2379);
#2379 = CARTESIAN_POINT('',(-120.,115.,670.));
#2380 = LINE('',#2381,#2382);
#2381 = CARTESIAN_POINT('',(-120.,115.,558.39815431417));
#2382 = VECTOR('',#2383,1.);
#2383 = DIRECTION('',(0.,0.,1.));
#2384 = ORIENTED_EDGE('',*,*,#2385,.F.);
#2385 = EDGE_CURVE('',#2386,#2378,#2388,.T.);
#2386 = VERTEX_POINT('',#2387);
#2387 = CARTESIAN_POINT('',(-20.,115.,670.));
#2388 = LINE('',#2389,#2390);
#2389 = CARTESIAN_POINT('',(-95.,115.,670.));
#2390 = VECTOR('',#2391,1.);
#2391 = DIRECTION('',(-1.,0.,0.));
#2392 = ORIENTED_EDGE('',*,*,#2393,.F.);
#2393 = EDGE_CURVE('',#2368,#2386,#2394,.T.);
#2394 = LINE('',#2395,#2396);
#2395 = CARTESIAN_POINT('',(-20.,115.,558.39815431417));
#2396 = VECTOR('',#2397,1.);
#2397 = DIRECTION('',(0.,0.,1.));
#2398 = FACE_BOUND('',#2399,.T.);
#2399 = EDGE_LOOP('',(#2400,#2410,#2418,#2426));
#2400 = ORIENTED_EDGE('',*,*,#2401,.T.);
#2401 = EDGE_CURVE('',#2402,#2404,#2406,.T.);
#2402 = VERTEX_POINT('',#2403);
#2403 = CARTESIAN_POINT('',(-20.,115.,450.));
#2404 = VERTEX_POINT('',#2405);
#2405 = CARTESIAN_POINT('',(-120.,115.,450.));
#2406 = LINE('',#2407,#2408);
#2407 = CARTESIAN_POINT('',(-95.,115.,450.));
#2408 = VECTOR('',#2409,1.);
#2409 = DIRECTION('',(-1.,0.,0.));
#2410 = ORIENTED_EDGE('',*,*,#2411,.T.);
#2411 = EDGE_CURVE('',#2404,#2412,#2414,.T.);
#2412 = VERTEX_POINT('',#2413);
#2413 = CARTESIAN_POINT('',(-120.,115.,550.));
#2414 = LINE('',#2415,#2416);
#2415 = CARTESIAN_POINT('',(-120.,115.,498.39815431417));
#2416 = VECTOR('',#2417,1.);
#2417 = DIRECTION('',(0.,0.,1.));
#2418 = ORIENTED_EDGE('',*,*,#2419,.F.);
#2419 = EDGE_CURVE('',#2420,#2412,#2422,.T.);
#2420 = VERTEX_POINT('',#2421);
#2421 = CARTESIAN_POINT('',(-20.,115.,550.));
#2422 = LINE('',#2423,#2424);
#2423 = CARTESIAN_POINT('',(-95.,115.,550.));
#2424 = VECTOR('',#2425,1.);
#2425 = DIRECTION('',(-1.,0.,0.));
#2426 = ORIENTED_EDGE('',*,*,#2427,.F.);
#2427 = EDGE_CURVE('',#2402,#2420,#2428,.T.);
#2428 = LINE('',#2429,#2430);
#2429 = CARTESIAN_POINT('',(-20.,115.,498.39815431417));
#2430 = VECTOR('',#2431,1.);
#2431 = DIRECTION('',(0.,0.,1.));
#2432 = FACE_BOUND('',#2433,.T.);
#2433 = EDGE_LOOP('',(#2434,#2444,#2452,#2460));
#2434 = ORIENTED_EDGE('',*,*,#2435,.T.);
#2435 = EDGE_CURVE('',#2436,#2438,#2440,.T.);
#2436 = VERTEX_POINT('',#2437);
#2437 = CARTESIAN_POINT('',(-20.,115.,330.));
#2438 = VERTEX_POINT('',#2439);
#2439 = CARTESIAN_POINT('',(-120.,115.,330.));
#2440 = LINE('',#2441,#2442);
#2441 = CARTESIAN_POINT('',(-95.,115.,330.));
#2442 = VECTOR('',#2443,1.);
#2443 = DIRECTION('',(-1.,0.,0.));
#2444 = ORIENTED_EDGE('',*,*,#2445,.T.);
#2445 = EDGE_CURVE('',#2438,#2446,#2448,.T.);
#2446 = VERTEX_POINT('',#2447);
#2447 = CARTESIAN_POINT('',(-120.,115.,430.));
#2448 = LINE('',#2449,#2450);
#2449 = CARTESIAN_POINT('',(-120.,115.,438.39815431417));
#2450 = VECTOR('',#2451,1.);
#2451 = DIRECTION('',(0.,0.,1.));
#2452 = ORIENTED_EDGE('',*,*,#2453,.F.);
#2453 = EDGE_CURVE('',#2454,#2446,#2456,.T.);
#2454 = VERTEX_POINT('',#2455);
#2455 = CARTESIAN_POINT('',(-20.,115.,430.));
#2456 = LINE('',#2457,#2458);
#2457 = CARTESIAN_POINT('',(-95.,115.,430.));
#2458 = VECTOR('',#2459,1.);
#2459 = DIRECTION('',(-1.,0.,0.));
#2460 = ORIENTED_EDGE('',*,*,#2461,.F.);
#2461 = EDGE_CURVE('',#2436,#2454,#2462,.T.);
#2462 = LINE('',#2463,#2464);
#2463 = CARTESIAN_POINT('',(-20.,115.,438.39815431417));
#2464 = VECTOR('',#2465,1.);
#2465 = DIRECTION('',(0.,0.,1.));
#2466 = FACE_BOUND('',#2467,.T.);
#2467 = EDGE_LOOP('',(#2468,#2478,#2486,#2494));
#2468 = ORIENTED_EDGE('',*,*,#2469,.T.);
#2469 = EDGE_CURVE('',#2470,#2472,#2474,.T.);
#2470 = VERTEX_POINT('',#2471);
#2471 = CARTESIAN_POINT('',(-20.,115.,210.));
#2472 = VERTEX_POINT('',#2473);
#2473 = CARTESIAN_POINT('',(-120.,115.,210.));
#2474 = LINE('',#2475,#2476);
#2475 = CARTESIAN_POINT('',(-95.,115.,210.));
#2476 = VECTOR('',#2477,1.);
#2477 = DIRECTION('',(-1.,0.,0.));
#2478 = ORIENTED_EDGE('',*,*,#2479,.T.);
#2479 = EDGE_CURVE('',#2472,#2480,#2482,.T.);
#2480 = VERTEX_POINT('',#2481);
#2481 = CARTESIAN_POINT('',(-120.,115.,310.));
#2482 = LINE('',#2483,#2484);
#2483 = CARTESIAN_POINT('',(-120.,115.,378.39815431417));
#2484 = VECTOR('',#2485,1.);
#2485 = DIRECTION('',(0.,0.,1.));
#2486 = ORIENTED_EDGE('',*,*,#2487,.F.);
#2487 = EDGE_CURVE('',#2488,#2480,#2490,.T.);
#2488 = VERTEX_POINT('',#2489);
#2489 = CARTESIAN_POINT('',(-20.,115.,310.));
#2490 = LINE('',#2491,#2492);
#2491 = CARTESIAN_POINT('',(-95.,115.,310.));
#2492 = VECTOR('',#2493,1.);
#2493 = DIRECTION('',(-1.,0.,0.));
#2494 = ORIENTED_EDGE('',*,*,#2495,.F.);
#2495 = EDGE_CURVE('',#2470,#2488,#2496,.T.);
#2496 = LINE('',#2497,#2498);
#2497 = CARTESIAN_POINT('',(-20.,115.,378.39815431417));
#2498 = VECTOR('',#2499,1.);
#2499 = DIRECTION('',(0.,0.,1.));
#2500 = PLANE('',#2501);
#2501 = AXIS2_PLACEMENT_3D('',#2502,#2503,#2504);
#2502 = CARTESIAN_POINT('',(-70.,115.,546.79630862835));
#2503 = DIRECTION('',(-0.,-1.,-0.));
#2504 = DIRECTION('',(0.,0.,-1.));
#2505 = ADVANCED_FACE('',(#2506,#2533,#2567,#2601,#2635),#2669,.F.);
#2506 = FACE_BOUND('',#2507,.F.);
#2507 = EDGE_LOOP('',(#2508,#2509,#2510,#2518,#2526,#2532));
#2508 = ORIENTED_EDGE('',*,*,#2248,.T.);
#2509 = ORIENTED_EDGE('',*,*,#2310,.T.);
#2510 = ORIENTED_EDGE('',*,*,#2511,.T.);
#2511 = EDGE_CURVE('',#2311,#2512,#2514,.T.);
#2512 = VERTEX_POINT('',#2513);
#2513 = CARTESIAN_POINT('',(70.,165.,865.));
#2514 = LINE('',#2515,#2516);
#2515 = CARTESIAN_POINT('',(0.,165.,640.));
#2516 = VECTOR('',#2517,1.);
#2517 = DIRECTION('',(0.297066552636,0.,0.954856776331));
#2518 = ORIENTED_EDGE('',*,*,#2519,.T.);
#2519 = EDGE_CURVE('',#2512,#2520,#2522,.T.);
#2520 = VERTEX_POINT('',#2521);
#2521 = CARTESIAN_POINT('',(-210.,165.,865.));
#2522 = LINE('',#2523,#2524);
#2523 = CARTESIAN_POINT('',(70.,165.,865.));
#2524 = VECTOR('',#2525,1.);
#2525 = DIRECTION('',(-1.,0.,0.));
#2526 = ORIENTED_EDGE('',*,*,#2527,.T.);
#2527 = EDGE_CURVE('',#2520,#2281,#2528,.T.);
#2528 = LINE('',#2529,#2530);
#2529 = CARTESIAN_POINT('',(-210.,165.,865.));
#2530 = VECTOR('',#2531,1.);
#2531 = DIRECTION('',(0.297066552636,0.,-0.954856776331));
#2532 = ORIENTED_EDGE('',*,*,#2288,.T.);
#2533 = FACE_BOUND('',#2534,.F.);
#2534 = EDGE_LOOP('',(#2535,#2545,#2553,#2561));
#2535 = ORIENTED_EDGE('',*,*,#2536,.T.);
#2536 = EDGE_CURVE('',#2537,#2539,#2541,.T.);
#2537 = VERTEX_POINT('',#2538);
#2538 = CARTESIAN_POINT('',(-20.,165.,570.));
#2539 = VERTEX_POINT('',#2540);
#2540 = CARTESIAN_POINT('',(-120.,165.,570.));
#2541 = LINE('',#2542,#2543);
#2542 = CARTESIAN_POINT('',(-95.,165.,570.));
#2543 = VECTOR('',#2544,1.);
#2544 = DIRECTION('',(-1.,0.,0.));
#2545 = ORIENTED_EDGE('',*,*,#2546,.T.);
#2546 = EDGE_CURVE('',#2539,#2547,#2549,.T.);
#2547 = VERTEX_POINT('',#2548);
#2548 = CARTESIAN_POINT('',(-120.,165.,670.));
#2549 = LINE('',#2550,#2551);
#2550 = CARTESIAN_POINT('',(-120.,165.,558.39815431417));
#2551 = VECTOR('',#2552,1.);
#2552 = DIRECTION('',(0.,0.,1.));
#2553 = ORIENTED_EDGE('',*,*,#2554,.F.);
#2554 = EDGE_CURVE('',#2555,#2547,#2557,.T.);
#2555 = VERTEX_POINT('',#2556);
#2556 = CARTESIAN_POINT('',(-20.,165.,670.));
#2557 = LINE('',#2558,#2559);
#2558 = CARTESIAN_POINT('',(-95.,165.,670.));
#2559 = VECTOR('',#2560,1.);
#2560 = DIRECTION('',(-1.,0.,0.));
#2561 = ORIENTED_EDGE('',*,*,#2562,.F.);
#2562 = EDGE_CURVE('',#2537,#2555,#2563,.T.);
#2563 = LINE('',#2564,#2565);
#2564 = CARTESIAN_POINT('',(-20.,165.,558.39815431417));
#2565 = VECTOR('',#2566,1.);
#2566 = DIRECTION('',(0.,0.,1.));
#2567 = FACE_BOUND('',#2568,.F.);
#2568 = EDGE_LOOP('',(#2569,#2579,#2587,#2595));
#2569 = ORIENTED_EDGE('',*,*,#2570,.T.);
#2570 = EDGE_CURVE('',#2571,#2573,#2575,.T.);
#2571 = VERTEX_POINT('',#2572);
#2572 = CARTESIAN_POINT('',(-20.,165.,450.));
#2573 = VERTEX_POINT('',#2574);
#2574 = CARTESIAN_POINT('',(-120.,165.,450.));
#2575 = LINE('',#2576,#2577);
#2576 = CARTESIAN_POINT('',(-95.,165.,450.));
#2577 = VECTOR('',#2578,1.);
#2578 = DIRECTION('',(-1.,0.,0.));
#2579 = ORIENTED_EDGE('',*,*,#2580,.T.);
#2580 = EDGE_CURVE('',#2573,#2581,#2583,.T.);
#2581 = VERTEX_POINT('',#2582);
#2582 = CARTESIAN_POINT('',(-120.,165.,550.));
#2583 = LINE('',#2584,#2585);
#2584 = CARTESIAN_POINT('',(-120.,165.,498.39815431417));
#2585 = VECTOR('',#2586,1.);
#2586 = DIRECTION('',(0.,0.,1.));
#2587 = ORIENTED_EDGE('',*,*,#2588,.F.);
#2588 = EDGE_CURVE('',#2589,#2581,#2591,.T.);
#2589 = VERTEX_POINT('',#2590);
#2590 = CARTESIAN_POINT('',(-20.,165.,550.));
#2591 = LINE('',#2592,#2593);
#2592 = CARTESIAN_POINT('',(-95.,165.,550.));
#2593 = VECTOR('',#2594,1.);
#2594 = DIRECTION('',(-1.,0.,0.));
#2595 = ORIENTED_EDGE('',*,*,#2596,.F.);
#2596 = EDGE_CURVE('',#2571,#2589,#2597,.T.);
#2597 = LINE('',#2598,#2599);
#2598 = CARTESIAN_POINT('',(-20.,165.,498.39815431417));
#2599 = VECTOR('',#2600,1.);
#2600 = DIRECTION('',(0.,0.,1.));
#2601 = FACE_BOUND('',#2602,.F.);
#2602 = EDGE_LOOP('',(#2603,#2613,#2621,#2629));
#2603 = ORIENTED_EDGE('',*,*,#2604,.T.);
#2604 = EDGE_CURVE('',#2605,#2607,#2609,.T.);
#2605 = VERTEX_POINT('',#2606);
#2606 = CARTESIAN_POINT('',(-20.,165.,330.));
#2607 = VERTEX_POINT('',#2608);
#2608 = CARTESIAN_POINT('',(-120.,165.,330.));
#2609 = LINE('',#2610,#2611);
#2610 = CARTESIAN_POINT('',(-95.,165.,330.));
#2611 = VECTOR('',#2612,1.);
#2612 = DIRECTION('',(-1.,0.,0.));
#2613 = ORIENTED_EDGE('',*,*,#2614,.T.);
#2614 = EDGE_CURVE('',#2607,#2615,#2617,.T.);
#2615 = VERTEX_POINT('',#2616);
#2616 = CARTESIAN_POINT('',(-120.,165.,430.));
#2617 = LINE('',#2618,#2619);
#2618 = CARTESIAN_POINT('',(-120.,165.,438.39815431417));
#2619 = VECTOR('',#2620,1.);
#2620 = DIRECTION('',(0.,0.,1.));
#2621 = ORIENTED_EDGE('',*,*,#2622,.F.);
#2622 = EDGE_CURVE('',#2623,#2615,#2625,.T.);
#2623 = VERTEX_POINT('',#2624);
#2624 = CARTESIAN_POINT('',(-20.,165.,430.));
#2625 = LINE('',#2626,#2627);
#2626 = CARTESIAN_POINT('',(-95.,165.,430.));
#2627 = VECTOR('',#2628,1.);
#2628 = DIRECTION('',(-1.,0.,0.));
#2629 = ORIENTED_EDGE('',*,*,#2630,.F.);
#2630 = EDGE_CURVE('',#2605,#2623,#2631,.T.);
#2631 = LINE('',#2632,#2633);
#2632 = CARTESIAN_POINT('',(-20.,165.,438.39815431417));
#2633 = VECTOR('',#2634,1.);
#2634 = DIRECTION('',(0.,0.,1.));
#2635 = FACE_BOUND('',#2636,.F.);
#2636 = EDGE_LOOP('',(#2637,#2647,#2655,#2663));
#2637 = ORIENTED_EDGE('',*,*,#2638,.T.);
#2638 = EDGE_CURVE('',#2639,#2641,#2643,.T.);
#2639 = VERTEX_POINT('',#2640);
#2640 = CARTESIAN_POINT('',(-20.,165.,210.));
#2641 = VERTEX_POINT('',#2642);
#2642 = CARTESIAN_POINT('',(-120.,165.,210.));
#2643 = LINE('',#2644,#2645);
#2644 = CARTESIAN_POINT('',(-95.,165.,210.));
#2645 = VECTOR('',#2646,1.);
#2646 = DIRECTION('',(-1.,0.,0.));
#2647 = ORIENTED_EDGE('',*,*,#2648,.T.);
#2648 = EDGE_CURVE('',#2641,#2649,#2651,.T.);
#2649 = VERTEX_POINT('',#2650);
#2650 = CARTESIAN_POINT('',(-120.,165.,310.));
#2651 = LINE('',#2652,#2653);
#2652 = CARTESIAN_POINT('',(-120.,165.,378.39815431417));
#2653 = VECTOR('',#2654,1.);
#2654 = DIRECTION('',(0.,0.,1.));
#2655 = ORIENTED_EDGE('',*,*,#2656,.F.);
#2656 = EDGE_CURVE('',#2657,#2649,#2659,.T.);
#2657 = VERTEX_POINT('',#2658);
#2658 = CARTESIAN_POINT('',(-20.,165.,310.));
#2659 = LINE('',#2660,#2661);
#2660 = CARTESIAN_POINT('',(-95.,165.,310.));
#2661 = VECTOR('',#2662,1.);
#2662 = DIRECTION('',(-1.,0.,0.));
#2663 = ORIENTED_EDGE('',*,*,#2664,.F.);
#2664 = EDGE_CURVE('',#2639,#2657,#2665,.T.);
#2665 = LINE('',#2666,#2667);
#2666 = CARTESIAN_POINT('',(-20.,165.,378.39815431417));
#2667 = VECTOR('',#2668,1.);
#2668 = DIRECTION('',(0.,0.,1.));
#2669 = PLANE('',#2670);
#2670 = AXIS2_PLACEMENT_3D('',#2671,#2672,#2673);
#2671 = CARTESIAN_POINT('',(-70.,165.,546.79630862835));
#2672 = DIRECTION('',(-0.,-1.,-0.));
#2673 = DIRECTION('',(0.,0.,-1.));
#2674 = ADVANCED_FACE('',(#2675),#2686,.T.);
#2675 = FACE_BOUND('',#2676,.T.);
#2676 = EDGE_LOOP('',(#2677,#2683,#2684,#2685));
#2677 = ORIENTED_EDGE('',*,*,#2678,.T.);
#2678 = EDGE_CURVE('',#2351,#2520,#2679,.T.);
#2679 = LINE('',#2680,#2681);
#2680 = CARTESIAN_POINT('',(-210.,115.,865.));
#2681 = VECTOR('',#2682,1.);
#2682 = DIRECTION('',(0.,1.,0.));
#2683 = ORIENTED_EDGE('',*,*,#2527,.T.);
#2684 = ORIENTED_EDGE('',*,*,#2278,.F.);
#2685 = ORIENTED_EDGE('',*,*,#2358,.F.);
#2686 = PLANE('',#2687);
#2687 = AXIS2_PLACEMENT_3D('',#2688,#2689,#2690);
#2688 = CARTESIAN_POINT('',(-210.,115.,865.));
#2689 = DIRECTION('',(-0.954856776331,0.,-0.297066552636));
#2690 = DIRECTION('',(0.297066552636,0.,-0.954856776331));
#2691 = ADVANCED_FACE('',(#2692),#2703,.T.);
#2692 = FACE_BOUND('',#2693,.T.);
#2693 = EDGE_LOOP('',(#2694,#2695,#2696,#2702));
#2694 = ORIENTED_EDGE('',*,*,#2318,.T.);
#2695 = ORIENTED_EDGE('',*,*,#2511,.T.);
#2696 = ORIENTED_EDGE('',*,*,#2697,.F.);
#2697 = EDGE_CURVE('',#2343,#2512,#2698,.T.);
#2698 = LINE('',#2699,#2700);
#2699 = CARTESIAN_POINT('',(70.,115.,865.));
#2700 = VECTOR('',#2701,1.);
#2701 = DIRECTION('',(0.,1.,0.));
#2702 = ORIENTED_EDGE('',*,*,#2342,.F.);
#2703 = PLANE('',#2704);
#2704 = AXIS2_PLACEMENT_3D('',#2705,#2706,#2707);
#2705 = CARTESIAN_POINT('',(0.,115.,640.));
#2706 = DIRECTION('',(0.954856776331,0.,-0.297066552636));
#2707 = DIRECTION('',(0.297066552636,0.,0.954856776331));
#2708 = ADVANCED_FACE('',(#2709),#2715,.T.);
#2709 = FACE_BOUND('',#2710,.T.);
#2710 = EDGE_LOOP('',(#2711,#2712,#2713,#2714));
#2711 = ORIENTED_EDGE('',*,*,#2697,.T.);
#2712 = ORIENTED_EDGE('',*,*,#2519,.T.);
#2713 = ORIENTED_EDGE('',*,*,#2678,.F.);
#2714 = ORIENTED_EDGE('',*,*,#2350,.F.);
#2715 = PLANE('',#2716);
#2716 = AXIS2_PLACEMENT_3D('',#2717,#2718,#2719);
#2717 = CARTESIAN_POINT('',(70.,115.,865.));
#2718 = DIRECTION('',(0.,0.,1.));
#2719 = DIRECTION('',(-1.,0.,0.));
#2720 = ADVANCED_FACE('',(#2721),#2737,.T.);
#2721 = FACE_BOUND('',#2722,.T.);
#2722 = EDGE_LOOP('',(#2723,#2729,#2730,#2736));
#2723 = ORIENTED_EDGE('',*,*,#2724,.F.);
#2724 = EDGE_CURVE('',#2370,#2539,#2725,.T.);
#2725 = LINE('',#2726,#2727);
#2726 = CARTESIAN_POINT('',(-120.,105.,570.));
#2727 = VECTOR('',#2728,1.);
#2728 = DIRECTION('',(0.,1.,0.));
#2729 = ORIENTED_EDGE('',*,*,#2367,.F.);
#2730 = ORIENTED_EDGE('',*,*,#2731,.T.);
#2731 = EDGE_CURVE('',#2368,#2537,#2732,.T.);
#2732 = LINE('',#2733,#2734);
#2733 = CARTESIAN_POINT('',(-20.,105.,570.));
#2734 = VECTOR('',#2735,1.);
#2735 = DIRECTION('',(0.,1.,0.));
#2736 = ORIENTED_EDGE('',*,*,#2536,.T.);
#2737 = PLANE('',#2738);
#2738 = AXIS2_PLACEMENT_3D('',#2739,#2740,#2741);
#2739 = CARTESIAN_POINT('',(-120.,105.,570.));
#2740 = DIRECTION('',(0.,0.,1.));
#2741 = DIRECTION('',(1.,0.,0.));
#2742 = ADVANCED_FACE('',(#2743),#2754,.F.);
#2743 = FACE_BOUND('',#2744,.F.);
#2744 = EDGE_LOOP('',(#2745,#2751,#2752,#2753));
#2745 = ORIENTED_EDGE('',*,*,#2746,.F.);
#2746 = EDGE_CURVE('',#2386,#2555,#2747,.T.);
#2747 = LINE('',#2748,#2749);
#2748 = CARTESIAN_POINT('',(-20.,105.,670.));
#2749 = VECTOR('',#2750,1.);
#2750 = DIRECTION('',(0.,1.,0.));
#2751 = ORIENTED_EDGE('',*,*,#2393,.F.);
#2752 = ORIENTED_EDGE('',*,*,#2731,.T.);
#2753 = ORIENTED_EDGE('',*,*,#2562,.T.);
#2754 = PLANE('',#2755);
#2755 = AXIS2_PLACEMENT_3D('',#2756,#2757,#2758);
#2756 = CARTESIAN_POINT('',(-20.,105.,570.));
#2757 = DIRECTION('',(1.,0.,0.));
#2758 = DIRECTION('',(0.,0.,1.));
#2759 = ADVANCED_FACE('',(#2760),#2771,.F.);
#2760 = FACE_BOUND('',#2761,.F.);
#2761 = EDGE_LOOP('',(#2762,#2768,#2769,#2770));
#2762 = ORIENTED_EDGE('',*,*,#2763,.F.);
#2763 = EDGE_CURVE('',#2378,#2547,#2764,.T.);
#2764 = LINE('',#2765,#2766);
#2765 = CARTESIAN_POINT('',(-120.,105.,670.));
#2766 = VECTOR('',#2767,1.);
#2767 = DIRECTION('',(0.,1.,0.));
#2768 = ORIENTED_EDGE('',*,*,#2385,.F.);
#2769 = ORIENTED_EDGE('',*,*,#2746,.T.);
#2770 = ORIENTED_EDGE('',*,*,#2554,.T.);
#2771 = PLANE('',#2772);
#2772 = AXIS2_PLACEMENT_3D('',#2773,#2774,#2775);
#2773 = CARTESIAN_POINT('',(-120.,105.,670.));
#2774 = DIRECTION('',(0.,0.,1.));
#2775 = DIRECTION('',(1.,0.,0.));
#2776 = ADVANCED_FACE('',(#2777),#2783,.T.);
#2777 = FACE_BOUND('',#2778,.T.);
#2778 = EDGE_LOOP('',(#2779,#2780,#2781,#2782));
#2779 = ORIENTED_EDGE('',*,*,#2763,.F.);
#2780 = ORIENTED_EDGE('',*,*,#2377,.F.);
#2781 = ORIENTED_EDGE('',*,*,#2724,.T.);
#2782 = ORIENTED_EDGE('',*,*,#2546,.T.);
#2783 = PLANE('',#2784);
#2784 = AXIS2_PLACEMENT_3D('',#2785,#2786,#2787);
#2785 = CARTESIAN_POINT('',(-120.,105.,570.));
#2786 = DIRECTION('',(1.,0.,0.));
#2787 = DIRECTION('',(0.,0.,1.));
#2788 = ADVANCED_FACE('',(#2789),#2805,.T.);
#2789 = FACE_BOUND('',#2790,.T.);
#2790 = EDGE_LOOP('',(#2791,#2797,#2798,#2804));
#2791 = ORIENTED_EDGE('',*,*,#2792,.F.);
#2792 = EDGE_CURVE('',#2404,#2573,#2793,.T.);
#2793 = LINE('',#2794,#2795);
#2794 = CARTESIAN_POINT('',(-120.,105.,450.));
#2795 = VECTOR('',#2796,1.);
#2796 = DIRECTION('',(0.,1.,0.));
#2797 = ORIENTED_EDGE('',*,*,#2401,.F.);
#2798 = ORIENTED_EDGE('',*,*,#2799,.T.);
#2799 = EDGE_CURVE('',#2402,#2571,#2800,.T.);
#2800 = LINE('',#2801,#2802);
#2801 = CARTESIAN_POINT('',(-20.,105.,450.));
#2802 = VECTOR('',#2803,1.);
#2803 = DIRECTION('',(0.,1.,0.));
#2804 = ORIENTED_EDGE('',*,*,#2570,.T.);
#2805 = PLANE('',#2806);
#2806 = AXIS2_PLACEMENT_3D('',#2807,#2808,#2809);
#2807 = CARTESIAN_POINT('',(-120.,105.,450.));
#2808 = DIRECTION('',(0.,0.,1.));
#2809 = DIRECTION('',(1.,0.,0.));
#2810 = ADVANCED_FACE('',(#2811),#2822,.F.);
#2811 = FACE_BOUND('',#2812,.F.);
#2812 = EDGE_LOOP('',(#2813,#2819,#2820,#2821));
#2813 = ORIENTED_EDGE('',*,*,#2814,.F.);
#2814 = EDGE_CURVE('',#2420,#2589,#2815,.T.);
#2815 = LINE('',#2816,#2817);
#2816 = CARTESIAN_POINT('',(-20.,105.,550.));
#2817 = VECTOR('',#2818,1.);
#2818 = DIRECTION('',(0.,1.,0.));
#2819 = ORIENTED_EDGE('',*,*,#2427,.F.);
#2820 = ORIENTED_EDGE('',*,*,#2799,.T.);
#2821 = ORIENTED_EDGE('',*,*,#2596,.T.);
#2822 = PLANE('',#2823);
#2823 = AXIS2_PLACEMENT_3D('',#2824,#2825,#2826);
#2824 = CARTESIAN_POINT('',(-20.,105.,450.));
#2825 = DIRECTION('',(1.,0.,0.));
#2826 = DIRECTION('',(0.,0.,1.));
#2827 = ADVANCED_FACE('',(#2828),#2839,.T.);
#2828 = FACE_BOUND('',#2829,.T.);
#2829 = EDGE_LOOP('',(#2830,#2836,#2837,#2838));
#2830 = ORIENTED_EDGE('',*,*,#2831,.F.);
#2831 = EDGE_CURVE('',#2412,#2581,#2832,.T.);
#2832 = LINE('',#2833,#2834);
#2833 = CARTESIAN_POINT('',(-120.,105.,550.));
#2834 = VECTOR('',#2835,1.);
#2835 = DIRECTION('',(0.,1.,0.));
#2836 = ORIENTED_EDGE('',*,*,#2411,.F.);
#2837 = ORIENTED_EDGE('',*,*,#2792,.T.);
#2838 = ORIENTED_EDGE('',*,*,#2580,.T.);
#2839 = PLANE('',#2840);
#2840 = AXIS2_PLACEMENT_3D('',#2841,#2842,#2843);
#2841 = CARTESIAN_POINT('',(-120.,105.,450.));
#2842 = DIRECTION('',(1.,0.,0.));
#2843 = DIRECTION('',(0.,0.,1.));
#2844 = ADVANCED_FACE('',(#2845),#2851,.F.);
#2845 = FACE_BOUND('',#2846,.F.);
#2846 = EDGE_LOOP('',(#2847,#2848,#2849,#2850));
#2847 = ORIENTED_EDGE('',*,*,#2831,.F.);
#2848 = ORIENTED_EDGE('',*,*,#2419,.F.);
#2849 = ORIENTED_EDGE('',*,*,#2814,.T.);
#2850 = ORIENTED_EDGE('',*,*,#2588,.T.);
#2851 = PLANE('',#2852);
#2852 = AXIS2_PLACEMENT_3D('',#2853,#2854,#2855);
#2853 = CARTESIAN_POINT('',(-120.,105.,550.));
#2854 = DIRECTION('',(0.,0.,1.));
#2855 = DIRECTION('',(1.,0.,0.));
#2856 = ADVANCED_FACE('',(#2857),#2873,.T.);
#2857 = FACE_BOUND('',#2858,.T.);
#2858 = EDGE_LOOP('',(#2859,#2865,#2866,#2872));
#2859 = ORIENTED_EDGE('',*,*,#2860,.F.);
#2860 = EDGE_CURVE('',#2438,#2607,#2861,.T.);
#2861 = LINE('',#2862,#2863);
#2862 = CARTESIAN_POINT('',(-120.,105.,330.));
#2863 = VECTOR('',#2864,1.);
#2864 = DIRECTION('',(0.,1.,0.));
#2865 = ORIENTED_EDGE('',*,*,#2435,.F.);
#2866 = ORIENTED_EDGE('',*,*,#2867,.T.);
#2867 = EDGE_CURVE('',#2436,#2605,#2868,.T.);
#2868 = LINE('',#2869,#2870);
#2869 = CARTESIAN_POINT('',(-20.,105.,330.));
#2870 = VECTOR('',#2871,1.);
#2871 = DIRECTION('',(0.,1.,0.));
#2872 = ORIENTED_EDGE('',*,*,#2604,.T.);
#2873 = PLANE('',#2874);
#2874 = AXIS2_PLACEMENT_3D('',#2875,#2876,#2877);
#2875 = CARTESIAN_POINT('',(-120.,105.,330.));
#2876 = DIRECTION('',(0.,0.,1.));
#2877 = DIRECTION('',(1.,0.,0.));
#2878 = ADVANCED_FACE('',(#2879),#2890,.F.);
#2879 = FACE_BOUND('',#2880,.F.);
#2880 = EDGE_LOOP('',(#2881,#2887,#2888,#2889));
#2881 = ORIENTED_EDGE('',*,*,#2882,.F.);
#2882 = EDGE_CURVE('',#2454,#2623,#2883,.T.);
#2883 = LINE('',#2884,#2885);
#2884 = CARTESIAN_POINT('',(-20.,105.,430.));
#2885 = VECTOR('',#2886,1.);
#2886 = DIRECTION('',(0.,1.,0.));
#2887 = ORIENTED_EDGE('',*,*,#2461,.F.);
#2888 = ORIENTED_EDGE('',*,*,#2867,.T.);
#2889 = ORIENTED_EDGE('',*,*,#2630,.T.);
#2890 = PLANE('',#2891);
#2891 = AXIS2_PLACEMENT_3D('',#2892,#2893,#2894);
#2892 = CARTESIAN_POINT('',(-20.,105.,330.));
#2893 = DIRECTION('',(1.,0.,0.));
#2894 = DIRECTION('',(0.,0.,1.));
#2895 = ADVANCED_FACE('',(#2896),#2907,.T.);
#2896 = FACE_BOUND('',#2897,.T.);
#2897 = EDGE_LOOP('',(#2898,#2904,#2905,#2906));
#2898 = ORIENTED_EDGE('',*,*,#2899,.F.);
#2899 = EDGE_CURVE('',#2446,#2615,#2900,.T.);
#2900 = LINE('',#2901,#2902);
#2901 = CARTESIAN_POINT('',(-120.,105.,430.));
#2902 = VECTOR('',#2903,1.);
#2903 = DIRECTION('',(0.,1.,0.));
#2904 = ORIENTED_EDGE('',*,*,#2445,.F.);
#2905 = ORIENTED_EDGE('',*,*,#2860,.T.);
#2906 = ORIENTED_EDGE('',*,*,#2614,.T.);
#2907 = PLANE('',#2908);
#2908 = AXIS2_PLACEMENT_3D('',#2909,#2910,#2911);
#2909 = CARTESIAN_POINT('',(-120.,105.,330.));
#2910 = DIRECTION('',(1.,0.,0.));
#2911 = DIRECTION('',(0.,0.,1.));
#2912 = ADVANCED_FACE('',(#2913),#2919,.F.);
#2913 = FACE_BOUND('',#2914,.F.);
#2914 = EDGE_LOOP('',(#2915,#2916,#2917,#2918));
#2915 = ORIENTED_EDGE('',*,*,#2899,.F.);
#2916 = ORIENTED_EDGE('',*,*,#2453,.F.);
#2917 = ORIENTED_EDGE('',*,*,#2882,.T.);
#2918 = ORIENTED_EDGE('',*,*,#2622,.T.);
#2919 = PLANE('',#2920);
#2920 = AXIS2_PLACEMENT_3D('',#2921,#2922,#2923);
#2921 = CARTESIAN_POINT('',(-120.,105.,430.));
#2922 = DIRECTION('',(0.,0.,1.));
#2923 = DIRECTION('',(1.,0.,0.));
#2924 = ADVANCED_FACE('',(#2925),#2941,.T.);
#2925 = FACE_BOUND('',#2926,.T.);
#2926 = EDGE_LOOP('',(#2927,#2933,#2934,#2940));
#2927 = ORIENTED_EDGE('',*,*,#2928,.F.);
#2928 = EDGE_CURVE('',#2472,#2641,#2929,.T.);
#2929 = LINE('',#2930,#2931);
#2930 = CARTESIAN_POINT('',(-120.,105.,210.));
#2931 = VECTOR('',#2932,1.);
#2932 = DIRECTION('',(0.,1.,0.));
#2933 = ORIENTED_EDGE('',*,*,#2469,.F.);
#2934 = ORIENTED_EDGE('',*,*,#2935,.T.);
#2935 = EDGE_CURVE('',#2470,#2639,#2936,.T.);
#2936 = LINE('',#2937,#2938);
#2937 = CARTESIAN_POINT('',(-20.,105.,210.));
#2938 = VECTOR('',#2939,1.);
#2939 = DIRECTION('',(0.,1.,0.));
#2940 = ORIENTED_EDGE('',*,*,#2638,.T.);
#2941 = PLANE('',#2942);
#2942 = AXIS2_PLACEMENT_3D('',#2943,#2944,#2945);
#2943 = CARTESIAN_POINT('',(-120.,105.,210.));
#2944 = DIRECTION('',(0.,0.,1.));
#2945 = DIRECTION('',(1.,0.,0.));
#2946 = ADVANCED_FACE('',(#2947),#2958,.F.);
#2947 = FACE_BOUND('',#2948,.F.);
#2948 = EDGE_LOOP('',(#2949,#2955,#2956,#2957));
#2949 = ORIENTED_EDGE('',*,*,#2950,.F.);
#2950 = EDGE_CURVE('',#2488,#2657,#2951,.T.);
#2951 = LINE('',#2952,#2953);
#2952 = CARTESIAN_POINT('',(-20.,105.,310.));
#2953 = VECTOR('',#2954,1.);
#2954 = DIRECTION('',(0.,1.,0.));
#2955 = ORIENTED_EDGE('',*,*,#2495,.F.);
#2956 = ORIENTED_EDGE('',*,*,#2935,.T.);
#2957 = ORIENTED_EDGE('',*,*,#2664,.T.);
#2958 = PLANE('',#2959);
#2959 = AXIS2_PLACEMENT_3D('',#2960,#2961,#2962);
#2960 = CARTESIAN_POINT('',(-20.,105.,210.));
#2961 = DIRECTION('',(1.,0.,0.));
#2962 = DIRECTION('',(0.,0.,1.));
#2963 = ADVANCED_FACE('',(#2964),#2975,.T.);
#2964 = FACE_BOUND('',#2965,.T.);
#2965 = EDGE_LOOP('',(#2966,#2972,#2973,#2974));
#2966 = ORIENTED_EDGE('',*,*,#2967,.F.);
#2967 = EDGE_CURVE('',#2480,#2649,#2968,.T.);
#2968 = LINE('',#2969,#2970);
#2969 = CARTESIAN_POINT('',(-120.,105.,310.));
#2970 = VECTOR('',#2971,1.);
#2971 = DIRECTION('',(0.,1.,0.));
#2972 = ORIENTED_EDGE('',*,*,#2479,.F.);
#2973 = ORIENTED_EDGE('',*,*,#2928,.T.);
#2974 = ORIENTED_EDGE('',*,*,#2648,.T.);
#2975 = PLANE('',#2976);
#2976 = AXIS2_PLACEMENT_3D('',#2977,#2978,#2979);
#2977 = CARTESIAN_POINT('',(-120.,105.,210.));
#2978 = DIRECTION('',(1.,0.,0.));
#2979 = DIRECTION('',(0.,0.,1.));
#2980 = ADVANCED_FACE('',(#2981),#2987,.F.);
#2981 = FACE_BOUND('',#2982,.F.);
#2982 = EDGE_LOOP('',(#2983,#2984,#2985,#2986));
#2983 = ORIENTED_EDGE('',*,*,#2967,.F.);
#2984 = ORIENTED_EDGE('',*,*,#2487,.F.);
#2985 = ORIENTED_EDGE('',*,*,#2950,.T.);
#2986 = ORIENTED_EDGE('',*,*,#2656,.T.);
#2987 = PLANE('',#2988);
#2988 = AXIS2_PLACEMENT_3D('',#2989,#2990,#2991);
#2989 = CARTESIAN_POINT('',(-120.,105.,310.));
#2990 = DIRECTION('',(0.,0.,1.));
#2991 = DIRECTION('',(1.,0.,0.));
#2992 = MANIFOLD_SOLID_BREP('',#2993);
#2993 = CLOSED_SHELL('',(#2994,#3034,#3074,#3096,#3118,#3130));
#2994 = ADVANCED_FACE('',(#2995),#3029,.F.);
#2995 = FACE_BOUND('',#2996,.F.);
#2996 = EDGE_LOOP('',(#2997,#3007,#3015,#3023));
#2997 = ORIENTED_EDGE('',*,*,#2998,.F.);
#2998 = EDGE_CURVE('',#2999,#3001,#3003,.T.);
#2999 = VERTEX_POINT('',#3000);
#3000 = CARTESIAN_POINT('',(-80.,-360.,135.));
#3001 = VERTEX_POINT('',#3002);
#3002 = CARTESIAN_POINT('',(-80.,-360.,155.));
#3003 = LINE('',#3004,#3005);
#3004 = CARTESIAN_POINT('',(-80.,-360.,135.));
#3005 = VECTOR('',#3006,1.);
#3006 = DIRECTION('',(0.,0.,1.));
#3007 = ORIENTED_EDGE('',*,*,#3008,.T.);
#3008 = EDGE_CURVE('',#2999,#3009,#3011,.T.);
#3009 = VERTEX_POINT('',#3010);
#3010 = CARTESIAN_POINT('',(-80.,-100.,135.));
#3011 = LINE('',#3012,#3013);
#3012 = CARTESIAN_POINT('',(-80.,-360.,135.));
#3013 = VECTOR('',#3014,1.);
#3014 = DIRECTION('',(0.,1.,0.));
#3015 = ORIENTED_EDGE('',*,*,#3016,.T.);
#3016 = EDGE_CURVE('',#3009,#3017,#3019,.T.);
#3017 = VERTEX_POINT('',#3018);
#3018 = CARTESIAN_POINT('',(-80.,-100.,155.));
#3019 = LINE('',#3020,#3021);
#3020 = CARTESIAN_POINT('',(-80.,-100.,135.));
#3021 = VECTOR('',#3022,1.);
#3022 = DIRECTION('',(0.,0.,1.));
#3023 = ORIENTED_EDGE('',*,*,#3024,.F.);
#3024 = EDGE_CURVE('',#3001,#3017,#3025,.T.);
#3025 = LINE('',#3026,#3027);
#3026 = CARTESIAN_POINT('',(-80.,-360.,155.));
#3027 = VECTOR('',#3028,1.);
#3028 = DIRECTION('',(0.,1.,0.));
#3029 = PLANE('',#3030);
#3030 = AXIS2_PLACEMENT_3D('',#3031,#3032,#3033);
#3031 = CARTESIAN_POINT('',(-80.,-360.,135.));
#3032 = DIRECTION('',(1.,0.,0.));
#3033 = DIRECTION('',(0.,0.,1.));
#3034 = ADVANCED_FACE('',(#3035),#3069,.T.);
#3035 = FACE_BOUND('',#3036,.T.);
#3036 = EDGE_LOOP('',(#3037,#3047,#3055,#3063));
#3037 = ORIENTED_EDGE('',*,*,#3038,.F.);
#3038 = EDGE_CURVE('',#3039,#3041,#3043,.T.);
#3039 = VERTEX_POINT('',#3040);
#3040 = CARTESIAN_POINT('',(220.,-360.,135.));
#3041 = VERTEX_POINT('',#3042);
#3042 = CARTESIAN_POINT('',(220.,-360.,155.));
#3043 = LINE('',#3044,#3045);
#3044 = CARTESIAN_POINT('',(220.,-360.,135.));
#3045 = VECTOR('',#3046,1.);
#3046 = DIRECTION('',(0.,0.,1.));
#3047 = ORIENTED_EDGE('',*,*,#3048,.T.);
#3048 = EDGE_CURVE('',#3039,#3049,#3051,.T.);
#3049 = VERTEX_POINT('',#3050);
#3050 = CARTESIAN_POINT('',(220.,-100.,135.));
#3051 = LINE('',#3052,#3053);
#3052 = CARTESIAN_POINT('',(220.,-360.,135.));
#3053 = VECTOR('',#3054,1.);
#3054 = DIRECTION('',(0.,1.,0.));
#3055 = ORIENTED_EDGE('',*,*,#3056,.T.);
#3056 = EDGE_CURVE('',#3049,#3057,#3059,.T.);
#3057 = VERTEX_POINT('',#3058);
#3058 = CARTESIAN_POINT('',(220.,-100.,155.));
#3059 = LINE('',#3060,#3061);
#3060 = CARTESIAN_POINT('',(220.,-100.,135.));
#3061 = VECTOR('',#3062,1.);
#3062 = DIRECTION('',(0.,0.,1.));
#3063 = ORIENTED_EDGE('',*,*,#3064,.F.);
#3064 = EDGE_CURVE('',#3041,#3057,#3065,.T.);
#3065 = LINE('',#3066,#3067);
#3066 = CARTESIAN_POINT('',(220.,-360.,155.));
#3067 = VECTOR('',#3068,1.);
#3068 = DIRECTION('',(0.,1.,0.));
#3069 = PLANE('',#3070);
#3070 = AXIS2_PLACEMENT_3D('',#3071,#3072,#3073);
#3071 = CARTESIAN_POINT('',(220.,-360.,135.));
#3072 = DIRECTION('',(1.,0.,0.));
#3073 = DIRECTION('',(0.,0.,1.));
#3074 = ADVANCED_FACE('',(#3075),#3091,.F.);
#3075 = FACE_BOUND('',#3076,.F.);
#3076 = EDGE_LOOP('',(#3077,#3083,#3084,#3090));
#3077 = ORIENTED_EDGE('',*,*,#3078,.F.);
#3078 = EDGE_CURVE('',#2999,#3039,#3079,.T.);
#3079 = LINE('',#3080,#3081);
#3080 = CARTESIAN_POINT('',(-80.,-360.,135.));
#3081 = VECTOR('',#3082,1.);
#3082 = DIRECTION('',(1.,0.,0.));
#3083 = ORIENTED_EDGE('',*,*,#2998,.T.);
#3084 = ORIENTED_EDGE('',*,*,#3085,.T.);
#3085 = EDGE_CURVE('',#3001,#3041,#3086,.T.);
#3086 = LINE('',#3087,#3088);
#3087 = CARTESIAN_POINT('',(-80.,-360.,155.));
#3088 = VECTOR('',#3089,1.);
#3089 = DIRECTION('',(1.,0.,0.));
#3090 = ORIENTED_EDGE('',*,*,#3038,.F.);
#3091 = PLANE('',#3092);
#3092 = AXIS2_PLACEMENT_3D('',#3093,#3094,#3095);
#3093 = CARTESIAN_POINT('',(-80.,-360.,135.));
#3094 = DIRECTION('',(0.,1.,0.));
#3095 = DIRECTION('',(0.,0.,1.));
#3096 = ADVANCED_FACE('',(#3097),#3113,.T.);
#3097 = FACE_BOUND('',#3098,.T.);
#3098 = EDGE_LOOP('',(#3099,#3105,#3106,#3112));
#3099 = ORIENTED_EDGE('',*,*,#3100,.F.);
#3100 = EDGE_CURVE('',#3009,#3049,#3101,.T.);
#3101 = LINE('',#3102,#3103);
#3102 = CARTESIAN_POINT('',(-80.,-100.,135.));
#3103 = VECTOR('',#3104,1.);
#3104 = DIRECTION('',(1.,0.,0.));
#3105 = ORIENTED_EDGE('',*,*,#3016,.T.);
#3106 = ORIENTED_EDGE('',*,*,#3107,.T.);
#3107 = EDGE_CURVE('',#3017,#3057,#3108,.T.);
#3108 = LINE('',#3109,#3110);
#3109 = CARTESIAN_POINT('',(-80.,-100.,155.));
#3110 = VECTOR('',#3111,1.);
#3111 = DIRECTION('',(1.,0.,0.));
#3112 = ORIENTED_EDGE('',*,*,#3056,.F.);
#3113 = PLANE('',#3114);
#3114 = AXIS2_PLACEMENT_3D('',#3115,#3116,#3117);
#3115 = CARTESIAN_POINT('',(-80.,-100.,135.));
#3116 = DIRECTION('',(0.,1.,0.));
#3117 = DIRECTION('',(0.,0.,1.));
#3118 = ADVANCED_FACE('',(#3119),#3125,.F.);
#3119 = FACE_BOUND('',#3120,.F.);
#3120 = EDGE_LOOP('',(#3121,#3122,#3123,#3124));
#3121 = ORIENTED_EDGE('',*,*,#3008,.F.);
#3122 = ORIENTED_EDGE('',*,*,#3078,.T.);
#3123 = ORIENTED_EDGE('',*,*,#3048,.T.);
#3124 = ORIENTED_EDGE('',*,*,#3100,.F.);
#3125 = PLANE('',#3126);
#3126 = AXIS2_PLACEMENT_3D('',#3127,#3128,#3129);
#3127 = CARTESIAN_POINT('',(-80.,-360.,135.));
#3128 = DIRECTION('',(0.,0.,1.));
#3129 = DIRECTION('',(1.,0.,0.));
#3130 = ADVANCED_FACE('',(#3131),#3137,.T.);
#3131 = FACE_BOUND('',#3132,.T.);
#3132 = EDGE_LOOP('',(#3133,#3134,#3135,#3136));
#3133 = ORIENTED_EDGE('',*,*,#3024,.F.);
#3134 = ORIENTED_EDGE('',*,*,#3085,.T.);
#3135 = ORIENTED_EDGE('',*,*,#3064,.T.);
#3136 = ORIENTED_EDGE('',*,*,#3107,.F.);
#3137 = PLANE('',#3138);
#3138 = AXIS2_PLACEMENT_3D('',#3139,#3140,#3141);
#3139 = CARTESIAN_POINT('',(-80.,-360.,155.));
#3140 = DIRECTION('',(0.,0.,1.));
#3141 = DIRECTION('',(1.,0.,0.));
#3142 = MANIFOLD_SOLID_BREP('',#3143);
#3143 = CLOSED_SHELL('',(#3144,#3184,#3224,#3246,#3268,#3280));
#3144 = ADVANCED_FACE('',(#3145),#3179,.F.);
#3145 = FACE_BOUND('',#3146,.F.);
#3146 = EDGE_LOOP('',(#3147,#3157,#3165,#3173));
#3147 = ORIENTED_EDGE('',*,*,#3148,.F.);
#3148 = EDGE_CURVE('',#3149,#3151,#3153,.T.);
#3149 = VERTEX_POINT('',#3150);
#3150 = CARTESIAN_POINT('',(-80.,-360.,70.));
#3151 = VERTEX_POINT('',#3152);
#3152 = CARTESIAN_POINT('',(-80.,-360.,90.));
#3153 = LINE('',#3154,#3155);
#3154 = CARTESIAN_POINT('',(-80.,-360.,70.));
#3155 = VECTOR('',#3156,1.);
#3156 = DIRECTION('',(0.,0.,1.));
#3157 = ORIENTED_EDGE('',*,*,#3158,.T.);
#3158 = EDGE_CURVE('',#3149,#3159,#3161,.T.);
#3159 = VERTEX_POINT('',#3160);
#3160 = CARTESIAN_POINT('',(-80.,-100.,70.));
#3161 = LINE('',#3162,#3163);
#3162 = CARTESIAN_POINT('',(-80.,-360.,70.));
#3163 = VECTOR('',#3164,1.);
#3164 = DIRECTION('',(0.,1.,0.));
#3165 = ORIENTED_EDGE('',*,*,#3166,.T.);
#3166 = EDGE_CURVE('',#3159,#3167,#3169,.T.);
#3167 = VERTEX_POINT('',#3168);
#3168 = CARTESIAN_POINT('',(-80.,-100.,90.));
#3169 = LINE('',#3170,#3171);
#3170 = CARTESIAN_POINT('',(-80.,-100.,70.));
#3171 = VECTOR('',#3172,1.);
#3172 = DIRECTION('',(0.,0.,1.));
#3173 = ORIENTED_EDGE('',*,*,#3174,.F.);
#3174 = EDGE_CURVE('',#3151,#3167,#3175,.T.);
#3175 = LINE('',#3176,#3177);
#3176 = CARTESIAN_POINT('',(-80.,-360.,90.));
#3177 = VECTOR('',#3178,1.);
#3178 = DIRECTION('',(0.,1.,0.));
#3179 = PLANE('',#3180);
#3180 = AXIS2_PLACEMENT_3D('',#3181,#3182,#3183);
#3181 = CARTESIAN_POINT('',(-80.,-360.,70.));
#3182 = DIRECTION('',(1.,0.,0.));
#3183 = DIRECTION('',(0.,0.,1.));
#3184 = ADVANCED_FACE('',(#3185),#3219,.T.);
#3185 = FACE_BOUND('',#3186,.T.);
#3186 = EDGE_LOOP('',(#3187,#3197,#3205,#3213));
#3187 = ORIENTED_EDGE('',*,*,#3188,.F.);
#3188 = EDGE_CURVE('',#3189,#3191,#3193,.T.);
#3189 = VERTEX_POINT('',#3190);
#3190 = CARTESIAN_POINT('',(220.,-360.,70.));
#3191 = VERTEX_POINT('',#3192);
#3192 = CARTESIAN_POINT('',(220.,-360.,90.));
#3193 = LINE('',#3194,#3195);
#3194 = CARTESIAN_POINT('',(220.,-360.,70.));
#3195 = VECTOR('',#3196,1.);
#3196 = DIRECTION('',(0.,0.,1.));
#3197 = ORIENTED_EDGE('',*,*,#3198,.T.);
#3198 = EDGE_CURVE('',#3189,#3199,#3201,.T.);
#3199 = VERTEX_POINT('',#3200);
#3200 = CARTESIAN_POINT('',(220.,-100.,70.));
#3201 = LINE('',#3202,#3203);
#3202 = CARTESIAN_POINT('',(220.,-360.,70.));
#3203 = VECTOR('',#3204,1.);
#3204 = DIRECTION('',(0.,1.,0.));
#3205 = ORIENTED_EDGE('',*,*,#3206,.T.);
#3206 = EDGE_CURVE('',#3199,#3207,#3209,.T.);
#3207 = VERTEX_POINT('',#3208);
#3208 = CARTESIAN_POINT('',(220.,-100.,90.));
#3209 = LINE('',#3210,#3211);
#3210 = CARTESIAN_POINT('',(220.,-100.,70.));
#3211 = VECTOR('',#3212,1.);
#3212 = DIRECTION('',(0.,0.,1.));
#3213 = ORIENTED_EDGE('',*,*,#3214,.F.);
#3214 = EDGE_CURVE('',#3191,#3207,#3215,.T.);
#3215 = LINE('',#3216,#3217);
#3216 = CARTESIAN_POINT('',(220.,-360.,90.));
#3217 = VECTOR('',#3218,1.);
#3218 = DIRECTION('',(0.,1.,0.));
#3219 = PLANE('',#3220);
#3220 = AXIS2_PLACEMENT_3D('',#3221,#3222,#3223);
#3221 = CARTESIAN_POINT('',(220.,-360.,70.));
#3222 = DIRECTION('',(1.,0.,0.));
#3223 = DIRECTION('',(0.,0.,1.));
#3224 = ADVANCED_FACE('',(#3225),#3241,.F.);
#3225 = FACE_BOUND('',#3226,.F.);
#3226 = EDGE_LOOP('',(#3227,#3233,#3234,#3240));
#3227 = ORIENTED_EDGE('',*,*,#3228,.F.);
#3228 = EDGE_CURVE('',#3149,#3189,#3229,.T.);
#3229 = LINE('',#3230,#3231);
#3230 = CARTESIAN_POINT('',(-80.,-360.,70.));
#3231 = VECTOR('',#3232,1.);
#3232 = DIRECTION('',(1.,0.,0.));
#3233 = ORIENTED_EDGE('',*,*,#3148,.T.);
#3234 = ORIENTED_EDGE('',*,*,#3235,.T.);
#3235 = EDGE_CURVE('',#3151,#3191,#3236,.T.);
#3236 = LINE('',#3237,#3238);
#3237 = CARTESIAN_POINT('',(-80.,-360.,90.));
#3238 = VECTOR('',#3239,1.);
#3239 = DIRECTION('',(1.,0.,0.));
#3240 = ORIENTED_EDGE('',*,*,#3188,.F.);
#3241 = PLANE('',#3242);
#3242 = AXIS2_PLACEMENT_3D('',#3243,#3244,#3245);
#3243 = CARTESIAN_POINT('',(-80.,-360.,70.));
#3244 = DIRECTION('',(0.,1.,0.));
#3245 = DIRECTION('',(0.,0.,1.));
#3246 = ADVANCED_FACE('',(#3247),#3263,.T.);
#3247 = FACE_BOUND('',#3248,.T.);
#3248 = EDGE_LOOP('',(#3249,#3255,#3256,#3262));
#3249 = ORIENTED_EDGE('',*,*,#3250,.F.);
#3250 = EDGE_CURVE('',#3159,#3199,#3251,.T.);
#3251 = LINE('',#3252,#3253);
#3252 = CARTESIAN_POINT('',(-80.,-100.,70.));
#3253 = VECTOR('',#3254,1.);
#3254 = DIRECTION('',(1.,0.,0.));
#3255 = ORIENTED_EDGE('',*,*,#3166,.T.);
#3256 = ORIENTED_EDGE('',*,*,#3257,.T.);
#3257 = EDGE_CURVE('',#3167,#3207,#3258,.T.);
#3258 = LINE('',#3259,#3260);
#3259 = CARTESIAN_POINT('',(-80.,-100.,90.));
#3260 = VECTOR('',#3261,1.);
#3261 = DIRECTION('',(1.,0.,0.));
#3262 = ORIENTED_EDGE('',*,*,#3206,.F.);
#3263 = PLANE('',#3264);
#3264 = AXIS2_PLACEMENT_3D('',#3265,#3266,#3267);
#3265 = CARTESIAN_POINT('',(-80.,-100.,70.));
#3266 = DIRECTION('',(0.,1.,0.));
#3267 = DIRECTION('',(0.,0.,1.));
#3268 = ADVANCED_FACE('',(#3269),#3275,.F.);
#3269 = FACE_BOUND('',#3270,.F.);
#3270 = EDGE_LOOP('',(#3271,#3272,#3273,#3274));
#3271 = ORIENTED_EDGE('',*,*,#3158,.F.);
#3272 = ORIENTED_EDGE('',*,*,#3228,.T.);
#3273 = ORIENTED_EDGE('',*,*,#3198,.T.);
#3274 = ORIENTED_EDGE('',*,*,#3250,.F.);
#3275 = PLANE('',#3276);
#3276 = AXIS2_PLACEMENT_3D('',#3277,#3278,#3279);
#3277 = CARTESIAN_POINT('',(-80.,-360.,70.));
#3278 = DIRECTION('',(0.,0.,1.));
#3279 = DIRECTION('',(1.,0.,0.));
#3280 = ADVANCED_FACE('',(#3281),#3287,.T.);
#3281 = FACE_BOUND('',#3282,.T.);
#3282 = EDGE_LOOP('',(#3283,#3284,#3285,#3286));
#3283 = ORIENTED_EDGE('',*,*,#3174,.F.);
#3284 = ORIENTED_EDGE('',*,*,#3235,.T.);
#3285 = ORIENTED_EDGE('',*,*,#3214,.T.);
#3286 = ORIENTED_EDGE('',*,*,#3257,.F.);
#3287 = PLANE('',#3288);
#3288 = AXIS2_PLACEMENT_3D('',#3289,#3290,#3291);
#3289 = CARTESIAN_POINT('',(-80.,-360.,90.));
#3290 = DIRECTION('',(0.,0.,1.));
#3291 = DIRECTION('',(1.,0.,0.));
#3292 = MANIFOLD_SOLID_BREP('',#3293);
#3293 = CLOSED_SHELL('',(#3294,#3327,#3336));
#3294 = ADVANCED_FACE('',(#3295),#3322,.T.);
#3295 = FACE_BOUND('',#3296,.T.);
#3296 = EDGE_LOOP('',(#3297,#3306,#3314,#3321));
#3297 = ORIENTED_EDGE('',*,*,#3298,.F.);
#3298 = EDGE_CURVE('',#3299,#3299,#3301,.T.);
#3299 = VERTEX_POINT('',#3300);
#3300 = CARTESIAN_POINT('',(-71.,-320.,135.));
#3301 = CIRCLE('',#3302,9.);
#3302 = AXIS2_PLACEMENT_3D('',#3303,#3304,#3305);
#3303 = CARTESIAN_POINT('',(-80.,-320.,135.));
#3304 = DIRECTION('',(0.,0.,1.));
#3305 = DIRECTION('',(1.,0.,0.));
#3306 = ORIENTED_EDGE('',*,*,#3307,.F.);
#3307 = EDGE_CURVE('',#3308,#3299,#3310,.T.);
#3308 = VERTEX_POINT('',#3309);
#3309 = CARTESIAN_POINT('',(-71.,-320.,90.));
#3310 = LINE('',#3311,#3312);
#3311 = CARTESIAN_POINT('',(-71.,-320.,90.));
#3312 = VECTOR('',#3313,1.);
#3313 = DIRECTION('',(0.,0.,1.));
#3314 = ORIENTED_EDGE('',*,*,#3315,.T.);
#3315 = EDGE_CURVE('',#3308,#3308,#3316,.T.);
#3316 = CIRCLE('',#3317,9.);
#3317 = AXIS2_PLACEMENT_3D('',#3318,#3319,#3320);
#3318 = CARTESIAN_POINT('',(-80.,-320.,90.));
#3319 = DIRECTION('',(0.,0.,1.));
#3320 = DIRECTION('',(1.,0.,0.));
#3321 = ORIENTED_EDGE('',*,*,#3307,.T.);
#3322 = CYLINDRICAL_SURFACE('',#3323,9.);
#3323 = AXIS2_PLACEMENT_3D('',#3324,#3325,#3326);
#3324 = CARTESIAN_POINT('',(-80.,-320.,90.));
#3325 = DIRECTION('',(0.,0.,1.));
#3326 = DIRECTION('',(1.,0.,0.));
#3327 = ADVANCED_FACE('',(#3328),#3331,.T.);
#3328 = FACE_BOUND('',#3329,.T.);
#3329 = EDGE_LOOP('',(#3330));
#3330 = ORIENTED_EDGE('',*,*,#3298,.T.);
#3331 = PLANE('',#3332);
#3332 = AXIS2_PLACEMENT_3D('',#3333,#3334,#3335);
#3333 = CARTESIAN_POINT('',(-80.,-320.,135.));
#3334 = DIRECTION('',(0.,0.,1.));
#3335 = DIRECTION('',(1.,0.,0.));
#3336 = ADVANCED_FACE('',(#3337),#3340,.F.);
#3337 = FACE_BOUND('',#3338,.T.);
#3338 = EDGE_LOOP('',(#3339));
#3339 = ORIENTED_EDGE('',*,*,#3315,.F.);
#3340 = PLANE('',#3341);
#3341 = AXIS2_PLACEMENT_3D('',#3342,#3343,#3344);
#3342 = CARTESIAN_POINT('',(-80.,-320.,90.));
#3343 = DIRECTION('',(0.,0.,1.));
#3344 = DIRECTION('',(1.,0.,0.));
#3345 = MANIFOLD_SOLID_BREP('',#3346);
#3346 = CLOSED_SHELL('',(#3347,#3380,#3389));
#3347 = ADVANCED_FACE('',(#3348),#3375,.T.);
#3348 = FACE_BOUND('',#3349,.T.);
#3349 = EDGE_LOOP('',(#3350,#3359,#3367,#3374));
#3350 = ORIENTED_EDGE('',*,*,#3351,.F.);
#3351 = EDGE_CURVE('',#3352,#3352,#3354,.T.);
#3352 = VERTEX_POINT('',#3353);
#3353 = CARTESIAN_POINT('',(-71.,-140.,135.));
#3354 = CIRCLE('',#3355,9.);
#3355 = AXIS2_PLACEMENT_3D('',#3356,#3357,#3358);
#3356 = CARTESIAN_POINT('',(-80.,-140.,135.));
#3357 = DIRECTION('',(0.,0.,1.));
#3358 = DIRECTION('',(1.,0.,0.));
#3359 = ORIENTED_EDGE('',*,*,#3360,.F.);
#3360 = EDGE_CURVE('',#3361,#3352,#3363,.T.);
#3361 = VERTEX_POINT('',#3362);
#3362 = CARTESIAN_POINT('',(-71.,-140.,90.));
#3363 = LINE('',#3364,#3365);
#3364 = CARTESIAN_POINT('',(-71.,-140.,90.));
#3365 = VECTOR('',#3366,1.);
#3366 = DIRECTION('',(0.,0.,1.));
#3367 = ORIENTED_EDGE('',*,*,#3368,.T.);
#3368 = EDGE_CURVE('',#3361,#3361,#3369,.T.);
#3369 = CIRCLE('',#3370,9.);
#3370 = AXIS2_PLACEMENT_3D('',#3371,#3372,#3373);
#3371 = CARTESIAN_POINT('',(-80.,-140.,90.));
#3372 = DIRECTION('',(0.,0.,1.));
#3373 = DIRECTION('',(1.,0.,0.));
#3374 = ORIENTED_EDGE('',*,*,#3360,.T.);
#3375 = CYLINDRICAL_SURFACE('',#3376,9.);
#3376 = AXIS2_PLACEMENT_3D('',#3377,#3378,#3379);
#3377 = CARTESIAN_POINT('',(-80.,-140.,90.));
#3378 = DIRECTION('',(0.,0.,1.));
#3379 = DIRECTION('',(1.,0.,0.));
#3380 = ADVANCED_FACE('',(#3381),#3384,.T.);
#3381 = FACE_BOUND('',#3382,.T.);
#3382 = EDGE_LOOP('',(#3383));
#3383 = ORIENTED_EDGE('',*,*,#3351,.T.);
#3384 = PLANE('',#3385);
#3385 = AXIS2_PLACEMENT_3D('',#3386,#3387,#3388);
#3386 = CARTESIAN_POINT('',(-80.,-140.,135.));
#3387 = DIRECTION('',(0.,0.,1.));
#3388 = DIRECTION('',(1.,0.,0.));
#3389 = ADVANCED_FACE('',(#3390),#3393,.F.);
#3390 = FACE_BOUND('',#3391,.T.);
#3391 = EDGE_LOOP('',(#3392));
#3392 = ORIENTED_EDGE('',*,*,#3368,.F.);
#3393 = PLANE('',#3394);
#3394 = AXIS2_PLACEMENT_3D('',#3395,#3396,#3397);
#3395 = CARTESIAN_POINT('',(-80.,-140.,90.));
#3396 = DIRECTION('',(0.,0.,1.));
#3397 = DIRECTION('',(1.,0.,0.));
#3398 = MANIFOLD_SOLID_BREP('',#3399);
#3399 = CLOSED_SHELL('',(#3400,#3433,#3442));
#3400 = ADVANCED_FACE('',(#3401),#3428,.T.);
#3401 = FACE_BOUND('',#3402,.T.);
#3402 = EDGE_LOOP('',(#3403,#3412,#3420,#3427));
#3403 = ORIENTED_EDGE('',*,*,#3404,.F.);
#3404 = EDGE_CURVE('',#3405,#3405,#3407,.T.);
#3405 = VERTEX_POINT('',#3406);
#3406 = CARTESIAN_POINT('',(229.,-320.,135.));
#3407 = CIRCLE('',#3408,9.);
#3408 = AXIS2_PLACEMENT_3D('',#3409,#3410,#3411);
#3409 = CARTESIAN_POINT('',(220.,-320.,135.));
#3410 = DIRECTION('',(0.,0.,1.));
#3411 = DIRECTION('',(1.,0.,0.));
#3412 = ORIENTED_EDGE('',*,*,#3413,.F.);
#3413 = EDGE_CURVE('',#3414,#3405,#3416,.T.);
#3414 = VERTEX_POINT('',#3415);
#3415 = CARTESIAN_POINT('',(229.,-320.,90.));
#3416 = LINE('',#3417,#3418);
#3417 = CARTESIAN_POINT('',(229.,-320.,90.));
#3418 = VECTOR('',#3419,1.);
#3419 = DIRECTION('',(0.,0.,1.));
#3420 = ORIENTED_EDGE('',*,*,#3421,.T.);
#3421 = EDGE_CURVE('',#3414,#3414,#3422,.T.);
#3422 = CIRCLE('',#3423,9.);
#3423 = AXIS2_PLACEMENT_3D('',#3424,#3425,#3426);
#3424 = CARTESIAN_POINT('',(220.,-320.,90.));
#3425 = DIRECTION('',(0.,0.,1.));
#3426 = DIRECTION('',(1.,0.,0.));
#3427 = ORIENTED_EDGE('',*,*,#3413,.T.);
#3428 = CYLINDRICAL_SURFACE('',#3429,9.);
#3429 = AXIS2_PLACEMENT_3D('',#3430,#3431,#3432);
#3430 = CARTESIAN_POINT('',(220.,-320.,90.));
#3431 = DIRECTION('',(0.,0.,1.));
#3432 = DIRECTION('',(1.,0.,0.));
#3433 = ADVANCED_FACE('',(#3434),#3437,.T.);
#3434 = FACE_BOUND('',#3435,.T.);
#3435 = EDGE_LOOP('',(#3436));
#3436 = ORIENTED_EDGE('',*,*,#3404,.T.);
#3437 = PLANE('',#3438);
#3438 = AXIS2_PLACEMENT_3D('',#3439,#3440,#3441);
#3439 = CARTESIAN_POINT('',(220.,-320.,135.));
#3440 = DIRECTION('',(0.,0.,1.));
#3441 = DIRECTION('',(1.,0.,0.));
#3442 = ADVANCED_FACE('',(#3443),#3446,.F.);
#3443 = FACE_BOUND('',#3444,.T.);
#3444 = EDGE_LOOP('',(#3445));
#3445 = ORIENTED_EDGE('',*,*,#3421,.F.);
#3446 = PLANE('',#3447);
#3447 = AXIS2_PLACEMENT_3D('',#3448,#3449,#3450);
#3448 = CARTESIAN_POINT('',(220.,-320.,90.));
#3449 = DIRECTION('',(0.,0.,1.));
#3450 = DIRECTION('',(1.,0.,0.));
#3451 = MANIFOLD_SOLID_BREP('',#3452);
#3452 = CLOSED_SHELL('',(#3453,#3486,#3495));
#3453 = ADVANCED_FACE('',(#3454),#3481,.T.);
#3454 = FACE_BOUND('',#3455,.T.);
#3455 = EDGE_LOOP('',(#3456,#3465,#3473,#3480));
#3456 = ORIENTED_EDGE('',*,*,#3457,.F.);
#3457 = EDGE_CURVE('',#3458,#3458,#3460,.T.);
#3458 = VERTEX_POINT('',#3459);
#3459 = CARTESIAN_POINT('',(229.,-140.,135.));
#3460 = CIRCLE('',#3461,9.);
#3461 = AXIS2_PLACEMENT_3D('',#3462,#3463,#3464);
#3462 = CARTESIAN_POINT('',(220.,-140.,135.));
#3463 = DIRECTION('',(0.,0.,1.));
#3464 = DIRECTION('',(1.,0.,0.));
#3465 = ORIENTED_EDGE('',*,*,#3466,.F.);
#3466 = EDGE_CURVE('',#3467,#3458,#3469,.T.);
#3467 = VERTEX_POINT('',#3468);
#3468 = CARTESIAN_POINT('',(229.,-140.,90.));
#3469 = LINE('',#3470,#3471);
#3470 = CARTESIAN_POINT('',(229.,-140.,90.));
#3471 = VECTOR('',#3472,1.);
#3472 = DIRECTION('',(0.,0.,1.));
#3473 = ORIENTED_EDGE('',*,*,#3474,.T.);
#3474 = EDGE_CURVE('',#3467,#3467,#3475,.T.);
#3475 = CIRCLE('',#3476,9.);
#3476 = AXIS2_PLACEMENT_3D('',#3477,#3478,#3479);
#3477 = CARTESIAN_POINT('',(220.,-140.,90.));
#3478 = DIRECTION('',(0.,0.,1.));
#3479 = DIRECTION('',(1.,0.,0.));
#3480 = ORIENTED_EDGE('',*,*,#3466,.T.);
#3481 = CYLINDRICAL_SURFACE('',#3482,9.);
#3482 = AXIS2_PLACEMENT_3D('',#3483,#3484,#3485);
#3483 = CARTESIAN_POINT('',(220.,-140.,90.));
#3484 = DIRECTION('',(0.,0.,1.));
#3485 = DIRECTION('',(1.,0.,0.));
#3486 = ADVANCED_FACE('',(#3487),#3490,.T.);
#3487 = FACE_BOUND('',#3488,.T.);
#3488 = EDGE_LOOP('',(#3489));
#3489 = ORIENTED_EDGE('',*,*,#3457,.T.);
#3490 = PLANE('',#3491);
#3491 = AXIS2_PLACEMENT_3D('',#3492,#3493,#3494);
#3492 = CARTESIAN_POINT('',(220.,-140.,135.));
#3493 = DIRECTION('',(0.,0.,1.));
#3494 = DIRECTION('',(1.,0.,0.));
#3495 = ADVANCED_FACE('',(#3496),#3499,.F.);
#3496 = FACE_BOUND('',#3497,.T.);
#3497 = EDGE_LOOP('',(#3498));
#3498 = ORIENTED_EDGE('',*,*,#3474,.F.);
#3499 = PLANE('',#3500);
#3500 = AXIS2_PLACEMENT_3D('',#3501,#3502,#3503);
#3501 = CARTESIAN_POINT('',(220.,-140.,90.));
#3502 = DIRECTION('',(0.,0.,1.));
#3503 = DIRECTION('',(1.,0.,0.));
#3504 = MANIFOLD_SOLID_BREP('',#3505);
#3505 = CLOSED_SHELL('',(#3506,#3546,#3577,#3608,#3639,#3670,#3701,#3732
    ,#3763,#3785,#3802));
#3506 = ADVANCED_FACE('',(#3507),#3541,.T.);
#3507 = FACE_BOUND('',#3508,.T.);
#3508 = EDGE_LOOP('',(#3509,#3519,#3527,#3535));
#3509 = ORIENTED_EDGE('',*,*,#3510,.T.);
#3510 = EDGE_CURVE('',#3511,#3513,#3515,.T.);
#3511 = VERTEX_POINT('',#3512);
#3512 = CARTESIAN_POINT('',(-110.,-360.,10.));
#3513 = VERTEX_POINT('',#3514);
#3514 = CARTESIAN_POINT('',(-110.,-100.,10.));
#3515 = LINE('',#3516,#3517);
#3516 = CARTESIAN_POINT('',(-110.,-360.,10.));
#3517 = VECTOR('',#3518,1.);
#3518 = DIRECTION('',(0.,1.,0.));
#3519 = ORIENTED_EDGE('',*,*,#3520,.T.);
#3520 = EDGE_CURVE('',#3513,#3521,#3523,.T.);
#3521 = VERTEX_POINT('',#3522);
#3522 = CARTESIAN_POINT('',(170.,-100.,10.));
#3523 = LINE('',#3524,#3525);
#3524 = CARTESIAN_POINT('',(-110.,-100.,10.));
#3525 = VECTOR('',#3526,1.);
#3526 = DIRECTION('',(1.,0.,0.));
#3527 = ORIENTED_EDGE('',*,*,#3528,.F.);
#3528 = EDGE_CURVE('',#3529,#3521,#3531,.T.);
#3529 = VERTEX_POINT('',#3530);
#3530 = CARTESIAN_POINT('',(170.,-360.,10.));
#3531 = LINE('',#3532,#3533);
#3532 = CARTESIAN_POINT('',(170.,-360.,10.));
#3533 = VECTOR('',#3534,1.);
#3534 = DIRECTION('',(0.,1.,0.));
#3535 = ORIENTED_EDGE('',*,*,#3536,.F.);
#3536 = EDGE_CURVE('',#3511,#3529,#3537,.T.);
#3537 = LINE('',#3538,#3539);
#3538 = CARTESIAN_POINT('',(-110.,-360.,10.));
#3539 = VECTOR('',#3540,1.);
#3540 = DIRECTION('',(1.,0.,0.));
#3541 = PLANE('',#3542);
#3542 = AXIS2_PLACEMENT_3D('',#3543,#3544,#3545);
#3543 = CARTESIAN_POINT('',(-110.,-360.,10.));
#3544 = DIRECTION('',(0.,0.,-1.));
#3545 = DIRECTION('',(1.,0.,0.));
#3546 = ADVANCED_FACE('',(#3547),#3572,.T.);
#3547 = FACE_BOUND('',#3548,.T.);
#3548 = EDGE_LOOP('',(#3549,#3550,#3558,#3566));
#3549 = ORIENTED_EDGE('',*,*,#3528,.T.);
#3550 = ORIENTED_EDGE('',*,*,#3551,.T.);
#3551 = EDGE_CURVE('',#3521,#3552,#3554,.T.);
#3552 = VERTEX_POINT('',#3553);
#3553 = CARTESIAN_POINT('',(217.93565851121,-100.,12.09291604954));
#3554 = LINE('',#3555,#3556);
#3555 = CARTESIAN_POINT('',(170.,-100.,10.));
#3556 = VECTOR('',#3557,1.);
#3557 = DIRECTION('',(0.999048221582,0.,4.361938736534E-02));
#3558 = ORIENTED_EDGE('',*,*,#3559,.F.);
#3559 = EDGE_CURVE('',#3560,#3552,#3562,.T.);
#3560 = VERTEX_POINT('',#3561);
#3561 = CARTESIAN_POINT('',(217.93565851121,-360.,12.09291604954));
#3562 = LINE('',#3563,#3564);
#3563 = CARTESIAN_POINT('',(217.93565851121,-360.,12.09291604954));
#3564 = VECTOR('',#3565,1.);
#3565 = DIRECTION('',(0.,1.,0.));
#3566 = ORIENTED_EDGE('',*,*,#3567,.F.);
#3567 = EDGE_CURVE('',#3529,#3560,#3568,.T.);
#3568 = LINE('',#3569,#3570);
#3569 = CARTESIAN_POINT('',(170.,-360.,10.));
#3570 = VECTOR('',#3571,1.);
#3571 = DIRECTION('',(0.999048221582,0.,4.361938736534E-02));
#3572 = PLANE('',#3573);
#3573 = AXIS2_PLACEMENT_3D('',#3574,#3575,#3576);
#3574 = CARTESIAN_POINT('',(170.,-360.,10.));
#3575 = DIRECTION('',(4.361938736534E-02,0.,-0.999048221582));
#3576 = DIRECTION('',(0.999048221582,0.,4.361938736534E-02));
#3577 = ADVANCED_FACE('',(#3578),#3603,.T.);
#3578 = FACE_BOUND('',#3579,.T.);
#3579 = EDGE_LOOP('',(#3580,#3581,#3589,#3597));
#3580 = ORIENTED_EDGE('',*,*,#3559,.T.);
#3581 = ORIENTED_EDGE('',*,*,#3582,.T.);
#3582 = EDGE_CURVE('',#3552,#3583,#3585,.T.);
#3583 = VERTEX_POINT('',#3584);
#3584 = CARTESIAN_POINT('',(265.50649771681,-100.,18.355735843286));
#3585 = LINE('',#3586,#3587);
#3586 = CARTESIAN_POINT('',(217.93565851121,-100.,12.09291604954));
#3587 = VECTOR('',#3588,1.);
#3588 = DIRECTION('',(0.991444861374,0.,0.13052619222));
#3589 = ORIENTED_EDGE('',*,*,#3590,.F.);
#3590 = EDGE_CURVE('',#3591,#3583,#3593,.T.);
#3591 = VERTEX_POINT('',#3592);
#3592 = CARTESIAN_POINT('',(265.50649771681,-360.,18.355735843286));
#3593 = LINE('',#3594,#3595);
#3594 = CARTESIAN_POINT('',(265.50649771681,-360.,18.355735843286));
#3595 = VECTOR('',#3596,1.);
#3596 = DIRECTION('',(0.,1.,0.));
#3597 = ORIENTED_EDGE('',*,*,#3598,.F.);
#3598 = EDGE_CURVE('',#3560,#3591,#3599,.T.);
#3599 = LINE('',#3600,#3601);
#3600 = CARTESIAN_POINT('',(217.93565851121,-360.,12.09291604954));
#3601 = VECTOR('',#3602,1.);
#3602 = DIRECTION('',(0.991444861374,0.,0.13052619222));
#3603 = PLANE('',#3604);
#3604 = AXIS2_PLACEMENT_3D('',#3605,#3606,#3607);
#3605 = CARTESIAN_POINT('',(217.93565851121,-360.,12.09291604954));
#3606 = DIRECTION('',(0.13052619222,0.,-0.991444861374));
#3607 = DIRECTION('',(0.991444861374,0.,0.13052619222));
#3608 = ADVANCED_FACE('',(#3609),#3634,.T.);
#3609 = FACE_BOUND('',#3610,.T.);
#3610 = EDGE_LOOP('',(#3611,#3612,#3620,#3628));
#3611 = ORIENTED_EDGE('',*,*,#3590,.T.);
#3612 = ORIENTED_EDGE('',*,*,#3613,.T.);
#3613 = EDGE_CURVE('',#3583,#3614,#3616,.T.);
#3614 = VERTEX_POINT('',#3615);
#3615 = CARTESIAN_POINT('',(312.35047480638,-100.,28.740795541012));
#3616 = LINE('',#3617,#3618);
#3617 = CARTESIAN_POINT('',(265.50649771681,-100.,18.355735843286));
#3618 = VECTOR('',#3619,1.);
#3619 = DIRECTION('',(0.97629600712,0.,0.216439613938));
#3620 = ORIENTED_EDGE('',*,*,#3621,.F.);
#3621 = EDGE_CURVE('',#3622,#3614,#3624,.T.);
#3622 = VERTEX_POINT('',#3623);
#3623 = CARTESIAN_POINT('',(312.35047480638,-360.,28.740795541012));
#3624 = LINE('',#3625,#3626);
#3625 = CARTESIAN_POINT('',(312.35047480638,-360.,28.740795541012));
#3626 = VECTOR('',#3627,1.);
#3627 = DIRECTION('',(0.,1.,0.));
#3628 = ORIENTED_EDGE('',*,*,#3629,.F.);
#3629 = EDGE_CURVE('',#3591,#3622,#3630,.T.);
#3630 = LINE('',#3631,#3632);
#3631 = CARTESIAN_POINT('',(265.50649771681,-360.,18.355735843286));
#3632 = VECTOR('',#3633,1.);
#3633 = DIRECTION('',(0.97629600712,0.,0.216439613938));
#3634 = PLANE('',#3635);
#3635 = AXIS2_PLACEMENT_3D('',#3636,#3637,#3638);
#3636 = CARTESIAN_POINT('',(265.50649771681,-360.,18.355735843286));
#3637 = DIRECTION('',(0.216439613938,0.,-0.97629600712));
#3638 = DIRECTION('',(0.97629600712,0.,0.216439613938));
#3639 = ADVANCED_FACE('',(#3640),#3665,.T.);
#3640 = FACE_BOUND('',#3641,.T.);
#3641 = EDGE_LOOP('',(#3642,#3643,#3651,#3659));
#3642 = ORIENTED_EDGE('',*,*,#3621,.T.);
#3643 = ORIENTED_EDGE('',*,*,#3644,.T.);
#3644 = EDGE_CURVE('',#3614,#3645,#3647,.T.);
#3645 = VERTEX_POINT('',#3646);
#3646 = CARTESIAN_POINT('',(358.11107882911,-100.,43.16905856775));
#3647 = LINE('',#3648,#3649);
#3648 = CARTESIAN_POINT('',(312.35047480638,-100.,28.740795541012));
#3649 = VECTOR('',#3650,1.);
#3650 = DIRECTION('',(0.953716950748,0.,0.300705799504));
#3651 = ORIENTED_EDGE('',*,*,#3652,.F.);
#3652 = EDGE_CURVE('',#3653,#3645,#3655,.T.);
#3653 = VERTEX_POINT('',#3654);
#3654 = CARTESIAN_POINT('',(358.11107882911,-360.,43.16905856775));
#3655 = LINE('',#3656,#3657);
#3656 = CARTESIAN_POINT('',(358.11107882911,-360.,43.16905856775));
#3657 = VECTOR('',#3658,1.);
#3658 = DIRECTION('',(0.,1.,0.));
#3659 = ORIENTED_EDGE('',*,*,#3660,.F.);
#3660 = EDGE_CURVE('',#3622,#3653,#3661,.T.);
#3661 = LINE('',#3662,#3663);
#3662 = CARTESIAN_POINT('',(312.35047480638,-360.,28.740795541012));
#3663 = VECTOR('',#3664,1.);
#3664 = DIRECTION('',(0.953716950748,0.,0.300705799504));
#3665 = PLANE('',#3666);
#3666 = AXIS2_PLACEMENT_3D('',#3667,#3668,#3669);
#3667 = CARTESIAN_POINT('',(312.35047480638,-360.,28.740795541012));
#3668 = DIRECTION('',(0.300705799504,0.,-0.953716950748));
#3669 = DIRECTION('',(0.953716950748,0.,0.300705799504));
#3670 = ADVANCED_FACE('',(#3671),#3696,.T.);
#3671 = FACE_BOUND('',#3672,.T.);
#3672 = EDGE_LOOP('',(#3673,#3674,#3682,#3690));
#3673 = ORIENTED_EDGE('',*,*,#3652,.T.);
#3674 = ORIENTED_EDGE('',*,*,#3675,.T.);
#3675 = EDGE_CURVE('',#3645,#3676,#3678,.T.);
#3676 = VERTEX_POINT('',#3677);
#3677 = CARTESIAN_POINT('',(402.44004395738,-100.,61.530717129843));
#3678 = LINE('',#3679,#3680);
#3679 = CARTESIAN_POINT('',(358.11107882911,-100.,43.16905856775));
#3680 = VECTOR('',#3681,1.);
#3681 = DIRECTION('',(0.923879532511,0.,0.382683432365));
#3682 = ORIENTED_EDGE('',*,*,#3683,.F.);
#3683 = EDGE_CURVE('',#3684,#3676,#3686,.T.);
#3684 = VERTEX_POINT('',#3685);
#3685 = CARTESIAN_POINT('',(402.44004395738,-360.,61.530717129843));
#3686 = LINE('',#3687,#3688);
#3687 = CARTESIAN_POINT('',(402.44004395738,-360.,61.530717129843));
#3688 = VECTOR('',#3689,1.);
#3689 = DIRECTION('',(0.,1.,0.));
#3690 = ORIENTED_EDGE('',*,*,#3691,.F.);
#3691 = EDGE_CURVE('',#3653,#3684,#3692,.T.);
#3692 = LINE('',#3693,#3694);
#3693 = CARTESIAN_POINT('',(358.11107882911,-360.,43.16905856775));
#3694 = VECTOR('',#3695,1.);
#3695 = DIRECTION('',(0.923879532511,0.,0.382683432365));
#3696 = PLANE('',#3697);
#3697 = AXIS2_PLACEMENT_3D('',#3698,#3699,#3700);
#3698 = CARTESIAN_POINT('',(358.11107882911,-360.,43.16905856775));
#3699 = DIRECTION('',(0.382683432365,0.,-0.923879532511));
#3700 = DIRECTION('',(0.923879532511,0.,0.382683432365));
#3701 = ADVANCED_FACE('',(#3702),#3727,.T.);
#3702 = FACE_BOUND('',#3703,.T.);
#3703 = EDGE_LOOP('',(#3704,#3705,#3713,#3721));
#3704 = ORIENTED_EDGE('',*,*,#3683,.T.);
#3705 = ORIENTED_EDGE('',*,*,#3706,.T.);
#3706 = EDGE_CURVE('',#3676,#3707,#3709,.T.);
#3707 = VERTEX_POINT('',#3708);
#3708 = CARTESIAN_POINT('',(419.79991993593,-100.,70.));
#3709 = LINE('',#3710,#3711);
#3710 = CARTESIAN_POINT('',(402.44004395738,-100.,61.530717129843));
#3711 = VECTOR('',#3712,1.);
#3712 = DIRECTION('',(0.898747010465,0.,0.438467571412));
#3713 = ORIENTED_EDGE('',*,*,#3714,.F.);
#3714 = EDGE_CURVE('',#3715,#3707,#3717,.T.);
#3715 = VERTEX_POINT('',#3716);
#3716 = CARTESIAN_POINT('',(419.79991993593,-360.,70.));
#3717 = LINE('',#3718,#3719);
#3718 = CARTESIAN_POINT('',(419.79991993593,-360.,70.));
#3719 = VECTOR('',#3720,1.);
#3720 = DIRECTION('',(0.,1.,0.));
#3721 = ORIENTED_EDGE('',*,*,#3722,.F.);
#3722 = EDGE_CURVE('',#3684,#3715,#3723,.T.);
#3723 = LINE('',#3724,#3725);
#3724 = CARTESIAN_POINT('',(402.44004395738,-360.,61.530717129843));
#3725 = VECTOR('',#3726,1.);
#3726 = DIRECTION('',(0.898747010465,0.,0.438467571412));
#3727 = PLANE('',#3728);
#3728 = AXIS2_PLACEMENT_3D('',#3729,#3730,#3731);
#3729 = CARTESIAN_POINT('',(402.44004395738,-360.,61.530717129843));
#3730 = DIRECTION('',(0.438467571412,0.,-0.898747010465));
#3731 = DIRECTION('',(0.898747010465,0.,0.438467571412));
#3732 = ADVANCED_FACE('',(#3733),#3758,.T.);
#3733 = FACE_BOUND('',#3734,.T.);
#3734 = EDGE_LOOP('',(#3735,#3736,#3744,#3752));
#3735 = ORIENTED_EDGE('',*,*,#3714,.T.);
#3736 = ORIENTED_EDGE('',*,*,#3737,.T.);
#3737 = EDGE_CURVE('',#3707,#3738,#3740,.T.);
#3738 = VERTEX_POINT('',#3739);
#3739 = CARTESIAN_POINT('',(-110.,-100.,70.));
#3740 = LINE('',#3741,#3742);
#3741 = CARTESIAN_POINT('',(419.79991993593,-100.,70.));
#3742 = VECTOR('',#3743,1.);
#3743 = DIRECTION('',(-1.,0.,0.));
#3744 = ORIENTED_EDGE('',*,*,#3745,.F.);
#3745 = EDGE_CURVE('',#3746,#3738,#3748,.T.);
#3746 = VERTEX_POINT('',#3747);
#3747 = CARTESIAN_POINT('',(-110.,-360.,70.));
#3748 = LINE('',#3749,#3750);
#3749 = CARTESIAN_POINT('',(-110.,-360.,70.));
#3750 = VECTOR('',#3751,1.);
#3751 = DIRECTION('',(0.,1.,0.));
#3752 = ORIENTED_EDGE('',*,*,#3753,.F.);
#3753 = EDGE_CURVE('',#3715,#3746,#3754,.T.);
#3754 = LINE('',#3755,#3756);
#3755 = CARTESIAN_POINT('',(419.79991993593,-360.,70.));
#3756 = VECTOR('',#3757,1.);
#3757 = DIRECTION('',(-1.,0.,0.));
#3758 = PLANE('',#3759);
#3759 = AXIS2_PLACEMENT_3D('',#3760,#3761,#3762);
#3760 = CARTESIAN_POINT('',(419.79991993593,-360.,70.));
#3761 = DIRECTION('',(0.,0.,1.));
#3762 = DIRECTION('',(-1.,0.,0.));
#3763 = ADVANCED_FACE('',(#3764),#3780,.T.);
#3764 = FACE_BOUND('',#3765,.T.);
#3765 = EDGE_LOOP('',(#3766,#3767,#3773,#3774));
#3766 = ORIENTED_EDGE('',*,*,#3745,.T.);
#3767 = ORIENTED_EDGE('',*,*,#3768,.T.);
#3768 = EDGE_CURVE('',#3738,#3513,#3769,.T.);
#3769 = LINE('',#3770,#3771);
#3770 = CARTESIAN_POINT('',(-110.,-100.,70.));
#3771 = VECTOR('',#3772,1.);
#3772 = DIRECTION('',(0.,0.,-1.));
#3773 = ORIENTED_EDGE('',*,*,#3510,.F.);
#3774 = ORIENTED_EDGE('',*,*,#3775,.F.);
#3775 = EDGE_CURVE('',#3746,#3511,#3776,.T.);
#3776 = LINE('',#3777,#3778);
#3777 = CARTESIAN_POINT('',(-110.,-360.,70.));
#3778 = VECTOR('',#3779,1.);
#3779 = DIRECTION('',(0.,0.,-1.));
#3780 = PLANE('',#3781);
#3781 = AXIS2_PLACEMENT_3D('',#3782,#3783,#3784);
#3782 = CARTESIAN_POINT('',(-110.,-360.,70.));
#3783 = DIRECTION('',(-1.,0.,0.));
#3784 = DIRECTION('',(0.,0.,-1.));
#3785 = ADVANCED_FACE('',(#3786),#3797,.T.);
#3786 = FACE_BOUND('',#3787,.T.);
#3787 = EDGE_LOOP('',(#3788,#3789,#3790,#3791,#3792,#3793,#3794,#3795,
    #3796));
#3788 = ORIENTED_EDGE('',*,*,#3536,.T.);
#3789 = ORIENTED_EDGE('',*,*,#3567,.T.);
#3790 = ORIENTED_EDGE('',*,*,#3598,.T.);
#3791 = ORIENTED_EDGE('',*,*,#3629,.T.);
#3792 = ORIENTED_EDGE('',*,*,#3660,.T.);
#3793 = ORIENTED_EDGE('',*,*,#3691,.T.);
#3794 = ORIENTED_EDGE('',*,*,#3722,.T.);
#3795 = ORIENTED_EDGE('',*,*,#3753,.T.);
#3796 = ORIENTED_EDGE('',*,*,#3775,.T.);
#3797 = PLANE('',#3798);
#3798 = AXIS2_PLACEMENT_3D('',#3799,#3800,#3801);
#3799 = CARTESIAN_POINT('',(142.51808370366,-360.,44.448781479104));
#3800 = DIRECTION('',(-0.,-1.,-0.));
#3801 = DIRECTION('',(0.,0.,-1.));
#3802 = ADVANCED_FACE('',(#3803),#3814,.F.);
#3803 = FACE_BOUND('',#3804,.F.);
#3804 = EDGE_LOOP('',(#3805,#3806,#3807,#3808,#3809,#3810,#3811,#3812,
    #3813));
#3805 = ORIENTED_EDGE('',*,*,#3520,.T.);
#3806 = ORIENTED_EDGE('',*,*,#3551,.T.);
#3807 = ORIENTED_EDGE('',*,*,#3582,.T.);
#3808 = ORIENTED_EDGE('',*,*,#3613,.T.);
#3809 = ORIENTED_EDGE('',*,*,#3644,.T.);
#3810 = ORIENTED_EDGE('',*,*,#3675,.T.);
#3811 = ORIENTED_EDGE('',*,*,#3706,.T.);
#3812 = ORIENTED_EDGE('',*,*,#3737,.T.);
#3813 = ORIENTED_EDGE('',*,*,#3768,.T.);
#3814 = PLANE('',#3815);
#3815 = AXIS2_PLACEMENT_3D('',#3816,#3817,#3818);
#3816 = CARTESIAN_POINT('',(142.51808370366,-100.,44.448781479104));
#3817 = DIRECTION('',(-0.,-1.,-0.));
#3818 = DIRECTION('',(0.,0.,-1.));
#3819 = MANIFOLD_SOLID_BREP('',#3820);
#3820 = CLOSED_SHELL('',(#3821,#3861,#3901,#3923,#3945,#3957));
#3821 = ADVANCED_FACE('',(#3822),#3856,.F.);
#3822 = FACE_BOUND('',#3823,.F.);
#3823 = EDGE_LOOP('',(#3824,#3834,#3842,#3850));
#3824 = ORIENTED_EDGE('',*,*,#3825,.F.);
#3825 = EDGE_CURVE('',#3826,#3828,#3830,.T.);
#3826 = VERTEX_POINT('',#3827);
#3827 = CARTESIAN_POINT('',(-220.,100.,135.));
#3828 = VERTEX_POINT('',#3829);
#3829 = CARTESIAN_POINT('',(-220.,100.,155.));
#3830 = LINE('',#3831,#3832);
#3831 = CARTESIAN_POINT('',(-220.,100.,135.));
#3832 = VECTOR('',#3833,1.);
#3833 = DIRECTION('',(0.,0.,1.));
#3834 = ORIENTED_EDGE('',*,*,#3835,.T.);
#3835 = EDGE_CURVE('',#3826,#3836,#3838,.T.);
#3836 = VERTEX_POINT('',#3837);
#3837 = CARTESIAN_POINT('',(-220.,360.,135.));
#3838 = LINE('',#3839,#3840);
#3839 = CARTESIAN_POINT('',(-220.,100.,135.));
#3840 = VECTOR('',#3841,1.);
#3841 = DIRECTION('',(0.,1.,0.));
#3842 = ORIENTED_EDGE('',*,*,#3843,.T.);
#3843 = EDGE_CURVE('',#3836,#3844,#3846,.T.);
#3844 = VERTEX_POINT('',#3845);
#3845 = CARTESIAN_POINT('',(-220.,360.,155.));
#3846 = LINE('',#3847,#3848);
#3847 = CARTESIAN_POINT('',(-220.,360.,135.));
#3848 = VECTOR('',#3849,1.);
#3849 = DIRECTION('',(0.,0.,1.));
#3850 = ORIENTED_EDGE('',*,*,#3851,.F.);
#3851 = EDGE_CURVE('',#3828,#3844,#3852,.T.);
#3852 = LINE('',#3853,#3854);
#3853 = CARTESIAN_POINT('',(-220.,100.,155.));
#3854 = VECTOR('',#3855,1.);
#3855 = DIRECTION('',(0.,1.,0.));
#3856 = PLANE('',#3857);
#3857 = AXIS2_PLACEMENT_3D('',#3858,#3859,#3860);
#3858 = CARTESIAN_POINT('',(-220.,100.,135.));
#3859 = DIRECTION('',(1.,0.,0.));
#3860 = DIRECTION('',(0.,0.,1.));
#3861 = ADVANCED_FACE('',(#3862),#3896,.T.);
#3862 = FACE_BOUND('',#3863,.T.);
#3863 = EDGE_LOOP('',(#3864,#3874,#3882,#3890));
#3864 = ORIENTED_EDGE('',*,*,#3865,.F.);
#3865 = EDGE_CURVE('',#3866,#3868,#3870,.T.);
#3866 = VERTEX_POINT('',#3867);
#3867 = CARTESIAN_POINT('',(80.,100.,135.));
#3868 = VERTEX_POINT('',#3869);
#3869 = CARTESIAN_POINT('',(80.,100.,155.));
#3870 = LINE('',#3871,#3872);
#3871 = CARTESIAN_POINT('',(80.,100.,135.));
#3872 = VECTOR('',#3873,1.);
#3873 = DIRECTION('',(0.,0.,1.));
#3874 = ORIENTED_EDGE('',*,*,#3875,.T.);
#3875 = EDGE_CURVE('',#3866,#3876,#3878,.T.);
#3876 = VERTEX_POINT('',#3877);
#3877 = CARTESIAN_POINT('',(80.,360.,135.));
#3878 = LINE('',#3879,#3880);
#3879 = CARTESIAN_POINT('',(80.,100.,135.));
#3880 = VECTOR('',#3881,1.);
#3881 = DIRECTION('',(0.,1.,0.));
#3882 = ORIENTED_EDGE('',*,*,#3883,.T.);
#3883 = EDGE_CURVE('',#3876,#3884,#3886,.T.);
#3884 = VERTEX_POINT('',#3885);
#3885 = CARTESIAN_POINT('',(80.,360.,155.));
#3886 = LINE('',#3887,#3888);
#3887 = CARTESIAN_POINT('',(80.,360.,135.));
#3888 = VECTOR('',#3889,1.);
#3889 = DIRECTION('',(0.,0.,1.));
#3890 = ORIENTED_EDGE('',*,*,#3891,.F.);
#3891 = EDGE_CURVE('',#3868,#3884,#3892,.T.);
#3892 = LINE('',#3893,#3894);
#3893 = CARTESIAN_POINT('',(80.,100.,155.));
#3894 = VECTOR('',#3895,1.);
#3895 = DIRECTION('',(0.,1.,0.));
#3896 = PLANE('',#3897);
#3897 = AXIS2_PLACEMENT_3D('',#3898,#3899,#3900);
#3898 = CARTESIAN_POINT('',(80.,100.,135.));
#3899 = DIRECTION('',(1.,0.,0.));
#3900 = DIRECTION('',(0.,0.,1.));
#3901 = ADVANCED_FACE('',(#3902),#3918,.F.);
#3902 = FACE_BOUND('',#3903,.F.);
#3903 = EDGE_LOOP('',(#3904,#3910,#3911,#3917));
#3904 = ORIENTED_EDGE('',*,*,#3905,.F.);
#3905 = EDGE_CURVE('',#3826,#3866,#3906,.T.);
#3906 = LINE('',#3907,#3908);
#3907 = CARTESIAN_POINT('',(-220.,100.,135.));
#3908 = VECTOR('',#3909,1.);
#3909 = DIRECTION('',(1.,0.,0.));
#3910 = ORIENTED_EDGE('',*,*,#3825,.T.);
#3911 = ORIENTED_EDGE('',*,*,#3912,.T.);
#3912 = EDGE_CURVE('',#3828,#3868,#3913,.T.);
#3913 = LINE('',#3914,#3915);
#3914 = CARTESIAN_POINT('',(-220.,100.,155.));
#3915 = VECTOR('',#3916,1.);
#3916 = DIRECTION('',(1.,0.,0.));
#3917 = ORIENTED_EDGE('',*,*,#3865,.F.);
#3918 = PLANE('',#3919);
#3919 = AXIS2_PLACEMENT_3D('',#3920,#3921,#3922);
#3920 = CARTESIAN_POINT('',(-220.,100.,135.));
#3921 = DIRECTION('',(0.,1.,0.));
#3922 = DIRECTION('',(0.,0.,1.));
#3923 = ADVANCED_FACE('',(#3924),#3940,.T.);
#3924 = FACE_BOUND('',#3925,.T.);
#3925 = EDGE_LOOP('',(#3926,#3932,#3933,#3939));
#3926 = ORIENTED_EDGE('',*,*,#3927,.F.);
#3927 = EDGE_CURVE('',#3836,#3876,#3928,.T.);
#3928 = LINE('',#3929,#3930);
#3929 = CARTESIAN_POINT('',(-220.,360.,135.));
#3930 = VECTOR('',#3931,1.);
#3931 = DIRECTION('',(1.,0.,0.));
#3932 = ORIENTED_EDGE('',*,*,#3843,.T.);
#3933 = ORIENTED_EDGE('',*,*,#3934,.T.);
#3934 = EDGE_CURVE('',#3844,#3884,#3935,.T.);
#3935 = LINE('',#3936,#3937);
#3936 = CARTESIAN_POINT('',(-220.,360.,155.));
#3937 = VECTOR('',#3938,1.);
#3938 = DIRECTION('',(1.,0.,0.));
#3939 = ORIENTED_EDGE('',*,*,#3883,.F.);
#3940 = PLANE('',#3941);
#3941 = AXIS2_PLACEMENT_3D('',#3942,#3943,#3944);
#3942 = CARTESIAN_POINT('',(-220.,360.,135.));
#3943 = DIRECTION('',(0.,1.,0.));
#3944 = DIRECTION('',(0.,0.,1.));
#3945 = ADVANCED_FACE('',(#3946),#3952,.F.);
#3946 = FACE_BOUND('',#3947,.F.);
#3947 = EDGE_LOOP('',(#3948,#3949,#3950,#3951));
#3948 = ORIENTED_EDGE('',*,*,#3835,.F.);
#3949 = ORIENTED_EDGE('',*,*,#3905,.T.);
#3950 = ORIENTED_EDGE('',*,*,#3875,.T.);
#3951 = ORIENTED_EDGE('',*,*,#3927,.F.);
#3952 = PLANE('',#3953);
#3953 = AXIS2_PLACEMENT_3D('',#3954,#3955,#3956);
#3954 = CARTESIAN_POINT('',(-220.,100.,135.));
#3955 = DIRECTION('',(0.,0.,1.));
#3956 = DIRECTION('',(1.,0.,0.));
#3957 = ADVANCED_FACE('',(#3958),#3964,.T.);
#3958 = FACE_BOUND('',#3959,.T.);
#3959 = EDGE_LOOP('',(#3960,#3961,#3962,#3963));
#3960 = ORIENTED_EDGE('',*,*,#3851,.F.);
#3961 = ORIENTED_EDGE('',*,*,#3912,.T.);
#3962 = ORIENTED_EDGE('',*,*,#3891,.T.);
#3963 = ORIENTED_EDGE('',*,*,#3934,.F.);
#3964 = PLANE('',#3965);
#3965 = AXIS2_PLACEMENT_3D('',#3966,#3967,#3968);
#3966 = CARTESIAN_POINT('',(-220.,100.,155.));
#3967 = DIRECTION('',(0.,0.,1.));
#3968 = DIRECTION('',(1.,0.,0.));
#3969 = MANIFOLD_SOLID_BREP('',#3970);
#3970 = CLOSED_SHELL('',(#3971,#4011,#4051,#4073,#4095,#4107));
#3971 = ADVANCED_FACE('',(#3972),#4006,.F.);
#3972 = FACE_BOUND('',#3973,.F.);
#3973 = EDGE_LOOP('',(#3974,#3984,#3992,#4000));
#3974 = ORIENTED_EDGE('',*,*,#3975,.F.);
#3975 = EDGE_CURVE('',#3976,#3978,#3980,.T.);
#3976 = VERTEX_POINT('',#3977);
#3977 = CARTESIAN_POINT('',(-220.,100.,70.));
#3978 = VERTEX_POINT('',#3979);
#3979 = CARTESIAN_POINT('',(-220.,100.,90.));
#3980 = LINE('',#3981,#3982);
#3981 = CARTESIAN_POINT('',(-220.,100.,70.));
#3982 = VECTOR('',#3983,1.);
#3983 = DIRECTION('',(0.,0.,1.));
#3984 = ORIENTED_EDGE('',*,*,#3985,.T.);
#3985 = EDGE_CURVE('',#3976,#3986,#3988,.T.);
#3986 = VERTEX_POINT('',#3987);
#3987 = CARTESIAN_POINT('',(-220.,360.,70.));
#3988 = LINE('',#3989,#3990);
#3989 = CARTESIAN_POINT('',(-220.,100.,70.));
#3990 = VECTOR('',#3991,1.);
#3991 = DIRECTION('',(0.,1.,0.));
#3992 = ORIENTED_EDGE('',*,*,#3993,.T.);
#3993 = EDGE_CURVE('',#3986,#3994,#3996,.T.);
#3994 = VERTEX_POINT('',#3995);
#3995 = CARTESIAN_POINT('',(-220.,360.,90.));
#3996 = LINE('',#3997,#3998);
#3997 = CARTESIAN_POINT('',(-220.,360.,70.));
#3998 = VECTOR('',#3999,1.);
#3999 = DIRECTION('',(0.,0.,1.));
#4000 = ORIENTED_EDGE('',*,*,#4001,.F.);
#4001 = EDGE_CURVE('',#3978,#3994,#4002,.T.);
#4002 = LINE('',#4003,#4004);
#4003 = CARTESIAN_POINT('',(-220.,100.,90.));
#4004 = VECTOR('',#4005,1.);
#4005 = DIRECTION('',(0.,1.,0.));
#4006 = PLANE('',#4007);
#4007 = AXIS2_PLACEMENT_3D('',#4008,#4009,#4010);
#4008 = CARTESIAN_POINT('',(-220.,100.,70.));
#4009 = DIRECTION('',(1.,0.,0.));
#4010 = DIRECTION('',(0.,0.,1.));
#4011 = ADVANCED_FACE('',(#4012),#4046,.T.);
#4012 = FACE_BOUND('',#4013,.T.);
#4013 = EDGE_LOOP('',(#4014,#4024,#4032,#4040));
#4014 = ORIENTED_EDGE('',*,*,#4015,.F.);
#4015 = EDGE_CURVE('',#4016,#4018,#4020,.T.);
#4016 = VERTEX_POINT('',#4017);
#4017 = CARTESIAN_POINT('',(80.,100.,70.));
#4018 = VERTEX_POINT('',#4019);
#4019 = CARTESIAN_POINT('',(80.,100.,90.));
#4020 = LINE('',#4021,#4022);
#4021 = CARTESIAN_POINT('',(80.,100.,70.));
#4022 = VECTOR('',#4023,1.);
#4023 = DIRECTION('',(0.,0.,1.));
#4024 = ORIENTED_EDGE('',*,*,#4025,.T.);
#4025 = EDGE_CURVE('',#4016,#4026,#4028,.T.);
#4026 = VERTEX_POINT('',#4027);
#4027 = CARTESIAN_POINT('',(80.,360.,70.));
#4028 = LINE('',#4029,#4030);
#4029 = CARTESIAN_POINT('',(80.,100.,70.));
#4030 = VECTOR('',#4031,1.);
#4031 = DIRECTION('',(0.,1.,0.));
#4032 = ORIENTED_EDGE('',*,*,#4033,.T.);
#4033 = EDGE_CURVE('',#4026,#4034,#4036,.T.);
#4034 = VERTEX_POINT('',#4035);
#4035 = CARTESIAN_POINT('',(80.,360.,90.));
#4036 = LINE('',#4037,#4038);
#4037 = CARTESIAN_POINT('',(80.,360.,70.));
#4038 = VECTOR('',#4039,1.);
#4039 = DIRECTION('',(0.,0.,1.));
#4040 = ORIENTED_EDGE('',*,*,#4041,.F.);
#4041 = EDGE_CURVE('',#4018,#4034,#4042,.T.);
#4042 = LINE('',#4043,#4044);
#4043 = CARTESIAN_POINT('',(80.,100.,90.));
#4044 = VECTOR('',#4045,1.);
#4045 = DIRECTION('',(0.,1.,0.));
#4046 = PLANE('',#4047);
#4047 = AXIS2_PLACEMENT_3D('',#4048,#4049,#4050);
#4048 = CARTESIAN_POINT('',(80.,100.,70.));
#4049 = DIRECTION('',(1.,0.,0.));
#4050 = DIRECTION('',(0.,0.,1.));
#4051 = ADVANCED_FACE('',(#4052),#4068,.F.);
#4052 = FACE_BOUND('',#4053,.F.);
#4053 = EDGE_LOOP('',(#4054,#4060,#4061,#4067));
#4054 = ORIENTED_EDGE('',*,*,#4055,.F.);
#4055 = EDGE_CURVE('',#3976,#4016,#4056,.T.);
#4056 = LINE('',#4057,#4058);
#4057 = CARTESIAN_POINT('',(-220.,100.,70.));
#4058 = VECTOR('',#4059,1.);
#4059 = DIRECTION('',(1.,0.,0.));
#4060 = ORIENTED_EDGE('',*,*,#3975,.T.);
#4061 = ORIENTED_EDGE('',*,*,#4062,.T.);
#4062 = EDGE_CURVE('',#3978,#4018,#4063,.T.);
#4063 = LINE('',#4064,#4065);
#4064 = CARTESIAN_POINT('',(-220.,100.,90.));
#4065 = VECTOR('',#4066,1.);
#4066 = DIRECTION('',(1.,0.,0.));
#4067 = ORIENTED_EDGE('',*,*,#4015,.F.);
#4068 = PLANE('',#4069);
#4069 = AXIS2_PLACEMENT_3D('',#4070,#4071,#4072);
#4070 = CARTESIAN_POINT('',(-220.,100.,70.));
#4071 = DIRECTION('',(0.,1.,0.));
#4072 = DIRECTION('',(0.,0.,1.));
#4073 = ADVANCED_FACE('',(#4074),#4090,.T.);
#4074 = FACE_BOUND('',#4075,.T.);
#4075 = EDGE_LOOP('',(#4076,#4082,#4083,#4089));
#4076 = ORIENTED_EDGE('',*,*,#4077,.F.);
#4077 = EDGE_CURVE('',#3986,#4026,#4078,.T.);
#4078 = LINE('',#4079,#4080);
#4079 = CARTESIAN_POINT('',(-220.,360.,70.));
#4080 = VECTOR('',#4081,1.);
#4081 = DIRECTION('',(1.,0.,0.));
#4082 = ORIENTED_EDGE('',*,*,#3993,.T.);
#4083 = ORIENTED_EDGE('',*,*,#4084,.T.);
#4084 = EDGE_CURVE('',#3994,#4034,#4085,.T.);
#4085 = LINE('',#4086,#4087);
#4086 = CARTESIAN_POINT('',(-220.,360.,90.));
#4087 = VECTOR('',#4088,1.);
#4088 = DIRECTION('',(1.,0.,0.));
#4089 = ORIENTED_EDGE('',*,*,#4033,.F.);
#4090 = PLANE('',#4091);
#4091 = AXIS2_PLACEMENT_3D('',#4092,#4093,#4094);
#4092 = CARTESIAN_POINT('',(-220.,360.,70.));
#4093 = DIRECTION('',(0.,1.,0.));
#4094 = DIRECTION('',(0.,0.,1.));
#4095 = ADVANCED_FACE('',(#4096),#4102,.F.);
#4096 = FACE_BOUND('',#4097,.F.);
#4097 = EDGE_LOOP('',(#4098,#4099,#4100,#4101));
#4098 = ORIENTED_EDGE('',*,*,#3985,.F.);
#4099 = ORIENTED_EDGE('',*,*,#4055,.T.);
#4100 = ORIENTED_EDGE('',*,*,#4025,.T.);
#4101 = ORIENTED_EDGE('',*,*,#4077,.F.);
#4102 = PLANE('',#4103);
#4103 = AXIS2_PLACEMENT_3D('',#4104,#4105,#4106);
#4104 = CARTESIAN_POINT('',(-220.,100.,70.));
#4105 = DIRECTION('',(0.,0.,1.));
#4106 = DIRECTION('',(1.,0.,0.));
#4107 = ADVANCED_FACE('',(#4108),#4114,.T.);
#4108 = FACE_BOUND('',#4109,.T.);
#4109 = EDGE_LOOP('',(#4110,#4111,#4112,#4113));
#4110 = ORIENTED_EDGE('',*,*,#4001,.F.);
#4111 = ORIENTED_EDGE('',*,*,#4062,.T.);
#4112 = ORIENTED_EDGE('',*,*,#4041,.T.);
#4113 = ORIENTED_EDGE('',*,*,#4084,.F.);
#4114 = PLANE('',#4115);
#4115 = AXIS2_PLACEMENT_3D('',#4116,#4117,#4118);
#4116 = CARTESIAN_POINT('',(-220.,100.,90.));
#4117 = DIRECTION('',(0.,0.,1.));
#4118 = DIRECTION('',(1.,0.,0.));
#4119 = MANIFOLD_SOLID_BREP('',#4120);
#4120 = CLOSED_SHELL('',(#4121,#4154,#4163));
#4121 = ADVANCED_FACE('',(#4122),#4149,.T.);
#4122 = FACE_BOUND('',#4123,.T.);
#4123 = EDGE_LOOP('',(#4124,#4133,#4141,#4148));
#4124 = ORIENTED_EDGE('',*,*,#4125,.F.);
#4125 = EDGE_CURVE('',#4126,#4126,#4128,.T.);
#4126 = VERTEX_POINT('',#4127);
#4127 = CARTESIAN_POINT('',(-211.,140.,135.));
#4128 = CIRCLE('',#4129,9.);
#4129 = AXIS2_PLACEMENT_3D('',#4130,#4131,#4132);
#4130 = CARTESIAN_POINT('',(-220.,140.,135.));
#4131 = DIRECTION('',(0.,0.,1.));
#4132 = DIRECTION('',(1.,0.,0.));
#4133 = ORIENTED_EDGE('',*,*,#4134,.F.);
#4134 = EDGE_CURVE('',#4135,#4126,#4137,.T.);
#4135 = VERTEX_POINT('',#4136);
#4136 = CARTESIAN_POINT('',(-211.,140.,90.));
#4137 = LINE('',#4138,#4139);
#4138 = CARTESIAN_POINT('',(-211.,140.,90.));
#4139 = VECTOR('',#4140,1.);
#4140 = DIRECTION('',(0.,0.,1.));
#4141 = ORIENTED_EDGE('',*,*,#4142,.T.);
#4142 = EDGE_CURVE('',#4135,#4135,#4143,.T.);
#4143 = CIRCLE('',#4144,9.);
#4144 = AXIS2_PLACEMENT_3D('',#4145,#4146,#4147);
#4145 = CARTESIAN_POINT('',(-220.,140.,90.));
#4146 = DIRECTION('',(0.,0.,1.));
#4147 = DIRECTION('',(1.,0.,0.));
#4148 = ORIENTED_EDGE('',*,*,#4134,.T.);
#4149 = CYLINDRICAL_SURFACE('',#4150,9.);
#4150 = AXIS2_PLACEMENT_3D('',#4151,#4152,#4153);
#4151 = CARTESIAN_POINT('',(-220.,140.,90.));
#4152 = DIRECTION('',(0.,0.,1.));
#4153 = DIRECTION('',(1.,0.,0.));
#4154 = ADVANCED_FACE('',(#4155),#4158,.T.);
#4155 = FACE_BOUND('',#4156,.T.);
#4156 = EDGE_LOOP('',(#4157));
#4157 = ORIENTED_EDGE('',*,*,#4125,.T.);
#4158 = PLANE('',#4159);
#4159 = AXIS2_PLACEMENT_3D('',#4160,#4161,#4162);
#4160 = CARTESIAN_POINT('',(-220.,140.,135.));
#4161 = DIRECTION('',(0.,0.,1.));
#4162 = DIRECTION('',(1.,0.,0.));
#4163 = ADVANCED_FACE('',(#4164),#4167,.F.);
#4164 = FACE_BOUND('',#4165,.T.);
#4165 = EDGE_LOOP('',(#4166));
#4166 = ORIENTED_EDGE('',*,*,#4142,.F.);
#4167 = PLANE('',#4168);
#4168 = AXIS2_PLACEMENT_3D('',#4169,#4170,#4171);
#4169 = CARTESIAN_POINT('',(-220.,140.,90.));
#4170 = DIRECTION('',(0.,0.,1.));
#4171 = DIRECTION('',(1.,0.,0.));
#4172 = MANIFOLD_SOLID_BREP('',#4173);
#4173 = CLOSED_SHELL('',(#4174,#4207,#4216));
#4174 = ADVANCED_FACE('',(#4175),#4202,.T.);
#4175 = FACE_BOUND('',#4176,.T.);
#4176 = EDGE_LOOP('',(#4177,#4186,#4194,#4201));
#4177 = ORIENTED_EDGE('',*,*,#4178,.F.);
#4178 = EDGE_CURVE('',#4179,#4179,#4181,.T.);
#4179 = VERTEX_POINT('',#4180);
#4180 = CARTESIAN_POINT('',(-211.,320.,135.));
#4181 = CIRCLE('',#4182,9.);
#4182 = AXIS2_PLACEMENT_3D('',#4183,#4184,#4185);
#4183 = CARTESIAN_POINT('',(-220.,320.,135.));
#4184 = DIRECTION('',(0.,0.,1.));
#4185 = DIRECTION('',(1.,0.,0.));
#4186 = ORIENTED_EDGE('',*,*,#4187,.F.);
#4187 = EDGE_CURVE('',#4188,#4179,#4190,.T.);
#4188 = VERTEX_POINT('',#4189);
#4189 = CARTESIAN_POINT('',(-211.,320.,90.));
#4190 = LINE('',#4191,#4192);
#4191 = CARTESIAN_POINT('',(-211.,320.,90.));
#4192 = VECTOR('',#4193,1.);
#4193 = DIRECTION('',(0.,0.,1.));
#4194 = ORIENTED_EDGE('',*,*,#4195,.T.);
#4195 = EDGE_CURVE('',#4188,#4188,#4196,.T.);
#4196 = CIRCLE('',#4197,9.);
#4197 = AXIS2_PLACEMENT_3D('',#4198,#4199,#4200);
#4198 = CARTESIAN_POINT('',(-220.,320.,90.));
#4199 = DIRECTION('',(0.,0.,1.));
#4200 = DIRECTION('',(1.,0.,0.));
#4201 = ORIENTED_EDGE('',*,*,#4187,.T.);
#4202 = CYLINDRICAL_SURFACE('',#4203,9.);
#4203 = AXIS2_PLACEMENT_3D('',#4204,#4205,#4206);
#4204 = CARTESIAN_POINT('',(-220.,320.,90.));
#4205 = DIRECTION('',(0.,0.,1.));
#4206 = DIRECTION('',(1.,0.,0.));
#4207 = ADVANCED_FACE('',(#4208),#4211,.T.);
#4208 = FACE_BOUND('',#4209,.T.);
#4209 = EDGE_LOOP('',(#4210));
#4210 = ORIENTED_EDGE('',*,*,#4178,.T.);
#4211 = PLANE('',#4212);
#4212 = AXIS2_PLACEMENT_3D('',#4213,#4214,#4215);
#4213 = CARTESIAN_POINT('',(-220.,320.,135.));
#4214 = DIRECTION('',(0.,0.,1.));
#4215 = DIRECTION('',(1.,0.,0.));
#4216 = ADVANCED_FACE('',(#4217),#4220,.F.);
#4217 = FACE_BOUND('',#4218,.T.);
#4218 = EDGE_LOOP('',(#4219));
#4219 = ORIENTED_EDGE('',*,*,#4195,.F.);
#4220 = PLANE('',#4221);
#4221 = AXIS2_PLACEMENT_3D('',#4222,#4223,#4224);
#4222 = CARTESIAN_POINT('',(-220.,320.,90.));
#4223 = DIRECTION('',(0.,0.,1.));
#4224 = DIRECTION('',(1.,0.,0.));
#4225 = MANIFOLD_SOLID_BREP('',#4226);
#4226 = CLOSED_SHELL('',(#4227,#4260,#4269));
#4227 = ADVANCED_FACE('',(#4228),#4255,.T.);
#4228 = FACE_BOUND('',#4229,.T.);
#4229 = EDGE_LOOP('',(#4230,#4239,#4247,#4254));
#4230 = ORIENTED_EDGE('',*,*,#4231,.F.);
#4231 = EDGE_CURVE('',#4232,#4232,#4234,.T.);
#4232 = VERTEX_POINT('',#4233);
#4233 = CARTESIAN_POINT('',(89.,140.,135.));
#4234 = CIRCLE('',#4235,9.);
#4235 = AXIS2_PLACEMENT_3D('',#4236,#4237,#4238);
#4236 = CARTESIAN_POINT('',(80.,140.,135.));
#4237 = DIRECTION('',(0.,0.,1.));
#4238 = DIRECTION('',(1.,0.,0.));
#4239 = ORIENTED_EDGE('',*,*,#4240,.F.);
#4240 = EDGE_CURVE('',#4241,#4232,#4243,.T.);
#4241 = VERTEX_POINT('',#4242);
#4242 = CARTESIAN_POINT('',(89.,140.,90.));
#4243 = LINE('',#4244,#4245);
#4244 = CARTESIAN_POINT('',(89.,140.,90.));
#4245 = VECTOR('',#4246,1.);
#4246 = DIRECTION('',(0.,0.,1.));
#4247 = ORIENTED_EDGE('',*,*,#4248,.T.);
#4248 = EDGE_CURVE('',#4241,#4241,#4249,.T.);
#4249 = CIRCLE('',#4250,9.);
#4250 = AXIS2_PLACEMENT_3D('',#4251,#4252,#4253);
#4251 = CARTESIAN_POINT('',(80.,140.,90.));
#4252 = DIRECTION('',(0.,0.,1.));
#4253 = DIRECTION('',(1.,0.,0.));
#4254 = ORIENTED_EDGE('',*,*,#4240,.T.);
#4255 = CYLINDRICAL_SURFACE('',#4256,9.);
#4256 = AXIS2_PLACEMENT_3D('',#4257,#4258,#4259);
#4257 = CARTESIAN_POINT('',(80.,140.,90.));
#4258 = DIRECTION('',(0.,0.,1.));
#4259 = DIRECTION('',(1.,0.,0.));
#4260 = ADVANCED_FACE('',(#4261),#4264,.T.);
#4261 = FACE_BOUND('',#4262,.T.);
#4262 = EDGE_LOOP('',(#4263));
#4263 = ORIENTED_EDGE('',*,*,#4231,.T.);
#4264 = PLANE('',#4265);
#4265 = AXIS2_PLACEMENT_3D('',#4266,#4267,#4268);
#4266 = CARTESIAN_POINT('',(80.,140.,135.));
#4267 = DIRECTION('',(0.,0.,1.));
#4268 = DIRECTION('',(1.,0.,0.));
#4269 = ADVANCED_FACE('',(#4270),#4273,.F.);
#4270 = FACE_BOUND('',#4271,.T.);
#4271 = EDGE_LOOP('',(#4272));
#4272 = ORIENTED_EDGE('',*,*,#4248,.F.);
#4273 = PLANE('',#4274);
#4274 = AXIS2_PLACEMENT_3D('',#4275,#4276,#4277);
#4275 = CARTESIAN_POINT('',(80.,140.,90.));
#4276 = DIRECTION('',(0.,0.,1.));
#4277 = DIRECTION('',(1.,0.,0.));
#4278 = MANIFOLD_SOLID_BREP('',#4279);
#4279 = CLOSED_SHELL('',(#4280,#4313,#4322));
#4280 = ADVANCED_FACE('',(#4281),#4308,.T.);
#4281 = FACE_BOUND('',#4282,.T.);
#4282 = EDGE_LOOP('',(#4283,#4292,#4300,#4307));
#4283 = ORIENTED_EDGE('',*,*,#4284,.F.);
#4284 = EDGE_CURVE('',#4285,#4285,#4287,.T.);
#4285 = VERTEX_POINT('',#4286);
#4286 = CARTESIAN_POINT('',(89.,320.,135.));
#4287 = CIRCLE('',#4288,9.);
#4288 = AXIS2_PLACEMENT_3D('',#4289,#4290,#4291);
#4289 = CARTESIAN_POINT('',(80.,320.,135.));
#4290 = DIRECTION('',(0.,0.,1.));
#4291 = DIRECTION('',(1.,0.,0.));
#4292 = ORIENTED_EDGE('',*,*,#4293,.F.);
#4293 = EDGE_CURVE('',#4294,#4285,#4296,.T.);
#4294 = VERTEX_POINT('',#4295);
#4295 = CARTESIAN_POINT('',(89.,320.,90.));
#4296 = LINE('',#4297,#4298);
#4297 = CARTESIAN_POINT('',(89.,320.,90.));
#4298 = VECTOR('',#4299,1.);
#4299 = DIRECTION('',(0.,0.,1.));
#4300 = ORIENTED_EDGE('',*,*,#4301,.T.);
#4301 = EDGE_CURVE('',#4294,#4294,#4302,.T.);
#4302 = CIRCLE('',#4303,9.);
#4303 = AXIS2_PLACEMENT_3D('',#4304,#4305,#4306);
#4304 = CARTESIAN_POINT('',(80.,320.,90.));
#4305 = DIRECTION('',(0.,0.,1.));
#4306 = DIRECTION('',(1.,0.,0.));
#4307 = ORIENTED_EDGE('',*,*,#4293,.T.);
#4308 = CYLINDRICAL_SURFACE('',#4309,9.);
#4309 = AXIS2_PLACEMENT_3D('',#4310,#4311,#4312);
#4310 = CARTESIAN_POINT('',(80.,320.,90.));
#4311 = DIRECTION('',(0.,0.,1.));
#4312 = DIRECTION('',(1.,0.,0.));
#4313 = ADVANCED_FACE('',(#4314),#4317,.T.);
#4314 = FACE_BOUND('',#4315,.T.);
#4315 = EDGE_LOOP('',(#4316));
#4316 = ORIENTED_EDGE('',*,*,#4284,.T.);
#4317 = PLANE('',#4318);
#4318 = AXIS2_PLACEMENT_3D('',#4319,#4320,#4321);
#4319 = CARTESIAN_POINT('',(80.,320.,135.));
#4320 = DIRECTION('',(0.,0.,1.));
#4321 = DIRECTION('',(1.,0.,0.));
#4322 = ADVANCED_FACE('',(#4323),#4326,.F.);
#4323 = FACE_BOUND('',#4324,.T.);
#4324 = EDGE_LOOP('',(#4325));
#4325 = ORIENTED_EDGE('',*,*,#4301,.F.);
#4326 = PLANE('',#4327);
#4327 = AXIS2_PLACEMENT_3D('',#4328,#4329,#4330);
#4328 = CARTESIAN_POINT('',(80.,320.,90.));
#4329 = DIRECTION('',(0.,0.,1.));
#4330 = DIRECTION('',(1.,0.,0.));
#4331 = MANIFOLD_SOLID_BREP('',#4332);
#4332 = CLOSED_SHELL('',(#4333,#4373,#4404,#4435,#4466,#4497,#4528,#4559
    ,#4590,#4612,#4629));
#4333 = ADVANCED_FACE('',(#4334),#4368,.T.);
#4334 = FACE_BOUND('',#4335,.T.);
#4335 = EDGE_LOOP('',(#4336,#4346,#4354,#4362));
#4336 = ORIENTED_EDGE('',*,*,#4337,.T.);
#4337 = EDGE_CURVE('',#4338,#4340,#4342,.T.);
#4338 = VERTEX_POINT('',#4339);
#4339 = CARTESIAN_POINT('',(-250.,100.,10.));
#4340 = VERTEX_POINT('',#4341);
#4341 = CARTESIAN_POINT('',(-250.,360.,10.));
#4342 = LINE('',#4343,#4344);
#4343 = CARTESIAN_POINT('',(-250.,100.,10.));
#4344 = VECTOR('',#4345,1.);
#4345 = DIRECTION('',(0.,1.,0.));
#4346 = ORIENTED_EDGE('',*,*,#4347,.T.);
#4347 = EDGE_CURVE('',#4340,#4348,#4350,.T.);
#4348 = VERTEX_POINT('',#4349);
#4349 = CARTESIAN_POINT('',(30.,360.,10.));
#4350 = LINE('',#4351,#4352);
#4351 = CARTESIAN_POINT('',(-250.,360.,10.));
#4352 = VECTOR('',#4353,1.);
#4353 = DIRECTION('',(1.,0.,0.));
#4354 = ORIENTED_EDGE('',*,*,#4355,.F.);
#4355 = EDGE_CURVE('',#4356,#4348,#4358,.T.);
#4356 = VERTEX_POINT('',#4357);
#4357 = CARTESIAN_POINT('',(30.,100.,10.));
#4358 = LINE('',#4359,#4360);
#4359 = CARTESIAN_POINT('',(30.,100.,10.));
#4360 = VECTOR('',#4361,1.);
#4361 = DIRECTION('',(0.,1.,0.));
#4362 = ORIENTED_EDGE('',*,*,#4363,.F.);
#4363 = EDGE_CURVE('',#4338,#4356,#4364,.T.);
#4364 = LINE('',#4365,#4366);
#4365 = CARTESIAN_POINT('',(-250.,100.,10.));
#4366 = VECTOR('',#4367,1.);
#4367 = DIRECTION('',(1.,0.,0.));
#4368 = PLANE('',#4369);
#4369 = AXIS2_PLACEMENT_3D('',#4370,#4371,#4372);
#4370 = CARTESIAN_POINT('',(-250.,100.,10.));
#4371 = DIRECTION('',(0.,0.,-1.));
#4372 = DIRECTION('',(1.,0.,0.));
#4373 = ADVANCED_FACE('',(#4374),#4399,.T.);
#4374 = FACE_BOUND('',#4375,.T.);
#4375 = EDGE_LOOP('',(#4376,#4377,#4385,#4393));
#4376 = ORIENTED_EDGE('',*,*,#4355,.T.);
#4377 = ORIENTED_EDGE('',*,*,#4378,.T.);
#4378 = EDGE_CURVE('',#4348,#4379,#4381,.T.);
#4379 = VERTEX_POINT('',#4380);
#4380 = CARTESIAN_POINT('',(77.935658511212,360.,12.09291604954));
#4381 = LINE('',#4382,#4383);
#4382 = CARTESIAN_POINT('',(30.,360.,10.));
#4383 = VECTOR('',#4384,1.);
#4384 = DIRECTION('',(0.999048221582,0.,4.361938736534E-02));
#4385 = ORIENTED_EDGE('',*,*,#4386,.F.);
#4386 = EDGE_CURVE('',#4387,#4379,#4389,.T.);
#4387 = VERTEX_POINT('',#4388);
#4388 = CARTESIAN_POINT('',(77.935658511212,100.,12.09291604954));
#4389 = LINE('',#4390,#4391);
#4390 = CARTESIAN_POINT('',(77.935658511212,100.,12.09291604954));
#4391 = VECTOR('',#4392,1.);
#4392 = DIRECTION('',(0.,1.,0.));
#4393 = ORIENTED_EDGE('',*,*,#4394,.F.);
#4394 = EDGE_CURVE('',#4356,#4387,#4395,.T.);
#4395 = LINE('',#4396,#4397);
#4396 = CARTESIAN_POINT('',(30.,100.,10.));
#4397 = VECTOR('',#4398,1.);
#4398 = DIRECTION('',(0.999048221582,0.,4.361938736534E-02));
#4399 = PLANE('',#4400);
#4400 = AXIS2_PLACEMENT_3D('',#4401,#4402,#4403);
#4401 = CARTESIAN_POINT('',(30.,100.,10.));
#4402 = DIRECTION('',(4.361938736534E-02,0.,-0.999048221582));
#4403 = DIRECTION('',(0.999048221582,0.,4.361938736534E-02));
#4404 = ADVANCED_FACE('',(#4405),#4430,.T.);
#4405 = FACE_BOUND('',#4406,.T.);
#4406 = EDGE_LOOP('',(#4407,#4408,#4416,#4424));
#4407 = ORIENTED_EDGE('',*,*,#4386,.T.);
#4408 = ORIENTED_EDGE('',*,*,#4409,.T.);
#4409 = EDGE_CURVE('',#4379,#4410,#4412,.T.);
#4410 = VERTEX_POINT('',#4411);
#4411 = CARTESIAN_POINT('',(125.50649771681,360.,18.355735843286));
#4412 = LINE('',#4413,#4414);
#4413 = CARTESIAN_POINT('',(77.935658511212,360.,12.09291604954));
#4414 = VECTOR('',#4415,1.);
#4415 = DIRECTION('',(0.991444861374,0.,0.13052619222));
#4416 = ORIENTED_EDGE('',*,*,#4417,.F.);
#4417 = EDGE_CURVE('',#4418,#4410,#4420,.T.);
#4418 = VERTEX_POINT('',#4419);
#4419 = CARTESIAN_POINT('',(125.50649771681,100.,18.355735843286));
#4420 = LINE('',#4421,#4422);
#4421 = CARTESIAN_POINT('',(125.50649771681,100.,18.355735843286));
#4422 = VECTOR('',#4423,1.);
#4423 = DIRECTION('',(0.,1.,0.));
#4424 = ORIENTED_EDGE('',*,*,#4425,.F.);
#4425 = EDGE_CURVE('',#4387,#4418,#4426,.T.);
#4426 = LINE('',#4427,#4428);
#4427 = CARTESIAN_POINT('',(77.935658511212,100.,12.09291604954));
#4428 = VECTOR('',#4429,1.);
#4429 = DIRECTION('',(0.991444861374,0.,0.13052619222));
#4430 = PLANE('',#4431);
#4431 = AXIS2_PLACEMENT_3D('',#4432,#4433,#4434);
#4432 = CARTESIAN_POINT('',(77.935658511212,100.,12.09291604954));
#4433 = DIRECTION('',(0.13052619222,0.,-0.991444861374));
#4434 = DIRECTION('',(0.991444861374,0.,0.13052619222));
#4435 = ADVANCED_FACE('',(#4436),#4461,.T.);
#4436 = FACE_BOUND('',#4437,.T.);
#4437 = EDGE_LOOP('',(#4438,#4439,#4447,#4455));
#4438 = ORIENTED_EDGE('',*,*,#4417,.T.);
#4439 = ORIENTED_EDGE('',*,*,#4440,.T.);
#4440 = EDGE_CURVE('',#4410,#4441,#4443,.T.);
#4441 = VERTEX_POINT('',#4442);
#4442 = CARTESIAN_POINT('',(172.35047480638,360.,28.740795541012));
#4443 = LINE('',#4444,#4445);
#4444 = CARTESIAN_POINT('',(125.50649771681,360.,18.355735843286));
#4445 = VECTOR('',#4446,1.);
#4446 = DIRECTION('',(0.97629600712,0.,0.216439613938));
#4447 = ORIENTED_EDGE('',*,*,#4448,.F.);
#4448 = EDGE_CURVE('',#4449,#4441,#4451,.T.);
#4449 = VERTEX_POINT('',#4450);
#4450 = CARTESIAN_POINT('',(172.35047480638,100.,28.740795541012));
#4451 = LINE('',#4452,#4453);
#4452 = CARTESIAN_POINT('',(172.35047480638,100.,28.740795541012));
#4453 = VECTOR('',#4454,1.);
#4454 = DIRECTION('',(0.,1.,0.));
#4455 = ORIENTED_EDGE('',*,*,#4456,.F.);
#4456 = EDGE_CURVE('',#4418,#4449,#4457,.T.);
#4457 = LINE('',#4458,#4459);
#4458 = CARTESIAN_POINT('',(125.50649771681,100.,18.355735843286));
#4459 = VECTOR('',#4460,1.);
#4460 = DIRECTION('',(0.97629600712,0.,0.216439613938));
#4461 = PLANE('',#4462);
#4462 = AXIS2_PLACEMENT_3D('',#4463,#4464,#4465);
#4463 = CARTESIAN_POINT('',(125.50649771681,100.,18.355735843286));
#4464 = DIRECTION('',(0.216439613938,0.,-0.97629600712));
#4465 = DIRECTION('',(0.97629600712,0.,0.216439613938));
#4466 = ADVANCED_FACE('',(#4467),#4492,.T.);
#4467 = FACE_BOUND('',#4468,.T.);
#4468 = EDGE_LOOP('',(#4469,#4470,#4478,#4486));
#4469 = ORIENTED_EDGE('',*,*,#4448,.T.);
#4470 = ORIENTED_EDGE('',*,*,#4471,.T.);
#4471 = EDGE_CURVE('',#4441,#4472,#4474,.T.);
#4472 = VERTEX_POINT('',#4473);
#4473 = CARTESIAN_POINT('',(218.11107882911,360.,43.16905856775));
#4474 = LINE('',#4475,#4476);
#4475 = CARTESIAN_POINT('',(172.35047480638,360.,28.740795541012));
#4476 = VECTOR('',#4477,1.);
#4477 = DIRECTION('',(0.953716950748,0.,0.300705799504));
#4478 = ORIENTED_EDGE('',*,*,#4479,.F.);
#4479 = EDGE_CURVE('',#4480,#4472,#4482,.T.);
#4480 = VERTEX_POINT('',#4481);
#4481 = CARTESIAN_POINT('',(218.11107882911,100.,43.16905856775));
#4482 = LINE('',#4483,#4484);
#4483 = CARTESIAN_POINT('',(218.11107882911,100.,43.16905856775));
#4484 = VECTOR('',#4485,1.);
#4485 = DIRECTION('',(0.,1.,0.));
#4486 = ORIENTED_EDGE('',*,*,#4487,.F.);
#4487 = EDGE_CURVE('',#4449,#4480,#4488,.T.);
#4488 = LINE('',#4489,#4490);
#4489 = CARTESIAN_POINT('',(172.35047480638,100.,28.740795541012));
#4490 = VECTOR('',#4491,1.);
#4491 = DIRECTION('',(0.953716950748,0.,0.300705799504));
#4492 = PLANE('',#4493);
#4493 = AXIS2_PLACEMENT_3D('',#4494,#4495,#4496);
#4494 = CARTESIAN_POINT('',(172.35047480638,100.,28.740795541012));
#4495 = DIRECTION('',(0.300705799504,0.,-0.953716950748));
#4496 = DIRECTION('',(0.953716950748,0.,0.300705799504));
#4497 = ADVANCED_FACE('',(#4498),#4523,.T.);
#4498 = FACE_BOUND('',#4499,.T.);
#4499 = EDGE_LOOP('',(#4500,#4501,#4509,#4517));
#4500 = ORIENTED_EDGE('',*,*,#4479,.T.);
#4501 = ORIENTED_EDGE('',*,*,#4502,.T.);
#4502 = EDGE_CURVE('',#4472,#4503,#4505,.T.);
#4503 = VERTEX_POINT('',#4504);
#4504 = CARTESIAN_POINT('',(262.44004395738,360.,61.530717129843));
#4505 = LINE('',#4506,#4507);
#4506 = CARTESIAN_POINT('',(218.11107882911,360.,43.16905856775));
#4507 = VECTOR('',#4508,1.);
#4508 = DIRECTION('',(0.923879532511,0.,0.382683432365));
#4509 = ORIENTED_EDGE('',*,*,#4510,.F.);
#4510 = EDGE_CURVE('',#4511,#4503,#4513,.T.);
#4511 = VERTEX_POINT('',#4512);
#4512 = CARTESIAN_POINT('',(262.44004395738,100.,61.530717129843));
#4513 = LINE('',#4514,#4515);
#4514 = CARTESIAN_POINT('',(262.44004395738,100.,61.530717129843));
#4515 = VECTOR('',#4516,1.);
#4516 = DIRECTION('',(0.,1.,0.));
#4517 = ORIENTED_EDGE('',*,*,#4518,.F.);
#4518 = EDGE_CURVE('',#4480,#4511,#4519,.T.);
#4519 = LINE('',#4520,#4521);
#4520 = CARTESIAN_POINT('',(218.11107882911,100.,43.16905856775));
#4521 = VECTOR('',#4522,1.);
#4522 = DIRECTION('',(0.923879532511,0.,0.382683432365));
#4523 = PLANE('',#4524);
#4524 = AXIS2_PLACEMENT_3D('',#4525,#4526,#4527);
#4525 = CARTESIAN_POINT('',(218.11107882911,100.,43.16905856775));
#4526 = DIRECTION('',(0.382683432365,0.,-0.923879532511));
#4527 = DIRECTION('',(0.923879532511,0.,0.382683432365));
#4528 = ADVANCED_FACE('',(#4529),#4554,.T.);
#4529 = FACE_BOUND('',#4530,.T.);
#4530 = EDGE_LOOP('',(#4531,#4532,#4540,#4548));
#4531 = ORIENTED_EDGE('',*,*,#4510,.T.);
#4532 = ORIENTED_EDGE('',*,*,#4533,.T.);
#4533 = EDGE_CURVE('',#4503,#4534,#4536,.T.);
#4534 = VERTEX_POINT('',#4535);
#4535 = CARTESIAN_POINT('',(279.79991993593,360.,70.));
#4536 = LINE('',#4537,#4538);
#4537 = CARTESIAN_POINT('',(262.44004395738,360.,61.530717129843));
#4538 = VECTOR('',#4539,1.);
#4539 = DIRECTION('',(0.898747010465,0.,0.438467571412));
#4540 = ORIENTED_EDGE('',*,*,#4541,.F.);
#4541 = EDGE_CURVE('',#4542,#4534,#4544,.T.);
#4542 = VERTEX_POINT('',#4543);
#4543 = CARTESIAN_POINT('',(279.79991993593,100.,70.));
#4544 = LINE('',#4545,#4546);
#4545 = CARTESIAN_POINT('',(279.79991993593,100.,70.));
#4546 = VECTOR('',#4547,1.);
#4547 = DIRECTION('',(0.,1.,0.));
#4548 = ORIENTED_EDGE('',*,*,#4549,.F.);
#4549 = EDGE_CURVE('',#4511,#4542,#4550,.T.);
#4550 = LINE('',#4551,#4552);
#4551 = CARTESIAN_POINT('',(262.44004395738,100.,61.530717129843));
#4552 = VECTOR('',#4553,1.);
#4553 = DIRECTION('',(0.898747010465,0.,0.438467571412));
#4554 = PLANE('',#4555);
#4555 = AXIS2_PLACEMENT_3D('',#4556,#4557,#4558);
#4556 = CARTESIAN_POINT('',(262.44004395738,100.,61.530717129843));
#4557 = DIRECTION('',(0.438467571412,0.,-0.898747010465));
#4558 = DIRECTION('',(0.898747010465,0.,0.438467571412));
#4559 = ADVANCED_FACE('',(#4560),#4585,.T.);
#4560 = FACE_BOUND('',#4561,.T.);
#4561 = EDGE_LOOP('',(#4562,#4563,#4571,#4579));
#4562 = ORIENTED_EDGE('',*,*,#4541,.T.);
#4563 = ORIENTED_EDGE('',*,*,#4564,.T.);
#4564 = EDGE_CURVE('',#4534,#4565,#4567,.T.);
#4565 = VERTEX_POINT('',#4566);
#4566 = CARTESIAN_POINT('',(-250.,360.,70.));
#4567 = LINE('',#4568,#4569);
#4568 = CARTESIAN_POINT('',(279.79991993593,360.,70.));
#4569 = VECTOR('',#4570,1.);
#4570 = DIRECTION('',(-1.,0.,0.));
#4571 = ORIENTED_EDGE('',*,*,#4572,.F.);
#4572 = EDGE_CURVE('',#4573,#4565,#4575,.T.);
#4573 = VERTEX_POINT('',#4574);
#4574 = CARTESIAN_POINT('',(-250.,100.,70.));
#4575 = LINE('',#4576,#4577);
#4576 = CARTESIAN_POINT('',(-250.,100.,70.));
#4577 = VECTOR('',#4578,1.);
#4578 = DIRECTION('',(0.,1.,0.));
#4579 = ORIENTED_EDGE('',*,*,#4580,.F.);
#4580 = EDGE_CURVE('',#4542,#4573,#4581,.T.);
#4581 = LINE('',#4582,#4583);
#4582 = CARTESIAN_POINT('',(279.79991993593,100.,70.));
#4583 = VECTOR('',#4584,1.);
#4584 = DIRECTION('',(-1.,0.,0.));
#4585 = PLANE('',#4586);
#4586 = AXIS2_PLACEMENT_3D('',#4587,#4588,#4589);
#4587 = CARTESIAN_POINT('',(279.79991993593,100.,70.));
#4588 = DIRECTION('',(0.,0.,1.));
#4589 = DIRECTION('',(-1.,0.,0.));
#4590 = ADVANCED_FACE('',(#4591),#4607,.T.);
#4591 = FACE_BOUND('',#4592,.T.);
#4592 = EDGE_LOOP('',(#4593,#4594,#4600,#4601));
#4593 = ORIENTED_EDGE('',*,*,#4572,.T.);
#4594 = ORIENTED_EDGE('',*,*,#4595,.T.);
#4595 = EDGE_CURVE('',#4565,#4340,#4596,.T.);
#4596 = LINE('',#4597,#4598);
#4597 = CARTESIAN_POINT('',(-250.,360.,70.));
#4598 = VECTOR('',#4599,1.);
#4599 = DIRECTION('',(0.,0.,-1.));
#4600 = ORIENTED_EDGE('',*,*,#4337,.F.);
#4601 = ORIENTED_EDGE('',*,*,#4602,.F.);
#4602 = EDGE_CURVE('',#4573,#4338,#4603,.T.);
#4603 = LINE('',#4604,#4605);
#4604 = CARTESIAN_POINT('',(-250.,100.,70.));
#4605 = VECTOR('',#4606,1.);
#4606 = DIRECTION('',(0.,0.,-1.));
#4607 = PLANE('',#4608);
#4608 = AXIS2_PLACEMENT_3D('',#4609,#4610,#4611);
#4609 = CARTESIAN_POINT('',(-250.,100.,70.));
#4610 = DIRECTION('',(-1.,0.,0.));
#4611 = DIRECTION('',(0.,0.,-1.));
#4612 = ADVANCED_FACE('',(#4613),#4624,.T.);
#4613 = FACE_BOUND('',#4614,.T.);
#4614 = EDGE_LOOP('',(#4615,#4616,#4617,#4618,#4619,#4620,#4621,#4622,
    #4623));
#4615 = ORIENTED_EDGE('',*,*,#4363,.T.);
#4616 = ORIENTED_EDGE('',*,*,#4394,.T.);
#4617 = ORIENTED_EDGE('',*,*,#4425,.T.);
#4618 = ORIENTED_EDGE('',*,*,#4456,.T.);
#4619 = ORIENTED_EDGE('',*,*,#4487,.T.);
#4620 = ORIENTED_EDGE('',*,*,#4518,.T.);
#4621 = ORIENTED_EDGE('',*,*,#4549,.T.);
#4622 = ORIENTED_EDGE('',*,*,#4580,.T.);
#4623 = ORIENTED_EDGE('',*,*,#4602,.T.);
#4624 = PLANE('',#4625);
#4625 = AXIS2_PLACEMENT_3D('',#4626,#4627,#4628);
#4626 = CARTESIAN_POINT('',(2.518083703664,100.,44.448781479104));
#4627 = DIRECTION('',(-0.,-1.,-0.));
#4628 = DIRECTION('',(0.,0.,-1.));
#4629 = ADVANCED_FACE('',(#4630),#4641,.F.);
#4630 = FACE_BOUND('',#4631,.F.);
#4631 = EDGE_LOOP('',(#4632,#4633,#4634,#4635,#4636,#4637,#4638,#4639,
    #4640));
#4632 = ORIENTED_EDGE('',*,*,#4347,.T.);
#4633 = ORIENTED_EDGE('',*,*,#4378,.T.);
#4634 = ORIENTED_EDGE('',*,*,#4409,.T.);
#4635 = ORIENTED_EDGE('',*,*,#4440,.T.);
#4636 = ORIENTED_EDGE('',*,*,#4471,.T.);
#4637 = ORIENTED_EDGE('',*,*,#4502,.T.);
#4638 = ORIENTED_EDGE('',*,*,#4533,.T.);
#4639 = ORIENTED_EDGE('',*,*,#4564,.T.);
#4640 = ORIENTED_EDGE('',*,*,#4595,.T.);
#4641 = PLANE('',#4642);
#4642 = AXIS2_PLACEMENT_3D('',#4643,#4644,#4645);
#4643 = CARTESIAN_POINT('',(2.518083703664,360.,44.448781479104));
#4644 = DIRECTION('',(-0.,-1.,-0.));
#4645 = DIRECTION('',(0.,0.,-1.));
#4646 = MANIFOLD_SOLID_BREP('',#4647);
#4647 = CLOSED_SHELL('',(#4648,#4688,#4728,#4750,#4772,#4784));
#4648 = ADVANCED_FACE('',(#4649),#4683,.F.);
#4649 = FACE_BOUND('',#4650,.F.);
#4650 = EDGE_LOOP('',(#4651,#4661,#4669,#4677));
#4651 = ORIENTED_EDGE('',*,*,#4652,.F.);
#4652 = EDGE_CURVE('',#4653,#4655,#4657,.T.);
#4653 = VERTEX_POINT('',#4654);
#4654 = CARTESIAN_POINT('',(75.,-71.,815.));
#4655 = VERTEX_POINT('',#4656);
#4656 = CARTESIAN_POINT('',(75.,-71.,865.));
#4657 = LINE('',#4658,#4659);
#4658 = CARTESIAN_POINT('',(75.,-71.,815.));
#4659 = VECTOR('',#4660,1.);
#4660 = DIRECTION('',(0.,0.,1.));
#4661 = ORIENTED_EDGE('',*,*,#4662,.T.);
#4662 = EDGE_CURVE('',#4653,#4663,#4665,.T.);
#4663 = VERTEX_POINT('',#4664);
#4664 = CARTESIAN_POINT('',(75.,-49.,815.));
#4665 = LINE('',#4666,#4667);
#4666 = CARTESIAN_POINT('',(75.,-71.,815.));
#4667 = VECTOR('',#4668,1.);
#4668 = DIRECTION('',(0.,1.,0.));
#4669 = ORIENTED_EDGE('',*,*,#4670,.T.);
#4670 = EDGE_CURVE('',#4663,#4671,#4673,.T.);
#4671 = VERTEX_POINT('',#4672);
#4672 = CARTESIAN_POINT('',(75.,-49.,865.));
#4673 = LINE('',#4674,#4675);
#4674 = CARTESIAN_POINT('',(75.,-49.,815.));
#4675 = VECTOR('',#4676,1.);
#4676 = DIRECTION('',(0.,0.,1.));
#4677 = ORIENTED_EDGE('',*,*,#4678,.F.);
#4678 = EDGE_CURVE('',#4655,#4671,#4679,.T.);
#4679 = LINE('',#4680,#4681);
#4680 = CARTESIAN_POINT('',(75.,-71.,865.));
#4681 = VECTOR('',#4682,1.);
#4682 = DIRECTION('',(0.,1.,0.));
#4683 = PLANE('',#4684);
#4684 = AXIS2_PLACEMENT_3D('',#4685,#4686,#4687);
#4685 = CARTESIAN_POINT('',(75.,-71.,815.));
#4686 = DIRECTION('',(1.,0.,0.));
#4687 = DIRECTION('',(0.,0.,1.));
#4688 = ADVANCED_FACE('',(#4689),#4723,.T.);
#4689 = FACE_BOUND('',#4690,.T.);
#4690 = EDGE_LOOP('',(#4691,#4701,#4709,#4717));
#4691 = ORIENTED_EDGE('',*,*,#4692,.F.);
#4692 = EDGE_CURVE('',#4693,#4695,#4697,.T.);
#4693 = VERTEX_POINT('',#4694);
#4694 = CARTESIAN_POINT('',(195.,-71.,815.));
#4695 = VERTEX_POINT('',#4696);
#4696 = CARTESIAN_POINT('',(195.,-71.,865.));
#4697 = LINE('',#4698,#4699);
#4698 = CARTESIAN_POINT('',(195.,-71.,815.));
#4699 = VECTOR('',#4700,1.);
#4700 = DIRECTION('',(0.,0.,1.));
#4701 = ORIENTED_EDGE('',*,*,#4702,.T.);
#4702 = EDGE_CURVE('',#4693,#4703,#4705,.T.);
#4703 = VERTEX_POINT('',#4704);
#4704 = CARTESIAN_POINT('',(195.,-49.,815.));
#4705 = LINE('',#4706,#4707);
#4706 = CARTESIAN_POINT('',(195.,-71.,815.));
#4707 = VECTOR('',#4708,1.);
#4708 = DIRECTION('',(0.,1.,0.));
#4709 = ORIENTED_EDGE('',*,*,#4710,.T.);
#4710 = EDGE_CURVE('',#4703,#4711,#4713,.T.);
#4711 = VERTEX_POINT('',#4712);
#4712 = CARTESIAN_POINT('',(195.,-49.,865.));
#4713 = LINE('',#4714,#4715);
#4714 = CARTESIAN_POINT('',(195.,-49.,815.));
#4715 = VECTOR('',#4716,1.);
#4716 = DIRECTION('',(0.,0.,1.));
#4717 = ORIENTED_EDGE('',*,*,#4718,.F.);
#4718 = EDGE_CURVE('',#4695,#4711,#4719,.T.);
#4719 = LINE('',#4720,#4721);
#4720 = CARTESIAN_POINT('',(195.,-71.,865.));
#4721 = VECTOR('',#4722,1.);
#4722 = DIRECTION('',(0.,1.,0.));
#4723 = PLANE('',#4724);
#4724 = AXIS2_PLACEMENT_3D('',#4725,#4726,#4727);
#4725 = CARTESIAN_POINT('',(195.,-71.,815.));
#4726 = DIRECTION('',(1.,0.,0.));
#4727 = DIRECTION('',(0.,0.,1.));
#4728 = ADVANCED_FACE('',(#4729),#4745,.F.);
#4729 = FACE_BOUND('',#4730,.F.);
#4730 = EDGE_LOOP('',(#4731,#4737,#4738,#4744));
#4731 = ORIENTED_EDGE('',*,*,#4732,.F.);
#4732 = EDGE_CURVE('',#4653,#4693,#4733,.T.);
#4733 = LINE('',#4734,#4735);
#4734 = CARTESIAN_POINT('',(75.,-71.,815.));
#4735 = VECTOR('',#4736,1.);
#4736 = DIRECTION('',(1.,0.,0.));
#4737 = ORIENTED_EDGE('',*,*,#4652,.T.);
#4738 = ORIENTED_EDGE('',*,*,#4739,.T.);
#4739 = EDGE_CURVE('',#4655,#4695,#4740,.T.);
#4740 = LINE('',#4741,#4742);
#4741 = CARTESIAN_POINT('',(75.,-71.,865.));
#4742 = VECTOR('',#4743,1.);
#4743 = DIRECTION('',(1.,0.,0.));
#4744 = ORIENTED_EDGE('',*,*,#4692,.F.);
#4745 = PLANE('',#4746);
#4746 = AXIS2_PLACEMENT_3D('',#4747,#4748,#4749);
#4747 = CARTESIAN_POINT('',(75.,-71.,815.));
#4748 = DIRECTION('',(0.,1.,0.));
#4749 = DIRECTION('',(0.,0.,1.));
#4750 = ADVANCED_FACE('',(#4751),#4767,.T.);
#4751 = FACE_BOUND('',#4752,.T.);
#4752 = EDGE_LOOP('',(#4753,#4759,#4760,#4766));
#4753 = ORIENTED_EDGE('',*,*,#4754,.F.);
#4754 = EDGE_CURVE('',#4663,#4703,#4755,.T.);
#4755 = LINE('',#4756,#4757);
#4756 = CARTESIAN_POINT('',(75.,-49.,815.));
#4757 = VECTOR('',#4758,1.);
#4758 = DIRECTION('',(1.,0.,0.));
#4759 = ORIENTED_EDGE('',*,*,#4670,.T.);
#4760 = ORIENTED_EDGE('',*,*,#4761,.T.);
#4761 = EDGE_CURVE('',#4671,#4711,#4762,.T.);
#4762 = LINE('',#4763,#4764);
#4763 = CARTESIAN_POINT('',(75.,-49.,865.));
#4764 = VECTOR('',#4765,1.);
#4765 = DIRECTION('',(1.,0.,0.));
#4766 = ORIENTED_EDGE('',*,*,#4710,.F.);
#4767 = PLANE('',#4768);
#4768 = AXIS2_PLACEMENT_3D('',#4769,#4770,#4771);
#4769 = CARTESIAN_POINT('',(75.,-49.,815.));
#4770 = DIRECTION('',(0.,1.,0.));
#4771 = DIRECTION('',(0.,0.,1.));
#4772 = ADVANCED_FACE('',(#4773),#4779,.F.);
#4773 = FACE_BOUND('',#4774,.F.);
#4774 = EDGE_LOOP('',(#4775,#4776,#4777,#4778));
#4775 = ORIENTED_EDGE('',*,*,#4662,.F.);
#4776 = ORIENTED_EDGE('',*,*,#4732,.T.);
#4777 = ORIENTED_EDGE('',*,*,#4702,.T.);
#4778 = ORIENTED_EDGE('',*,*,#4754,.F.);
#4779 = PLANE('',#4780);
#4780 = AXIS2_PLACEMENT_3D('',#4781,#4782,#4783);
#4781 = CARTESIAN_POINT('',(75.,-71.,815.));
#4782 = DIRECTION('',(0.,0.,1.));
#4783 = DIRECTION('',(1.,0.,0.));
#4784 = ADVANCED_FACE('',(#4785),#4791,.T.);
#4785 = FACE_BOUND('',#4786,.T.);
#4786 = EDGE_LOOP('',(#4787,#4788,#4789,#4790));
#4787 = ORIENTED_EDGE('',*,*,#4678,.F.);
#4788 = ORIENTED_EDGE('',*,*,#4739,.T.);
#4789 = ORIENTED_EDGE('',*,*,#4718,.T.);
#4790 = ORIENTED_EDGE('',*,*,#4761,.F.);
#4791 = PLANE('',#4792);
#4792 = AXIS2_PLACEMENT_3D('',#4793,#4794,#4795);
#4793 = CARTESIAN_POINT('',(75.,-71.,865.));
#4794 = DIRECTION('',(0.,0.,1.));
#4795 = DIRECTION('',(1.,0.,0.));
#4796 = MANIFOLD_SOLID_BREP('',#4797);
#4797 = CLOSED_SHELL('',(#4798,#4838,#4878,#4900,#4922,#4934));
#4798 = ADVANCED_FACE('',(#4799),#4833,.F.);
#4799 = FACE_BOUND('',#4800,.F.);
#4800 = EDGE_LOOP('',(#4801,#4811,#4819,#4827));
#4801 = ORIENTED_EDGE('',*,*,#4802,.F.);
#4802 = EDGE_CURVE('',#4803,#4805,#4807,.T.);
#4803 = VERTEX_POINT('',#4804);
#4804 = CARTESIAN_POINT('',(5.,49.,815.));
#4805 = VERTEX_POINT('',#4806);
#4806 = CARTESIAN_POINT('',(5.,49.,865.));
#4807 = LINE('',#4808,#4809);
#4808 = CARTESIAN_POINT('',(5.,49.,815.));
#4809 = VECTOR('',#4810,1.);
#4810 = DIRECTION('',(0.,0.,1.));
#4811 = ORIENTED_EDGE('',*,*,#4812,.T.);
#4812 = EDGE_CURVE('',#4803,#4813,#4815,.T.);
#4813 = VERTEX_POINT('',#4814);
#4814 = CARTESIAN_POINT('',(5.,71.,815.));
#4815 = LINE('',#4816,#4817);
#4816 = CARTESIAN_POINT('',(5.,49.,815.));
#4817 = VECTOR('',#4818,1.);
#4818 = DIRECTION('',(0.,1.,0.));
#4819 = ORIENTED_EDGE('',*,*,#4820,.T.);
#4820 = EDGE_CURVE('',#4813,#4821,#4823,.T.);
#4821 = VERTEX_POINT('',#4822);
#4822 = CARTESIAN_POINT('',(5.,71.,865.));
#4823 = LINE('',#4824,#4825);
#4824 = CARTESIAN_POINT('',(5.,71.,815.));
#4825 = VECTOR('',#4826,1.);
#4826 = DIRECTION('',(0.,0.,1.));
#4827 = ORIENTED_EDGE('',*,*,#4828,.F.);
#4828 = EDGE_CURVE('',#4805,#4821,#4829,.T.);
#4829 = LINE('',#4830,#4831);
#4830 = CARTESIAN_POINT('',(5.,49.,865.));
#4831 = VECTOR('',#4832,1.);
#4832 = DIRECTION('',(0.,1.,0.));
#4833 = PLANE('',#4834);
#4834 = AXIS2_PLACEMENT_3D('',#4835,#4836,#4837);
#4835 = CARTESIAN_POINT('',(5.,49.,815.));
#4836 = DIRECTION('',(1.,0.,0.));
#4837 = DIRECTION('',(0.,0.,1.));
#4838 = ADVANCED_FACE('',(#4839),#4873,.T.);
#4839 = FACE_BOUND('',#4840,.T.);
#4840 = EDGE_LOOP('',(#4841,#4851,#4859,#4867));
#4841 = ORIENTED_EDGE('',*,*,#4842,.F.);
#4842 = EDGE_CURVE('',#4843,#4845,#4847,.T.);
#4843 = VERTEX_POINT('',#4844);
#4844 = CARTESIAN_POINT('',(125.,49.,815.));
#4845 = VERTEX_POINT('',#4846);
#4846 = CARTESIAN_POINT('',(125.,49.,865.));
#4847 = LINE('',#4848,#4849);
#4848 = CARTESIAN_POINT('',(125.,49.,815.));
#4849 = VECTOR('',#4850,1.);
#4850 = DIRECTION('',(0.,0.,1.));
#4851 = ORIENTED_EDGE('',*,*,#4852,.T.);
#4852 = EDGE_CURVE('',#4843,#4853,#4855,.T.);
#4853 = VERTEX_POINT('',#4854);
#4854 = CARTESIAN_POINT('',(125.,71.,815.));
#4855 = LINE('',#4856,#4857);
#4856 = CARTESIAN_POINT('',(125.,49.,815.));
#4857 = VECTOR('',#4858,1.);
#4858 = DIRECTION('',(0.,1.,0.));
#4859 = ORIENTED_EDGE('',*,*,#4860,.T.);
#4860 = EDGE_CURVE('',#4853,#4861,#4863,.T.);
#4861 = VERTEX_POINT('',#4862);
#4862 = CARTESIAN_POINT('',(125.,71.,865.));
#4863 = LINE('',#4864,#4865);
#4864 = CARTESIAN_POINT('',(125.,71.,815.));
#4865 = VECTOR('',#4866,1.);
#4866 = DIRECTION('',(0.,0.,1.));
#4867 = ORIENTED_EDGE('',*,*,#4868,.F.);
#4868 = EDGE_CURVE('',#4845,#4861,#4869,.T.);
#4869 = LINE('',#4870,#4871);
#4870 = CARTESIAN_POINT('',(125.,49.,865.));
#4871 = VECTOR('',#4872,1.);
#4872 = DIRECTION('',(0.,1.,0.));
#4873 = PLANE('',#4874);
#4874 = AXIS2_PLACEMENT_3D('',#4875,#4876,#4877);
#4875 = CARTESIAN_POINT('',(125.,49.,815.));
#4876 = DIRECTION('',(1.,0.,0.));
#4877 = DIRECTION('',(0.,0.,1.));
#4878 = ADVANCED_FACE('',(#4879),#4895,.F.);
#4879 = FACE_BOUND('',#4880,.F.);
#4880 = EDGE_LOOP('',(#4881,#4887,#4888,#4894));
#4881 = ORIENTED_EDGE('',*,*,#4882,.F.);
#4882 = EDGE_CURVE('',#4803,#4843,#4883,.T.);
#4883 = LINE('',#4884,#4885);
#4884 = CARTESIAN_POINT('',(5.,49.,815.));
#4885 = VECTOR('',#4886,1.);
#4886 = DIRECTION('',(1.,0.,0.));
#4887 = ORIENTED_EDGE('',*,*,#4802,.T.);
#4888 = ORIENTED_EDGE('',*,*,#4889,.T.);
#4889 = EDGE_CURVE('',#4805,#4845,#4890,.T.);
#4890 = LINE('',#4891,#4892);
#4891 = CARTESIAN_POINT('',(5.,49.,865.));
#4892 = VECTOR('',#4893,1.);
#4893 = DIRECTION('',(1.,0.,0.));
#4894 = ORIENTED_EDGE('',*,*,#4842,.F.);
#4895 = PLANE('',#4896);
#4896 = AXIS2_PLACEMENT_3D('',#4897,#4898,#4899);
#4897 = CARTESIAN_POINT('',(5.,49.,815.));
#4898 = DIRECTION('',(0.,1.,0.));
#4899 = DIRECTION('',(0.,0.,1.));
#4900 = ADVANCED_FACE('',(#4901),#4917,.T.);
#4901 = FACE_BOUND('',#4902,.T.);
#4902 = EDGE_LOOP('',(#4903,#4909,#4910,#4916));
#4903 = ORIENTED_EDGE('',*,*,#4904,.F.);
#4904 = EDGE_CURVE('',#4813,#4853,#4905,.T.);
#4905 = LINE('',#4906,#4907);
#4906 = CARTESIAN_POINT('',(5.,71.,815.));
#4907 = VECTOR('',#4908,1.);
#4908 = DIRECTION('',(1.,0.,0.));
#4909 = ORIENTED_EDGE('',*,*,#4820,.T.);
#4910 = ORIENTED_EDGE('',*,*,#4911,.T.);
#4911 = EDGE_CURVE('',#4821,#4861,#4912,.T.);
#4912 = LINE('',#4913,#4914);
#4913 = CARTESIAN_POINT('',(5.,71.,865.));
#4914 = VECTOR('',#4915,1.);
#4915 = DIRECTION('',(1.,0.,0.));
#4916 = ORIENTED_EDGE('',*,*,#4860,.F.);
#4917 = PLANE('',#4918);
#4918 = AXIS2_PLACEMENT_3D('',#4919,#4920,#4921);
#4919 = CARTESIAN_POINT('',(5.,71.,815.));
#4920 = DIRECTION('',(0.,1.,0.));
#4921 = DIRECTION('',(0.,0.,1.));
#4922 = ADVANCED_FACE('',(#4923),#4929,.F.);
#4923 = FACE_BOUND('',#4924,.F.);
#4924 = EDGE_LOOP('',(#4925,#4926,#4927,#4928));
#4925 = ORIENTED_EDGE('',*,*,#4812,.F.);
#4926 = ORIENTED_EDGE('',*,*,#4882,.T.);
#4927 = ORIENTED_EDGE('',*,*,#4852,.T.);
#4928 = ORIENTED_EDGE('',*,*,#4904,.F.);
#4929 = PLANE('',#4930);
#4930 = AXIS2_PLACEMENT_3D('',#4931,#4932,#4933);
#4931 = CARTESIAN_POINT('',(5.,49.,815.));
#4932 = DIRECTION('',(0.,0.,1.));
#4933 = DIRECTION('',(1.,0.,0.));
#4934 = ADVANCED_FACE('',(#4935),#4941,.T.);
#4935 = FACE_BOUND('',#4936,.T.);
#4936 = EDGE_LOOP('',(#4937,#4938,#4939,#4940));
#4937 = ORIENTED_EDGE('',*,*,#4828,.F.);
#4938 = ORIENTED_EDGE('',*,*,#4889,.T.);
#4939 = ORIENTED_EDGE('',*,*,#4868,.T.);
#4940 = ORIENTED_EDGE('',*,*,#4911,.F.);
#4941 = PLANE('',#4942);
#4942 = AXIS2_PLACEMENT_3D('',#4943,#4944,#4945);
#4943 = CARTESIAN_POINT('',(5.,49.,865.));
#4944 = DIRECTION('',(0.,0.,1.));
#4945 = DIRECTION('',(1.,0.,0.));
#4946 = MANIFOLD_SOLID_BREP('',#4947);
#4947 = CLOSED_SHELL('',(#4948,#4988,#5028,#5050,#5072,#5084));
#4948 = ADVANCED_FACE('',(#4949),#4983,.F.);
#4949 = FACE_BOUND('',#4950,.F.);
#4950 = EDGE_LOOP('',(#4951,#4961,#4969,#4977));
#4951 = ORIENTED_EDGE('',*,*,#4952,.F.);
#4952 = EDGE_CURVE('',#4953,#4955,#4957,.T.);
#4953 = VERTEX_POINT('',#4954);
#4954 = CARTESIAN_POINT('',(155.,-440.,825.));
#4955 = VERTEX_POINT('',#4956);
#4956 = CARTESIAN_POINT('',(155.,-440.,855.));
#4957 = LINE('',#4958,#4959);
#4958 = CARTESIAN_POINT('',(155.,-440.,825.));
#4959 = VECTOR('',#4960,1.);
#4960 = DIRECTION('',(0.,0.,1.));
#4961 = ORIENTED_EDGE('',*,*,#4962,.T.);
#4962 = EDGE_CURVE('',#4953,#4963,#4965,.T.);
#4963 = VERTEX_POINT('',#4964);
#4964 = CARTESIAN_POINT('',(155.,-190.,825.));
#4965 = LINE('',#4966,#4967);
#4966 = CARTESIAN_POINT('',(155.,-440.,825.));
#4967 = VECTOR('',#4968,1.);
#4968 = DIRECTION('',(0.,1.,0.));
#4969 = ORIENTED_EDGE('',*,*,#4970,.T.);
#4970 = EDGE_CURVE('',#4963,#4971,#4973,.T.);
#4971 = VERTEX_POINT('',#4972);
#4972 = CARTESIAN_POINT('',(155.,-190.,855.));
#4973 = LINE('',#4974,#4975);
#4974 = CARTESIAN_POINT('',(155.,-190.,825.));
#4975 = VECTOR('',#4976,1.);
#4976 = DIRECTION('',(0.,0.,1.));
#4977 = ORIENTED_EDGE('',*,*,#4978,.F.);
#4978 = EDGE_CURVE('',#4955,#4971,#4979,.T.);
#4979 = LINE('',#4980,#4981);
#4980 = CARTESIAN_POINT('',(155.,-440.,855.));
#4981 = VECTOR('',#4982,1.);
#4982 = DIRECTION('',(0.,1.,0.));
#4983 = PLANE('',#4984);
#4984 = AXIS2_PLACEMENT_3D('',#4985,#4986,#4987);
#4985 = CARTESIAN_POINT('',(155.,-440.,825.));
#4986 = DIRECTION('',(1.,0.,0.));
#4987 = DIRECTION('',(0.,0.,1.));
#4988 = ADVANCED_FACE('',(#4989),#5023,.T.);
#4989 = FACE_BOUND('',#4990,.T.);
#4990 = EDGE_LOOP('',(#4991,#5001,#5009,#5017));
#4991 = ORIENTED_EDGE('',*,*,#4992,.F.);
#4992 = EDGE_CURVE('',#4993,#4995,#4997,.T.);
#4993 = VERTEX_POINT('',#4994);
#4994 = CARTESIAN_POINT('',(185.,-440.,825.));
#4995 = VERTEX_POINT('',#4996);
#4996 = CARTESIAN_POINT('',(185.,-440.,855.));
#4997 = LINE('',#4998,#4999);
#4998 = CARTESIAN_POINT('',(185.,-440.,825.));
#4999 = VECTOR('',#5000,1.);
#5000 = DIRECTION('',(0.,0.,1.));
#5001 = ORIENTED_EDGE('',*,*,#5002,.T.);
#5002 = EDGE_CURVE('',#4993,#5003,#5005,.T.);
#5003 = VERTEX_POINT('',#5004);
#5004 = CARTESIAN_POINT('',(185.,-190.,825.));
#5005 = LINE('',#5006,#5007);
#5006 = CARTESIAN_POINT('',(185.,-440.,825.));
#5007 = VECTOR('',#5008,1.);
#5008 = DIRECTION('',(0.,1.,0.));
#5009 = ORIENTED_EDGE('',*,*,#5010,.T.);
#5010 = EDGE_CURVE('',#5003,#5011,#5013,.T.);
#5011 = VERTEX_POINT('',#5012);
#5012 = CARTESIAN_POINT('',(185.,-190.,855.));
#5013 = LINE('',#5014,#5015);
#5014 = CARTESIAN_POINT('',(185.,-190.,825.));
#5015 = VECTOR('',#5016,1.);
#5016 = DIRECTION('',(0.,0.,1.));
#5017 = ORIENTED_EDGE('',*,*,#5018,.F.);
#5018 = EDGE_CURVE('',#4995,#5011,#5019,.T.);
#5019 = LINE('',#5020,#5021);
#5020 = CARTESIAN_POINT('',(185.,-440.,855.));
#5021 = VECTOR('',#5022,1.);
#5022 = DIRECTION('',(0.,1.,0.));
#5023 = PLANE('',#5024);
#5024 = AXIS2_PLACEMENT_3D('',#5025,#5026,#5027);
#5025 = CARTESIAN_POINT('',(185.,-440.,825.));
#5026 = DIRECTION('',(1.,0.,0.));
#5027 = DIRECTION('',(0.,0.,1.));
#5028 = ADVANCED_FACE('',(#5029),#5045,.F.);
#5029 = FACE_BOUND('',#5030,.F.);
#5030 = EDGE_LOOP('',(#5031,#5037,#5038,#5044));
#5031 = ORIENTED_EDGE('',*,*,#5032,.F.);
#5032 = EDGE_CURVE('',#4953,#4993,#5033,.T.);
#5033 = LINE('',#5034,#5035);
#5034 = CARTESIAN_POINT('',(155.,-440.,825.));
#5035 = VECTOR('',#5036,1.);
#5036 = DIRECTION('',(1.,0.,0.));
#5037 = ORIENTED_EDGE('',*,*,#4952,.T.);
#5038 = ORIENTED_EDGE('',*,*,#5039,.T.);
#5039 = EDGE_CURVE('',#4955,#4995,#5040,.T.);
#5040 = LINE('',#5041,#5042);
#5041 = CARTESIAN_POINT('',(155.,-440.,855.));
#5042 = VECTOR('',#5043,1.);
#5043 = DIRECTION('',(1.,0.,0.));
#5044 = ORIENTED_EDGE('',*,*,#4992,.F.);
#5045 = PLANE('',#5046);
#5046 = AXIS2_PLACEMENT_3D('',#5047,#5048,#5049);
#5047 = CARTESIAN_POINT('',(155.,-440.,825.));
#5048 = DIRECTION('',(0.,1.,0.));
#5049 = DIRECTION('',(0.,0.,1.));
#5050 = ADVANCED_FACE('',(#5051),#5067,.T.);
#5051 = FACE_BOUND('',#5052,.T.);
#5052 = EDGE_LOOP('',(#5053,#5059,#5060,#5066));
#5053 = ORIENTED_EDGE('',*,*,#5054,.F.);
#5054 = EDGE_CURVE('',#4963,#5003,#5055,.T.);
#5055 = LINE('',#5056,#5057);
#5056 = CARTESIAN_POINT('',(155.,-190.,825.));
#5057 = VECTOR('',#5058,1.);
#5058 = DIRECTION('',(1.,0.,0.));
#5059 = ORIENTED_EDGE('',*,*,#4970,.T.);
#5060 = ORIENTED_EDGE('',*,*,#5061,.T.);
#5061 = EDGE_CURVE('',#4971,#5011,#5062,.T.);
#5062 = LINE('',#5063,#5064);
#5063 = CARTESIAN_POINT('',(155.,-190.,855.));
#5064 = VECTOR('',#5065,1.);
#5065 = DIRECTION('',(1.,0.,0.));
#5066 = ORIENTED_EDGE('',*,*,#5010,.F.);
#5067 = PLANE('',#5068);
#5068 = AXIS2_PLACEMENT_3D('',#5069,#5070,#5071);
#5069 = CARTESIAN_POINT('',(155.,-190.,825.));
#5070 = DIRECTION('',(0.,1.,0.));
#5071 = DIRECTION('',(0.,0.,1.));
#5072 = ADVANCED_FACE('',(#5073),#5079,.F.);
#5073 = FACE_BOUND('',#5074,.F.);
#5074 = EDGE_LOOP('',(#5075,#5076,#5077,#5078));
#5075 = ORIENTED_EDGE('',*,*,#4962,.F.);
#5076 = ORIENTED_EDGE('',*,*,#5032,.T.);
#5077 = ORIENTED_EDGE('',*,*,#5002,.T.);
#5078 = ORIENTED_EDGE('',*,*,#5054,.F.);
#5079 = PLANE('',#5080);
#5080 = AXIS2_PLACEMENT_3D('',#5081,#5082,#5083);
#5081 = CARTESIAN_POINT('',(155.,-440.,825.));
#5082 = DIRECTION('',(0.,0.,1.));
#5083 = DIRECTION('',(1.,0.,0.));
#5084 = ADVANCED_FACE('',(#5085),#5091,.T.);
#5085 = FACE_BOUND('',#5086,.T.);
#5086 = EDGE_LOOP('',(#5087,#5088,#5089,#5090));
#5087 = ORIENTED_EDGE('',*,*,#4978,.F.);
#5088 = ORIENTED_EDGE('',*,*,#5039,.T.);
#5089 = ORIENTED_EDGE('',*,*,#5018,.T.);
#5090 = ORIENTED_EDGE('',*,*,#5061,.F.);
#5091 = PLANE('',#5092);
#5092 = AXIS2_PLACEMENT_3D('',#5093,#5094,#5095);
#5093 = CARTESIAN_POINT('',(155.,-440.,855.));
#5094 = DIRECTION('',(0.,0.,1.));
#5095 = DIRECTION('',(1.,0.,0.));
#5096 = MANIFOLD_SOLID_BREP('',#5097);
#5097 = CLOSED_SHELL('',(#5098,#5138,#5178,#5200,#5222,#5234));
#5098 = ADVANCED_FACE('',(#5099),#5133,.F.);
#5099 = FACE_BOUND('',#5100,.F.);
#5100 = EDGE_LOOP('',(#5101,#5111,#5119,#5127));
#5101 = ORIENTED_EDGE('',*,*,#5102,.F.);
#5102 = EDGE_CURVE('',#5103,#5105,#5107,.T.);
#5103 = VERTEX_POINT('',#5104);
#5104 = CARTESIAN_POINT('',(15.,190.,825.));
#5105 = VERTEX_POINT('',#5106);
#5106 = CARTESIAN_POINT('',(15.,190.,855.));
#5107 = LINE('',#5108,#5109);
#5108 = CARTESIAN_POINT('',(15.,190.,825.));
#5109 = VECTOR('',#5110,1.);
#5110 = DIRECTION('',(0.,0.,1.));
#5111 = ORIENTED_EDGE('',*,*,#5112,.T.);
#5112 = EDGE_CURVE('',#5103,#5113,#5115,.T.);
#5113 = VERTEX_POINT('',#5114);
#5114 = CARTESIAN_POINT('',(15.,440.,825.));
#5115 = LINE('',#5116,#5117);
#5116 = CARTESIAN_POINT('',(15.,190.,825.));
#5117 = VECTOR('',#5118,1.);
#5118 = DIRECTION('',(0.,1.,0.));
#5119 = ORIENTED_EDGE('',*,*,#5120,.T.);
#5120 = EDGE_CURVE('',#5113,#5121,#5123,.T.);
#5121 = VERTEX_POINT('',#5122);
#5122 = CARTESIAN_POINT('',(15.,440.,855.));
#5123 = LINE('',#5124,#5125);
#5124 = CARTESIAN_POINT('',(15.,440.,825.));
#5125 = VECTOR('',#5126,1.);
#5126 = DIRECTION('',(0.,0.,1.));
#5127 = ORIENTED_EDGE('',*,*,#5128,.F.);
#5128 = EDGE_CURVE('',#5105,#5121,#5129,.T.);
#5129 = LINE('',#5130,#5131);
#5130 = CARTESIAN_POINT('',(15.,190.,855.));
#5131 = VECTOR('',#5132,1.);
#5132 = DIRECTION('',(0.,1.,0.));
#5133 = PLANE('',#5134);
#5134 = AXIS2_PLACEMENT_3D('',#5135,#5136,#5137);
#5135 = CARTESIAN_POINT('',(15.,190.,825.));
#5136 = DIRECTION('',(1.,0.,0.));
#5137 = DIRECTION('',(0.,0.,1.));
#5138 = ADVANCED_FACE('',(#5139),#5173,.T.);
#5139 = FACE_BOUND('',#5140,.T.);
#5140 = EDGE_LOOP('',(#5141,#5151,#5159,#5167));
#5141 = ORIENTED_EDGE('',*,*,#5142,.F.);
#5142 = EDGE_CURVE('',#5143,#5145,#5147,.T.);
#5143 = VERTEX_POINT('',#5144);
#5144 = CARTESIAN_POINT('',(45.,190.,825.));
#5145 = VERTEX_POINT('',#5146);
#5146 = CARTESIAN_POINT('',(45.,190.,855.));
#5147 = LINE('',#5148,#5149);
#5148 = CARTESIAN_POINT('',(45.,190.,825.));
#5149 = VECTOR('',#5150,1.);
#5150 = DIRECTION('',(0.,0.,1.));
#5151 = ORIENTED_EDGE('',*,*,#5152,.T.);
#5152 = EDGE_CURVE('',#5143,#5153,#5155,.T.);
#5153 = VERTEX_POINT('',#5154);
#5154 = CARTESIAN_POINT('',(45.,440.,825.));
#5155 = LINE('',#5156,#5157);
#5156 = CARTESIAN_POINT('',(45.,190.,825.));
#5157 = VECTOR('',#5158,1.);
#5158 = DIRECTION('',(0.,1.,0.));
#5159 = ORIENTED_EDGE('',*,*,#5160,.T.);
#5160 = EDGE_CURVE('',#5153,#5161,#5163,.T.);
#5161 = VERTEX_POINT('',#5162);
#5162 = CARTESIAN_POINT('',(45.,440.,855.));
#5163 = LINE('',#5164,#5165);
#5164 = CARTESIAN_POINT('',(45.,440.,825.));
#5165 = VECTOR('',#5166,1.);
#5166 = DIRECTION('',(0.,0.,1.));
#5167 = ORIENTED_EDGE('',*,*,#5168,.F.);
#5168 = EDGE_CURVE('',#5145,#5161,#5169,.T.);
#5169 = LINE('',#5170,#5171);
#5170 = CARTESIAN_POINT('',(45.,190.,855.));
#5171 = VECTOR('',#5172,1.);
#5172 = DIRECTION('',(0.,1.,0.));
#5173 = PLANE('',#5174);
#5174 = AXIS2_PLACEMENT_3D('',#5175,#5176,#5177);
#5175 = CARTESIAN_POINT('',(45.,190.,825.));
#5176 = DIRECTION('',(1.,0.,0.));
#5177 = DIRECTION('',(0.,0.,1.));
#5178 = ADVANCED_FACE('',(#5179),#5195,.F.);
#5179 = FACE_BOUND('',#5180,.F.);
#5180 = EDGE_LOOP('',(#5181,#5187,#5188,#5194));
#5181 = ORIENTED_EDGE('',*,*,#5182,.F.);
#5182 = EDGE_CURVE('',#5103,#5143,#5183,.T.);
#5183 = LINE('',#5184,#5185);
#5184 = CARTESIAN_POINT('',(15.,190.,825.));
#5185 = VECTOR('',#5186,1.);
#5186 = DIRECTION('',(1.,0.,0.));
#5187 = ORIENTED_EDGE('',*,*,#5102,.T.);
#5188 = ORIENTED_EDGE('',*,*,#5189,.T.);
#5189 = EDGE_CURVE('',#5105,#5145,#5190,.T.);
#5190 = LINE('',#5191,#5192);
#5191 = CARTESIAN_POINT('',(15.,190.,855.));
#5192 = VECTOR('',#5193,1.);
#5193 = DIRECTION('',(1.,0.,0.));
#5194 = ORIENTED_EDGE('',*,*,#5142,.F.);
#5195 = PLANE('',#5196);
#5196 = AXIS2_PLACEMENT_3D('',#5197,#5198,#5199);
#5197 = CARTESIAN_POINT('',(15.,190.,825.));
#5198 = DIRECTION('',(0.,1.,0.));
#5199 = DIRECTION('',(0.,0.,1.));
#5200 = ADVANCED_FACE('',(#5201),#5217,.T.);
#5201 = FACE_BOUND('',#5202,.T.);
#5202 = EDGE_LOOP('',(#5203,#5209,#5210,#5216));
#5203 = ORIENTED_EDGE('',*,*,#5204,.F.);
#5204 = EDGE_CURVE('',#5113,#5153,#5205,.T.);
#5205 = LINE('',#5206,#5207);
#5206 = CARTESIAN_POINT('',(15.,440.,825.));
#5207 = VECTOR('',#5208,1.);
#5208 = DIRECTION('',(1.,0.,0.));
#5209 = ORIENTED_EDGE('',*,*,#5120,.T.);
#5210 = ORIENTED_EDGE('',*,*,#5211,.T.);
#5211 = EDGE_CURVE('',#5121,#5161,#5212,.T.);
#5212 = LINE('',#5213,#5214);
#5213 = CARTESIAN_POINT('',(15.,440.,855.));
#5214 = VECTOR('',#5215,1.);
#5215 = DIRECTION('',(1.,0.,0.));
#5216 = ORIENTED_EDGE('',*,*,#5160,.F.);
#5217 = PLANE('',#5218);
#5218 = AXIS2_PLACEMENT_3D('',#5219,#5220,#5221);
#5219 = CARTESIAN_POINT('',(15.,440.,825.));
#5220 = DIRECTION('',(0.,1.,0.));
#5221 = DIRECTION('',(0.,0.,1.));
#5222 = ADVANCED_FACE('',(#5223),#5229,.F.);
#5223 = FACE_BOUND('',#5224,.F.);
#5224 = EDGE_LOOP('',(#5225,#5226,#5227,#5228));
#5225 = ORIENTED_EDGE('',*,*,#5112,.F.);
#5226 = ORIENTED_EDGE('',*,*,#5182,.T.);
#5227 = ORIENTED_EDGE('',*,*,#5152,.T.);
#5228 = ORIENTED_EDGE('',*,*,#5204,.F.);
#5229 = PLANE('',#5230);
#5230 = AXIS2_PLACEMENT_3D('',#5231,#5232,#5233);
#5231 = CARTESIAN_POINT('',(15.,190.,825.));
#5232 = DIRECTION('',(0.,0.,1.));
#5233 = DIRECTION('',(1.,0.,0.));
#5234 = ADVANCED_FACE('',(#5235),#5241,.T.);
#5235 = FACE_BOUND('',#5236,.T.);
#5236 = EDGE_LOOP('',(#5237,#5238,#5239,#5240));
#5237 = ORIENTED_EDGE('',*,*,#5128,.F.);
#5238 = ORIENTED_EDGE('',*,*,#5189,.T.);
#5239 = ORIENTED_EDGE('',*,*,#5168,.T.);
#5240 = ORIENTED_EDGE('',*,*,#5211,.F.);
#5241 = PLANE('',#5242);
#5242 = AXIS2_PLACEMENT_3D('',#5243,#5244,#5245);
#5243 = CARTESIAN_POINT('',(15.,190.,855.));
#5244 = DIRECTION('',(0.,0.,1.));
#5245 = DIRECTION('',(1.,0.,0.));
#5246 = MANIFOLD_SOLID_BREP('',#5247);
#5247 = CLOSED_SHELL('',(#5248,#5288,#5328,#5350,#5372,#5384));
#5248 = ADVANCED_FACE('',(#5249),#5283,.F.);
#5249 = FACE_BOUND('',#5250,.F.);
#5250 = EDGE_LOOP('',(#5251,#5261,#5269,#5277));
#5251 = ORIENTED_EDGE('',*,*,#5252,.F.);
#5252 = EDGE_CURVE('',#5253,#5255,#5257,.T.);
#5253 = VERTEX_POINT('',#5254);
#5254 = CARTESIAN_POINT('',(177.46951672795,-455.,826.25631329235));
#5255 = VERTEX_POINT('',#5256);
#5256 = CARTESIAN_POINT('',(156.25631329235,-455.,847.46951672795));
#5257 = LINE('',#5258,#5259);
#5258 = CARTESIAN_POINT('',(177.46951672795,-455.,826.25631329235));
#5259 = VECTOR('',#5260,1.);
#5260 = DIRECTION('',(-0.707106781187,0.,0.707106781187));
#5261 = ORIENTED_EDGE('',*,*,#5262,.T.);
#5262 = EDGE_CURVE('',#5253,#5263,#5265,.T.);
#5263 = VERTEX_POINT('',#5264);
#5264 = CARTESIAN_POINT('',(177.46951672795,-425.,826.25631329235));
#5265 = LINE('',#5266,#5267);
#5266 = CARTESIAN_POINT('',(177.46951672795,-455.,826.25631329235));
#5267 = VECTOR('',#5268,1.);
#5268 = DIRECTION('',(-0.,1.,0.));
#5269 = ORIENTED_EDGE('',*,*,#5270,.T.);
#5270 = EDGE_CURVE('',#5263,#5271,#5273,.T.);
#5271 = VERTEX_POINT('',#5272);
#5272 = CARTESIAN_POINT('',(156.25631329235,-425.,847.46951672795));
#5273 = LINE('',#5274,#5275);
#5274 = CARTESIAN_POINT('',(177.46951672795,-425.,826.25631329235));
#5275 = VECTOR('',#5276,1.);
#5276 = DIRECTION('',(-0.707106781187,0.,0.707106781187));
#5277 = ORIENTED_EDGE('',*,*,#5278,.F.);
#5278 = EDGE_CURVE('',#5255,#5271,#5279,.T.);
#5279 = LINE('',#5280,#5281);
#5280 = CARTESIAN_POINT('',(156.25631329235,-455.,847.46951672795));
#5281 = VECTOR('',#5282,1.);
#5282 = DIRECTION('',(-0.,1.,0.));
#5283 = PLANE('',#5284);
#5284 = AXIS2_PLACEMENT_3D('',#5285,#5286,#5287);
#5285 = CARTESIAN_POINT('',(177.46951672795,-455.,826.25631329235));
#5286 = DIRECTION('',(0.707106781187,0.,0.707106781187));
#5287 = DIRECTION('',(-0.707106781187,0.,0.707106781187));
#5288 = ADVANCED_FACE('',(#5289),#5323,.T.);
#5289 = FACE_BOUND('',#5290,.T.);
#5290 = EDGE_LOOP('',(#5291,#5301,#5309,#5317));
#5291 = ORIENTED_EDGE('',*,*,#5292,.F.);
#5292 = EDGE_CURVE('',#5293,#5295,#5297,.T.);
#5293 = VERTEX_POINT('',#5294);
#5294 = CARTESIAN_POINT('',(403.74368670764,-455.,1.052530483272E+03));
#5295 = VERTEX_POINT('',#5296);
#5296 = CARTESIAN_POINT('',(382.53048327204,-455.,1.073743686708E+03));
#5297 = LINE('',#5298,#5299);
#5298 = CARTESIAN_POINT('',(403.74368670764,-455.,1.052530483272E+03));
#5299 = VECTOR('',#5300,1.);
#5300 = DIRECTION('',(-0.707106781187,0.,0.707106781187));
#5301 = ORIENTED_EDGE('',*,*,#5302,.T.);
#5302 = EDGE_CURVE('',#5293,#5303,#5305,.T.);
#5303 = VERTEX_POINT('',#5304);
#5304 = CARTESIAN_POINT('',(403.74368670764,-425.,1.052530483272E+03));
#5305 = LINE('',#5306,#5307);
#5306 = CARTESIAN_POINT('',(403.74368670764,-455.,1.052530483272E+03));
#5307 = VECTOR('',#5308,1.);
#5308 = DIRECTION('',(-0.,1.,0.));
#5309 = ORIENTED_EDGE('',*,*,#5310,.T.);
#5310 = EDGE_CURVE('',#5303,#5311,#5313,.T.);
#5311 = VERTEX_POINT('',#5312);
#5312 = CARTESIAN_POINT('',(382.53048327204,-425.,1.073743686708E+03));
#5313 = LINE('',#5314,#5315);
#5314 = CARTESIAN_POINT('',(403.74368670764,-425.,1.052530483272E+03));
#5315 = VECTOR('',#5316,1.);
#5316 = DIRECTION('',(-0.707106781187,0.,0.707106781187));
#5317 = ORIENTED_EDGE('',*,*,#5318,.F.);
#5318 = EDGE_CURVE('',#5295,#5311,#5319,.T.);
#5319 = LINE('',#5320,#5321);
#5320 = CARTESIAN_POINT('',(382.53048327204,-455.,1.073743686708E+03));
#5321 = VECTOR('',#5322,1.);
#5322 = DIRECTION('',(-0.,1.,0.));
#5323 = PLANE('',#5324);
#5324 = AXIS2_PLACEMENT_3D('',#5325,#5326,#5327);
#5325 = CARTESIAN_POINT('',(403.74368670764,-455.,1.052530483272E+03));
#5326 = DIRECTION('',(0.707106781187,0.,0.707106781187));
#5327 = DIRECTION('',(-0.707106781187,0.,0.707106781187));
#5328 = ADVANCED_FACE('',(#5329),#5345,.F.);
#5329 = FACE_BOUND('',#5330,.F.);
#5330 = EDGE_LOOP('',(#5331,#5337,#5338,#5344));
#5331 = ORIENTED_EDGE('',*,*,#5332,.F.);
#5332 = EDGE_CURVE('',#5253,#5293,#5333,.T.);
#5333 = LINE('',#5334,#5335);
#5334 = CARTESIAN_POINT('',(177.46951672795,-455.,826.25631329235));
#5335 = VECTOR('',#5336,1.);
#5336 = DIRECTION('',(0.707106781187,0.,0.707106781187));
#5337 = ORIENTED_EDGE('',*,*,#5252,.T.);
#5338 = ORIENTED_EDGE('',*,*,#5339,.T.);
#5339 = EDGE_CURVE('',#5255,#5295,#5340,.T.);
#5340 = LINE('',#5341,#5342);
#5341 = CARTESIAN_POINT('',(156.25631329235,-455.,847.46951672795));
#5342 = VECTOR('',#5343,1.);
#5343 = DIRECTION('',(0.707106781187,0.,0.707106781187));
#5344 = ORIENTED_EDGE('',*,*,#5292,.F.);
#5345 = PLANE('',#5346);
#5346 = AXIS2_PLACEMENT_3D('',#5347,#5348,#5349);
#5347 = CARTESIAN_POINT('',(177.46951672795,-455.,826.25631329235));
#5348 = DIRECTION('',(-0.,1.,0.));
#5349 = DIRECTION('',(-0.707106781187,0.,0.707106781187));
#5350 = ADVANCED_FACE('',(#5351),#5367,.T.);
#5351 = FACE_BOUND('',#5352,.T.);
#5352 = EDGE_LOOP('',(#5353,#5359,#5360,#5366));
#5353 = ORIENTED_EDGE('',*,*,#5354,.F.);
#5354 = EDGE_CURVE('',#5263,#5303,#5355,.T.);
#5355 = LINE('',#5356,#5357);
#5356 = CARTESIAN_POINT('',(177.46951672795,-425.,826.25631329235));
#5357 = VECTOR('',#5358,1.);
#5358 = DIRECTION('',(0.707106781187,0.,0.707106781187));
#5359 = ORIENTED_EDGE('',*,*,#5270,.T.);
#5360 = ORIENTED_EDGE('',*,*,#5361,.T.);
#5361 = EDGE_CURVE('',#5271,#5311,#5362,.T.);
#5362 = LINE('',#5363,#5364);
#5363 = CARTESIAN_POINT('',(156.25631329235,-425.,847.46951672795));
#5364 = VECTOR('',#5365,1.);
#5365 = DIRECTION('',(0.707106781187,0.,0.707106781187));
#5366 = ORIENTED_EDGE('',*,*,#5310,.F.);
#5367 = PLANE('',#5368);
#5368 = AXIS2_PLACEMENT_3D('',#5369,#5370,#5371);
#5369 = CARTESIAN_POINT('',(177.46951672795,-425.,826.25631329235));
#5370 = DIRECTION('',(-0.,1.,0.));
#5371 = DIRECTION('',(-0.707106781187,0.,0.707106781187));
#5372 = ADVANCED_FACE('',(#5373),#5379,.F.);
#5373 = FACE_BOUND('',#5374,.F.);
#5374 = EDGE_LOOP('',(#5375,#5376,#5377,#5378));
#5375 = ORIENTED_EDGE('',*,*,#5262,.F.);
#5376 = ORIENTED_EDGE('',*,*,#5332,.T.);
#5377 = ORIENTED_EDGE('',*,*,#5302,.T.);
#5378 = ORIENTED_EDGE('',*,*,#5354,.F.);
#5379 = PLANE('',#5380);
#5380 = AXIS2_PLACEMENT_3D('',#5381,#5382,#5383);
#5381 = CARTESIAN_POINT('',(177.46951672795,-455.,826.25631329235));
#5382 = DIRECTION('',(-0.707106781187,0.,0.707106781187));
#5383 = DIRECTION('',(0.707106781187,0.,0.707106781187));
#5384 = ADVANCED_FACE('',(#5385),#5391,.T.);
#5385 = FACE_BOUND('',#5386,.T.);
#5386 = EDGE_LOOP('',(#5387,#5388,#5389,#5390));
#5387 = ORIENTED_EDGE('',*,*,#5278,.F.);
#5388 = ORIENTED_EDGE('',*,*,#5339,.T.);
#5389 = ORIENTED_EDGE('',*,*,#5318,.T.);
#5390 = ORIENTED_EDGE('',*,*,#5361,.F.);
#5391 = PLANE('',#5392);
#5392 = AXIS2_PLACEMENT_3D('',#5393,#5394,#5395);
#5393 = CARTESIAN_POINT('',(156.25631329235,-455.,847.46951672795));
#5394 = DIRECTION('',(-0.707106781187,0.,0.707106781187));
#5395 = DIRECTION('',(0.707106781187,0.,0.707106781187));
#5396 = MANIFOLD_SOLID_BREP('',#5397);
#5397 = CLOSED_SHELL('',(#5398,#5438,#5478,#5500,#5522,#5534));
#5398 = ADVANCED_FACE('',(#5399),#5433,.F.);
#5399 = FACE_BOUND('',#5400,.F.);
#5400 = EDGE_LOOP('',(#5401,#5411,#5419,#5427));
#5401 = ORIENTED_EDGE('',*,*,#5402,.F.);
#5402 = EDGE_CURVE('',#5403,#5405,#5407,.T.);
#5403 = VERTEX_POINT('',#5404);
#5404 = CARTESIAN_POINT('',(-182.530483272,425.,606.25631329235));
#5405 = VERTEX_POINT('',#5406);
#5406 = CARTESIAN_POINT('',(-203.7436867076,425.,627.46951672795));
#5407 = LINE('',#5408,#5409);
#5408 = CARTESIAN_POINT('',(-182.530483272,425.,606.25631329235));
#5409 = VECTOR('',#5410,1.);
#5410 = DIRECTION('',(-0.707106781187,0.,0.707106781187));
#5411 = ORIENTED_EDGE('',*,*,#5412,.T.);
#5412 = EDGE_CURVE('',#5403,#5413,#5415,.T.);
#5413 = VERTEX_POINT('',#5414);
#5414 = CARTESIAN_POINT('',(-182.530483272,455.,606.25631329235));
#5415 = LINE('',#5416,#5417);
#5416 = CARTESIAN_POINT('',(-182.530483272,425.,606.25631329235));
#5417 = VECTOR('',#5418,1.);
#5418 = DIRECTION('',(-0.,1.,0.));
#5419 = ORIENTED_EDGE('',*,*,#5420,.T.);
#5420 = EDGE_CURVE('',#5413,#5421,#5423,.T.);
#5421 = VERTEX_POINT('',#5422);
#5422 = CARTESIAN_POINT('',(-203.7436867076,455.,627.46951672795));
#5423 = LINE('',#5424,#5425);
#5424 = CARTESIAN_POINT('',(-182.530483272,455.,606.25631329235));
#5425 = VECTOR('',#5426,1.);
#5426 = DIRECTION('',(-0.707106781187,0.,0.707106781187));
#5427 = ORIENTED_EDGE('',*,*,#5428,.F.);
#5428 = EDGE_CURVE('',#5405,#5421,#5429,.T.);
#5429 = LINE('',#5430,#5431);
#5430 = CARTESIAN_POINT('',(-203.7436867076,425.,627.46951672795));
#5431 = VECTOR('',#5432,1.);
#5432 = DIRECTION('',(-0.,1.,0.));
#5433 = PLANE('',#5434);
#5434 = AXIS2_PLACEMENT_3D('',#5435,#5436,#5437);
#5435 = CARTESIAN_POINT('',(-182.530483272,425.,606.25631329235));
#5436 = DIRECTION('',(0.707106781187,0.,0.707106781187));
#5437 = DIRECTION('',(-0.707106781187,0.,0.707106781187));
#5438 = ADVANCED_FACE('',(#5439),#5473,.T.);
#5439 = FACE_BOUND('',#5440,.T.);
#5440 = EDGE_LOOP('',(#5441,#5451,#5459,#5467));
#5441 = ORIENTED_EDGE('',*,*,#5442,.F.);
#5442 = EDGE_CURVE('',#5443,#5445,#5447,.T.);
#5443 = VERTEX_POINT('',#5444);
#5444 = CARTESIAN_POINT('',(43.743686707646,425.,832.53048327204));
#5445 = VERTEX_POINT('',#5446);
#5446 = CARTESIAN_POINT('',(22.530483272049,425.,853.74368670764));
#5447 = LINE('',#5448,#5449);
#5448 = CARTESIAN_POINT('',(43.743686707646,425.,832.53048327204));
#5449 = VECTOR('',#5450,1.);
#5450 = DIRECTION('',(-0.707106781187,0.,0.707106781187));
#5451 = ORIENTED_EDGE('',*,*,#5452,.T.);
#5452 = EDGE_CURVE('',#5443,#5453,#5455,.T.);
#5453 = VERTEX_POINT('',#5454);
#5454 = CARTESIAN_POINT('',(43.743686707646,455.,832.53048327204));
#5455 = LINE('',#5456,#5457);
#5456 = CARTESIAN_POINT('',(43.743686707646,425.,832.53048327204));
#5457 = VECTOR('',#5458,1.);
#5458 = DIRECTION('',(-0.,1.,0.));
#5459 = ORIENTED_EDGE('',*,*,#5460,.T.);
#5460 = EDGE_CURVE('',#5453,#5461,#5463,.T.);
#5461 = VERTEX_POINT('',#5462);
#5462 = CARTESIAN_POINT('',(22.530483272049,455.,853.74368670764));
#5463 = LINE('',#5464,#5465);
#5464 = CARTESIAN_POINT('',(43.743686707646,455.,832.53048327204));
#5465 = VECTOR('',#5466,1.);
#5466 = DIRECTION('',(-0.707106781187,0.,0.707106781187));
#5467 = ORIENTED_EDGE('',*,*,#5468,.F.);
#5468 = EDGE_CURVE('',#5445,#5461,#5469,.T.);
#5469 = LINE('',#5470,#5471);
#5470 = CARTESIAN_POINT('',(22.530483272049,425.,853.74368670764));
#5471 = VECTOR('',#5472,1.);
#5472 = DIRECTION('',(-0.,1.,0.));
#5473 = PLANE('',#5474);
#5474 = AXIS2_PLACEMENT_3D('',#5475,#5476,#5477);
#5475 = CARTESIAN_POINT('',(43.743686707646,425.,832.53048327204));
#5476 = DIRECTION('',(0.707106781187,0.,0.707106781187));
#5477 = DIRECTION('',(-0.707106781187,0.,0.707106781187));
#5478 = ADVANCED_FACE('',(#5479),#5495,.F.);
#5479 = FACE_BOUND('',#5480,.F.);
#5480 = EDGE_LOOP('',(#5481,#5487,#5488,#5494));
#5481 = ORIENTED_EDGE('',*,*,#5482,.F.);
#5482 = EDGE_CURVE('',#5403,#5443,#5483,.T.);
#5483 = LINE('',#5484,#5485);
#5484 = CARTESIAN_POINT('',(-182.530483272,425.,606.25631329235));
#5485 = VECTOR('',#5486,1.);
#5486 = DIRECTION('',(0.707106781187,0.,0.707106781187));
#5487 = ORIENTED_EDGE('',*,*,#5402,.T.);
#5488 = ORIENTED_EDGE('',*,*,#5489,.T.);
#5489 = EDGE_CURVE('',#5405,#5445,#5490,.T.);
#5490 = LINE('',#5491,#5492);
#5491 = CARTESIAN_POINT('',(-203.7436867076,425.,627.46951672795));
#5492 = VECTOR('',#5493,1.);
#5493 = DIRECTION('',(0.707106781187,0.,0.707106781187));
#5494 = ORIENTED_EDGE('',*,*,#5442,.F.);
#5495 = PLANE('',#5496);
#5496 = AXIS2_PLACEMENT_3D('',#5497,#5498,#5499);
#5497 = CARTESIAN_POINT('',(-182.530483272,425.,606.25631329235));
#5498 = DIRECTION('',(-0.,1.,0.));
#5499 = DIRECTION('',(-0.707106781187,0.,0.707106781187));
#5500 = ADVANCED_FACE('',(#5501),#5517,.T.);
#5501 = FACE_BOUND('',#5502,.T.);
#5502 = EDGE_LOOP('',(#5503,#5509,#5510,#5516));
#5503 = ORIENTED_EDGE('',*,*,#5504,.F.);
#5504 = EDGE_CURVE('',#5413,#5453,#5505,.T.);
#5505 = LINE('',#5506,#5507);
#5506 = CARTESIAN_POINT('',(-182.530483272,455.,606.25631329235));
#5507 = VECTOR('',#5508,1.);
#5508 = DIRECTION('',(0.707106781187,0.,0.707106781187));
#5509 = ORIENTED_EDGE('',*,*,#5420,.T.);
#5510 = ORIENTED_EDGE('',*,*,#5511,.T.);
#5511 = EDGE_CURVE('',#5421,#5461,#5512,.T.);
#5512 = LINE('',#5513,#5514);
#5513 = CARTESIAN_POINT('',(-203.7436867076,455.,627.46951672795));
#5514 = VECTOR('',#5515,1.);
#5515 = DIRECTION('',(0.707106781187,0.,0.707106781187));
#5516 = ORIENTED_EDGE('',*,*,#5460,.F.);
#5517 = PLANE('',#5518);
#5518 = AXIS2_PLACEMENT_3D('',#5519,#5520,#5521);
#5519 = CARTESIAN_POINT('',(-182.530483272,455.,606.25631329235));
#5520 = DIRECTION('',(-0.,1.,0.));
#5521 = DIRECTION('',(-0.707106781187,0.,0.707106781187));
#5522 = ADVANCED_FACE('',(#5523),#5529,.F.);
#5523 = FACE_BOUND('',#5524,.F.);
#5524 = EDGE_LOOP('',(#5525,#5526,#5527,#5528));
#5525 = ORIENTED_EDGE('',*,*,#5412,.F.);
#5526 = ORIENTED_EDGE('',*,*,#5482,.T.);
#5527 = ORIENTED_EDGE('',*,*,#5452,.T.);
#5528 = ORIENTED_EDGE('',*,*,#5504,.F.);
#5529 = PLANE('',#5530);
#5530 = AXIS2_PLACEMENT_3D('',#5531,#5532,#5533);
#5531 = CARTESIAN_POINT('',(-182.530483272,425.,606.25631329235));
#5532 = DIRECTION('',(-0.707106781187,0.,0.707106781187));
#5533 = DIRECTION('',(0.707106781187,0.,0.707106781187));
#5534 = ADVANCED_FACE('',(#5535),#5541,.T.);
#5535 = FACE_BOUND('',#5536,.T.);
#5536 = EDGE_LOOP('',(#5537,#5538,#5539,#5540));
#5537 = ORIENTED_EDGE('',*,*,#5428,.F.);
#5538 = ORIENTED_EDGE('',*,*,#5489,.T.);
#5539 = ORIENTED_EDGE('',*,*,#5468,.T.);
#5540 = ORIENTED_EDGE('',*,*,#5511,.F.);
#5541 = PLANE('',#5542);
#5542 = AXIS2_PLACEMENT_3D('',#5543,#5544,#5545);
#5543 = CARTESIAN_POINT('',(-203.7436867076,425.,627.46951672795));
#5544 = DIRECTION('',(-0.707106781187,0.,0.707106781187));
#5545 = DIRECTION('',(0.707106781187,0.,0.707106781187));
#5546 = MANIFOLD_SOLID_BREP('',#5547);
#5547 = CLOSED_SHELL('',(#5548,#5588,#5628,#5650,#5672,#5684));
#5548 = ADVANCED_FACE('',(#5549),#5583,.F.);
#5549 = FACE_BOUND('',#5550,.F.);
#5550 = EDGE_LOOP('',(#5551,#5561,#5569,#5577));
#5551 = ORIENTED_EDGE('',*,*,#5552,.F.);
#5552 = EDGE_CURVE('',#5553,#5555,#5557,.T.);
#5553 = VERTEX_POINT('',#5554);
#5554 = CARTESIAN_POINT('',(380.30151519016,-452.,1.067272077939E+03));
#5555 = VERTEX_POINT('',#5556);
#5556 = CARTESIAN_POINT('',(422.72792206135,-452.,1.10969848481E+03));
#5557 = LINE('',#5558,#5559);
#5558 = CARTESIAN_POINT('',(380.30151519016,-452.,1.067272077939E+03));
#5559 = VECTOR('',#5560,1.);
#5560 = DIRECTION('',(0.707106781187,0.,0.707106781187));
#5561 = ORIENTED_EDGE('',*,*,#5562,.T.);
#5562 = EDGE_CURVE('',#5553,#5563,#5565,.T.);
#5563 = VERTEX_POINT('',#5564);
#5564 = CARTESIAN_POINT('',(380.30151519016,-428.,1.067272077939E+03));
#5565 = LINE('',#5566,#5567);
#5566 = CARTESIAN_POINT('',(380.30151519016,-452.,1.067272077939E+03));
#5567 = VECTOR('',#5568,1.);
#5568 = DIRECTION('',(0.,1.,0.));
#5569 = ORIENTED_EDGE('',*,*,#5570,.T.);
#5570 = EDGE_CURVE('',#5563,#5571,#5573,.T.);
#5571 = VERTEX_POINT('',#5572);
#5572 = CARTESIAN_POINT('',(422.72792206135,-428.,1.10969848481E+03));
#5573 = LINE('',#5574,#5575);
#5574 = CARTESIAN_POINT('',(380.30151519016,-428.,1.067272077939E+03));
#5575 = VECTOR('',#5576,1.);
#5576 = DIRECTION('',(0.707106781187,0.,0.707106781187));
#5577 = ORIENTED_EDGE('',*,*,#5578,.F.);
#5578 = EDGE_CURVE('',#5555,#5571,#5579,.T.);
#5579 = LINE('',#5580,#5581);
#5580 = CARTESIAN_POINT('',(422.72792206135,-452.,1.10969848481E+03));
#5581 = VECTOR('',#5582,1.);
#5582 = DIRECTION('',(0.,1.,0.));
#5583 = PLANE('',#5584);
#5584 = AXIS2_PLACEMENT_3D('',#5585,#5586,#5587);
#5585 = CARTESIAN_POINT('',(380.30151519016,-452.,1.067272077939E+03));
#5586 = DIRECTION('',(0.707106781187,0.,-0.707106781187));
#5587 = DIRECTION('',(0.707106781187,0.,0.707106781187));
#5588 = ADVANCED_FACE('',(#5589),#5623,.T.);
#5589 = FACE_BOUND('',#5590,.T.);
#5590 = EDGE_LOOP('',(#5591,#5601,#5609,#5617));
#5591 = ORIENTED_EDGE('',*,*,#5592,.F.);
#5592 = EDGE_CURVE('',#5593,#5595,#5597,.T.);
#5593 = VERTEX_POINT('',#5594);
#5594 = CARTESIAN_POINT('',(397.27207793864,-452.,1.05030151519E+03));
#5595 = VERTEX_POINT('',#5596);
#5596 = CARTESIAN_POINT('',(439.69848480983,-452.,1.092727922061E+03));
#5597 = LINE('',#5598,#5599);
#5598 = CARTESIAN_POINT('',(397.27207793864,-452.,1.05030151519E+03));
#5599 = VECTOR('',#5600,1.);
#5600 = DIRECTION('',(0.707106781187,0.,0.707106781187));
#5601 = ORIENTED_EDGE('',*,*,#5602,.T.);
#5602 = EDGE_CURVE('',#5593,#5603,#5605,.T.);
#5603 = VERTEX_POINT('',#5604);
#5604 = CARTESIAN_POINT('',(397.27207793864,-428.,1.05030151519E+03));
#5605 = LINE('',#5606,#5607);
#5606 = CARTESIAN_POINT('',(397.27207793864,-452.,1.05030151519E+03));
#5607 = VECTOR('',#5608,1.);
#5608 = DIRECTION('',(0.,1.,0.));
#5609 = ORIENTED_EDGE('',*,*,#5610,.T.);
#5610 = EDGE_CURVE('',#5603,#5611,#5613,.T.);
#5611 = VERTEX_POINT('',#5612);
#5612 = CARTESIAN_POINT('',(439.69848480983,-428.,1.092727922061E+03));
#5613 = LINE('',#5614,#5615);
#5614 = CARTESIAN_POINT('',(397.27207793864,-428.,1.05030151519E+03));
#5615 = VECTOR('',#5616,1.);
#5616 = DIRECTION('',(0.707106781187,0.,0.707106781187));
#5617 = ORIENTED_EDGE('',*,*,#5618,.F.);
#5618 = EDGE_CURVE('',#5595,#5611,#5619,.T.);
#5619 = LINE('',#5620,#5621);
#5620 = CARTESIAN_POINT('',(439.69848480983,-452.,1.092727922061E+03));
#5621 = VECTOR('',#5622,1.);
#5622 = DIRECTION('',(0.,1.,0.));
#5623 = PLANE('',#5624);
#5624 = AXIS2_PLACEMENT_3D('',#5625,#5626,#5627);
#5625 = CARTESIAN_POINT('',(397.27207793864,-452.,1.05030151519E+03));
#5626 = DIRECTION('',(0.707106781187,0.,-0.707106781187));
#5627 = DIRECTION('',(0.707106781187,0.,0.707106781187));
#5628 = ADVANCED_FACE('',(#5629),#5645,.F.);
#5629 = FACE_BOUND('',#5630,.F.);
#5630 = EDGE_LOOP('',(#5631,#5637,#5638,#5644));
#5631 = ORIENTED_EDGE('',*,*,#5632,.F.);
#5632 = EDGE_CURVE('',#5553,#5593,#5633,.T.);
#5633 = LINE('',#5634,#5635);
#5634 = CARTESIAN_POINT('',(380.30151519016,-452.,1.067272077939E+03));
#5635 = VECTOR('',#5636,1.);
#5636 = DIRECTION('',(0.707106781187,0.,-0.707106781187));
#5637 = ORIENTED_EDGE('',*,*,#5552,.T.);
#5638 = ORIENTED_EDGE('',*,*,#5639,.T.);
#5639 = EDGE_CURVE('',#5555,#5595,#5640,.T.);
#5640 = LINE('',#5641,#5642);
#5641 = CARTESIAN_POINT('',(422.72792206135,-452.,1.10969848481E+03));
#5642 = VECTOR('',#5643,1.);
#5643 = DIRECTION('',(0.707106781187,0.,-0.707106781187));
#5644 = ORIENTED_EDGE('',*,*,#5592,.F.);
#5645 = PLANE('',#5646);
#5646 = AXIS2_PLACEMENT_3D('',#5647,#5648,#5649);
#5647 = CARTESIAN_POINT('',(380.30151519016,-452.,1.067272077939E+03));
#5648 = DIRECTION('',(0.,1.,0.));
#5649 = DIRECTION('',(0.707106781187,0.,0.707106781187));
#5650 = ADVANCED_FACE('',(#5651),#5667,.T.);
#5651 = FACE_BOUND('',#5652,.T.);
#5652 = EDGE_LOOP('',(#5653,#5659,#5660,#5666));
#5653 = ORIENTED_EDGE('',*,*,#5654,.F.);
#5654 = EDGE_CURVE('',#5563,#5603,#5655,.T.);
#5655 = LINE('',#5656,#5657);
#5656 = CARTESIAN_POINT('',(380.30151519016,-428.,1.067272077939E+03));
#5657 = VECTOR('',#5658,1.);
#5658 = DIRECTION('',(0.707106781187,0.,-0.707106781187));
#5659 = ORIENTED_EDGE('',*,*,#5570,.T.);
#5660 = ORIENTED_EDGE('',*,*,#5661,.T.);
#5661 = EDGE_CURVE('',#5571,#5611,#5662,.T.);
#5662 = LINE('',#5663,#5664);
#5663 = CARTESIAN_POINT('',(422.72792206135,-428.,1.10969848481E+03));
#5664 = VECTOR('',#5665,1.);
#5665 = DIRECTION('',(0.707106781187,0.,-0.707106781187));
#5666 = ORIENTED_EDGE('',*,*,#5610,.F.);
#5667 = PLANE('',#5668);
#5668 = AXIS2_PLACEMENT_3D('',#5669,#5670,#5671);
#5669 = CARTESIAN_POINT('',(380.30151519016,-428.,1.067272077939E+03));
#5670 = DIRECTION('',(0.,1.,0.));
#5671 = DIRECTION('',(0.707106781187,0.,0.707106781187));
#5672 = ADVANCED_FACE('',(#5673),#5679,.F.);
#5673 = FACE_BOUND('',#5674,.F.);
#5674 = EDGE_LOOP('',(#5675,#5676,#5677,#5678));
#5675 = ORIENTED_EDGE('',*,*,#5562,.F.);
#5676 = ORIENTED_EDGE('',*,*,#5632,.T.);
#5677 = ORIENTED_EDGE('',*,*,#5602,.T.);
#5678 = ORIENTED_EDGE('',*,*,#5654,.F.);
#5679 = PLANE('',#5680);
#5680 = AXIS2_PLACEMENT_3D('',#5681,#5682,#5683);
#5681 = CARTESIAN_POINT('',(380.30151519016,-452.,1.067272077939E+03));
#5682 = DIRECTION('',(0.707106781187,0.,0.707106781187));
#5683 = DIRECTION('',(0.707106781187,0.,-0.707106781187));
#5684 = ADVANCED_FACE('',(#5685),#5691,.T.);
#5685 = FACE_BOUND('',#5686,.T.);
#5686 = EDGE_LOOP('',(#5687,#5688,#5689,#5690));
#5687 = ORIENTED_EDGE('',*,*,#5578,.F.);
#5688 = ORIENTED_EDGE('',*,*,#5639,.T.);
#5689 = ORIENTED_EDGE('',*,*,#5618,.T.);
#5690 = ORIENTED_EDGE('',*,*,#5661,.F.);
#5691 = PLANE('',#5692);
#5692 = AXIS2_PLACEMENT_3D('',#5693,#5694,#5695);
#5693 = CARTESIAN_POINT('',(422.72792206135,-452.,1.10969848481E+03));
#5694 = DIRECTION('',(0.707106781187,0.,0.707106781187));
#5695 = DIRECTION('',(0.707106781187,0.,-0.707106781187));
#5696 = MANIFOLD_SOLID_BREP('',#5697);
#5697 = CLOSED_SHELL('',(#5698,#5738,#5778,#5800,#5822,#5834));
#5698 = ADVANCED_FACE('',(#5699),#5733,.F.);
#5699 = FACE_BOUND('',#5700,.F.);
#5700 = EDGE_LOOP('',(#5701,#5711,#5719,#5727));
#5701 = ORIENTED_EDGE('',*,*,#5702,.F.);
#5702 = EDGE_CURVE('',#5703,#5705,#5707,.T.);
#5703 = VERTEX_POINT('',#5704);
#5704 = CARTESIAN_POINT('',(-239.6984848098,428.,587.27207793864));
#5705 = VERTEX_POINT('',#5706);
#5706 = CARTESIAN_POINT('',(-197.2720779386,428.,629.69848480983));
#5707 = LINE('',#5708,#5709);
#5708 = CARTESIAN_POINT('',(-239.6984848098,428.,587.27207793864));
#5709 = VECTOR('',#5710,1.);
#5710 = DIRECTION('',(0.707106781187,0.,0.707106781187));
#5711 = ORIENTED_EDGE('',*,*,#5712,.T.);
#5712 = EDGE_CURVE('',#5703,#5713,#5715,.T.);
#5713 = VERTEX_POINT('',#5714);
#5714 = CARTESIAN_POINT('',(-239.6984848098,452.,587.27207793864));
#5715 = LINE('',#5716,#5717);
#5716 = CARTESIAN_POINT('',(-239.6984848098,428.,587.27207793864));
#5717 = VECTOR('',#5718,1.);
#5718 = DIRECTION('',(0.,1.,0.));
#5719 = ORIENTED_EDGE('',*,*,#5720,.T.);
#5720 = EDGE_CURVE('',#5713,#5721,#5723,.T.);
#5721 = VERTEX_POINT('',#5722);
#5722 = CARTESIAN_POINT('',(-197.2720779386,452.,629.69848480983));
#5723 = LINE('',#5724,#5725);
#5724 = CARTESIAN_POINT('',(-239.6984848098,452.,587.27207793864));
#5725 = VECTOR('',#5726,1.);
#5726 = DIRECTION('',(0.707106781187,0.,0.707106781187));
#5727 = ORIENTED_EDGE('',*,*,#5728,.F.);
#5728 = EDGE_CURVE('',#5705,#5721,#5729,.T.);
#5729 = LINE('',#5730,#5731);
#5730 = CARTESIAN_POINT('',(-197.2720779386,428.,629.69848480983));
#5731 = VECTOR('',#5732,1.);
#5732 = DIRECTION('',(0.,1.,0.));
#5733 = PLANE('',#5734);
#5734 = AXIS2_PLACEMENT_3D('',#5735,#5736,#5737);
#5735 = CARTESIAN_POINT('',(-239.6984848098,428.,587.27207793864));
#5736 = DIRECTION('',(0.707106781187,0.,-0.707106781187));
#5737 = DIRECTION('',(0.707106781187,0.,0.707106781187));
#5738 = ADVANCED_FACE('',(#5739),#5773,.T.);
#5739 = FACE_BOUND('',#5740,.T.);
#5740 = EDGE_LOOP('',(#5741,#5751,#5759,#5767));
#5741 = ORIENTED_EDGE('',*,*,#5742,.F.);
#5742 = EDGE_CURVE('',#5743,#5745,#5747,.T.);
#5743 = VERTEX_POINT('',#5744);
#5744 = CARTESIAN_POINT('',(-222.7279220613,428.,570.30151519016));
#5745 = VERTEX_POINT('',#5746);
#5746 = CARTESIAN_POINT('',(-180.3015151901,428.,612.72792206135));
#5747 = LINE('',#5748,#5749);
#5748 = CARTESIAN_POINT('',(-222.7279220613,428.,570.30151519016));
#5749 = VECTOR('',#5750,1.);
#5750 = DIRECTION('',(0.707106781187,0.,0.707106781187));
#5751 = ORIENTED_EDGE('',*,*,#5752,.T.);
#5752 = EDGE_CURVE('',#5743,#5753,#5755,.T.);
#5753 = VERTEX_POINT('',#5754);
#5754 = CARTESIAN_POINT('',(-222.7279220613,452.,570.30151519016));
#5755 = LINE('',#5756,#5757);
#5756 = CARTESIAN_POINT('',(-222.7279220613,428.,570.30151519016));
#5757 = VECTOR('',#5758,1.);
#5758 = DIRECTION('',(0.,1.,0.));
#5759 = ORIENTED_EDGE('',*,*,#5760,.T.);
#5760 = EDGE_CURVE('',#5753,#5761,#5763,.T.);
#5761 = VERTEX_POINT('',#5762);
#5762 = CARTESIAN_POINT('',(-180.3015151901,452.,612.72792206135));
#5763 = LINE('',#5764,#5765);
#5764 = CARTESIAN_POINT('',(-222.7279220613,452.,570.30151519016));
#5765 = VECTOR('',#5766,1.);
#5766 = DIRECTION('',(0.707106781187,0.,0.707106781187));
#5767 = ORIENTED_EDGE('',*,*,#5768,.F.);
#5768 = EDGE_CURVE('',#5745,#5761,#5769,.T.);
#5769 = LINE('',#5770,#5771);
#5770 = CARTESIAN_POINT('',(-180.3015151901,428.,612.72792206135));
#5771 = VECTOR('',#5772,1.);
#5772 = DIRECTION('',(0.,1.,0.));
#5773 = PLANE('',#5774);
#5774 = AXIS2_PLACEMENT_3D('',#5775,#5776,#5777);
#5775 = CARTESIAN_POINT('',(-222.7279220613,428.,570.30151519016));
#5776 = DIRECTION('',(0.707106781187,0.,-0.707106781187));
#5777 = DIRECTION('',(0.707106781187,0.,0.707106781187));
#5778 = ADVANCED_FACE('',(#5779),#5795,.F.);
#5779 = FACE_BOUND('',#5780,.F.);
#5780 = EDGE_LOOP('',(#5781,#5787,#5788,#5794));
#5781 = ORIENTED_EDGE('',*,*,#5782,.F.);
#5782 = EDGE_CURVE('',#5703,#5743,#5783,.T.);
#5783 = LINE('',#5784,#5785);
#5784 = CARTESIAN_POINT('',(-239.6984848098,428.,587.27207793864));
#5785 = VECTOR('',#5786,1.);
#5786 = DIRECTION('',(0.707106781187,0.,-0.707106781187));
#5787 = ORIENTED_EDGE('',*,*,#5702,.T.);
#5788 = ORIENTED_EDGE('',*,*,#5789,.T.);
#5789 = EDGE_CURVE('',#5705,#5745,#5790,.T.);
#5790 = LINE('',#5791,#5792);
#5791 = CARTESIAN_POINT('',(-197.2720779386,428.,629.69848480983));
#5792 = VECTOR('',#5793,1.);
#5793 = DIRECTION('',(0.707106781187,0.,-0.707106781187));
#5794 = ORIENTED_EDGE('',*,*,#5742,.F.);
#5795 = PLANE('',#5796);
#5796 = AXIS2_PLACEMENT_3D('',#5797,#5798,#5799);
#5797 = CARTESIAN_POINT('',(-239.6984848098,428.,587.27207793864));
#5798 = DIRECTION('',(0.,1.,0.));
#5799 = DIRECTION('',(0.707106781187,0.,0.707106781187));
#5800 = ADVANCED_FACE('',(#5801),#5817,.T.);
#5801 = FACE_BOUND('',#5802,.T.);
#5802 = EDGE_LOOP('',(#5803,#5809,#5810,#5816));
#5803 = ORIENTED_EDGE('',*,*,#5804,.F.);
#5804 = EDGE_CURVE('',#5713,#5753,#5805,.T.);
#5805 = LINE('',#5806,#5807);
#5806 = CARTESIAN_POINT('',(-239.6984848098,452.,587.27207793864));
#5807 = VECTOR('',#5808,1.);
#5808 = DIRECTION('',(0.707106781187,0.,-0.707106781187));
#5809 = ORIENTED_EDGE('',*,*,#5720,.T.);
#5810 = ORIENTED_EDGE('',*,*,#5811,.T.);
#5811 = EDGE_CURVE('',#5721,#5761,#5812,.T.);
#5812 = LINE('',#5813,#5814);
#5813 = CARTESIAN_POINT('',(-197.2720779386,452.,629.69848480983));
#5814 = VECTOR('',#5815,1.);
#5815 = DIRECTION('',(0.707106781187,0.,-0.707106781187));
#5816 = ORIENTED_EDGE('',*,*,#5760,.F.);
#5817 = PLANE('',#5818);
#5818 = AXIS2_PLACEMENT_3D('',#5819,#5820,#5821);
#5819 = CARTESIAN_POINT('',(-239.6984848098,452.,587.27207793864));
#5820 = DIRECTION('',(0.,1.,0.));
#5821 = DIRECTION('',(0.707106781187,0.,0.707106781187));
#5822 = ADVANCED_FACE('',(#5823),#5829,.F.);
#5823 = FACE_BOUND('',#5824,.F.);
#5824 = EDGE_LOOP('',(#5825,#5826,#5827,#5828));
#5825 = ORIENTED_EDGE('',*,*,#5712,.F.);
#5826 = ORIENTED_EDGE('',*,*,#5782,.T.);
#5827 = ORIENTED_EDGE('',*,*,#5752,.T.);
#5828 = ORIENTED_EDGE('',*,*,#5804,.F.);
#5829 = PLANE('',#5830);
#5830 = AXIS2_PLACEMENT_3D('',#5831,#5832,#5833);
#5831 = CARTESIAN_POINT('',(-239.6984848098,428.,587.27207793864));
#5832 = DIRECTION('',(0.707106781187,0.,0.707106781187));
#5833 = DIRECTION('',(0.707106781187,0.,-0.707106781187));
#5834 = ADVANCED_FACE('',(#5835),#5841,.T.);
#5835 = FACE_BOUND('',#5836,.T.);
#5836 = EDGE_LOOP('',(#5837,#5838,#5839,#5840));
#5837 = ORIENTED_EDGE('',*,*,#5728,.F.);
#5838 = ORIENTED_EDGE('',*,*,#5789,.T.);
#5839 = ORIENTED_EDGE('',*,*,#5768,.T.);
#5840 = ORIENTED_EDGE('',*,*,#5811,.F.);
#5841 = PLANE('',#5842);
#5842 = AXIS2_PLACEMENT_3D('',#5843,#5844,#5845);
#5843 = CARTESIAN_POINT('',(-197.2720779386,428.,629.69848480983));
#5844 = DIRECTION('',(0.707106781187,0.,0.707106781187));
#5845 = DIRECTION('',(0.707106781187,0.,-0.707106781187));
#5846 = MANIFOLD_SOLID_BREP('',#5847);
#5847 = CLOSED_SHELL('',(#5848,#5888,#5928,#5950,#5972,#5984));
#5848 = ADVANCED_FACE('',(#5849),#5883,.F.);
#5849 = FACE_BOUND('',#5850,.F.);
#5850 = EDGE_LOOP('',(#5851,#5861,#5869,#5877));
#5851 = ORIENTED_EDGE('',*,*,#5852,.F.);
#5852 = EDGE_CURVE('',#5853,#5855,#5857,.T.);
#5853 = VERTEX_POINT('',#5854);
#5854 = CARTESIAN_POINT('',(363.07611844574,-490.,1.151213203436E+03));
#5855 = VERTEX_POINT('',#5856);
#5856 = CARTESIAN_POINT('',(433.7867965644,-490.,1.221923881554E+03));
#5857 = LINE('',#5858,#5859);
#5858 = CARTESIAN_POINT('',(363.07611844574,-490.,1.151213203436E+03));
#5859 = VECTOR('',#5860,1.);
#5860 = DIRECTION('',(0.707106781187,0.,0.707106781187));
#5861 = ORIENTED_EDGE('',*,*,#5862,.T.);
#5862 = EDGE_CURVE('',#5853,#5863,#5865,.T.);
#5863 = VERTEX_POINT('',#5864);
#5864 = CARTESIAN_POINT('',(363.07611844574,-390.,1.151213203436E+03));
#5865 = LINE('',#5866,#5867);
#5866 = CARTESIAN_POINT('',(363.07611844574,-490.,1.151213203436E+03));
#5867 = VECTOR('',#5868,1.);
#5868 = DIRECTION('',(0.,1.,0.));
#5869 = ORIENTED_EDGE('',*,*,#5870,.T.);
#5870 = EDGE_CURVE('',#5863,#5871,#5873,.T.);
#5871 = VERTEX_POINT('',#5872);
#5872 = CARTESIAN_POINT('',(433.7867965644,-390.,1.221923881554E+03));
#5873 = LINE('',#5874,#5875);
#5874 = CARTESIAN_POINT('',(363.07611844574,-390.,1.151213203436E+03));
#5875 = VECTOR('',#5876,1.);
#5876 = DIRECTION('',(0.707106781187,0.,0.707106781187));
#5877 = ORIENTED_EDGE('',*,*,#5878,.F.);
#5878 = EDGE_CURVE('',#5855,#5871,#5879,.T.);
#5879 = LINE('',#5880,#5881);
#5880 = CARTESIAN_POINT('',(433.7867965644,-490.,1.221923881554E+03));
#5881 = VECTOR('',#5882,1.);
#5882 = DIRECTION('',(0.,1.,0.));
#5883 = PLANE('',#5884);
#5884 = AXIS2_PLACEMENT_3D('',#5885,#5886,#5887);
#5885 = CARTESIAN_POINT('',(363.07611844574,-490.,1.151213203436E+03));
#5886 = DIRECTION('',(0.707106781187,0.,-0.707106781187));
#5887 = DIRECTION('',(0.707106781187,0.,0.707106781187));
#5888 = ADVANCED_FACE('',(#5889),#5923,.T.);
#5889 = FACE_BOUND('',#5890,.T.);
#5890 = EDGE_LOOP('',(#5891,#5901,#5909,#5917));
#5891 = ORIENTED_EDGE('',*,*,#5892,.F.);
#5892 = EDGE_CURVE('',#5893,#5895,#5897,.T.);
#5893 = VERTEX_POINT('',#5894);
#5894 = CARTESIAN_POINT('',(476.21320343559,-490.,1.038076118446E+03));
#5895 = VERTEX_POINT('',#5896);
#5896 = CARTESIAN_POINT('',(546.92388155425,-490.,1.108786796564E+03));
#5897 = LINE('',#5898,#5899);
#5898 = CARTESIAN_POINT('',(476.21320343559,-490.,1.038076118446E+03));
#5899 = VECTOR('',#5900,1.);
#5900 = DIRECTION('',(0.707106781187,0.,0.707106781187));
#5901 = ORIENTED_EDGE('',*,*,#5902,.T.);
#5902 = EDGE_CURVE('',#5893,#5903,#5905,.T.);
#5903 = VERTEX_POINT('',#5904);
#5904 = CARTESIAN_POINT('',(476.21320343559,-390.,1.038076118446E+03));
#5905 = LINE('',#5906,#5907);
#5906 = CARTESIAN_POINT('',(476.21320343559,-490.,1.038076118446E+03));
#5907 = VECTOR('',#5908,1.);
#5908 = DIRECTION('',(0.,1.,0.));
#5909 = ORIENTED_EDGE('',*,*,#5910,.T.);
#5910 = EDGE_CURVE('',#5903,#5911,#5913,.T.);
#5911 = VERTEX_POINT('',#5912);
#5912 = CARTESIAN_POINT('',(546.92388155425,-390.,1.108786796564E+03));
#5913 = LINE('',#5914,#5915);
#5914 = CARTESIAN_POINT('',(476.21320343559,-390.,1.038076118446E+03));
#5915 = VECTOR('',#5916,1.);
#5916 = DIRECTION('',(0.707106781187,0.,0.707106781187));
#5917 = ORIENTED_EDGE('',*,*,#5918,.F.);
#5918 = EDGE_CURVE('',#5895,#5911,#5919,.T.);
#5919 = LINE('',#5920,#5921);
#5920 = CARTESIAN_POINT('',(546.92388155425,-490.,1.108786796564E+03));
#5921 = VECTOR('',#5922,1.);
#5922 = DIRECTION('',(0.,1.,0.));
#5923 = PLANE('',#5924);
#5924 = AXIS2_PLACEMENT_3D('',#5925,#5926,#5927);
#5925 = CARTESIAN_POINT('',(476.21320343559,-490.,1.038076118446E+03));
#5926 = DIRECTION('',(0.707106781187,0.,-0.707106781187));
#5927 = DIRECTION('',(0.707106781187,0.,0.707106781187));
#5928 = ADVANCED_FACE('',(#5929),#5945,.F.);
#5929 = FACE_BOUND('',#5930,.F.);
#5930 = EDGE_LOOP('',(#5931,#5937,#5938,#5944));
#5931 = ORIENTED_EDGE('',*,*,#5932,.F.);
#5932 = EDGE_CURVE('',#5853,#5893,#5933,.T.);
#5933 = LINE('',#5934,#5935);
#5934 = CARTESIAN_POINT('',(363.07611844574,-490.,1.151213203436E+03));
#5935 = VECTOR('',#5936,1.);
#5936 = DIRECTION('',(0.707106781187,0.,-0.707106781187));
#5937 = ORIENTED_EDGE('',*,*,#5852,.T.);
#5938 = ORIENTED_EDGE('',*,*,#5939,.T.);
#5939 = EDGE_CURVE('',#5855,#5895,#5940,.T.);
#5940 = LINE('',#5941,#5942);
#5941 = CARTESIAN_POINT('',(433.7867965644,-490.,1.221923881554E+03));
#5942 = VECTOR('',#5943,1.);
#5943 = DIRECTION('',(0.707106781187,0.,-0.707106781187));
#5944 = ORIENTED_EDGE('',*,*,#5892,.F.);
#5945 = PLANE('',#5946);
#5946 = AXIS2_PLACEMENT_3D('',#5947,#5948,#5949);
#5947 = CARTESIAN_POINT('',(363.07611844574,-490.,1.151213203436E+03));
#5948 = DIRECTION('',(0.,1.,0.));
#5949 = DIRECTION('',(0.707106781187,0.,0.707106781187));
#5950 = ADVANCED_FACE('',(#5951),#5967,.T.);
#5951 = FACE_BOUND('',#5952,.T.);
#5952 = EDGE_LOOP('',(#5953,#5959,#5960,#5966));
#5953 = ORIENTED_EDGE('',*,*,#5954,.F.);
#5954 = EDGE_CURVE('',#5863,#5903,#5955,.T.);
#5955 = LINE('',#5956,#5957);
#5956 = CARTESIAN_POINT('',(363.07611844574,-390.,1.151213203436E+03));
#5957 = VECTOR('',#5958,1.);
#5958 = DIRECTION('',(0.707106781187,0.,-0.707106781187));
#5959 = ORIENTED_EDGE('',*,*,#5870,.T.);
#5960 = ORIENTED_EDGE('',*,*,#5961,.T.);
#5961 = EDGE_CURVE('',#5871,#5911,#5962,.T.);
#5962 = LINE('',#5963,#5964);
#5963 = CARTESIAN_POINT('',(433.7867965644,-390.,1.221923881554E+03));
#5964 = VECTOR('',#5965,1.);
#5965 = DIRECTION('',(0.707106781187,0.,-0.707106781187));
#5966 = ORIENTED_EDGE('',*,*,#5910,.F.);
#5967 = PLANE('',#5968);
#5968 = AXIS2_PLACEMENT_3D('',#5969,#5970,#5971);
#5969 = CARTESIAN_POINT('',(363.07611844574,-390.,1.151213203436E+03));
#5970 = DIRECTION('',(0.,1.,0.));
#5971 = DIRECTION('',(0.707106781187,0.,0.707106781187));
#5972 = ADVANCED_FACE('',(#5973),#5979,.F.);
#5973 = FACE_BOUND('',#5974,.F.);
#5974 = EDGE_LOOP('',(#5975,#5976,#5977,#5978));
#5975 = ORIENTED_EDGE('',*,*,#5862,.F.);
#5976 = ORIENTED_EDGE('',*,*,#5932,.T.);
#5977 = ORIENTED_EDGE('',*,*,#5902,.T.);
#5978 = ORIENTED_EDGE('',*,*,#5954,.F.);
#5979 = PLANE('',#5980);
#5980 = AXIS2_PLACEMENT_3D('',#5981,#5982,#5983);
#5981 = CARTESIAN_POINT('',(363.07611844574,-490.,1.151213203436E+03));
#5982 = DIRECTION('',(0.707106781187,0.,0.707106781187));
#5983 = DIRECTION('',(0.707106781187,0.,-0.707106781187));
#5984 = ADVANCED_FACE('',(#5985),#5991,.T.);
#5985 = FACE_BOUND('',#5986,.T.);
#5986 = EDGE_LOOP('',(#5987,#5988,#5989,#5990));
#5987 = ORIENTED_EDGE('',*,*,#5878,.F.);
#5988 = ORIENTED_EDGE('',*,*,#5939,.T.);
#5989 = ORIENTED_EDGE('',*,*,#5918,.T.);
#5990 = ORIENTED_EDGE('',*,*,#5961,.F.);
#5991 = PLANE('',#5992);
#5992 = AXIS2_PLACEMENT_3D('',#5993,#5994,#5995);
#5993 = CARTESIAN_POINT('',(433.7867965644,-490.,1.221923881554E+03));
#5994 = DIRECTION('',(0.707106781187,0.,0.707106781187));
#5995 = DIRECTION('',(0.707106781187,0.,-0.707106781187));
#5996 = MANIFOLD_SOLID_BREP('',#5997);
#5997 = CLOSED_SHELL('',(#5998,#6038,#6078,#6100,#6122,#6134));
#5998 = ADVANCED_FACE('',(#5999),#6033,.F.);
#5999 = FACE_BOUND('',#6000,.F.);
#6000 = EDGE_LOOP('',(#6001,#6011,#6019,#6027));
#6001 = ORIENTED_EDGE('',*,*,#6002,.F.);
#6002 = EDGE_CURVE('',#6003,#6005,#6007,.T.);
#6003 = VERTEX_POINT('',#6004);
#6004 = CARTESIAN_POINT('',(-346.9238815542,390.,571.21320343559));
#6005 = VERTEX_POINT('',#6006);
#6006 = CARTESIAN_POINT('',(-276.2132034355,390.,641.92388155425));
#6007 = LINE('',#6008,#6009);
#6008 = CARTESIAN_POINT('',(-346.9238815542,390.,571.21320343559));
#6009 = VECTOR('',#6010,1.);
#6010 = DIRECTION('',(0.707106781187,0.,0.707106781187));
#6011 = ORIENTED_EDGE('',*,*,#6012,.T.);
#6012 = EDGE_CURVE('',#6003,#6013,#6015,.T.);
#6013 = VERTEX_POINT('',#6014);
#6014 = CARTESIAN_POINT('',(-346.9238815542,490.,571.21320343559));
#6015 = LINE('',#6016,#6017);
#6016 = CARTESIAN_POINT('',(-346.9238815542,390.,571.21320343559));
#6017 = VECTOR('',#6018,1.);
#6018 = DIRECTION('',(0.,1.,0.));
#6019 = ORIENTED_EDGE('',*,*,#6020,.T.);
#6020 = EDGE_CURVE('',#6013,#6021,#6023,.T.);
#6021 = VERTEX_POINT('',#6022);
#6022 = CARTESIAN_POINT('',(-276.2132034355,490.,641.92388155425));
#6023 = LINE('',#6024,#6025);
#6024 = CARTESIAN_POINT('',(-346.9238815542,490.,571.21320343559));
#6025 = VECTOR('',#6026,1.);
#6026 = DIRECTION('',(0.707106781187,0.,0.707106781187));
#6027 = ORIENTED_EDGE('',*,*,#6028,.F.);
#6028 = EDGE_CURVE('',#6005,#6021,#6029,.T.);
#6029 = LINE('',#6030,#6031);
#6030 = CARTESIAN_POINT('',(-276.2132034355,390.,641.92388155425));
#6031 = VECTOR('',#6032,1.);
#6032 = DIRECTION('',(0.,1.,0.));
#6033 = PLANE('',#6034);
#6034 = AXIS2_PLACEMENT_3D('',#6035,#6036,#6037);
#6035 = CARTESIAN_POINT('',(-346.9238815542,390.,571.21320343559));
#6036 = DIRECTION('',(0.707106781187,0.,-0.707106781187));
#6037 = DIRECTION('',(0.707106781187,0.,0.707106781187));
#6038 = ADVANCED_FACE('',(#6039),#6073,.T.);
#6039 = FACE_BOUND('',#6040,.T.);
#6040 = EDGE_LOOP('',(#6041,#6051,#6059,#6067));
#6041 = ORIENTED_EDGE('',*,*,#6042,.F.);
#6042 = EDGE_CURVE('',#6043,#6045,#6047,.T.);
#6043 = VERTEX_POINT('',#6044);
#6044 = CARTESIAN_POINT('',(-233.7867965644,390.,458.07611844574));
#6045 = VERTEX_POINT('',#6046);
#6046 = CARTESIAN_POINT('',(-163.0761184457,390.,528.7867965644));
#6047 = LINE('',#6048,#6049);
#6048 = CARTESIAN_POINT('',(-233.7867965644,390.,458.07611844574));
#6049 = VECTOR('',#6050,1.);
#6050 = DIRECTION('',(0.707106781187,0.,0.707106781187));
#6051 = ORIENTED_EDGE('',*,*,#6052,.T.);
#6052 = EDGE_CURVE('',#6043,#6053,#6055,.T.);
#6053 = VERTEX_POINT('',#6054);
#6054 = CARTESIAN_POINT('',(-233.7867965644,490.,458.07611844574));
#6055 = LINE('',#6056,#6057);
#6056 = CARTESIAN_POINT('',(-233.7867965644,390.,458.07611844574));
#6057 = VECTOR('',#6058,1.);
#6058 = DIRECTION('',(0.,1.,0.));
#6059 = ORIENTED_EDGE('',*,*,#6060,.T.);
#6060 = EDGE_CURVE('',#6053,#6061,#6063,.T.);
#6061 = VERTEX_POINT('',#6062);
#6062 = CARTESIAN_POINT('',(-163.0761184457,490.,528.7867965644));
#6063 = LINE('',#6064,#6065);
#6064 = CARTESIAN_POINT('',(-233.7867965644,490.,458.07611844574));
#6065 = VECTOR('',#6066,1.);
#6066 = DIRECTION('',(0.707106781187,0.,0.707106781187));
#6067 = ORIENTED_EDGE('',*,*,#6068,.F.);
#6068 = EDGE_CURVE('',#6045,#6061,#6069,.T.);
#6069 = LINE('',#6070,#6071);
#6070 = CARTESIAN_POINT('',(-163.0761184457,390.,528.7867965644));
#6071 = VECTOR('',#6072,1.);
#6072 = DIRECTION('',(0.,1.,0.));
#6073 = PLANE('',#6074);
#6074 = AXIS2_PLACEMENT_3D('',#6075,#6076,#6077);
#6075 = CARTESIAN_POINT('',(-233.7867965644,390.,458.07611844574));
#6076 = DIRECTION('',(0.707106781187,0.,-0.707106781187));
#6077 = DIRECTION('',(0.707106781187,0.,0.707106781187));
#6078 = ADVANCED_FACE('',(#6079),#6095,.F.);
#6079 = FACE_BOUND('',#6080,.F.);
#6080 = EDGE_LOOP('',(#6081,#6087,#6088,#6094));
#6081 = ORIENTED_EDGE('',*,*,#6082,.F.);
#6082 = EDGE_CURVE('',#6003,#6043,#6083,.T.);
#6083 = LINE('',#6084,#6085);
#6084 = CARTESIAN_POINT('',(-346.9238815542,390.,571.21320343559));
#6085 = VECTOR('',#6086,1.);
#6086 = DIRECTION('',(0.707106781187,0.,-0.707106781187));
#6087 = ORIENTED_EDGE('',*,*,#6002,.T.);
#6088 = ORIENTED_EDGE('',*,*,#6089,.T.);
#6089 = EDGE_CURVE('',#6005,#6045,#6090,.T.);
#6090 = LINE('',#6091,#6092);
#6091 = CARTESIAN_POINT('',(-276.2132034355,390.,641.92388155425));
#6092 = VECTOR('',#6093,1.);
#6093 = DIRECTION('',(0.707106781187,0.,-0.707106781187));
#6094 = ORIENTED_EDGE('',*,*,#6042,.F.);
#6095 = PLANE('',#6096);
#6096 = AXIS2_PLACEMENT_3D('',#6097,#6098,#6099);
#6097 = CARTESIAN_POINT('',(-346.9238815542,390.,571.21320343559));
#6098 = DIRECTION('',(0.,1.,0.));
#6099 = DIRECTION('',(0.707106781187,0.,0.707106781187));
#6100 = ADVANCED_FACE('',(#6101),#6117,.T.);
#6101 = FACE_BOUND('',#6102,.T.);
#6102 = EDGE_LOOP('',(#6103,#6109,#6110,#6116));
#6103 = ORIENTED_EDGE('',*,*,#6104,.F.);
#6104 = EDGE_CURVE('',#6013,#6053,#6105,.T.);
#6105 = LINE('',#6106,#6107);
#6106 = CARTESIAN_POINT('',(-346.9238815542,490.,571.21320343559));
#6107 = VECTOR('',#6108,1.);
#6108 = DIRECTION('',(0.707106781187,0.,-0.707106781187));
#6109 = ORIENTED_EDGE('',*,*,#6020,.T.);
#6110 = ORIENTED_EDGE('',*,*,#6111,.T.);
#6111 = EDGE_CURVE('',#6021,#6061,#6112,.T.);
#6112 = LINE('',#6113,#6114);
#6113 = CARTESIAN_POINT('',(-276.2132034355,490.,641.92388155425));
#6114 = VECTOR('',#6115,1.);
#6115 = DIRECTION('',(0.707106781187,0.,-0.707106781187));
#6116 = ORIENTED_EDGE('',*,*,#6060,.F.);
#6117 = PLANE('',#6118);
#6118 = AXIS2_PLACEMENT_3D('',#6119,#6120,#6121);
#6119 = CARTESIAN_POINT('',(-346.9238815542,490.,571.21320343559));
#6120 = DIRECTION('',(0.,1.,0.));
#6121 = DIRECTION('',(0.707106781187,0.,0.707106781187));
#6122 = ADVANCED_FACE('',(#6123),#6129,.F.);
#6123 = FACE_BOUND('',#6124,.F.);
#6124 = EDGE_LOOP('',(#6125,#6126,#6127,#6128));
#6125 = ORIENTED_EDGE('',*,*,#6012,.F.);
#6126 = ORIENTED_EDGE('',*,*,#6082,.T.);
#6127 = ORIENTED_EDGE('',*,*,#6052,.T.);
#6128 = ORIENTED_EDGE('',*,*,#6104,.F.);
#6129 = PLANE('',#6130);
#6130 = AXIS2_PLACEMENT_3D('',#6131,#6132,#6133);
#6131 = CARTESIAN_POINT('',(-346.9238815542,390.,571.21320343559));
#6132 = DIRECTION('',(0.707106781187,0.,0.707106781187));
#6133 = DIRECTION('',(0.707106781187,0.,-0.707106781187));
#6134 = ADVANCED_FACE('',(#6135),#6141,.T.);
#6135 = FACE_BOUND('',#6136,.T.);
#6136 = EDGE_LOOP('',(#6137,#6138,#6139,#6140));
#6137 = ORIENTED_EDGE('',*,*,#6028,.F.);
#6138 = ORIENTED_EDGE('',*,*,#6089,.T.);
#6139 = ORIENTED_EDGE('',*,*,#6068,.T.);
#6140 = ORIENTED_EDGE('',*,*,#6111,.F.);
#6141 = PLANE('',#6142);
#6142 = AXIS2_PLACEMENT_3D('',#6143,#6144,#6145);
#6143 = CARTESIAN_POINT('',(-276.2132034355,390.,641.92388155425));
#6144 = DIRECTION('',(0.707106781187,0.,0.707106781187));
#6145 = DIRECTION('',(0.707106781187,0.,-0.707106781187));
#6146 = ( GEOMETRIC_REPRESENTATION_CONTEXT(3) 
GLOBAL_UNCERTAINTY_ASSIGNED_CONTEXT((#6150)) 
GLOBAL_UNIT_ASSIGNED_CONTEXT((#6147,#6148,#6149)) REPRESENTATION_CONTEXT
('Context #1','3D Context with UNIT and UNCERTAINTY') );
#6147 = ( LENGTH_UNIT() NAMED_UNIT(*) SI_UNIT(.MILLI.,.METRE.) );
#6148 = ( NAMED_UNIT(*) PLANE_ANGLE_UNIT() SI_UNIT($,.RADIAN.) );
#6149 = ( NAMED_UNIT(*) SI_UNIT($,.STERADIAN.) SOLID_ANGLE_UNIT() );
#6150 = UNCERTAINTY_MEASURE_WITH_UNIT(LENGTH_MEASURE(1.E-07),#6147,
  'distance_accuracy_value','confusion accuracy');
#6151 = PRODUCT_RELATED_PRODUCT_CATEGORY('part',$,(#7));
ENDSEC;
END-ISO-10303-21;
